[2025-11-12 16:30:14] [START] gui_oscilloscope.py C:\Users\TEST\AppData\Local\Programs\Python\Python312\python.exe 3.12.3 args: {'ns': 0, 'profile': 0, 'pairs': 400, 'single': False, 'no_reset_first': False, 'watchdog': True, 'wdg_idle_sec': 2.5, 'wdg_timeouts': 8, 'log': 'c:\\Users\\TEST\\Documents\\Work\\BMI20\\STM32\\BMI30.stm32h7\\HostTools\\gui_oscilloscope.log'}
[2025-11-12 16:30:15] [INIT] reset_device_and_reopen(no_reset= False )
[2025-11-12 16:30:24] [INIT] device opened
[2025-11-12 16:30:25] [CFG] SET_FULL_MODE=1
[2025-11-12 16:30:25] [CFG] SET_PROFILE= 0
[2025-11-12 16:30:25] [CFG] SET_CHMODE= 2
[2025-11-12 16:30:25] [CFG] SET_ASYNC_MODE=1
[2025-11-12 16:30:25] [CFG] SET_BLOCK_HZ= 300
[2025-11-12 16:30:25] [RUN] START stream
[2025-11-12 16:30:45] [START] gui_oscilloscope.py C:\Users\TEST\AppData\Local\Programs\Python\Python312\python.exe 3.12.3 args: {'ns': 0, 'profile': 0, 'pairs': 400, 'single': False, 'no_reset_first': False, 'watchdog': True, 'wdg_idle_sec': 2.5, 'wdg_timeouts': 8, 'log': 'c:\\Users\\TEST\\Documents\\Work\\BMI20\\STM32\\BMI30.stm32h7\\HostTools\\gui_oscilloscope.log'}
[2025-11-12 16:30:46] [INIT] reset_device_and_reopen(no_reset= False )
[2025-11-12 16:30:53] [INIT] device opened
[2025-11-12 16:30:53] [CFG] SET_FULL_MODE=1
[2025-11-12 16:30:53] [CFG] SET_PROFILE= 0
[2025-11-12 16:30:53] [CFG] SET_CHMODE= 2
[2025-11-12 16:30:53] [CFG] SET_ASYNC_MODE=1
[2025-11-12 16:30:53] [CFG] SET_BLOCK_HZ= 300
[2025-11-12 16:30:53] [RUN] START stream
[2025-11-12 16:45:00] [START] gui_oscilloscope.py C:\Users\TEST\AppData\Local\Programs\Python\Python312\python.exe 3.12.3 args: {'ns': 0, 'profile': 0, 'pairs': 400, 'single': False, 'no_reset_first': False, 'watchdog': True, 'wdg_idle_sec': 2.5, 'wdg_timeouts': 8, 'log': 'c:\\Users\\TEST\\Documents\\Work\\BMI20\\STM32\\BMI30.stm32h7\\HostTools\\gui_oscilloscope.log'}
[2025-11-12 16:45:02] [INIT] reset_device_and_reopen(no_reset= False )
[2025-11-12 16:45:09] [INIT] device opened
[2025-11-12 16:45:09] [CFG] SET_FULL_MODE=1
[2025-11-12 16:45:09] [CFG] SET_PROFILE= 0
[2025-11-12 16:45:10] [CFG] SET_CHMODE= 2
[2025-11-12 16:45:10] [CFG] SET_ASYNC_MODE=1
[2025-11-12 16:45:10] [CFG] SET_BLOCK_HZ= 300
[2025-11-12 16:45:10] [RUN] START stream
[2025-11-12 16:45:31] [WDG] Restart stream: idle_pair=2.6681647300720215 consec_timeouts=2
[2025-11-12 16:47:57] [START] gui_oscilloscope.py C:\Users\TEST\AppData\Local\Programs\Python\Python312\python.exe 3.12.3 args: {'ns': 0, 'profile': 0, 'pairs': 400, 'single': False, 'no_reset_first': False, 'watchdog': True, 'wdg_idle_sec': 2.5, 'wdg_timeouts': 8, 'log': 'c:\\Users\\TEST\\Documents\\Work\\BMI20\\STM32\\BMI30.stm32h7\\HostTools\\gui_oscilloscope.log'}
[2025-11-12 16:47:58] [INIT] reset_device_and_reopen(no_reset= False )
[2025-11-12 16:48:05] [INIT] device opened
[2025-11-12 16:48:05] [CFG] SET_FULL_MODE=1
[2025-11-12 16:48:05] [CFG] SET_PROFILE= 0
[2025-11-12 16:48:05] [CFG] SET_CHMODE= 2
[2025-11-12 16:48:05] [CFG] SET_ASYNC_MODE=1
[2025-11-12 16:48:05] [CFG] SET_BLOCK_HZ= 300
[2025-11-12 16:48:06] [RUN] START stream
[2025-11-12 16:49:19] [WDG] Restart stream: idle_pair=2.501011848449707 consec_timeouts=2
[2025-11-12 16:49:24] [WDG] Restart stream: idle_pair=7.8899147510528564 consec_timeouts=4
[2025-11-12 16:49:25] [WDG] Escalate: send DEVICE_RESET (0x22) before START…
[2025-11-12 16:49:26] [WDG] Reopened after DEVICE_RESET
[2025-11-13 10:06:33] [START] gui_oscilloscope.py C:\Users\TEST\AppData\Local\Programs\Python\Python312\python.exe 3.12.3 args: {'ns': 0, 'profile': 0, 'pairs': 400, 'single': False, 'no_reset_first': False, 'watchdog': True, 'wdg_idle_sec': 2.5, 'wdg_timeouts': 8, 'log': 'c:\\Users\\TEST\\Documents\\Work\\BMI20\\STM32\\BMI30.stm32h7\\HostTools\\gui_oscilloscope.log'}
[2025-11-13 10:06:35] [INIT] reset_device_and_reopen(no_reset= False )
[2025-11-13 10:06:44] [INIT] device opened
[2025-11-13 10:06:45] [CFG] SET_FULL_MODE=1
[2025-11-13 10:06:45] [CFG] SET_PROFILE= 0
[2025-11-13 10:06:45] [CFG] SET_CHMODE= 2
[2025-11-13 10:06:45] [CFG] SET_ASYNC_MODE=1
[2025-11-13 10:06:45] [CFG] SET_BLOCK_HZ= 300
[2025-11-13 10:06:45] [RUN] START stream
[2025-11-13 10:06:51] [WDG] Restart stream: idle_pair=2.7861897945404053 consec_timeouts=3
[2025-11-13 10:06:57] [WDG] Restart stream: idle_pair=8.177466630935669 consec_timeouts=8
[2025-11-13 10:06:57] [WDG] Escalate: send DEVICE_RESET (0x22) before START…
[2025-11-13 10:06:58] [WDG] Reopened after DEVICE_RESET
[2025-11-13 10:07:02] [WDG] Restart stream: idle_pair=13.22824764251709 consec_timeouts=13
[2025-11-13 10:07:07] [WDG] Restart stream: idle_pair=18.620153188705444 consec_timeouts=18
[2025-11-13 10:07:07] [WDG] Escalate: send DEVICE_RESET (0x22) before START…
[2025-11-13 10:07:08] [WDG] Reopened after DEVICE_RESET
[2025-11-13 10:07:12] [WDG] Restart stream: idle_pair=23.652108669281006 consec_timeouts=23
[2025-11-13 10:07:18] [WDG] Restart stream: idle_pair=29.045578718185425 consec_timeouts=29
[2025-11-13 10:07:18] [WDG] Escalate: send DEVICE_RESET (0x22) before START…
[2025-11-13 10:07:19] [WDG] Reopened after DEVICE_RESET
[2025-11-13 10:07:53] [START] gui_oscilloscope.py C:\Users\TEST\AppData\Local\Programs\Python\Python312\python.exe 3.12.3 args: {'ns': 0, 'profile': 0, 'pairs': 400, 'single': False, 'no_reset_first': False, 'watchdog': True, 'wdg_idle_sec': 2.5, 'wdg_timeouts': 8, 'log': 'c:\\Users\\TEST\\Documents\\Work\\BMI20\\STM32\\BMI30.stm32h7\\HostTools\\gui_oscilloscope.log'}
[2025-11-13 10:07:54] [INIT] reset_device_and_reopen(no_reset= False )
[2025-11-13 10:08:03] [INIT] device opened
[2025-11-13 10:08:04] [CFG] SET_FULL_MODE=1
[2025-11-13 10:08:04] [CFG] SET_PROFILE= 0
[2025-11-13 10:08:04] [CFG] SET_CHMODE= 2
[2025-11-13 10:08:04] [CFG] SET_ASYNC_MODE=1
[2025-11-13 10:08:04] [CFG] SET_BLOCK_HZ= 300
[2025-11-13 10:08:04] [RUN] START stream
[2025-11-13 10:08:13] [WDG] Restart stream: idle_pair=None consec_timeouts=8
[2025-11-13 10:08:26] [START] gui_oscilloscope.py C:\Users\TEST\AppData\Local\Programs\Python\Python312\python.exe 3.12.3 args: {'ns': 0, 'profile': 0, 'pairs': 400, 'single': False, 'no_reset_first': False, 'watchdog': True, 'wdg_idle_sec': 2.5, 'wdg_timeouts': 8, 'log': 'c:\\Users\\TEST\\Documents\\Work\\BMI20\\STM32\\BMI30.stm32h7\\HostTools\\gui_oscilloscope.log'}
[2025-11-13 10:08:26] [INIT] reset_device_and_reopen(no_reset= False )
[2025-11-13 10:08:34] [INIT] device opened
[2025-11-13 10:08:34] [CFG] SET_FULL_MODE=1
[2025-11-13 10:08:34] [CFG] SET_PROFILE= 0
[2025-11-13 10:08:34] [CFG] SET_CHMODE= 2
[2025-11-13 10:08:34] [CFG] SET_ASYNC_MODE=1
[2025-11-13 10:08:34] [CFG] SET_BLOCK_HZ= 300
[2025-11-13 10:08:34] [RUN] START stream
[2025-11-13 10:08:47] [WDG] Restart stream: idle_pair=2.992903470993042 consec_timeouts=3
[2025-11-13 10:08:53] [WDG] Restart stream: idle_pair=8.383811950683594 consec_timeouts=4
[2025-11-13 10:08:53] [WDG] Escalate: send DEVICE_RESET (0x22) before START…
[2025-11-13 10:08:54] [WDG] Reopened after DEVICE_RESET
[2025-11-13 10:09:07] [WDG] Restart stream: idle_pair=2.6632659435272217 consec_timeouts=2
[2025-11-13 10:09:12] [WDG] Restart stream: idle_pair=8.052822351455688 consec_timeouts=4
[2025-11-13 10:09:12] [WDG] Escalate: send DEVICE_RESET (0x22) before START…
[2025-11-13 11:36:53] [START] gui_oscilloscope.py C:\Users\TEST\AppData\Local\Programs\Python\Python312\python.exe 3.12.3 args: {'ns': 0, 'profile': 0, 'pairs': 400, 'single': False, 'no_reset_first': False, 'watchdog': True, 'wdg_idle_sec': 2.5, 'wdg_timeouts': 8, 'log': 'c:\\Users\\TEST\\Documents\\Work\\BMI20\\STM32\\BMI30.stm32h7\\HostTools\\gui_oscilloscope.log'}
[2025-11-13 11:36:54] [INIT] reset_device_and_reopen(no_reset= False )
[2025-11-13 11:37:01] [INIT] device opened
[2025-11-13 11:37:01] [CFG] SET_FULL_MODE=1
[2025-11-13 11:37:01] [CFG] SET_PROFILE= 0
[2025-11-13 11:37:02] [CFG] SET_CHMODE= 2
[2025-11-13 11:37:02] [CFG] SET_ASYNC_MODE=1
[2025-11-13 11:37:02] [CFG] SET_BLOCK_HZ= 300
[2025-11-13 11:37:02] [RUN] START stream
[2025-11-13 11:39:59] [WDG] Restart stream: idle_pair=2.891028881072998 consec_timeouts=2
[2025-11-13 11:40:04] [WDG] Restart stream: idle_pair=8.251076698303223 consec_timeouts=7
[2025-11-13 11:40:05] [WDG] Escalate: send DEVICE_RESET (0x22) before START…
[2025-11-13 11:40:05] [WDG] Reopened after DEVICE_RESET
[2025-11-13 11:40:09] [WDG] Restart stream: idle_pair=13.256160736083984 consec_timeouts=12
[2025-11-13 11:40:15] [WDG] Restart stream: idle_pair=18.617624044418335 consec_timeouts=18
[2025-11-13 11:40:15] [WDG] Escalate: send DEVICE_RESET (0x22) before START…
[2025-11-13 11:40:16] [WDG] Reopened after DEVICE_RESET
[2025-11-13 11:40:20] [WDG] Restart stream: idle_pair=23.618348360061646 consec_timeouts=23
[2025-11-13 11:40:25] [WDG] Restart stream: idle_pair=28.97889804840088 consec_timeouts=28
[2025-11-13 11:40:25] [WDG] Escalate: send DEVICE_RESET (0x22) before START…
[2025-11-13 11:40:26] [WDG] Reopened after DEVICE_RESET
[2025-11-13 11:40:30] [WDG] Restart stream: idle_pair=33.983683347702026 consec_timeouts=33
[2025-11-13 11:40:35] [WDG] Restart stream: idle_pair=39.342517614364624 consec_timeouts=38
[2025-11-13 11:40:36] [WDG] Escalate: send DEVICE_RESET (0x22) before START…
[2025-11-13 11:40:36] [WDG] Reopened after DEVICE_RESET
[2025-11-13 11:40:41] [WDG] Restart stream: idle_pair=44.345826148986816 consec_timeouts=43
[2025-11-13 11:40:46] [WDG] Restart stream: idle_pair=49.706706047058105 consec_timeouts=48
[2025-11-13 11:40:46] [WDG] Escalate: send DEVICE_RESET (0x22) before START…
[2025-11-13 11:40:47] [WDG] Reopened after DEVICE_RESET
[2025-11-13 11:40:51] [WDG] Restart stream: idle_pair=55.207016706466675 consec_timeouts=54
[2025-11-13 11:40:57] [WDG] Restart stream: idle_pair=60.566728353500366 consec_timeouts=59
[2025-11-13 11:40:57] [WDG] Escalate: send DEVICE_RESET (0x22) before START…
[2025-11-13 11:40:58] [WDG] Reopened after DEVICE_RESET
[2025-11-13 11:41:02] [WDG] Restart stream: idle_pair=65.5704972743988 consec_timeouts=64
[2025-11-13 11:41:07] [WDG] Restart stream: idle_pair=70.93124079704285 consec_timeouts=70
[2025-11-13 11:41:07] [WDG] Escalate: send DEVICE_RESET (0x22) before START…
[2025-11-13 11:41:08] [WDG] Reopened after DEVICE_RESET
[2025-11-13 11:41:12] [WDG] Restart stream: idle_pair=75.93207383155823 consec_timeouts=74
[2025-11-13 11:41:17] [WDG] Restart stream: idle_pair=81.29286980628967 consec_timeouts=80
[2025-11-13 11:41:18] [WDG] Escalate: send DEVICE_RESET (0x22) before START…
[2025-11-13 11:41:18] [WDG] Reopened after DEVICE_RESET
[2025-11-13 11:41:22] [WDG] Restart stream: idle_pair=86.31962466239929 consec_timeouts=85
[2025-11-13 11:41:28] [WDG] Restart stream: idle_pair=91.68039083480835 consec_timeouts=90
[2025-11-13 11:41:28] [WDG] Escalate: send DEVICE_RESET (0x22) before START…
[2025-11-13 11:41:29] [WDG] Reopened after DEVICE_RESET
[2025-11-13 11:41:33] [WDG] Restart stream: idle_pair=96.68319177627563 consec_timeouts=95
[2025-11-13 11:41:38] [WDG] Restart stream: idle_pair=102.04410886764526 consec_timeouts=100
[2025-11-13 11:41:38] [WDG] Escalate: send DEVICE_RESET (0x22) before START…
[2025-11-13 11:41:39] [WDG] Reopened after DEVICE_RESET
[2025-11-13 11:41:44] [WDG] Restart stream: idle_pair=107.54434490203857 consec_timeouts=106
[2025-11-13 11:41:49] [WDG] Restart stream: idle_pair=112.90520310401917 consec_timeouts=111
[2025-11-13 11:41:49] [WDG] Escalate: send DEVICE_RESET (0x22) before START…
[2025-11-13 11:41:50] [WDG] Reopened after DEVICE_RESET
[2025-11-13 11:41:54] [WDG] Restart stream: idle_pair=117.90650153160095 consec_timeouts=116
[2025-11-13 11:41:59] [WDG] Restart stream: idle_pair=123.26651239395142 consec_timeouts=121
[2025-11-13 11:42:00] [WDG] Escalate: send DEVICE_RESET (0x22) before START…
[2025-11-13 11:42:00] [WDG] Reopened after DEVICE_RESET
[2025-11-13 11:42:04] [WDG] Restart stream: idle_pair=128.26834440231323 consec_timeouts=126
[2025-11-13 11:42:10] [WDG] Restart stream: idle_pair=133.6310658454895 consec_timeouts=132
[2025-11-13 11:42:10] [WDG] Escalate: send DEVICE_RESET (0x22) before START…
[2025-11-13 11:42:11] [WDG] Reopened after DEVICE_RESET
[2025-11-13 11:42:15] [WDG] Restart stream: idle_pair=138.6346137523651 consec_timeouts=137
[2025-11-13 11:42:20] [WDG] Restart stream: idle_pair=143.9958553314209 consec_timeouts=142
[2025-11-13 11:42:20] [WDG] Escalate: send DEVICE_RESET (0x22) before START…
[2025-11-13 11:42:21] [WDG] Reopened after DEVICE_RESET
[2025-11-13 11:42:25] [WDG] Restart stream: idle_pair=149.0010645389557 consec_timeouts=147
[2025-11-13 11:42:31] [WDG] Restart stream: idle_pair=154.36249470710754 consec_timeouts=152
[2025-11-13 11:42:31] [WDG] Escalate: send DEVICE_RESET (0x22) before START…
[2025-11-13 11:42:31] [WDG] Reopened after DEVICE_RESET
[2025-11-13 11:42:36] [WDG] Restart stream: idle_pair=159.36697149276733 consec_timeouts=157
[2025-11-13 11:42:41] [WDG] Restart stream: idle_pair=164.72695112228394 consec_timeouts=162
[2025-11-13 11:42:41] [WDG] Escalate: send DEVICE_RESET (0x22) before START…
[2025-11-13 11:42:42] [WDG] Reopened after DEVICE_RESET
[2025-11-13 11:42:46] [WDG] Restart stream: idle_pair=169.72781229019165 consec_timeouts=167
[2025-11-13 11:42:51] [WDG] Restart stream: idle_pair=175.08961272239685 consec_timeouts=173
[2025-11-13 11:42:51] [WDG] Escalate: send DEVICE_RESET (0x22) before START…
[2025-11-13 11:42:52] [WDG] Reopened after DEVICE_RESET
[2025-11-13 11:42:56] [WDG] Restart stream: idle_pair=180.09176659584045 consec_timeouts=178
[2025-11-13 11:43:02] [WDG] Restart stream: idle_pair=185.45024943351746 consec_timeouts=183
[2025-11-13 11:43:02] [WDG] Escalate: send DEVICE_RESET (0x22) before START…
[2025-11-13 11:43:03] [WDG] Reopened after DEVICE_RESET
[2025-11-13 11:43:07] [WDG] Restart stream: idle_pair=190.45287919044495 consec_timeouts=188
[2025-11-13 11:43:12] [WDG] Restart stream: idle_pair=195.81102085113525 consec_timeouts=193
[2025-11-13 11:43:12] [WDG] Escalate: send DEVICE_RESET (0x22) before START…
[2025-11-13 11:43:13] [WDG] Reopened after DEVICE_RESET
[2025-11-13 11:43:17] [WDG] Restart stream: idle_pair=200.81279253959656 consec_timeouts=198
[2025-11-13 11:43:22] [WDG] Restart stream: idle_pair=206.17191243171692 consec_timeouts=204
[2025-11-13 11:43:23] [WDG] Escalate: send DEVICE_RESET (0x22) before START…
[2025-11-13 11:43:23] [WDG] Reopened after DEVICE_RESET
[2025-11-13 11:43:27] [WDG] Restart stream: idle_pair=211.17297410964966 consec_timeouts=209
[2025-11-13 11:43:33] [WDG] Restart stream: idle_pair=216.53376269340515 consec_timeouts=214
[2025-11-13 11:43:33] [WDG] Escalate: send DEVICE_RESET (0x22) before START…
[2025-11-13 11:43:34] [WDG] Reopened after DEVICE_RESET
[2025-11-13 11:43:38] [WDG] Restart stream: idle_pair=221.54464864730835 consec_timeouts=219
[2025-11-13 11:43:43] [WDG] Restart stream: idle_pair=226.90547585487366 consec_timeouts=224
[2025-11-13 11:43:43] [WDG] Escalate: send DEVICE_RESET (0x22) before START…
[2025-11-13 11:43:44] [WDG] Reopened after DEVICE_RESET
[2025-11-13 11:43:48] [WDG] Restart stream: idle_pair=231.90615701675415 consec_timeouts=229
[2025-11-13 11:43:53] [WDG] Restart stream: idle_pair=237.26443481445312 consec_timeouts=234
[2025-11-13 11:43:54] [WDG] Escalate: send DEVICE_RESET (0x22) before START…
[2025-11-13 11:43:54] [WDG] Reopened after DEVICE_RESET
[2025-11-13 11:43:59] [WDG] Restart stream: idle_pair=242.7625331878662 consec_timeouts=240
[2025-11-13 11:44:04] [WDG] Restart stream: idle_pair=248.12468838691711 consec_timeouts=245
[2025-11-13 11:44:05] [WDG] Escalate: send DEVICE_RESET (0x22) before START…
[2025-11-13 11:44:05] [WDG] Reopened after DEVICE_RESET
[2025-11-13 11:44:09] [WDG] Restart stream: idle_pair=253.1267762184143 consec_timeouts=250
[2025-11-13 11:44:15] [WDG] Restart stream: idle_pair=258.48888421058655 consec_timeouts=256
[2025-11-13 11:44:15] [WDG] Escalate: send DEVICE_RESET (0x22) before START…
[2025-11-13 11:44:16] [WDG] Reopened after DEVICE_RESET
[2025-11-13 11:44:20] [WDG] Restart stream: idle_pair=263.9890789985657 consec_timeouts=261
[2025-11-13 11:44:26] [WDG] Restart stream: idle_pair=269.34919476509094 consec_timeouts=266
[2025-11-13 11:44:26] [WDG] Escalate: send DEVICE_RESET (0x22) before START…
[2025-11-13 11:44:26] [WDG] Reopened after DEVICE_RESET
[2025-11-13 11:44:31] [WDG] Restart stream: idle_pair=274.35188817977905 consec_timeouts=271
[2025-11-13 11:44:36] [WDG] Restart stream: idle_pair=279.71283411979675 consec_timeouts=277
[2025-11-13 11:44:36] [WDG] Escalate: send DEVICE_RESET (0x22) before START…
[2025-11-13 11:44:37] [WDG] Reopened after DEVICE_RESET
[2025-11-13 11:44:41] [WDG] Restart stream: idle_pair=285.21267652511597 consec_timeouts=282
[2025-11-13 11:44:47] [WDG] Restart stream: idle_pair=290.57293701171875 consec_timeouts=287
[2025-11-13 11:44:47] [WDG] Escalate: send DEVICE_RESET (0x22) before START…
[2025-11-13 11:44:48] [WDG] Reopened after DEVICE_RESET
[2025-11-13 11:44:52] [WDG] Restart stream: idle_pair=296.0736186504364 consec_timeouts=293
[2025-11-13 11:44:58] [WDG] Restart stream: idle_pair=301.4330623149872 consec_timeouts=298
[2025-11-13 11:44:58] [WDG] Escalate: send DEVICE_RESET (0x22) before START…
[2025-11-13 11:44:58] [WDG] Reopened after DEVICE_RESET
[2025-11-13 11:45:03] [WDG] Restart stream: idle_pair=306.4353754520416 consec_timeouts=303
[2025-11-13 11:45:08] [WDG] Restart stream: idle_pair=311.797075510025 consec_timeouts=308
[2025-11-13 11:45:08] [WDG] Escalate: send DEVICE_RESET (0x22) before START…
[2025-11-13 11:45:09] [WDG] Reopened after DEVICE_RESET
[2025-11-13 11:45:13] [WDG] Restart stream: idle_pair=317.29658102989197 consec_timeouts=314
[2025-11-13 11:45:19] [WDG] Restart stream: idle_pair=322.6581037044525 consec_timeouts=319
[2025-11-13 11:45:19] [WDG] Escalate: send DEVICE_RESET (0x22) before START…
[2025-11-13 11:45:20] [WDG] Reopened after DEVICE_RESET
[2025-11-13 11:45:24] [WDG] Restart stream: idle_pair=327.67543721199036 consec_timeouts=324
[2025-11-13 11:45:29] [WDG] Restart stream: idle_pair=333.03592824935913 consec_timeouts=329
[2025-11-13 11:45:29] [WDG] Escalate: send DEVICE_RESET (0x22) before START…
[2025-11-13 11:45:30] [WDG] Reopened after DEVICE_RESET
[2025-11-13 11:45:35] [WDG] Restart stream: idle_pair=338.5357549190521 consec_timeouts=335
[2025-11-13 11:45:40] [WDG] Restart stream: idle_pair=343.8958406448364 consec_timeouts=340
[2025-11-13 11:45:40] [WDG] Escalate: send DEVICE_RESET (0x22) before START…
[2025-11-13 11:45:41] [WDG] Reopened after DEVICE_RESET
[2025-11-13 11:45:45] [WDG] Restart stream: idle_pair=348.8988263607025 consec_timeouts=345
[2025-11-13 11:45:50] [WDG] Restart stream: idle_pair=354.260694026947 consec_timeouts=350
[2025-11-13 11:45:51] [WDG] Escalate: send DEVICE_RESET (0x22) before START…
[2025-11-13 11:45:51] [WDG] Reopened after DEVICE_RESET
[2025-11-13 11:45:56] [WDG] Restart stream: idle_pair=359.75991463661194 consec_timeouts=356
[2025-11-13 11:46:01] [WDG] Restart stream: idle_pair=365.1210763454437 consec_timeouts=361
[2025-11-13 11:46:02] [WDG] Escalate: send DEVICE_RESET (0x22) before START…
[2025-11-13 11:46:02] [WDG] Reopened after DEVICE_RESET
[2025-11-13 11:46:07] [WDG] Restart stream: idle_pair=370.62114667892456 consec_timeouts=367
[2025-11-13 11:46:12] [WDG] Restart stream: idle_pair=375.98220324516296 consec_timeouts=372
[2025-11-13 11:46:12] [WDG] Escalate: send DEVICE_RESET (0x22) before START…
[2025-11-13 11:46:13] [WDG] Reopened after DEVICE_RESET
[2025-11-13 11:46:17] [WDG] Restart stream: idle_pair=380.98862767219543 consec_timeouts=377
[2025-11-13 11:46:23] [WDG] Restart stream: idle_pair=386.3482177257538 consec_timeouts=382
[2025-11-13 11:46:23] [WDG] Escalate: send DEVICE_RESET (0x22) before START…
[2025-11-13 11:46:23] [WDG] Reopened after DEVICE_RESET
[2025-11-13 11:46:28] [WDG] Restart stream: idle_pair=391.8481001853943 consec_timeouts=388
[2025-11-13 11:46:33] [WDG] Restart stream: idle_pair=397.20967292785645 consec_timeouts=393
[2025-11-13 11:46:34] [WDG] Escalate: send DEVICE_RESET (0x22) before START…
[2025-11-13 11:46:34] [WDG] Reopened after DEVICE_RESET
[2025-11-13 11:46:38] [WDG] Restart stream: idle_pair=402.2104365825653 consec_timeouts=398
[2025-11-13 11:46:44] [WDG] Restart stream: idle_pair=407.5715842247009 consec_timeouts=403
[2025-11-13 11:46:44] [WDG] Escalate: send DEVICE_RESET (0x22) before START…
[2025-11-13 11:46:45] [WDG] Reopened after DEVICE_RESET
[2025-11-13 11:46:49] [WDG] Restart stream: idle_pair=412.57309079170227 consec_timeouts=408
[2025-11-13 11:46:54] [WDG] Restart stream: idle_pair=417.9331727027893 consec_timeouts=414
[2025-11-13 11:46:54] [WDG] Escalate: send DEVICE_RESET (0x22) before START…
[2025-11-13 11:46:55] [WDG] Reopened after DEVICE_RESET
[2025-11-13 11:46:59] [WDG] Restart stream: idle_pair=422.9380536079407 consec_timeouts=419
[2025-11-13 11:47:04] [WDG] Restart stream: idle_pair=428.2968850135803 consec_timeouts=424
[2025-11-13 11:47:05] [WDG] Escalate: send DEVICE_RESET (0x22) before START…
[2025-11-13 11:47:05] [WDG] Reopened after DEVICE_RESET
[2025-11-13 11:47:09] [WDG] Restart stream: idle_pair=433.3143289089203 consec_timeouts=429
[2025-11-13 11:47:15] [WDG] Restart stream: idle_pair=438.6746814250946 consec_timeouts=434
[2025-11-13 11:47:15] [WDG] Escalate: send DEVICE_RESET (0x22) before START…
[2025-11-13 11:47:16] [WDG] Reopened after DEVICE_RESET
[2025-11-13 11:47:20] [WDG] Restart stream: idle_pair=444.1741714477539 consec_timeouts=440
[2025-11-13 11:47:26] [WDG] Restart stream: idle_pair=449.53600907325745 consec_timeouts=445
[2025-11-13 11:47:26] [WDG] Escalate: send DEVICE_RESET (0x22) before START…
[2025-11-13 11:47:27] [WDG] Reopened after DEVICE_RESET
[2025-11-13 11:47:31] [WDG] Restart stream: idle_pair=454.5629208087921 consec_timeouts=450
[2025-11-13 11:47:36] [WDG] Restart stream: idle_pair=459.92335176467896 consec_timeouts=455
[2025-11-13 11:47:36] [WDG] Escalate: send DEVICE_RESET (0x22) before START…
[2025-11-13 11:47:37] [WDG] Reopened after DEVICE_RESET
[2025-11-13 11:47:41] [WDG] Restart stream: idle_pair=464.9253966808319 consec_timeouts=460
[2025-11-13 11:47:46] [WDG] Restart stream: idle_pair=470.2850956916809 consec_timeouts=466
[2025-11-13 11:47:47] [WDG] Escalate: send DEVICE_RESET (0x22) before START…
[2025-11-13 11:47:47] [WDG] Reopened after DEVICE_RESET
[2025-11-13 11:47:52] [WDG] Restart stream: idle_pair=475.78352332115173 consec_timeouts=471
[2025-11-13 11:47:57] [WDG] Restart stream: idle_pair=481.1439423561096 consec_timeouts=476
[2025-11-13 11:47:58] [WDG] Escalate: send DEVICE_RESET (0x22) before START…
[2025-11-13 11:47:58] [WDG] Reopened after DEVICE_RESET
[2025-11-13 11:48:02] [WDG] Restart stream: idle_pair=486.1579053401947 consec_timeouts=481
[2025-11-13 11:48:08] [WDG] Restart stream: idle_pair=491.51903891563416 consec_timeouts=487
[2025-11-13 11:48:08] [WDG] Escalate: send DEVICE_RESET (0x22) before START…
[2025-11-13 11:48:09] [WDG] Reopened after DEVICE_RESET
[2025-11-13 11:48:09] [WDG] STOP before reconfig failed: [Errno 2] Entity not found
[2025-11-13 11:48:09] [WDG] SET_FULL_MODE failed: [Errno 2] Entity not found
[2025-11-13 11:48:09] [WDG] SET_PROFILE failed: [Errno 2] Entity not found
[2025-11-13 11:48:09] [WDG] SET_CHMODE failed: [Errno 2] Entity not found
[2025-11-13 11:48:09] [WDG] SET_ASYNC_MODE failed: [Errno 2] Entity not found
[2025-11-13 11:48:09] [WDG] SET_BLOCK_HZ failed: [Errno 2] Entity not found
[2025-11-13 11:48:09] [WDG] reconfigure/start failed: [Errno 2] Entity not found
[2025-11-13 11:48:13] [WDG] Restart stream: idle_pair=496.52223467826843 consec_timeouts=488
[2025-11-13 11:48:13] [WDG] Restart failed: [Errno 2] Entity not found
[2025-11-13 11:48:18] [WDG] Restart stream: idle_pair=501.5294864177704 consec_timeouts=488
[2025-11-13 11:48:18] [WDG] Restart failed: [Errno 2] Entity not found
[2025-11-13 11:48:23] [WDG] Restart stream: idle_pair=506.53569173812866 consec_timeouts=488
[2025-11-13 11:48:23] [WDG] Restart failed: [Errno 2] Entity not found
[2025-11-13 11:48:28] [WDG] Restart stream: idle_pair=511.54289865493774 consec_timeouts=488
[2025-11-13 11:48:28] [WDG] Restart failed: [Errno 2] Entity not found
[2025-11-13 11:48:33] [WDG] Restart stream: idle_pair=516.556636095047 consec_timeouts=488
[2025-11-13 11:48:33] [WDG] Restart failed: [Errno 2] Entity not found
[2025-11-13 11:48:38] [WDG] Restart stream: idle_pair=521.564471244812 consec_timeouts=488
[2025-11-13 11:48:38] [WDG] Restart failed: [Errno 2] Entity not found
[2025-11-13 11:48:43] [WDG] Restart stream: idle_pair=526.5725119113922 consec_timeouts=488
[2025-11-13 11:48:43] [WDG] Restart failed: [Errno 2] Entity not found
[2025-11-13 11:48:48] [WDG] Restart stream: idle_pair=531.5794835090637 consec_timeouts=488
[2025-11-13 11:48:48] [WDG] Restart failed: [Errno 2] Entity not found
[2025-11-13 11:48:53] [WDG] Restart stream: idle_pair=536.5868084430695 consec_timeouts=488
[2025-11-13 11:48:53] [WDG] Restart failed: [Errno 2] Entity not found
[2025-11-13 11:48:58] [WDG] Restart stream: idle_pair=541.5939898490906 consec_timeouts=488
[2025-11-13 11:48:58] [WDG] Restart failed: [Errno 2] Entity not found
[2025-11-13 11:49:03] [WDG] Restart stream: idle_pair=546.6024672985077 consec_timeouts=488
[2025-11-13 11:49:03] [WDG] Restart failed: [Errno 2] Entity not found
[2025-11-13 11:49:08] [WDG] Restart stream: idle_pair=551.6096241474152 consec_timeouts=488
[2025-11-13 11:49:08] [WDG] Restart failed: [Errno 2] Entity not found
[2025-11-13 11:49:13] [WDG] Restart stream: idle_pair=556.6171205043793 consec_timeouts=488
[2025-11-13 11:49:13] [WDG] Restart failed: [Errno 2] Entity not found
[2025-11-13 11:49:18] [WDG] Restart stream: idle_pair=561.6244277954102 consec_timeouts=488
[2025-11-13 11:49:18] [WDG] Restart failed: [Errno 2] Entity not found
[2025-11-13 11:49:23] [WDG] Restart stream: idle_pair=566.649852514267 consec_timeouts=488
[2025-11-13 11:49:23] [WDG] Restart failed: [Errno 2] Entity not found
[2025-11-13 11:49:28] [WDG] Restart stream: idle_pair=571.6553478240967 consec_timeouts=488
[2025-11-13 11:49:28] [WDG] Restart failed: [Errno 2] Entity not found
[2025-11-13 11:49:33] [WDG] Restart stream: idle_pair=576.6611287593842 consec_timeouts=488
[2025-11-13 11:49:33] [WDG] Restart failed: [Errno 2] Entity not found
[2025-11-13 11:49:38] [WDG] Restart stream: idle_pair=581.6683354377747 consec_timeouts=488
[2025-11-13 11:49:38] [WDG] Restart failed: [Errno 2] Entity not found
[2025-11-13 11:49:43] [WDG] Restart stream: idle_pair=586.6752190589905 consec_timeouts=488
[2025-11-13 11:49:43] [WDG] Restart failed: [Errno 2] Entity not found
[2025-11-13 11:49:48] [WDG] Restart stream: idle_pair=591.6824915409088 consec_timeouts=488
[2025-11-13 11:49:48] [WDG] Restart failed: [Errno 2] Entity not found
[2025-11-13 11:49:53] [WDG] Restart stream: idle_pair=596.6900968551636 consec_timeouts=488
[2025-11-13 11:49:53] [WDG] Restart failed: [Errno 2] Entity not found
[2025-11-13 11:49:58] [WDG] Restart stream: idle_pair=601.6982524394989 consec_timeouts=488
[2025-11-13 11:49:58] [WDG] Restart failed: [Errno 2] Entity not found
[2025-11-13 11:50:03] [WDG] Restart stream: idle_pair=606.7060585021973 consec_timeouts=488
[2025-11-13 11:50:03] [WDG] Restart failed: [Errno 2] Entity not found
[2025-11-13 11:50:08] [WDG] Restart stream: idle_pair=611.7140109539032 consec_timeouts=488
[2025-11-13 11:50:08] [WDG] Restart failed: [Errno 2] Entity not found
[2025-11-13 11:50:13] [WDG] Restart stream: idle_pair=616.7212579250336 consec_timeouts=488
[2025-11-13 11:50:13] [WDG] Restart failed: [Errno 2] Entity not found
[2025-11-13 11:50:18] [WDG] Restart stream: idle_pair=621.7286086082458 consec_timeouts=488
[2025-11-13 11:50:18] [WDG] Restart failed: [Errno 2] Entity not found
[2025-11-13 11:50:23] [WDG] Restart stream: idle_pair=626.7350730895996 consec_timeouts=488
[2025-11-13 11:50:23] [WDG] Restart failed: [Errno 2] Entity not found
[2025-11-13 11:50:28] [WDG] Restart stream: idle_pair=631.739953994751 consec_timeouts=488
[2025-11-13 11:50:28] [WDG] Restart failed: [Errno 2] Entity not found
[2025-11-13 11:50:33] [WDG] Restart stream: idle_pair=636.7450129985809 consec_timeouts=488
[2025-11-13 11:50:33] [WDG] Restart failed: [Errno 2] Entity not found
[2025-11-13 11:50:38] [WDG] Restart stream: idle_pair=641.7512295246124 consec_timeouts=488
[2025-11-13 11:50:38] [WDG] Restart failed: [Errno 2] Entity not found
[2025-11-13 11:50:43] [WDG] Restart stream: idle_pair=646.7584028244019 consec_timeouts=488
[2025-11-13 11:50:43] [WDG] Restart failed: [Errno 2] Entity not found
[2025-11-13 11:50:48] [WDG] Restart stream: idle_pair=651.7667343616486 consec_timeouts=488
[2025-11-13 11:50:48] [WDG] Restart failed: [Errno 2] Entity not found
[2025-11-13 11:50:53] [WDG] Restart stream: idle_pair=656.7745294570923 consec_timeouts=488
[2025-11-13 11:50:53] [WDG] Restart failed: [Errno 2] Entity not found
[2025-11-13 11:50:58] [WDG] Restart stream: idle_pair=661.7820568084717 consec_timeouts=488
[2025-11-13 11:50:58] [WDG] Restart failed: [Errno 2] Entity not found
[2025-11-13 11:51:03] [WDG] Restart stream: idle_pair=666.7894723415375 consec_timeouts=488
[2025-11-13 11:51:03] [WDG] Restart failed: [Errno 2] Entity not found
[2025-11-13 11:51:08] [WDG] Restart stream: idle_pair=671.797301530838 consec_timeouts=488
[2025-11-13 11:51:08] [WDG] Restart failed: [Errno 2] Entity not found
[2025-11-13 11:51:13] [WDG] Restart stream: idle_pair=676.8050670623779 consec_timeouts=488
[2025-11-13 11:51:13] [WDG] Restart failed: [Errno 2] Entity not found
[2025-11-13 11:51:18] [WDG] Restart stream: idle_pair=681.8130640983582 consec_timeouts=488
[2025-11-13 11:51:18] [WDG] Restart failed: [Errno 2] Entity not found
[2025-11-13 11:51:23] [WDG] Restart stream: idle_pair=686.8190412521362 consec_timeouts=488
[2025-11-13 11:51:23] [WDG] Restart failed: [Errno 2] Entity not found
[2025-11-13 11:51:28] [WDG] Restart stream: idle_pair=691.8231303691864 consec_timeouts=488
[2025-11-13 11:51:28] [WDG] Restart failed: [Errno 2] Entity not found
[2025-11-13 11:51:33] [WDG] Restart stream: idle_pair=696.8302581310272 consec_timeouts=488
[2025-11-13 11:51:33] [WDG] Restart failed: [Errno 2] Entity not found
[2025-11-13 11:51:38] [WDG] Restart stream: idle_pair=701.8369388580322 consec_timeouts=488
[2025-11-13 11:51:38] [WDG] Restart failed: [Errno 2] Entity not found
[2025-11-13 11:51:43] [WDG] Restart stream: idle_pair=706.8444533348083 consec_timeouts=488
[2025-11-13 11:51:43] [WDG] Restart failed: [Errno 2] Entity not found
[2025-11-13 11:51:48] [WDG] Restart stream: idle_pair=711.8524630069733 consec_timeouts=488
[2025-11-13 11:51:48] [WDG] Restart failed: [Errno 2] Entity not found
[2025-11-13 11:51:53] [WDG] Restart stream: idle_pair=716.8594295978546 consec_timeouts=488
[2025-11-13 11:51:53] [WDG] Restart failed: [Errno 2] Entity not found
[2025-11-13 11:51:58] [WDG] Restart stream: idle_pair=721.867743730545 consec_timeouts=488
[2025-11-13 11:51:58] [WDG] Restart failed: [Errno 2] Entity not found
[2025-11-13 11:52:03] [WDG] Restart stream: idle_pair=726.8761942386627 consec_timeouts=488
[2025-11-13 11:52:03] [WDG] Restart failed: [Errno 2] Entity not found
[2025-11-13 11:52:08] [WDG] Restart stream: idle_pair=731.8835849761963 consec_timeouts=488
[2025-11-13 11:52:08] [WDG] Restart failed: [Errno 2] Entity not found
[2025-11-13 11:52:13] [WDG] Restart stream: idle_pair=736.8910717964172 consec_timeouts=488
[2025-11-13 11:52:13] [WDG] Restart failed: [Errno 2] Entity not found
[2025-11-13 11:52:18] [WDG] Restart stream: idle_pair=741.8982603549957 consec_timeouts=488
[2025-11-13 11:52:18] [WDG] Restart failed: [Errno 2] Entity not found
[2025-11-13 11:52:23] [WDG] Restart stream: idle_pair=746.9052398204803 consec_timeouts=488
[2025-11-13 11:52:23] [WDG] Restart failed: [Errno 2] Entity not found
[2025-11-13 11:52:28] [WDG] Restart stream: idle_pair=751.9111421108246 consec_timeouts=488
[2025-11-13 11:52:28] [WDG] Restart failed: [Errno 2] Entity not found
[2025-11-13 11:52:33] [WDG] Restart stream: idle_pair=756.9153077602386 consec_timeouts=488
[2025-11-13 11:52:33] [WDG] Restart failed: [Errno 2] Entity not found
[2025-11-13 11:52:38] [WDG] Restart stream: idle_pair=761.9220082759857 consec_timeouts=488
[2025-11-13 11:52:38] [WDG] Restart failed: [Errno 2] Entity not found
[2025-11-13 11:52:43] [WDG] Restart stream: idle_pair=766.9301588535309 consec_timeouts=488
[2025-11-13 11:52:43] [WDG] Restart failed: [Errno 2] Entity not found
[2025-11-13 11:52:48] [WDG] Restart stream: idle_pair=771.9377198219299 consec_timeouts=488
[2025-11-13 11:52:48] [WDG] Restart failed: [Errno 2] Entity not found
[2025-11-13 11:52:53] [WDG] Restart stream: idle_pair=776.9463725090027 consec_timeouts=488
[2025-11-13 11:52:53] [WDG] Restart failed: [Errno 2] Entity not found
[2025-11-13 11:52:58] [WDG] Restart stream: idle_pair=781.9543285369873 consec_timeouts=488
[2025-11-13 11:52:58] [WDG] Restart failed: [Errno 2] Entity not found
[2025-11-13 11:53:03] [WDG] Restart stream: idle_pair=786.9625043869019 consec_timeouts=488
[2025-11-13 11:53:03] [WDG] Restart failed: [Errno 2] Entity not found
[2025-11-13 11:53:08] [WDG] Restart stream: idle_pair=791.9689137935638 consec_timeouts=488
[2025-11-13 11:53:08] [WDG] Restart failed: [Errno 2] Entity not found
[2025-11-13 11:53:13] [WDG] Restart stream: idle_pair=796.9767577648163 consec_timeouts=488
[2025-11-13 11:53:13] [WDG] Restart failed: [Errno 2] Entity not found
[2025-11-13 11:53:18] [WDG] Restart stream: idle_pair=801.9842267036438 consec_timeouts=488
[2025-11-13 11:53:18] [WDG] Restart failed: [Errno 2] Entity not found
[2025-11-13 11:53:23] [WDG] Restart stream: idle_pair=806.9918737411499 consec_timeouts=488
[2025-11-13 11:53:23] [WDG] Restart failed: [Errno 2] Entity not found
[2025-11-13 11:53:28] [WDG] Restart stream: idle_pair=811.9967293739319 consec_timeouts=488
[2025-11-13 11:53:28] [WDG] Restart failed: [Errno 2] Entity not found
[2025-11-13 11:53:33] [WDG] Restart stream: idle_pair=817.0018470287323 consec_timeouts=488
[2025-11-13 11:53:33] [WDG] Restart failed: [Errno 2] Entity not found
[2025-11-13 11:53:38] [WDG] Restart stream: idle_pair=822.0087881088257 consec_timeouts=488
[2025-11-13 11:53:38] [WDG] Restart failed: [Errno 2] Entity not found
[2025-11-13 11:53:43] [WDG] Restart stream: idle_pair=827.0169885158539 consec_timeouts=488
[2025-11-13 11:53:43] [WDG] Restart failed: [Errno 2] Entity not found
[2025-11-13 11:53:48] [WDG] Restart stream: idle_pair=832.0247693061829 consec_timeouts=488
[2025-11-13 11:53:48] [WDG] Restart failed: [Errno 2] Entity not found
[2025-11-13 11:53:53] [WDG] Restart stream: idle_pair=837.0329687595367 consec_timeouts=488
[2025-11-13 11:53:53] [WDG] Restart failed: [Errno 2] Entity not found
[2025-11-13 11:53:58] [WDG] Restart stream: idle_pair=842.040233373642 consec_timeouts=488
[2025-11-13 11:53:58] [WDG] Restart failed: [Errno 2] Entity not found
[2025-11-13 11:54:03] [WDG] Restart stream: idle_pair=847.0485661029816 consec_timeouts=488
[2025-11-13 11:54:03] [WDG] Restart failed: [Errno 2] Entity not found
[2025-11-13 11:54:08] [WDG] Restart stream: idle_pair=852.0559916496277 consec_timeouts=488
[2025-11-13 11:54:08] [WDG] Restart failed: [Errno 2] Entity not found
[2025-11-13 11:54:13] [WDG] Restart stream: idle_pair=857.0634651184082 consec_timeouts=488
[2025-11-13 11:54:13] [WDG] Restart failed: [Errno 2] Entity not found
[2025-11-13 11:54:18] [WDG] Restart stream: idle_pair=862.071072101593 consec_timeouts=488
[2025-11-13 11:54:18] [WDG] Restart failed: [Errno 2] Entity not found
[2025-11-13 11:54:23] [WDG] Restart stream: idle_pair=867.0772695541382 consec_timeouts=488
[2025-11-13 11:54:23] [WDG] Restart failed: [Errno 2] Entity not found
[2025-11-13 11:54:28] [WDG] Restart stream: idle_pair=872.0925800800323 consec_timeouts=488
[2025-11-13 11:54:28] [WDG] Restart failed: [Errno 2] Entity not found
[2025-11-13 11:54:33] [WDG] Restart stream: idle_pair=877.0996687412262 consec_timeouts=488
[2025-11-13 11:54:33] [WDG] Restart failed: [Errno 2] Entity not found
[2025-11-13 11:54:38] [WDG] Restart stream: idle_pair=882.1057579517365 consec_timeouts=488
[2025-11-13 11:54:38] [WDG] Restart failed: [Errno 2] Entity not found
[2025-11-13 11:54:43] [WDG] Restart stream: idle_pair=887.1140358448029 consec_timeouts=488
[2025-11-13 11:54:43] [WDG] Restart failed: [Errno 2] Entity not found
[2025-11-13 11:54:48] [WDG] Restart stream: idle_pair=892.121738910675 consec_timeouts=488
[2025-11-13 11:54:48] [WDG] Restart failed: [Errno 2] Entity not found
[2025-11-13 11:54:53] [WDG] Restart stream: idle_pair=897.1303911209106 consec_timeouts=488
[2025-11-13 11:54:53] [WDG] Restart failed: [Errno 2] Entity not found
[2025-11-13 11:54:58] [WDG] Restart stream: idle_pair=902.1382660865784 consec_timeouts=488
[2025-11-13 11:54:58] [WDG] Restart failed: [Errno 2] Entity not found
[2025-11-13 11:55:03] [WDG] Restart stream: idle_pair=907.1459555625916 consec_timeouts=488
[2025-11-13 11:55:03] [WDG] Restart failed: [Errno 2] Entity not found
[2025-11-13 11:55:08] [WDG] Restart stream: idle_pair=912.1533968448639 consec_timeouts=488
[2025-11-13 11:55:08] [WDG] Restart failed: [Errno 2] Entity not found
[2025-11-13 11:55:13] [WDG] Restart stream: idle_pair=917.1612377166748 consec_timeouts=488
[2025-11-13 11:55:13] [WDG] Restart failed: [Errno 2] Entity not found
[2025-11-13 11:55:18] [WDG] Restart stream: idle_pair=922.1802632808685 consec_timeouts=488
[2025-11-13 11:55:18] [WDG] Restart failed: [Errno 2] Entity not found
[2025-11-13 11:55:23] [WDG] Restart stream: idle_pair=927.2195365428925 consec_timeouts=488
[2025-11-13 11:55:23] [WDG] Restart failed: [Errno 2] Entity not found
[2025-11-13 11:55:28] [WDG] Restart stream: idle_pair=932.2258214950562 consec_timeouts=488
[2025-11-13 11:55:28] [WDG] Restart failed: [Errno 2] Entity not found
[2025-11-13 11:55:33] [WDG] Restart stream: idle_pair=937.2310614585876 consec_timeouts=488
[2025-11-13 11:55:33] [WDG] Restart failed: [Errno 2] Entity not found
[2025-11-13 11:55:38] [WDG] Restart stream: idle_pair=942.2378399372101 consec_timeouts=488
[2025-11-13 11:55:38] [WDG] Restart failed: [Errno 2] Entity not found
[2025-11-13 11:55:43] [WDG] Restart stream: idle_pair=947.245635509491 consec_timeouts=488
[2025-11-13 11:55:43] [WDG] Restart failed: [Errno 2] Entity not found
[2025-11-13 11:55:48] [WDG] Restart stream: idle_pair=952.2544059753418 consec_timeouts=488
[2025-11-13 11:55:48] [WDG] Restart failed: [Errno 2] Entity not found
[2025-11-13 11:55:53] [WDG] Restart stream: idle_pair=957.2621073722839 consec_timeouts=488
[2025-11-13 11:55:53] [WDG] Restart failed: [Errno 2] Entity not found
[2025-11-13 11:55:58] [WDG] Restart stream: idle_pair=962.2702586650848 consec_timeouts=488
[2025-11-13 11:55:58] [WDG] Restart failed: [Errno 2] Entity not found
[2025-11-13 11:56:03] [WDG] Restart stream: idle_pair=967.2777705192566 consec_timeouts=488
[2025-11-13 11:56:03] [WDG] Restart failed: [Errno 2] Entity not found
[2025-11-13 11:56:08] [WDG] Restart stream: idle_pair=972.2851791381836 consec_timeouts=488
[2025-11-13 11:56:08] [WDG] Restart failed: [Errno 2] Entity not found
[2025-11-13 11:56:13] [WDG] Restart stream: idle_pair=977.2938416004181 consec_timeouts=488
[2025-11-13 11:56:13] [WDG] Restart failed: [Errno 2] Entity not found
[2025-11-13 11:56:18] [WDG] Restart stream: idle_pair=982.3010361194611 consec_timeouts=488
[2025-11-13 11:56:18] [WDG] Restart failed: [Errno 2] Entity not found
[2025-11-13 11:56:23] [WDG] Restart stream: idle_pair=987.3076663017273 consec_timeouts=488
[2025-11-13 11:56:23] [WDG] Restart failed: [Errno 2] Entity not found
[2025-11-13 11:56:28] [WDG] Restart stream: idle_pair=992.3132126331329 consec_timeouts=488
[2025-11-13 11:56:28] [WDG] Restart failed: [Errno 2] Entity not found
[2025-11-13 11:56:33] [WDG] Restart stream: idle_pair=997.3182673454285 consec_timeouts=488
[2025-11-13 11:56:33] [WDG] Restart failed: [Errno 2] Entity not found
[2025-11-13 11:56:38] [WDG] Restart stream: idle_pair=1002.3262984752655 consec_timeouts=488
[2025-11-13 11:56:38] [WDG] Restart failed: [Errno 2] Entity not found
[2025-11-13 11:56:43] [WDG] Restart stream: idle_pair=1007.3342142105103 consec_timeouts=488
[2025-11-13 11:56:43] [WDG] Restart failed: [Errno 2] Entity not found
[2025-11-13 11:56:48] [WDG] Restart stream: idle_pair=1012.3417053222656 consec_timeouts=488
[2025-11-13 11:56:48] [WDG] Restart failed: [Errno 2] Entity not found
[2025-11-13 11:56:54] [WDG] Restart stream: idle_pair=1017.3488445281982 consec_timeouts=488
[2025-11-13 11:56:54] [WDG] Restart failed: [Errno 2] Entity not found
[2025-11-13 11:56:59] [WDG] Restart stream: idle_pair=1022.3555679321289 consec_timeouts=488
[2025-11-13 11:56:59] [WDG] Restart failed: [Errno 2] Entity not found
[2025-11-13 11:57:04] [WDG] Restart stream: idle_pair=1027.3635561466217 consec_timeouts=488
[2025-11-13 11:57:04] [WDG] Restart failed: [Errno 2] Entity not found
[2025-11-13 11:57:09] [WDG] Restart stream: idle_pair=1032.370402097702 consec_timeouts=488
[2025-11-13 11:57:09] [WDG] Restart failed: [Errno 2] Entity not found
[2025-11-13 11:57:14] [WDG] Restart stream: idle_pair=1037.3777332305908 consec_timeouts=488
[2025-11-13 11:57:14] [WDG] Restart failed: [Errno 2] Entity not found
[2025-11-13 11:57:19] [WDG] Restart stream: idle_pair=1042.384746313095 consec_timeouts=488
[2025-11-13 11:57:19] [WDG] Restart failed: [Errno 2] Entity not found
[2025-11-13 11:57:24] [WDG] Restart stream: idle_pair=1047.3904643058777 consec_timeouts=488
[2025-11-13 11:57:24] [WDG] Restart failed: [Errno 2] Entity not found
[2025-11-13 11:57:29] [WDG] Restart stream: idle_pair=1052.3967881202698 consec_timeouts=488
[2025-11-13 11:57:29] [WDG] Restart failed: [Errno 2] Entity not found
[2025-11-13 11:57:34] [WDG] Restart stream: idle_pair=1057.4025492668152 consec_timeouts=488
[2025-11-13 11:57:34] [WDG] Restart failed: [Errno 2] Entity not found
[2025-11-13 11:57:39] [WDG] Restart stream: idle_pair=1062.4095602035522 consec_timeouts=488
[2025-11-13 11:57:39] [WDG] Restart failed: [Errno 2] Entity not found
[2025-11-13 11:57:44] [WDG] Restart stream: idle_pair=1067.4173004627228 consec_timeouts=488
[2025-11-13 11:57:44] [WDG] Restart failed: [Errno 2] Entity not found
[2025-11-13 11:57:49] [WDG] Restart stream: idle_pair=1072.4243230819702 consec_timeouts=488
[2025-11-13 11:57:49] [WDG] Restart failed: [Errno 2] Entity not found
[2025-11-13 11:57:54] [WDG] Restart stream: idle_pair=1077.432653427124 consec_timeouts=488
[2025-11-13 11:57:54] [WDG] Restart failed: [Errno 2] Entity not found
[2025-11-13 11:57:59] [WDG] Restart stream: idle_pair=1082.440547466278 consec_timeouts=488
[2025-11-13 11:57:59] [WDG] Restart failed: [Errno 2] Entity not found
[2025-11-13 11:58:04] [WDG] Restart stream: idle_pair=1087.4483816623688 consec_timeouts=488
[2025-11-13 11:58:04] [WDG] Restart failed: [Errno 2] Entity not found
[2025-11-13 11:58:09] [WDG] Restart stream: idle_pair=1092.4553554058075 consec_timeouts=488
[2025-11-13 11:58:09] [WDG] Restart failed: [Errno 2] Entity not found
[2025-11-13 11:58:14] [WDG] Restart stream: idle_pair=1097.4628076553345 consec_timeouts=488
[2025-11-13 11:58:14] [WDG] Restart failed: [Errno 2] Entity not found
[2025-11-13 11:58:19] [WDG] Restart stream: idle_pair=1102.4693772792816 consec_timeouts=488
[2025-11-13 11:58:19] [WDG] Restart failed: [Errno 2] Entity not found
[2025-11-13 11:58:24] [WDG] Restart stream: idle_pair=1107.4857151508331 consec_timeouts=488
[2025-11-13 11:58:24] [WDG] Restart failed: [Errno 2] Entity not found
[2025-11-13 11:58:29] [WDG] Restart stream: idle_pair=1112.4915223121643 consec_timeouts=488
[2025-11-13 11:58:29] [WDG] Restart failed: [Errno 2] Entity not found
[2025-11-13 11:58:34] [WDG] Restart stream: idle_pair=1117.4974811077118 consec_timeouts=488
[2025-11-13 11:58:34] [WDG] Restart failed: [Errno 2] Entity not found
[2025-11-13 11:58:39] [WDG] Restart stream: idle_pair=1122.5039265155792 consec_timeouts=488
[2025-11-13 11:58:39] [WDG] Restart failed: [Errno 2] Entity not found
[2025-11-13 11:58:44] [WDG] Restart stream: idle_pair=1127.5105209350586 consec_timeouts=488
[2025-11-13 11:58:44] [WDG] Restart failed: [Errno 2] Entity not found
[2025-11-13 11:58:49] [WDG] Restart stream: idle_pair=1132.517884016037 consec_timeouts=488
[2025-11-13 11:58:49] [WDG] Restart failed: [Errno 2] Entity not found
[2025-11-13 11:58:54] [WDG] Restart stream: idle_pair=1137.5247254371643 consec_timeouts=488
[2025-11-13 11:58:54] [WDG] Restart failed: [Errno 2] Entity not found
[2025-11-13 11:58:59] [WDG] Restart stream: idle_pair=1142.5316228866577 consec_timeouts=488
[2025-11-13 11:58:59] [WDG] Restart failed: [Errno 2] Entity not found
[2025-11-13 11:59:04] [WDG] Restart stream: idle_pair=1147.5389080047607 consec_timeouts=488
[2025-11-13 11:59:04] [WDG] Restart failed: [Errno 2] Entity not found
[2025-11-13 11:59:09] [WDG] Restart stream: idle_pair=1152.546371459961 consec_timeouts=488
[2025-11-13 11:59:09] [WDG] Restart failed: [Errno 2] Entity not found
[2025-11-13 11:59:14] [WDG] Restart stream: idle_pair=1157.5533447265625 consec_timeouts=488
[2025-11-13 11:59:14] [WDG] Restart failed: [Errno 2] Entity not found
[2025-11-13 11:59:19] [WDG] Restart stream: idle_pair=1162.5604524612427 consec_timeouts=488
[2025-11-13 11:59:19] [WDG] Restart failed: [Errno 2] Entity not found
[2025-11-13 11:59:24] [WDG] Restart stream: idle_pair=1167.5658023357391 consec_timeouts=488
[2025-11-13 11:59:24] [WDG] Restart failed: [Errno 2] Entity not found
[2025-11-13 11:59:29] [WDG] Restart stream: idle_pair=1172.5714309215546 consec_timeouts=488
[2025-11-13 11:59:29] [WDG] Restart failed: [Errno 2] Entity not found
[2025-11-13 11:59:34] [WDG] Restart stream: idle_pair=1177.5770146846771 consec_timeouts=488
[2025-11-13 11:59:34] [WDG] Restart failed: [Errno 2] Entity not found
[2025-11-13 11:59:39] [WDG] Restart stream: idle_pair=1182.5839939117432 consec_timeouts=488
[2025-11-13 11:59:39] [WDG] Restart failed: [Errno 2] Entity not found
[2025-11-13 11:59:44] [WDG] Restart stream: idle_pair=1187.5920267105103 consec_timeouts=488
[2025-11-13 11:59:44] [WDG] Restart failed: [Errno 2] Entity not found
[2025-11-13 11:59:49] [WDG] Restart stream: idle_pair=1192.598373889923 consec_timeouts=488
[2025-11-13 11:59:49] [WDG] Restart failed: [Errno 2] Entity not found
[2025-11-13 11:59:54] [WDG] Restart stream: idle_pair=1197.6059086322784 consec_timeouts=488
[2025-11-13 11:59:54] [WDG] Restart failed: [Errno 2] Entity not found
[2025-11-13 11:59:59] [WDG] Restart stream: idle_pair=1202.6135456562042 consec_timeouts=488
[2025-11-13 11:59:59] [WDG] Restart failed: [Errno 2] Entity not found
[2025-11-13 12:00:04] [WDG] Restart stream: idle_pair=1207.622126340866 consec_timeouts=488
[2025-11-13 12:00:04] [WDG] Restart failed: [Errno 2] Entity not found
[2025-11-13 12:00:09] [WDG] Restart stream: idle_pair=1212.6291508674622 consec_timeouts=488
[2025-11-13 12:00:09] [WDG] Restart failed: [Errno 2] Entity not found
[2025-11-13 12:00:14] [WDG] Restart stream: idle_pair=1217.6370315551758 consec_timeouts=488
[2025-11-13 12:00:14] [WDG] Restart failed: [Errno 2] Entity not found
[2025-11-13 12:00:19] [WDG] Restart stream: idle_pair=1222.6759140491486 consec_timeouts=488
[2025-11-13 12:00:19] [WDG] Restart failed: [Errno 2] Entity not found
[2025-11-13 12:00:24] [WDG] Restart stream: idle_pair=1227.6805255413055 consec_timeouts=488
[2025-11-13 12:00:24] [WDG] Restart failed: [Errno 2] Entity not found
[2025-11-13 12:00:29] [WDG] Restart stream: idle_pair=1232.732798576355 consec_timeouts=488
[2025-11-13 12:00:29] [WDG] Restart failed: [Errno 2] Entity not found
[2025-11-13 12:00:34] [WDG] Restart stream: idle_pair=1237.741661787033 consec_timeouts=488
[2025-11-13 12:00:34] [WDG] Restart failed: [Errno 2] Entity not found
[2025-11-13 12:00:39] [WDG] Restart stream: idle_pair=1242.749279499054 consec_timeouts=488
[2025-11-13 12:00:39] [WDG] Restart failed: [Errno 2] Entity not found
[2025-11-13 12:00:44] [WDG] Restart stream: idle_pair=1247.7568674087524 consec_timeouts=488
[2025-11-13 12:00:44] [WDG] Restart failed: [Errno 2] Entity not found
[2025-11-13 12:00:49] [WDG] Restart stream: idle_pair=1252.764708995819 consec_timeouts=488
[2025-11-13 12:00:49] [WDG] Restart failed: [Errno 2] Entity not found
[2025-11-13 12:00:54] [WDG] Restart stream: idle_pair=1257.7720983028412 consec_timeouts=488
[2025-11-13 12:00:54] [WDG] Restart failed: [Errno 2] Entity not found
[2025-11-13 12:00:59] [WDG] Restart stream: idle_pair=1262.7952992916107 consec_timeouts=488
[2025-11-13 12:00:59] [WDG] Restart failed: [Errno 2] Entity not found
[2025-11-13 12:01:04] [WDG] Restart stream: idle_pair=1267.8111414909363 consec_timeouts=488
[2025-11-13 12:01:04] [WDG] Restart failed: [Errno 2] Entity not found
[2025-11-13 12:01:09] [WDG] Restart stream: idle_pair=1272.8181777000427 consec_timeouts=488
[2025-11-13 12:01:09] [WDG] Restart failed: [Errno 2] Entity not found
[2025-11-13 12:01:14] [WDG] Restart stream: idle_pair=1277.8261549472809 consec_timeouts=488
[2025-11-13 12:01:14] [WDG] Restart failed: [Errno 2] Entity not found
[2025-11-13 12:01:19] [WDG] Restart stream: idle_pair=1282.834335565567 consec_timeouts=488
[2025-11-13 12:01:19] [WDG] Restart failed: [Errno 2] Entity not found
[2025-11-13 12:01:24] [WDG] Restart stream: idle_pair=1287.8425488471985 consec_timeouts=488
[2025-11-13 12:01:24] [WDG] Restart failed: [Errno 2] Entity not found
[2025-11-13 12:01:29] [WDG] Restart stream: idle_pair=1292.8476498126984 consec_timeouts=488
[2025-11-13 12:01:29] [WDG] Restart failed: [Errno 2] Entity not found
[2025-11-13 12:01:34] [WDG] Restart stream: idle_pair=1297.8532311916351 consec_timeouts=488
[2025-11-13 12:01:34] [WDG] Restart failed: [Errno 2] Entity not found
[2025-11-13 12:01:39] [WDG] Restart stream: idle_pair=1302.873839378357 consec_timeouts=488
[2025-11-13 12:01:39] [WDG] Restart failed: [Errno 2] Entity not found
[2025-11-13 12:01:44] [WDG] Restart stream: idle_pair=1307.8816268444061 consec_timeouts=488
[2025-11-13 12:01:44] [WDG] Restart failed: [Errno 2] Entity not found
[2025-11-13 12:01:49] [WDG] Restart stream: idle_pair=1312.9263365268707 consec_timeouts=488
[2025-11-13 12:01:49] [WDG] Restart failed: [Errno 2] Entity not found
[2025-11-13 12:01:54] [WDG] Restart stream: idle_pair=1317.9330384731293 consec_timeouts=488
[2025-11-13 12:01:54] [WDG] Restart failed: [Errno 2] Entity not found
[2025-11-13 12:01:59] [WDG] Restart stream: idle_pair=1322.9382915496826 consec_timeouts=488
[2025-11-13 12:01:59] [WDG] Restart failed: [Errno 2] Entity not found
[2025-11-13 12:02:04] [WDG] Restart stream: idle_pair=1327.9438934326172 consec_timeouts=488
[2025-11-13 12:02:04] [WDG] Restart failed: [Errno 2] Entity not found
[2025-11-13 12:02:09] [WDG] Restart stream: idle_pair=1332.9519400596619 consec_timeouts=488
[2025-11-13 12:02:09] [WDG] Restart failed: [Errno 2] Entity not found
[2025-11-13 12:02:14] [WDG] Restart stream: idle_pair=1337.9589567184448 consec_timeouts=488
[2025-11-13 12:02:14] [WDG] Restart failed: [Errno 2] Entity not found
[2025-11-13 12:02:19] [WDG] Restart stream: idle_pair=1342.9680571556091 consec_timeouts=488
[2025-11-13 12:02:19] [WDG] Restart failed: [Errno 2] Entity not found
[2025-11-13 12:02:24] [WDG] Restart stream: idle_pair=1348.0439610481262 consec_timeouts=488
[2025-11-13 12:02:24] [WDG] Restart failed: [Errno 2] Entity not found
[2025-11-13 12:02:29] [WDG] Restart stream: idle_pair=1353.050280570984 consec_timeouts=488
[2025-11-13 12:02:29] [WDG] Restart failed: [Errno 2] Entity not found
[2025-11-13 12:02:34] [WDG] Restart stream: idle_pair=1358.061357975006 consec_timeouts=488
[2025-11-13 12:02:34] [WDG] Restart failed: [Errno 2] Entity not found
[2025-11-13 12:03:49] [START] gui_oscilloscope.py C:\Users\TEST\AppData\Local\Programs\Python\Python312\python.exe 3.12.3 args: {'ns': 0, 'profile': 0, 'pairs': 400, 'single': False, 'no_reset_first': False, 'watchdog': True, 'wdg_idle_sec': 2.5, 'wdg_timeouts': 8, 'log': 'c:\\Users\\TEST\\Documents\\Work\\BMI20\\STM32\\BMI30.stm32h7\\HostTools\\gui_oscilloscope.log'}
[2025-11-13 12:03:49] [INIT] reset_device_and_reopen(no_reset= False )
[2025-11-13 12:03:57] [INIT] device opened
[2025-11-13 12:03:57] [CFG] SET_FULL_MODE=1
[2025-11-13 12:03:57] [CFG] SET_PROFILE= 0
[2025-11-13 12:03:57] [CFG] SET_CHMODE= 2
[2025-11-13 12:03:57] [CFG] SET_ASYNC_MODE=1
[2025-11-13 12:03:57] [CFG] SET_BLOCK_HZ= 300
[2025-11-13 12:03:57] [RUN] START stream
[2025-11-13 12:04:22] [WDG] Restart stream: idle_pair=2.6927244663238525 consec_timeouts=2
[2025-11-13 12:10:23] [START] gui_oscilloscope.py C:\Users\TEST\AppData\Local\Programs\Python\Python312\python.exe 3.12.3 args: {'ns': 0, 'profile': 0, 'pairs': 400, 'single': False, 'no_reset_first': False, 'watchdog': True, 'wdg_idle_sec': 2.5, 'wdg_timeouts': 8, 'log': 'c:\\Users\\TEST\\Documents\\Work\\BMI20\\STM32\\BMI30.stm32h7\\HostTools\\gui_oscilloscope.log', 'status_log_interval': 5.0, 'pkt_log_interval': 5.0}
[2025-11-13 12:10:24] [INIT] reset_device_and_reopen(no_reset= False )
[2025-11-13 12:10:34] [INIT] device opened
[2025-11-13 12:10:34] [CFG] SET_FULL_MODE=1
[2025-11-13 12:10:34] [CFG] SET_PROFILE= 0
[2025-11-13 12:10:34] [CFG] SET_CHMODE= 2
[2025-11-13 12:10:34] [CFG] SET_ASYNC_MODE=1
[2025-11-13 12:10:34] [CFG] SET_BLOCK_HZ= 300
[2025-11-13 12:10:35] [RUN] START stream
[2025-11-13 12:10:43] [WDG] Restart stream: idle_pair=None consec_timeouts=8
[2025-11-13 12:11:00] [START] gui_oscilloscope.py C:\Users\TEST\AppData\Local\Programs\Python\Python312\python.exe 3.12.3 args: {'ns': 0, 'profile': 0, 'pairs': 400, 'single': False, 'no_reset_first': False, 'watchdog': True, 'wdg_idle_sec': 2.5, 'wdg_timeouts': 8, 'log': 'c:\\Users\\TEST\\Documents\\Work\\BMI20\\STM32\\BMI30.stm32h7\\HostTools\\gui_oscilloscope.log', 'status_log_interval': 5.0, 'pkt_log_interval': 5.0}
[2025-11-13 12:11:01] [INIT] reset_device_and_reopen(no_reset= False )
[2025-11-13 12:11:11] [INIT] device opened
[2025-11-13 12:11:11] [CFG] SET_FULL_MODE=1
[2025-11-13 12:11:11] [CFG] SET_PROFILE= 0
[2025-11-13 12:11:11] [CFG] SET_CHMODE= 2
[2025-11-13 12:11:11] [CFG] SET_ASYNC_MODE=1
[2025-11-13 12:11:11] [CFG] SET_BLOCK_HZ= 300
[2025-11-13 12:11:11] [RUN] START stream
[2025-11-13 12:20:09] [START] gui_oscilloscope.py C:\Users\TEST\AppData\Local\Programs\Python\Python312\python.exe 3.12.3 args: {'ns': 0, 'profile': 0, 'pairs': 400, 'single': False, 'no_reset_first': False, 'watchdog': True, 'wdg_idle_sec': 2.5, 'wdg_timeouts': 8, 'log': 'c:\\Users\\TEST\\Documents\\Work\\BMI20\\STM32\\BMI30.stm32h7\\HostTools\\gui_oscilloscope.log', 'status_log_interval': 5.0, 'pkt_log_interval': 5.0}
[2025-11-13 12:20:09] [INIT] reset_device_and_reopen(no_reset= False )
[2025-11-13 12:20:09] [USB] altsetting=1 has no vendor endpoints -> fallback
[2025-11-13 12:20:09] [USB] altsetting=0 has no vendor endpoints -> fallback
[2025-11-13 12:20:09] [USB] Vendor endpoints not found after trying alt=[1, 0]; continuing with current configuration
[2025-11-13 12:20:19] [USB] altsetting=1 has no vendor endpoints -> fallback
[2025-11-13 12:20:19] [USB] altsetting=0 has no vendor endpoints -> fallback
[2025-11-13 12:20:19] [USB] Vendor endpoints not found after trying alt=[1, 0]; continuing with current configuration
[2025-11-13 12:20:19] [INIT] device opened
[2025-11-13 12:20:19] [CFG] SET_FULL_MODE=1
[2025-11-13 12:20:19] [CFG] SET_PROFILE= 0
[2025-11-13 12:20:20] [CFG] SET_CHMODE= 2
[2025-11-13 12:20:20] [CFG] SET_ASYNC_MODE=1
[2025-11-13 12:20:20] [CFG] SET_BLOCK_HZ= 300
[2025-11-13 12:20:20] [RUN] START stream
[2025-11-13 12:20:42] [START] gui_oscilloscope.py C:\Users\TEST\AppData\Local\Programs\Python\Python312\python.exe 3.12.3 args: {'ns': 0, 'profile': 0, 'pairs': 400, 'single': False, 'no_reset_first': False, 'watchdog': True, 'wdg_idle_sec': 2.5, 'wdg_timeouts': 8, 'log': 'c:\\Users\\TEST\\Documents\\Work\\BMI20\\STM32\\BMI30.stm32h7\\HostTools\\gui_oscilloscope.log', 'status_log_interval': 5.0, 'pkt_log_interval': 5.0}
[2025-11-13 12:20:43] [INIT] reset_device_and_reopen(no_reset= False )
[2025-11-13 12:20:43] [USB] altsetting=1 has no vendor endpoints -> fallback
[2025-11-13 12:20:43] [USB] altsetting=0 has no vendor endpoints -> fallback
[2025-11-13 12:20:43] [USB] Vendor endpoints not found after trying alt=[1, 0]; continuing with current configuration
[2025-11-13 12:20:52] [USB] altsetting=1 has no vendor endpoints -> fallback
[2025-11-13 12:20:52] [USB] altsetting=0 has no vendor endpoints -> fallback
[2025-11-13 12:20:52] [USB] Vendor endpoints not found after trying alt=[1, 0]; continuing with current configuration
[2025-11-13 12:20:52] [INIT] device opened
[2025-11-13 12:20:53] [CFG] SET_FULL_MODE=1
[2025-11-13 12:20:53] [CFG] SET_PROFILE= 0
[2025-11-13 12:20:53] [CFG] SET_CHMODE= 2
[2025-11-13 12:20:53] [CFG] SET_ASYNC_MODE=1
[2025-11-13 12:20:53] [CFG] SET_BLOCK_HZ= 300
[2025-11-13 12:20:53] [RUN] START stream
[2025-11-13 12:21:14] [START] gui_oscilloscope.py C:\Users\TEST\AppData\Local\Programs\Python\Python312\python.exe 3.12.3 args: {'ns': 0, 'profile': 0, 'pairs': 400, 'single': False, 'no_reset_first': False, 'watchdog': True, 'wdg_idle_sec': 2.5, 'wdg_timeouts': 8, 'log': 'c:\\Users\\TEST\\Documents\\Work\\BMI20\\STM32\\BMI30.stm32h7\\HostTools\\gui_oscilloscope.log', 'status_log_interval': 5.0, 'pkt_log_interval': 5.0}
[2025-11-13 12:21:15] [INIT] reset_device_and_reopen(no_reset= False )
[2025-11-13 12:21:15] [USB] altsetting=1 has no vendor endpoints -> fallback
[2025-11-13 12:21:15] [USB] altsetting=0 has no vendor endpoints -> fallback
[2025-11-13 12:21:15] [USB] Vendor endpoints not found after trying alt=[1, 0]; continuing with current configuration
[2025-11-13 12:21:24] [USB] altsetting=1 has no vendor endpoints -> fallback
[2025-11-13 12:21:25] [USB] altsetting=0 has no vendor endpoints -> fallback
[2025-11-13 12:21:25] [USB] Vendor endpoints not found after trying alt=[1, 0]; continuing with current configuration
[2025-11-13 12:21:25] [INIT] device opened
[2025-11-13 12:21:25] [CFG] SET_FULL_MODE=1
[2025-11-13 12:21:25] [CFG] SET_PROFILE= 0
[2025-11-13 12:21:25] [CFG] SET_CHMODE= 2
[2025-11-13 12:21:25] [CFG] SET_ASYNC_MODE=1
[2025-11-13 12:21:25] [CFG] SET_BLOCK_HZ= 300
[2025-11-13 12:21:25] [RUN] START stream
[2025-11-13 12:21:50] [START] gui_oscilloscope.py C:\Users\TEST\AppData\Local\Programs\Python\Python312\python.exe 3.12.3 args: {'ns': 0, 'profile': 0, 'pairs': 400, 'single': False, 'no_reset_first': False, 'watchdog': True, 'wdg_idle_sec': 2.5, 'wdg_timeouts': 8, 'log': 'c:\\Users\\TEST\\Documents\\Work\\BMI20\\STM32\\BMI30.stm32h7\\HostTools\\gui_oscilloscope.log', 'status_log_interval': 5.0, 'pkt_log_interval': 5.0}
[2025-11-13 12:21:50] [INIT] reset_device_and_reopen(no_reset= False )
[2025-11-13 12:21:50] [USB] altsetting=1 has no vendor endpoints -> fallback
[2025-11-13 12:21:50] [USB] altsetting=0 has no vendor endpoints -> fallback
[2025-11-13 12:21:50] [USB] Vendor endpoints not found after trying alt=[1, 0]; continuing with current configuration
[2025-11-13 12:22:00] [USB] altsetting=1 has no vendor endpoints -> fallback
[2025-11-13 12:22:00] [USB] altsetting=0 has no vendor endpoints -> fallback
[2025-11-13 12:22:00] [USB] Vendor endpoints not found after trying alt=[1, 0]; continuing with current configuration
[2025-11-13 12:22:00] [INIT] device opened
[2025-11-13 12:22:01] [CFG] SET_FULL_MODE=1
[2025-11-13 12:22:01] [CFG] SET_PROFILE= 0
[2025-11-13 12:22:01] [CFG] SET_CHMODE= 2
[2025-11-13 12:22:01] [CFG] SET_ASYNC_MODE=1
[2025-11-13 12:22:01] [CFG] SET_BLOCK_HZ= 300
[2025-11-13 12:22:01] [RUN] START stream
[2025-11-13 12:33:13] [START] gui_oscilloscope.py C:\Users\TEST\AppData\Local\Programs\Python\Python312\python.exe 3.12.3 args: {'ns': 0, 'profile': 0, 'pairs': 400, 'single': False, 'no_reset_first': False, 'watchdog': False, 'wdg_idle_sec': 2.5, 'wdg_timeouts': 8, 'log': 'C:\\Users\\TEST\\Documents\\Work\\BMI20\\STM32\\BMI30.stm32h7\\HostTools\\gui_oscilloscope.log', 'status_log_interval': 5.0, 'pkt_log_interval': 5.0}
[2025-11-13 12:33:13] [INIT] reset_device_and_reopen(no_reset= False )
[2025-11-13 12:33:13] [USB] Using altsetting=1 (endpoints OK)
[2025-11-13 12:33:21] [USB] Using altsetting=1 (endpoints OK)
[2025-11-13 12:33:21] [INIT] device opened
[2025-11-13 12:33:21] [CFG] SET_FULL_MODE=1
[2025-11-13 12:33:21] [CFG] SET_PROFILE= 0
[2025-11-13 12:33:21] [CFG] SET_CHMODE= 2
[2025-11-13 12:33:21] [CFG] SET_ASYNC_MODE=1
[2025-11-13 12:33:21] [CFG] SET_BLOCK_HZ= 300
[2025-11-13 12:33:21] [RUN] START stream (bulk + ctrl fallback + GET_STATUS)
[2025-11-13 12:33:21] [RUN] START ctrl duplicate sent
[2025-11-13 12:33:21] [WARN] GET_STATUS after START failed: [Errno 32] Pipe error
[2025-11-13 12:35:57] [START] gui_oscilloscope.py C:\Users\TEST\AppData\Local\Programs\Python\Python312\python.exe 3.12.3 args: {'ns': 0, 'profile': 0, 'pairs': 400, 'single': False, 'no_reset_first': False, 'watchdog': False, 'wdg_idle_sec': 2.5, 'wdg_timeouts': 8, 'log': 'C:\\Users\\TEST\\Documents\\Work\\BMI20\\STM32\\BMI30.stm32h7\\HostTools\\gui_oscilloscope.log', 'status_log_interval': 10.0, 'pkt_log_interval': 0.0}
[2025-11-13 12:35:57] [INIT] reset_device_and_reopen(no_reset= False )
[2025-11-13 12:35:57] [USB] Using altsetting=1 (endpoints OK)
[2025-11-13 12:36:07] [USB] Using altsetting=1 (endpoints OK)
[2025-11-13 12:36:07] [INIT] device opened
[2025-11-13 12:36:07] [CFG] SET_FULL_MODE=1
[2025-11-13 12:36:07] [CFG] SET_PROFILE= 0
[2025-11-13 12:36:08] [CFG] SET_CHMODE= 2
[2025-11-13 12:36:08] [CFG] SET_ASYNC_MODE=1
[2025-11-13 12:36:08] [CFG] SET_BLOCK_HZ= 300
[2025-11-13 12:36:08] [RUN] START stream (bulk + ctrl fallback + GET_STATUS)
[2025-11-13 12:36:08] [RUN] START ctrl duplicate sent
[2025-11-13 12:36:08] [WARN] GET_STATUS after START failed: [Errno 32] Pipe error
[2025-11-13 12:36:29] [START] gui_oscilloscope.py C:\Users\TEST\AppData\Local\Programs\Python\Python312\python.exe 3.12.3 args: {'ns': 0, 'profile': 0, 'pairs': 400, 'single': False, 'no_reset_first': False, 'watchdog': False, 'wdg_idle_sec': 2.5, 'wdg_timeouts': 8, 'log': 'C:\\Users\\TEST\\Documents\\Work\\BMI20\\STM32\\BMI30.stm32h7\\HostTools\\gui_oscilloscope.log', 'status_log_interval': 10.0, 'pkt_log_interval': 0.0}
[2025-11-13 12:36:30] [INIT] reset_device_and_reopen(no_reset= False )
[2025-11-13 12:36:30] [USB] Using altsetting=1 (endpoints OK)
[2025-11-13 12:36:37] [USB] Using altsetting=1 (endpoints OK)
[2025-11-13 12:36:37] [INIT] device opened
[2025-11-13 12:36:37] [CFG] SET_FULL_MODE=1
[2025-11-13 12:36:37] [CFG] SET_PROFILE= 0
[2025-11-13 12:36:38] [CFG] SET_CHMODE= 2
[2025-11-13 12:36:38] [CFG] SET_ASYNC_MODE=1
[2025-11-13 12:36:38] [CFG] SET_BLOCK_HZ= 300
[2025-11-13 12:36:38] [RUN] START stream (bulk + ctrl fallback + GET_STATUS)
[2025-11-13 12:36:38] [RUN] START ctrl duplicate sent
[2025-11-13 12:36:38] [WARN] GET_STATUS after START failed: [Errno 32] Pipe error
[2025-11-13 12:41:56] [START] gui_oscilloscope.py C:\Users\TEST\AppData\Local\Programs\Python\Python312\python.exe 3.12.3 args: {'ns': 0, 'profile': 0, 'pairs': 400, 'single': False, 'no_reset_first': False, 'watchdog': False, 'wdg_idle_sec': 2.5, 'wdg_timeouts': 8, 'log': 'C:\\Users\\TEST\\Documents\\Work\\BMI20\\STM32\\BMI30.stm32h7\\HostTools\\gui_oscilloscope.log', 'status_log_interval': 10.0, 'pkt_log_interval': 0.0}
[2025-11-13 12:41:56] [INIT] reset_device_and_reopen(no_reset= False )
[2025-11-13 12:41:56] [USB] Using altsetting=1 (endpoints OK)
[2025-11-13 12:42:06] [USB] Using altsetting=1 (endpoints OK)
[2025-11-13 12:42:06] [INIT] device opened
[2025-11-13 12:42:07] [CFG] SET_FULL_MODE=1
[2025-11-13 12:42:07] [CFG] SET_PROFILE= 0
[2025-11-13 12:42:07] [CFG] SET_CHMODE= 2
[2025-11-13 12:42:07] [CFG] SET_ASYNC_MODE=1
[2025-11-13 12:42:07] [CFG] SET_BLOCK_HZ= 300
[2025-11-13 12:42:07] [RUN] START stream (bulk + ctrl fallback + GET_STATUS)
[2025-11-13 12:42:07] [RUN] START ctrl duplicate sent
[2025-11-13 12:42:07] [WARN] GET_STATUS after START failed: [Errno 32] Pipe error
[2025-11-13 12:42:23] [START] gui_oscilloscope.py C:\Users\TEST\AppData\Local\Programs\Python\Python312\python.exe 3.12.3 args: {'ns': 0, 'profile': 0, 'pairs': 400, 'single': False, 'no_reset_first': False, 'watchdog': False, 'wdg_idle_sec': 2.5, 'wdg_timeouts': 8, 'log': 'C:\\Users\\TEST\\Documents\\Work\\BMI20\\STM32\\BMI30.stm32h7\\HostTools\\gui_oscilloscope.log', 'status_log_interval': 10.0, 'pkt_log_interval': 0.0}
[2025-11-13 12:42:24] [INIT] reset_device_and_reopen(no_reset= False )
[2025-11-13 12:42:24] [USB] Using altsetting=1 (endpoints OK)
[2025-11-13 12:42:31] [USB] Using altsetting=1 (endpoints OK)
[2025-11-13 12:42:31] [INIT] device opened
[2025-11-13 12:42:31] [CFG] SET_FULL_MODE=1
[2025-11-13 12:42:31] [CFG] SET_PROFILE= 0
[2025-11-13 12:42:32] [CFG] SET_CHMODE= 2
[2025-11-13 12:42:32] [CFG] SET_ASYNC_MODE=1
[2025-11-13 12:42:32] [CFG] SET_BLOCK_HZ= 300
[2025-11-13 12:42:32] [RUN] START stream (bulk + ctrl fallback + GET_STATUS)
[2025-11-13 12:42:32] [RUN] START ctrl duplicate sent
[2025-11-13 12:42:32] [WARN] GET_STATUS after START failed: [Errno 32] Pipe error
[2025-11-13 12:45:44] [START] gui_oscilloscope.py C:\Users\TEST\AppData\Local\Programs\Python\Python312\python.exe 3.12.3 args: {'ns': 0, 'profile': 0, 'pairs': 400, 'single': False, 'no_reset_first': False, 'watchdog': False, 'wdg_idle_sec': 2.5, 'wdg_timeouts': 8, 'log': 'C:\\Users\\TEST\\Documents\\Work\\BMI20\\STM32\\BMI30.stm32h7\\HostTools\\gui_oscilloscope.log', 'status_log_interval': 10.0, 'pkt_log_interval': 0.0}
[2025-11-13 12:45:44] [INIT] reset_device_and_reopen(no_reset= False )
[2025-11-13 12:45:45] [USB] Using altsetting=1 (endpoints OK)
[2025-11-13 12:45:52] [USB] Using altsetting=1 (endpoints OK)
[2025-11-13 12:45:52] [INIT] device opened
[2025-11-13 12:45:52] [CFG] SET_FULL_MODE=1
[2025-11-13 12:45:52] [CFG] SET_PROFILE= 0
[2025-11-13 12:45:53] [CFG] SET_CHMODE= 2
[2025-11-13 12:45:53] [CFG] SET_ASYNC_MODE=1
[2025-11-13 12:45:53] [CFG] SET_BLOCK_HZ= 300
[2025-11-13 12:45:53] [RUN] START stream (bulk + ctrl fallback + GET_STATUS)
[2025-11-13 12:45:53] [RUN] START ctrl duplicate sent
[2025-11-13 12:45:53] [WARN] GET_STATUS after START failed: [Errno 32] Pipe error
[2025-11-13 12:58:06] [START] gui_oscilloscope.py C:\Users\TEST\AppData\Local\Programs\Python\Python312\python.exe 3.12.3 args: {'ns': 0, 'profile': 0, 'pairs': 400, 'single': False, 'no_reset_first': False, 'watchdog': False, 'wdg_idle_sec': 2.5, 'wdg_timeouts': 8, 'log': 'C:\\Users\\TEST\\Documents\\Work\\BMI20\\STM32\\BMI30.stm32h7\\HostTools\\gui_oscilloscope.log', 'status_log_interval': 10.0, 'pkt_log_interval': 0.0}
[2025-11-13 12:58:06] [INIT] reset_device_and_reopen(no_reset= False )
[2025-11-13 12:58:06] [USB] Using altsetting=1 (endpoints OK)
[2025-11-13 12:58:16] [USB] Using altsetting=1 (endpoints OK)
[2025-11-13 12:58:16] [INIT] device opened
[2025-11-13 12:58:16] [CFG] SET_FULL_MODE=1
[2025-11-13 12:58:16] [CFG] SET_PROFILE= 0
[2025-11-13 12:58:17] [CFG] SET_CHMODE= 2
[2025-11-13 12:58:17] [CFG] SET_ASYNC_MODE=1
[2025-11-13 12:58:17] [CFG] SET_BLOCK_HZ= 300
[2025-11-13 12:58:17] [RUN] START stream (bulk + ctrl fallback + GET_STATUS)
[2025-11-13 12:58:17] [RUN] START ctrl duplicate sent
[2025-11-13 12:58:17] [WARN] GET_STATUS after START failed: [Errno 32] Pipe error
[2025-11-13 12:58:43] [START] gui_oscilloscope.py C:\Users\TEST\AppData\Local\Programs\Python\Python312\python.exe 3.12.3 args: {'ns': 0, 'profile': 0, 'pairs': 400, 'single': False, 'no_reset_first': False, 'watchdog': False, 'wdg_idle_sec': 2.5, 'wdg_timeouts': 8, 'log': 'C:\\Users\\TEST\\Documents\\Work\\BMI20\\STM32\\BMI30.stm32h7\\HostTools\\gui_oscilloscope.log', 'status_log_interval': 10.0, 'pkt_log_interval': 0.0}
[2025-11-13 12:58:44] [INIT] reset_device_and_reopen(no_reset= False )
[2025-11-13 12:58:44] [USB] Using altsetting=1 (endpoints OK)
[2025-11-13 13:00:08] [START] gui_oscilloscope.py C:\Users\TEST\AppData\Local\Programs\Python\Python312\python.exe 3.12.3 args: {'ns': 0, 'profile': 0, 'pairs': 400, 'single': False, 'no_reset_first': False, 'watchdog': False, 'wdg_idle_sec': 2.5, 'wdg_timeouts': 8, 'log': 'C:\\Users\\TEST\\Documents\\Work\\BMI20\\STM32\\BMI30.stm32h7\\HostTools\\gui_oscilloscope.log', 'status_log_interval': 10.0, 'pkt_log_interval': 0.0}
[2025-11-13 13:00:08] [INIT] reset_device_and_reopen(no_reset= False )
[2025-11-13 13:00:08] [USB] Using altsetting=1 (endpoints OK)
[2025-11-13 13:00:16] [USB] Using altsetting=1 (endpoints OK)
[2025-11-13 13:00:16] [INIT] device opened
[2025-11-13 13:00:16] [CFG] SET_FULL_MODE=1
[2025-11-13 13:00:16] [CFG] SET_PROFILE= 0
[2025-11-13 13:00:16] [CFG] SET_CHMODE= 2
[2025-11-13 13:00:16] [CFG] SET_ASYNC_MODE=1
[2025-11-13 13:00:16] [CFG] SET_BLOCK_HZ= 300
[2025-11-13 13:00:16] [RUN] START stream (bulk + ctrl fallback + GET_STATUS)
[2025-11-13 13:00:17] [RUN] START ctrl duplicate sent
[2025-11-13 13:00:17] [WARN] GET_STATUS after START failed: [Errno 32] Pipe error
[2025-11-13 13:00:26] [DIAG] GET_STATUS queued via BULK (idle/timeout detected)
[2025-11-13 13:00:27] [DIAG] GET_STATUS queued via BULK (idle/timeout detected)
[2025-11-13 13:00:29] [DIAG] GET_STATUS queued via BULK (idle/timeout detected)
[2025-11-13 13:00:30] [DIAG] GET_STATUS queued via BULK (idle/timeout detected)
[2025-11-13 13:00:32] [DIAG] GET_STATUS queued via BULK (idle/timeout detected)
[2025-11-13 13:00:33] [DIAG] GET_STATUS queued via BULK (idle/timeout detected)
[2025-11-13 13:00:35] [DIAG] GET_STATUS queued via BULK (idle/timeout detected)
[2025-11-13 13:00:36] [DIAG] GET_STATUS queued via BULK (idle/timeout detected)
[2025-11-13 13:00:38] [DIAG] GET_STATUS queued via BULK (idle/timeout detected)
[2025-11-13 13:00:39] [DIAG] GET_STATUS queued via BULK (idle/timeout detected)
[2025-11-13 13:00:41] [DIAG] GET_STATUS queued via BULK (idle/timeout detected)
[2025-11-13 13:00:42] [DIAG] GET_STATUS queued via BULK (idle/timeout detected)
[2025-11-13 13:00:44] [DIAG] GET_STATUS queued via BULK (idle/timeout detected)
[2025-11-13 13:00:45] [DIAG] GET_STATUS queued via BULK (idle/timeout detected)
[2025-11-13 13:01:37] [START] gui_oscilloscope.py C:\Users\TEST\AppData\Local\Programs\Python\Python312\python.exe 3.12.3 args: {'ns': 0, 'profile': 0, 'pairs': 400, 'single': False, 'no_reset_first': False, 'watchdog': False, 'wdg_idle_sec': 2.5, 'wdg_timeouts': 8, 'log': 'C:\\Users\\TEST\\Documents\\Work\\BMI20\\STM32\\BMI30.stm32h7\\HostTools\\gui_oscilloscope.log', 'status_log_interval': 10.0, 'pkt_log_interval': 0.0}
[2025-11-13 13:01:38] [INIT] reset_device_and_reopen(no_reset= False )
[2025-11-13 13:01:38] [USB] Using altsetting=1 (endpoints OK)
[2025-11-13 13:01:45] [USB] Using altsetting=1 (endpoints OK)
[2025-11-13 13:01:45] [INIT] device opened
[2025-11-13 13:01:45] [CFG] SET_FULL_MODE=1
[2025-11-13 13:01:45] [CFG] SET_PROFILE= 0
[2025-11-13 13:01:45] [CFG] SET_CHMODE= 2
[2025-11-13 13:01:45] [CFG] SET_ASYNC_MODE=1
[2025-11-13 13:01:45] [CFG] SET_BLOCK_HZ= 300
[2025-11-13 13:01:46] [RUN] START stream (bulk + ctrl fallback + GET_STATUS)
[2025-11-13 13:01:46] [RUN] START ctrl duplicate sent
[2025-11-13 13:01:46] [WARN] GET_STATUS after START failed: [Errno 32] Pipe error
[2025-11-13 13:01:59] [DIAG] GET_STATUS requested via CTRL (idle/timeout)
[2025-11-13 13:02:01] [DIAG] GET_STATUS requested via CTRL (idle/timeout)
[2025-11-13 13:02:02] [DIAG] GET_STATUS requested via CTRL (idle/timeout)
[2025-11-13 13:02:04] [DIAG] GET_STATUS requested via CTRL (idle/timeout)
[2025-11-13 13:02:05] [DIAG] GET_STATUS requested via CTRL (idle/timeout)
[2025-11-13 13:02:07] [DIAG] GET_STATUS requested via CTRL (idle/timeout)
[2025-11-13 13:02:08] [DIAG] GET_STATUS requested via CTRL (idle/timeout)
[2025-11-13 13:02:10] [DIAG] GET_STATUS requested via CTRL (idle/timeout)
[2025-11-13 13:02:11] [DIAG] GET_STATUS requested via CTRL (idle/timeout)
[2025-11-13 13:02:13] [DIAG] GET_STATUS requested via CTRL (idle/timeout)
[2025-11-13 13:02:14] [DIAG] GET_STATUS requested via CTRL (idle/timeout)
[2025-11-13 13:02:16] [DIAG] GET_STATUS requested via CTRL (idle/timeout)
[2025-11-13 13:02:17] [DIAG] GET_STATUS requested via CTRL (idle/timeout)
[2025-11-13 13:02:19] [DIAG] GET_STATUS requested via CTRL (idle/timeout)
[2025-11-13 13:02:20] [DIAG] GET_STATUS requested via CTRL (idle/timeout)
[2025-11-13 13:02:22] [DIAG] GET_STATUS requested via CTRL (idle/timeout)
[2025-11-13 13:02:23] [DIAG] GET_STATUS requested via CTRL (idle/timeout)
[2025-11-13 13:02:25] [DIAG] GET_STATUS requested via CTRL (idle/timeout)
[2025-11-13 13:02:26] [DIAG] GET_STATUS requested via CTRL (idle/timeout)
[2025-11-13 13:02:28] [DIAG] GET_STATUS requested via CTRL (idle/timeout)
[2025-11-13 13:02:29] [DIAG] GET_STATUS requested via CTRL (idle/timeout)
[2025-11-13 13:02:31] [DIAG] GET_STATUS requested via CTRL (idle/timeout)
[2025-11-13 13:02:32] [DIAG] GET_STATUS requested via CTRL (idle/timeout)
[2025-11-13 13:02:34] [DIAG] GET_STATUS requested via CTRL (idle/timeout)
[2025-11-13 13:02:35] [DIAG] GET_STATUS requested via CTRL (idle/timeout)
[2025-11-13 13:02:37] [DIAG] GET_STATUS requested via CTRL (idle/timeout)
[2025-11-13 13:02:38] [DIAG] GET_STATUS requested via CTRL (idle/timeout)
[2025-11-13 13:02:40] [DIAG] GET_STATUS requested via CTRL (idle/timeout)
[2025-11-13 13:02:41] [DIAG] GET_STATUS requested via CTRL (idle/timeout)
[2025-11-13 13:02:43] [DIAG] GET_STATUS requested via CTRL (idle/timeout)
[2025-11-13 13:02:44] [DIAG] GET_STATUS requested via CTRL (idle/timeout)
[2025-11-13 13:02:46] [DIAG] GET_STATUS requested via CTRL (idle/timeout)
[2025-11-13 13:02:47] [DIAG] GET_STATUS requested via CTRL (idle/timeout)
[2025-11-13 13:02:49] [DIAG] GET_STATUS requested via CTRL (idle/timeout)
[2025-11-13 13:02:50] [DIAG] GET_STATUS requested via CTRL (idle/timeout)
[2025-11-13 13:02:52] [DIAG] GET_STATUS requested via CTRL (idle/timeout)
[2025-11-13 13:02:53] [DIAG] GET_STATUS requested via CTRL (idle/timeout)
[2025-11-13 13:02:55] [DIAG] GET_STATUS requested via CTRL (idle/timeout)
[2025-11-13 13:02:56] [DIAG] GET_STATUS requested via CTRL (idle/timeout)
[2025-11-13 13:02:58] [DIAG] GET_STATUS requested via CTRL (idle/timeout)
[2025-11-13 13:02:59] [DIAG] GET_STATUS requested via CTRL (idle/timeout)
[2025-11-13 13:03:01] [DIAG] GET_STATUS requested via CTRL (idle/timeout)
[2025-11-13 13:03:02] [DIAG] GET_STATUS requested via CTRL (idle/timeout)
[2025-11-13 13:03:04] [DIAG] GET_STATUS requested via CTRL (idle/timeout)
[2025-11-13 13:03:05] [DIAG] GET_STATUS requested via CTRL (idle/timeout)
[2025-11-13 13:03:07] [DIAG] GET_STATUS requested via CTRL (idle/timeout)
[2025-11-13 13:03:08] [DIAG] GET_STATUS requested via CTRL (idle/timeout)
[2025-11-13 13:03:10] [DIAG] GET_STATUS requested via CTRL (idle/timeout)
[2025-11-13 13:03:11] [DIAG] GET_STATUS requested via CTRL (idle/timeout)
[2025-11-13 13:03:13] [DIAG] GET_STATUS requested via CTRL (idle/timeout)
[2025-11-13 13:03:14] [DIAG] GET_STATUS requested via CTRL (idle/timeout)
[2025-11-13 13:03:16] [DIAG] GET_STATUS requested via CTRL (idle/timeout)
[2025-11-13 13:03:17] [DIAG] GET_STATUS requested via CTRL (idle/timeout)
[2025-11-13 13:03:19] [DIAG] GET_STATUS requested via CTRL (idle/timeout)
[2025-11-13 13:03:20] [DIAG] GET_STATUS requested via CTRL (idle/timeout)
[2025-11-13 13:03:22] [DIAG] GET_STATUS requested via CTRL (idle/timeout)
[2025-11-13 13:03:23] [DIAG] GET_STATUS requested via CTRL (idle/timeout)
[2025-11-13 13:03:25] [DIAG] GET_STATUS requested via CTRL (idle/timeout)
[2025-11-13 13:03:26] [DIAG] GET_STATUS requested via CTRL (idle/timeout)
[2025-11-13 13:03:28] [DIAG] GET_STATUS requested via CTRL (idle/timeout)
[2025-11-13 13:03:29] [DIAG] GET_STATUS requested via CTRL (idle/timeout)
[2025-11-13 13:03:31] [DIAG] GET_STATUS requested via CTRL (idle/timeout)
[2025-11-13 13:03:32] [DIAG] GET_STATUS requested via CTRL (idle/timeout)
[2025-11-13 13:03:34] [DIAG] GET_STATUS requested via CTRL (idle/timeout)
[2025-11-13 13:03:35] [DIAG] GET_STATUS requested via CTRL (idle/timeout)
[2025-11-13 13:03:37] [DIAG] GET_STATUS requested via CTRL (idle/timeout)
[2025-11-13 13:03:38] [DIAG] GET_STATUS requested via CTRL (idle/timeout)
[2025-11-13 13:03:40] [DIAG] GET_STATUS requested via CTRL (idle/timeout)
[2025-11-13 13:03:41] [DIAG] GET_STATUS requested via CTRL (idle/timeout)
[2025-11-13 13:03:43] [DIAG] GET_STATUS requested via CTRL (idle/timeout)
[2025-11-13 13:03:44] [DIAG] GET_STATUS requested via CTRL (idle/timeout)
[2025-11-13 13:03:46] [DIAG] GET_STATUS requested via CTRL (idle/timeout)
[2025-11-13 13:03:47] [DIAG] GET_STATUS requested via CTRL (idle/timeout)
[2025-11-13 13:03:49] [DIAG] GET_STATUS requested via CTRL (idle/timeout)
[2025-11-13 13:03:50] [DIAG] GET_STATUS requested via CTRL (idle/timeout)
[2025-11-13 13:03:52] [DIAG] GET_STATUS requested via CTRL (idle/timeout)
[2025-11-13 13:03:53] [DIAG] GET_STATUS requested via CTRL (idle/timeout)
[2025-11-13 13:03:55] [DIAG] GET_STATUS requested via CTRL (idle/timeout)
[2025-11-13 13:03:56] [DIAG] GET_STATUS requested via CTRL (idle/timeout)
[2025-11-13 13:03:58] [DIAG] GET_STATUS requested via CTRL (idle/timeout)
[2025-11-13 13:03:59] [DIAG] GET_STATUS requested via CTRL (idle/timeout)
[2025-11-13 13:04:01] [DIAG] GET_STATUS requested via CTRL (idle/timeout)
[2025-11-13 13:04:02] [DIAG] GET_STATUS requested via CTRL (idle/timeout)
[2025-11-13 13:04:04] [DIAG] GET_STATUS requested via CTRL (idle/timeout)
[2025-11-13 13:04:05] [DIAG] GET_STATUS requested via CTRL (idle/timeout)
[2025-11-13 13:04:07] [DIAG] GET_STATUS requested via CTRL (idle/timeout)
[2025-11-13 13:04:08] [DIAG] GET_STATUS requested via CTRL (idle/timeout)
[2025-11-13 13:04:10] [DIAG] GET_STATUS requested via CTRL (idle/timeout)
[2025-11-13 13:04:11] [DIAG] GET_STATUS requested via CTRL (idle/timeout)
[2025-11-13 13:04:13] [DIAG] GET_STATUS requested via CTRL (idle/timeout)
[2025-11-13 13:04:14] [DIAG] GET_STATUS requested via CTRL (idle/timeout)
[2025-11-13 13:04:16] [DIAG] GET_STATUS requested via CTRL (idle/timeout)
[2025-11-13 13:04:17] [DIAG] GET_STATUS requested via CTRL (idle/timeout)
[2025-11-13 13:04:19] [DIAG] GET_STATUS requested via CTRL (idle/timeout)
[2025-11-13 13:04:20] [DIAG] GET_STATUS requested via CTRL (idle/timeout)
[2025-11-13 13:04:22] [DIAG] GET_STATUS requested via CTRL (idle/timeout)
[2025-11-13 13:04:23] [DIAG] GET_STATUS requested via CTRL (idle/timeout)
[2025-11-13 13:04:25] [DIAG] GET_STATUS requested via CTRL (idle/timeout)
[2025-11-13 13:04:26] [DIAG] GET_STATUS requested via CTRL (idle/timeout)
[2025-11-13 13:04:28] [DIAG] GET_STATUS requested via CTRL (idle/timeout)
[2025-11-13 13:04:29] [DIAG] GET_STATUS requested via CTRL (idle/timeout)
[2025-11-13 13:04:31] [DIAG] GET_STATUS requested via CTRL (idle/timeout)
[2025-11-13 13:04:32] [DIAG] GET_STATUS requested via CTRL (idle/timeout)
[2025-11-13 13:04:34] [DIAG] GET_STATUS requested via CTRL (idle/timeout)
[2025-11-13 13:04:35] [DIAG] GET_STATUS requested via CTRL (idle/timeout)
[2025-11-13 13:04:37] [DIAG] GET_STATUS requested via CTRL (idle/timeout)
[2025-11-13 13:04:38] [DIAG] GET_STATUS requested via CTRL (idle/timeout)
[2025-11-13 13:04:40] [DIAG] GET_STATUS requested via CTRL (idle/timeout)
[2025-11-13 13:04:41] [DIAG] GET_STATUS requested via CTRL (idle/timeout)
[2025-11-13 13:04:43] [DIAG] GET_STATUS requested via CTRL (idle/timeout)
[2025-11-13 13:04:44] [DIAG] GET_STATUS requested via CTRL (idle/timeout)
[2025-11-13 13:04:46] [DIAG] GET_STATUS requested via CTRL (idle/timeout)
[2025-11-13 13:04:47] [DIAG] GET_STATUS requested via CTRL (idle/timeout)
[2025-11-13 13:04:49] [DIAG] GET_STATUS requested via CTRL (idle/timeout)
[2025-11-13 13:04:50] [DIAG] GET_STATUS requested via CTRL (idle/timeout)
[2025-11-13 13:04:52] [DIAG] GET_STATUS requested via CTRL (idle/timeout)
[2025-11-13 13:04:53] [DIAG] GET_STATUS requested via CTRL (idle/timeout)
[2025-11-13 13:04:55] [DIAG] GET_STATUS requested via CTRL (idle/timeout)
[2025-11-13 13:04:56] [DIAG] GET_STATUS requested via CTRL (idle/timeout)
[2025-11-13 13:04:58] [DIAG] GET_STATUS requested via CTRL (idle/timeout)
[2025-11-13 13:04:59] [DIAG] GET_STATUS requested via CTRL (idle/timeout)
[2025-11-13 13:05:01] [DIAG] GET_STATUS requested via CTRL (idle/timeout)
[2025-11-13 13:05:02] [DIAG] GET_STATUS requested via CTRL (idle/timeout)
[2025-11-13 13:05:04] [DIAG] GET_STATUS requested via CTRL (idle/timeout)
[2025-11-13 13:05:05] [DIAG] GET_STATUS requested via CTRL (idle/timeout)
[2025-11-13 13:05:07] [DIAG] GET_STATUS requested via CTRL (idle/timeout)
[2025-11-13 13:05:08] [DIAG] GET_STATUS requested via CTRL (idle/timeout)
[2025-11-13 13:05:10] [DIAG] GET_STATUS requested via CTRL (idle/timeout)
[2025-11-13 13:05:11] [DIAG] GET_STATUS requested via CTRL (idle/timeout)
[2025-11-13 13:05:13] [DIAG] GET_STATUS requested via CTRL (idle/timeout)
[2025-11-13 13:05:14] [DIAG] GET_STATUS requested via CTRL (idle/timeout)
[2025-11-13 13:05:16] [DIAG] GET_STATUS requested via CTRL (idle/timeout)
[2025-11-13 13:05:17] [DIAG] GET_STATUS requested via CTRL (idle/timeout)
[2025-11-13 13:05:19] [DIAG] GET_STATUS requested via CTRL (idle/timeout)
[2025-11-13 13:05:39] [START] gui_oscilloscope.py C:\Users\TEST\AppData\Local\Programs\Python\Python312\python.exe 3.12.3 args: {'ns': 0, 'profile': 0, 'pairs': 400, 'single': False, 'no_reset_first': False, 'watchdog': False, 'wdg_idle_sec': 2.5, 'wdg_timeouts': 8, 'log': 'C:\\Users\\TEST\\Documents\\Work\\BMI20\\STM32\\BMI30.stm32h7\\HostTools\\gui_oscilloscope.log', 'status_log_interval': 10.0, 'pkt_log_interval': 0.0}
[2025-11-13 13:05:40] [INIT] reset_device_and_reopen(no_reset= False )
[2025-11-13 13:05:40] [USB] Using altsetting=1 (endpoints OK)
[2025-11-13 13:05:47] [USB] Using altsetting=1 (endpoints OK)
[2025-11-13 13:05:47] [INIT] device opened
[2025-11-13 13:05:47] [CFG] SET_FULL_MODE=1
[2025-11-13 13:05:47] [CFG] SET_PROFILE= 0
[2025-11-13 13:05:47] [CFG] SET_CHMODE= 2
[2025-11-13 13:05:47] [CFG] SET_ASYNC_MODE=1
[2025-11-13 13:05:47] [CFG] SET_BLOCK_HZ= 300
[2025-11-13 13:05:48] [RUN] START stream (bulk + ctrl fallback + GET_STATUS)
[2025-11-13 13:05:48] [RUN] START ctrl duplicate sent
[2025-11-13 13:05:48] [WARN] GET_STATUS after START failed: [Errno 32] Pipe error
[2025-11-13 13:05:52] [DIAG] GET_STATUS requested via CTRL (idle/timeout)
[2025-11-13 13:05:54] [DIAG] GET_STATUS requested via CTRL (idle/timeout)
[2025-11-13 13:05:55] [DIAG] GET_STATUS requested via CTRL (idle/timeout)
[2025-11-13 13:05:57] [DIAG] GET_STATUS requested via CTRL (idle/timeout)
[2025-11-13 13:05:58] [DIAG] GET_STATUS requested via CTRL (idle/timeout)
[2025-11-13 13:06:00] [DIAG] GET_STATUS requested via CTRL (idle/timeout)
[2025-11-13 13:06:01] [DIAG] GET_STATUS requested via CTRL (idle/timeout)
[2025-11-13 13:06:03] [DIAG] GET_STATUS requested via CTRL (idle/timeout)
[2025-11-13 13:06:04] [DIAG] GET_STATUS requested via CTRL (idle/timeout)
[2025-11-13 13:06:06] [DIAG] GET_STATUS requested via CTRL (idle/timeout)
[2025-11-13 13:06:07] [DIAG] GET_STATUS requested via CTRL (idle/timeout)
[2025-11-13 13:06:09] [DIAG] GET_STATUS requested via CTRL (idle/timeout)
[2025-11-13 13:06:10] [DIAG] GET_STATUS requested via CTRL (idle/timeout)
[2025-11-13 13:06:12] [DIAG] GET_STATUS requested via CTRL (idle/timeout)
[2025-11-13 13:07:01] [START] gui_oscilloscope.py C:\Users\TEST\AppData\Local\Programs\Python\Python312\python.exe 3.12.3 args: {'ns': 0, 'profile': 0, 'pairs': 400, 'single': False, 'no_reset_first': False, 'watchdog': False, 'wdg_idle_sec': 2.5, 'wdg_timeouts': 8, 'log': 'C:\\Users\\TEST\\Documents\\Work\\BMI20\\STM32\\BMI30.stm32h7\\HostTools\\gui_oscilloscope.log', 'status_log_interval': 10.0, 'pkt_log_interval': 0.0}
[2025-11-13 13:07:02] [INIT] reset_device_and_reopen(no_reset= False )
[2025-11-13 13:07:02] [USB] Using altsetting=1 (endpoints OK)
[2025-11-13 13:07:09] [USB] Using altsetting=1 (endpoints OK)
[2025-11-13 13:07:09] [INIT] device opened
[2025-11-13 13:07:09] [CFG] SET_FULL_MODE=1
[2025-11-13 13:07:09] [CFG] SET_PROFILE= 0
[2025-11-13 13:07:10] [CFG] SET_CHMODE= 2
[2025-11-13 13:07:10] [CFG] SET_ASYNC_MODE=1
[2025-11-13 13:07:10] [CFG] SET_BLOCK_HZ= 300
[2025-11-13 13:07:10] [RUN] START stream (bulk + ctrl fallback + GET_STATUS)
[2025-11-13 13:07:10] [RUN] START ctrl duplicate sent
[2025-11-13 13:07:10] [WARN] GET_STATUS after START failed: [Errno 32] Pipe error
[2025-11-13 13:07:11] [DIAG] GET_STATUS requested via CTRL (idle/timeout)
[2025-11-13 13:07:13] [DIAG] GET_STATUS requested via CTRL (idle/timeout)
[2025-11-13 13:07:14] [DIAG] GET_STATUS requested via CTRL (idle/timeout)
[2025-11-13 13:07:16] [DIAG] GET_STATUS requested via CTRL (idle/timeout)
[2025-11-13 13:07:17] [DIAG] GET_STATUS requested via CTRL (idle/timeout)
[2025-11-13 13:07:19] [DIAG] GET_STATUS requested via CTRL (idle/timeout)
[2025-11-13 13:07:20] [DIAG] GET_STATUS requested via CTRL (idle/timeout)
[2025-11-13 13:07:33] [START] gui_oscilloscope.py C:\Users\TEST\AppData\Local\Programs\Python\Python312\python.exe 3.12.3 args: {'ns': 0, 'profile': 0, 'pairs': 400, 'single': False, 'no_reset_first': False, 'watchdog': False, 'wdg_idle_sec': 2.5, 'wdg_timeouts': 8, 'log': 'C:\\Users\\TEST\\Documents\\Work\\BMI20\\STM32\\BMI30.stm32h7\\HostTools\\gui_oscilloscope.log', 'status_log_interval': 10.0, 'pkt_log_interval': 0.0}
[2025-11-13 13:07:33] [INIT] reset_device_and_reopen(no_reset= False )
[2025-11-13 13:07:33] [USB] Using altsetting=1 (endpoints OK)
[2025-11-13 13:07:41] [USB] Using altsetting=1 (endpoints OK)
[2025-11-13 13:07:41] [INIT] device opened
[2025-11-13 13:07:41] [CFG] SET_FULL_MODE=1
[2025-11-13 13:07:41] [CFG] SET_PROFILE= 0
[2025-11-13 13:07:41] [CFG] SET_CHMODE= 2
[2025-11-13 13:07:41] [CFG] SET_ASYNC_MODE=1
[2025-11-13 13:07:41] [CFG] SET_BLOCK_HZ= 300
[2025-11-13 13:07:41] [RUN] START stream (bulk + ctrl fallback + GET_STATUS)
[2025-11-13 13:07:42] [RUN] START ctrl duplicate sent
[2025-11-13 13:07:42] [WARN] GET_STATUS after START failed: [Errno 32] Pipe error
[2025-11-13 13:08:06] [DIAG] GET_STATUS requested via CTRL (idle/timeout)
[2025-11-13 13:08:07] [DIAG] GET_STATUS requested via CTRL (idle/timeout)
[2025-11-13 13:08:09] [DIAG] GET_STATUS requested via CTRL (idle/timeout)
[2025-11-13 13:08:10] [DIAG] GET_STATUS requested via CTRL (idle/timeout)
[2025-11-13 13:08:12] [DIAG] GET_STATUS requested via CTRL (idle/timeout)
[2025-11-13 13:08:13] [DIAG] GET_STATUS requested via CTRL (idle/timeout)
[2025-11-13 13:08:15] [DIAG] GET_STATUS requested via CTRL (idle/timeout)
[2025-11-13 13:08:16] [DIAG] GET_STATUS requested via CTRL (idle/timeout)
[2025-11-13 13:08:18] [DIAG] GET_STATUS requested via CTRL (idle/timeout)
[2025-11-13 13:11:38] [START] gui_oscilloscope.py C:\Users\TEST\AppData\Local\Programs\Python\Python312\python.exe 3.12.3 args: {'ns': 0, 'profile': 0, 'pairs': 400, 'single': False, 'no_reset_first': False, 'watchdog': False, 'wdg_idle_sec': 2.5, 'wdg_timeouts': 8, 'log': 'C:\\Users\\TEST\\Documents\\Work\\BMI20\\STM32\\BMI30.stm32h7\\HostTools\\gui_oscilloscope.log', 'status_log_interval': 10.0, 'pkt_log_interval': 0.0}
[2025-11-13 13:11:40] [INIT] reset_device_and_reopen(no_reset= False )
[2025-11-13 13:11:40] [USB] Using altsetting=1 (endpoints OK)
[2025-11-13 13:26:25] [START] gui_oscilloscope.py C:\Users\TEST\AppData\Local\Programs\Python\Python312\python.exe 3.12.3 args: {'ns': 0, 'profile': 0, 'pairs': 400, 'single': False, 'no_reset_first': False, 'watchdog': False, 'wdg_idle_sec': 2.5, 'wdg_timeouts': 8, 'log': 'C:\\Users\\TEST\\Documents\\Work\\BMI20\\STM32\\BMI30.stm32h7\\HostTools\\gui_oscilloscope.log', 'status_log_interval': 10.0, 'pkt_log_interval': 0.0}
[2025-11-13 13:26:26] [INIT] reset_device_and_reopen(no_reset= False )
[2025-11-13 13:26:26] [USB] Using altsetting=1 (endpoints OK)
[2025-11-13 13:26:33] [USB] Using altsetting=1 (endpoints OK)
[2025-11-13 13:26:33] [INIT] device opened
[2025-11-13 13:26:33] [CFG] SET_FULL_MODE=1
[2025-11-13 13:26:33] [CFG] SET_PROFILE= 0
[2025-11-13 13:26:34] [CFG] SET_CHMODE= 2
[2025-11-13 13:26:34] [CFG] SET_ASYNC_MODE=1
[2025-11-13 13:26:34] [CFG] SET_BLOCK_HZ= 300
[2025-11-13 13:26:34] [RUN] START stream (bulk + ctrl fallback + GET_STATUS)
[2025-11-13 13:26:34] [RUN] START ctrl duplicate sent
[2025-11-13 13:26:34] [WARN] GET_STATUS after START failed: [Errno 32] Pipe error
[2025-11-13 13:26:37] [DIAG] GET_STATUS queued via BULK (idle/timeout)
[2025-11-13 13:26:38] [DIAG] GET_STATUS queued via BULK (idle/timeout)
[2025-11-13 13:26:40] [DIAG] GET_STATUS queued via BULK (idle/timeout)
[2025-11-13 13:26:41] [DIAG] GET_STATUS queued via BULK (idle/timeout)
[2025-11-13 13:26:43] [DIAG] GET_STATUS queued via BULK (idle/timeout)
[2025-11-13 13:26:45] [DIAG] GET_STATUS queued via BULK (idle/timeout)
[2025-11-13 13:26:46] [DIAG] GET_STATUS queued via BULK (idle/timeout)
[2025-11-13 13:27:01] [START] gui_oscilloscope.py C:\Users\TEST\AppData\Local\Programs\Python\Python312\python.exe 3.12.3 args: {'ns': 0, 'profile': 0, 'pairs': 400, 'single': False, 'no_reset_first': False, 'watchdog': False, 'wdg_idle_sec': 2.5, 'wdg_timeouts': 8, 'log': 'C:\\Users\\TEST\\Documents\\Work\\BMI20\\STM32\\BMI30.stm32h7\\HostTools\\gui_oscilloscope.log', 'status_log_interval': 10.0, 'pkt_log_interval': 0.0}
[2025-11-13 13:27:01] [INIT] reset_device_and_reopen(no_reset= False )
[2025-11-13 13:27:01] [USB] Using altsetting=1 (endpoints OK)
[2025-11-13 13:27:09] [USB] Using altsetting=1 (endpoints OK)
[2025-11-13 13:27:09] [INIT] device opened
[2025-11-13 13:27:09] [CFG] SET_FULL_MODE=1
[2025-11-13 13:27:09] [CFG] SET_PROFILE= 0
[2025-11-13 13:27:09] [CFG] SET_CHMODE= 2
[2025-11-13 13:27:09] [CFG] SET_ASYNC_MODE=1
[2025-11-13 13:27:09] [CFG] SET_BLOCK_HZ= 300
[2025-11-13 13:27:09] [RUN] START stream (bulk + ctrl fallback + GET_STATUS)
[2025-11-13 13:27:10] [RUN] START ctrl duplicate sent
[2025-11-13 13:27:10] [WARN] GET_STATUS after START failed: [Errno 32] Pipe error
[2025-11-13 13:27:11] [DIAG] GET_STATUS queued via BULK (idle/timeout)
[2025-11-13 13:27:13] [DIAG] GET_STATUS queued via BULK (idle/timeout)
[2025-11-13 13:27:14] [DIAG] GET_STATUS queued via BULK (idle/timeout)
[2025-11-13 13:27:16] [DIAG] GET_STATUS queued via BULK (idle/timeout)
[2025-11-13 13:27:17] [DIAG] GET_STATUS queued via BULK (idle/timeout)
[2025-11-13 13:27:19] [DIAG] GET_STATUS queued via BULK (idle/timeout)
[2025-11-13 13:27:20] [DIAG] GET_STATUS queued via BULK (idle/timeout)
[2025-11-13 13:27:22] [DIAG] GET_STATUS queued via BULK (idle/timeout)
[2025-11-13 13:27:23] [DIAG] GET_STATUS queued via BULK (idle/timeout)
[2025-11-13 13:27:25] [DIAG] GET_STATUS queued via BULK (idle/timeout)
[2025-11-13 13:27:26] [DIAG] GET_STATUS queued via BULK (idle/timeout)
[2025-11-13 13:27:28] [DIAG] GET_STATUS queued via BULK (idle/timeout)
[2025-11-13 13:27:29] [DIAG] GET_STATUS queued via BULK (idle/timeout)
[2025-11-13 13:27:31] [DIAG] GET_STATUS queued via BULK (idle/timeout)
[2025-11-13 13:27:32] [DIAG] GET_STATUS queued via BULK (idle/timeout)
[2025-11-13 13:27:34] [DIAG] GET_STATUS queued via BULK (idle/timeout)
[2025-11-13 13:27:35] [DIAG] GET_STATUS queued via BULK (idle/timeout)
[2025-11-13 13:33:22] [START] gui_oscilloscope.py C:\Users\TEST\AppData\Local\Programs\Python\Python312\python.exe 3.12.3 args: {'ns': 0, 'profile': 0, 'pairs': 400, 'single': False, 'no_reset_first': False, 'watchdog': False, 'wdg_idle_sec': 2.5, 'wdg_timeouts': 8, 'log': 'C:\\Users\\TEST\\Documents\\Work\\BMI20\\STM32\\BMI30.stm32h7\\HostTools\\gui_oscilloscope.log', 'status_log_interval': 10.0, 'pkt_log_interval': 0.0}
[2025-11-13 13:33:23] [INIT] reset_device_and_reopen(no_reset= False )
[2025-11-13 13:33:23] [USB] Using altsetting=1 (endpoints OK)
[2025-11-13 13:33:30] [USB] Using altsetting=1 (endpoints OK)
[2025-11-13 13:33:30] [INIT] device opened
[2025-11-13 13:33:30] [CFG] SET_FULL_MODE=1
[2025-11-13 13:33:30] [CFG] SET_PROFILE= 0
[2025-11-13 13:33:31] [CFG] SET_CHMODE= 2
[2025-11-13 13:33:31] [CFG] SET_ASYNC_MODE=1
[2025-11-13 13:33:31] [CFG] SET_BLOCK_HZ= 300
[2025-11-13 13:33:31] [RUN] START stream (bulk + ctrl fallback + GET_STATUS)
[2025-11-13 13:33:31] [RUN] START ctrl duplicate sent
[2025-11-13 13:33:31] [WARN] GET_STATUS after START failed: [Errno 32] Pipe error
[2025-11-13 13:34:16] [DIAG] GET_STATUS queued via BULK (idle/timeout)
[2025-11-13 13:34:17] [DIAG] GET_STATUS queued via BULK (idle/timeout)
[2025-11-13 13:34:19] [DIAG] GET_STATUS queued via BULK (idle/timeout)
[2025-11-13 13:34:20] [DIAG] GET_STATUS queued via BULK (idle/timeout)
[2025-11-13 13:34:22] [DIAG] GET_STATUS queued via BULK (idle/timeout)
[2025-11-13 13:34:23] [DIAG] GET_STATUS queued via BULK (idle/timeout)
[2025-11-13 13:34:25] [DIAG] GET_STATUS queued via BULK (idle/timeout)
[2025-11-13 13:34:26] [DIAG] GET_STATUS queued via BULK (idle/timeout)
[2025-11-13 13:34:28] [DIAG] GET_STATUS queued via BULK (idle/timeout)
[2025-11-13 13:34:29] [DIAG] GET_STATUS queued via BULK (idle/timeout)
[2025-11-13 13:34:31] [DIAG] GET_STATUS queued via BULK (idle/timeout)
[2025-11-13 13:34:32] [DIAG] GET_STATUS queued via BULK (idle/timeout)
[2025-11-13 13:34:34] [DIAG] GET_STATUS queued via BULK (idle/timeout)
[2025-11-13 13:48:22] [START] gui_oscilloscope.py C:\Users\TEST\AppData\Local\Programs\Python\Python312\python.exe 3.12.3 args: {'ns': 0, 'profile': 0, 'pairs': 400, 'single': False, 'no_reset_first': False, 'watchdog': False, 'wdg_idle_sec': 2.5, 'wdg_timeouts': 8, 'log': 'C:\\Users\\TEST\\Documents\\Work\\BMI20\\STM32\\BMI30.stm32h7\\HostTools\\gui_oscilloscope.log', 'status_log_interval': 10.0, 'pkt_log_interval': 0.0}
[2025-11-13 13:48:22] [INIT] reset_device_and_reopen(no_reset= False )
[2025-11-13 13:48:23] [USB] Using altsetting=1 (endpoints OK)
[2025-11-13 13:48:30] [USB] Using altsetting=1 (endpoints OK)
[2025-11-13 13:48:30] [INIT] device opened
[2025-11-13 13:48:30] [CFG] SET_FULL_MODE=1
[2025-11-13 13:48:30] [CFG] SET_PROFILE= 0
[2025-11-13 13:48:30] [CFG] SET_CHMODE= 2
[2025-11-13 13:48:30] [CFG] SET_ASYNC_MODE=1
[2025-11-13 13:48:30] [CFG] SET_BLOCK_HZ= 300
[2025-11-13 13:48:30] [RUN] START stream (bulk + ctrl fallback + GET_STATUS)
[2025-11-13 13:48:31] [RUN] START ctrl duplicate sent
[2025-11-13 13:48:31] [WARN] GET_STATUS after START failed: [Errno 32] Pipe error
[2025-11-13 13:50:13] [DIAG] GET_STATUS queued via BULK (idle/timeout)
[2025-11-13 13:50:14] [DIAG] GET_STATUS queued via BULK (idle/timeout)
[2025-11-13 13:50:16] [DIAG] GET_STATUS queued via BULK (idle/timeout)
[2025-11-13 13:50:17] [DIAG] GET_STATUS queued via BULK (idle/timeout)
[2025-11-13 13:50:19] [DIAG] GET_STATUS queued via BULK (idle/timeout)
[2025-11-13 13:50:20] [DIAG] GET_STATUS queued via BULK (idle/timeout)
[2025-11-13 13:50:22] [DIAG] GET_STATUS queued via BULK (idle/timeout)
[2025-11-13 13:50:23] [DIAG] GET_STATUS queued via BULK (idle/timeout)
[2025-11-13 13:50:25] [DIAG] GET_STATUS queued via BULK (idle/timeout)
[2025-11-13 13:50:26] [DIAG] GET_STATUS queued via BULK (idle/timeout)
[2025-11-13 13:50:28] [DIAG] GET_STATUS queued via BULK (idle/timeout)
[2025-11-13 13:50:29] [DIAG] GET_STATUS queued via BULK (idle/timeout)
[2025-11-13 13:50:31] [DIAG] GET_STATUS queued via BULK (idle/timeout)
[2025-11-13 13:50:32] [DIAG] GET_STATUS queued via BULK (idle/timeout)
[2025-11-13 13:50:34] [DIAG] GET_STATUS queued via BULK (idle/timeout)
[2025-11-13 13:50:35] [DIAG] GET_STATUS queued via BULK (idle/timeout)
[2025-11-13 13:55:20] [START] gui_oscilloscope.py C:\Users\TEST\AppData\Local\Programs\Python\Python312\python.exe 3.12.3 args: {'ns': 0, 'profile': 0, 'pairs': 400, 'single': False, 'no_reset_first': False, 'watchdog': False, 'wdg_idle_sec': 2.5, 'wdg_timeouts': 8, 'log': 'C:\\Users\\TEST\\Documents\\Work\\BMI20\\STM32\\BMI30.stm32h7\\HostTools\\gui_oscilloscope.log', 'status_log_interval': 10.0, 'pkt_log_interval': 0.0}
[2025-11-13 13:55:21] [INIT] reset_device_and_reopen(no_reset= False )
[2025-11-13 13:55:21] [USB] Using altsetting=1 (endpoints OK)
[2025-11-13 13:55:29] [USB] Using altsetting=1 (endpoints OK)
[2025-11-13 13:55:29] [INIT] device opened
[2025-11-13 13:55:29] [CFG] SET_FULL_MODE=1
[2025-11-13 13:55:29] [CFG] SET_PROFILE= 0
[2025-11-13 13:55:29] [CFG] SET_CHMODE= 2
[2025-11-13 13:55:29] [CFG] SET_ASYNC_MODE=1
[2025-11-13 13:55:29] [CFG] SET_BLOCK_HZ= 300
[2025-11-13 13:55:29] [RUN] START stream (bulk + ctrl fallback + GET_STATUS)
[2025-11-13 13:55:29] [RUN] START ctrl duplicate sent
[2025-11-13 13:55:29] [WARN] GET_STATUS after START failed: [Errno 32] Pipe error
[2025-11-13 13:56:38] [START] gui_oscilloscope.py C:\Users\TEST\AppData\Local\Programs\Python\Python312\python.exe 3.12.3 args: {'ns': 0, 'profile': 0, 'pairs': 400, 'single': False, 'no_reset_first': False, 'watchdog': False, 'wdg_idle_sec': 2.5, 'wdg_timeouts': 8, 'log': 'C:\\Users\\TEST\\Documents\\Work\\BMI20\\STM32\\BMI30.stm32h7\\HostTools\\gui_oscilloscope.log', 'status_log_interval': 10.0, 'pkt_log_interval': 0.0}
[2025-11-13 13:56:39] [INIT] reset_device_and_reopen(no_reset= False )
[2025-11-13 13:56:39] [USB] Using altsetting=1 (endpoints OK)
[2025-11-13 13:56:47] [USB] Using altsetting=1 (endpoints OK)
[2025-11-13 13:56:47] [INIT] device opened
[2025-11-13 13:56:47] [CFG] SET_FULL_MODE=1
[2025-11-13 13:56:47] [CFG] SET_PROFILE= 0
[2025-11-13 13:56:47] [CFG] SET_CHMODE= 2
[2025-11-13 13:56:47] [CFG] SET_ASYNC_MODE=1
[2025-11-13 13:56:47] [CFG] SET_BLOCK_HZ= 300
[2025-11-13 13:56:47] [RUN] START stream (bulk + ctrl fallback + GET_STATUS)
[2025-11-13 13:56:47] [RUN] START ctrl duplicate sent
[2025-11-13 13:56:47] [WARN] GET_STATUS after START failed: [Errno 32] Pipe error
[2025-11-13 14:10:55] [START] gui_oscilloscope.py C:\Users\TEST\AppData\Local\Programs\Python\Python312\python.exe 3.12.3 args: {'ns': 0, 'profile': 0, 'pairs': 400, 'single': False, 'no_reset_first': False, 'watchdog': True, 'wdg_idle_sec': 2.5, 'wdg_timeouts': 8, 'log': 'c:\\Users\\TEST\\Documents\\Work\\BMI20\\STM32\\BMI30.stm32h7\\HostTools\\gui_oscilloscope.log', 'status_log_interval': 10.0, 'pkt_log_interval': 0.0}
[2025-11-13 14:10:55] [INIT] reset_device_and_reopen(no_reset= False )
[2025-11-13 14:10:56] [USB] Using altsetting=1 (endpoints OK)
[2025-11-13 14:11:03] [USB] Using altsetting=1 (endpoints OK)
[2025-11-13 14:11:03] [INIT] device opened
[2025-11-13 14:11:03] [CFG] SET_FULL_MODE=1
[2025-11-13 14:11:03] [CFG] SET_PROFILE= 0
[2025-11-13 14:11:03] [CFG] SET_CHMODE= 2
[2025-11-13 14:11:03] [CFG] SET_ASYNC_MODE=1
[2025-11-13 14:11:03] [CFG] SET_BLOCK_HZ= 300
[2025-11-13 14:11:03] [RUN] START stream (bulk + ctrl fallback + GET_STATUS)
[2025-11-13 14:11:03] [RUN] START ctrl duplicate sent
[2025-11-13 14:11:03] [WARN] GET_STATUS after START failed: [Errno 32] Pipe error
[2025-11-13 14:11:05] [DIAG] GET_STATUS queued via BULK (idle/timeout)
[2025-11-13 14:11:06] [DIAG] GET_STATUS queued via BULK (idle/timeout)
[2025-11-13 14:11:07] [WDG] Restart stream: idle_pair=2.8804314136505127 consec_timeouts=0
[2025-11-13 14:11:08] [DIAG] GET_STATUS queued via BULK (idle/timeout)
[2025-11-13 14:11:09] [DIAG] GET_STATUS queued via BULK (idle/timeout)
[2025-11-13 14:11:11] [DIAG] GET_STATUS queued via BULK (idle/timeout)
[2025-11-13 14:11:14] [DIAG] GET_STATUS queued via BULK (idle/timeout)
[2025-11-13 14:52:55] [START] gui_oscilloscope.py C:\Users\TEST\AppData\Local\Programs\Python\Python312\python.exe 3.12.3 args: {'ns': 0, 'profile': 0, 'pairs': 400, 'single': False, 'no_reset_first': False, 'watchdog': False, 'wdg_idle_sec': 2.5, 'wdg_timeouts': 8, 'log': 'C:\\Users\\TEST\\Documents\\Work\\BMI20\\STM32\\BMI30.stm32h7\\HostTools\\gui_oscilloscope.log', 'status_log_interval': 10.0, 'pkt_log_interval': 0.0}
[2025-11-13 14:52:57] [INIT] reset_device_and_reopen(no_reset= False )
[2025-11-13 14:52:58] [USB] Using altsetting=1 (endpoints OK)
[2025-11-13 14:53:05] [USB] Using altsetting=1 (endpoints OK)
[2025-11-13 14:53:05] [INIT] device opened
[2025-11-13 14:53:05] [CFG] SET_FULL_MODE=1
[2025-11-13 14:53:05] [CFG] SET_PROFILE= 0
[2025-11-13 14:53:05] [CFG] SET_CHMODE= 2
[2025-11-13 14:53:05] [CFG] SET_ASYNC_MODE=1
[2025-11-13 14:53:05] [CFG] SET_BLOCK_HZ= 300
[2025-11-13 14:53:06] [RUN] START stream (bulk + ctrl fallback + GET_STATUS)
[2025-11-13 14:53:06] [RUN] START ctrl duplicate sent
[2025-11-13 14:53:06] [WARN] GET_STATUS after START failed: [Errno 32] Pipe error
[2025-11-13 14:53:09] [DIAG] GET_STATUS queued via BULK (idle/timeout)
[2025-11-13 14:53:10] [DIAG] GET_STATUS queued via BULK (idle/timeout)
[2025-11-13 14:53:12] [DIAG] GET_STATUS queued via BULK (idle/timeout)
[2025-11-13 14:53:13] [DIAG] GET_STATUS queued via BULK (idle/timeout)
[2025-11-13 14:53:15] [DIAG] GET_STATUS queued via BULK (idle/timeout)
[2025-11-13 14:53:16] [DIAG] GET_STATUS queued via BULK (idle/timeout)
[2025-11-13 14:53:18] [DIAG] GET_STATUS queued via BULK (idle/timeout)
[2025-11-13 14:53:19] [DIAG] GET_STATUS queued via BULK (idle/timeout)
[2025-11-13 14:53:21] [DIAG] GET_STATUS queued via BULK (idle/timeout)
[2025-11-13 14:53:22] [DIAG] GET_STATUS queued via BULK (idle/timeout)
[2025-11-13 14:53:24] [DIAG] GET_STATUS queued via BULK (idle/timeout)
[2025-11-13 14:53:25] [DIAG] GET_STATUS queued via BULK (idle/timeout)
[2025-11-13 14:53:28] [DIAG] GET_STATUS queued via BULK (idle/timeout)
[2025-11-13 14:53:30] [DIAG] GET_STATUS queued via BULK (idle/timeout)
[2025-11-13 14:53:31] [DIAG] GET_STATUS queued via BULK (idle/timeout)
[2025-11-13 14:53:33] [DIAG] GET_STATUS queued via BULK (idle/timeout)
[2025-11-13 14:53:34] [DIAG] GET_STATUS queued via BULK (idle/timeout)
[2025-11-13 14:53:36] [DIAG] GET_STATUS queued via BULK (idle/timeout)
[2025-11-13 14:53:37] [DIAG] GET_STATUS queued via BULK (idle/timeout)
[2025-11-13 14:53:39] [DIAG] GET_STATUS queued via BULK (idle/timeout)
[2025-11-13 14:53:40] [DIAG] GET_STATUS queued via BULK (idle/timeout)
[2025-11-13 14:53:42] [DIAG] GET_STATUS queued via BULK (idle/timeout)
[2025-11-13 14:53:43] [DIAG] GET_STATUS queued via BULK (idle/timeout)
[2025-11-13 14:53:45] [DIAG] GET_STATUS queued via BULK (idle/timeout)
[2025-11-13 14:53:46] [DIAG] GET_STATUS queued via BULK (idle/timeout)
[2025-11-13 14:53:48] [DIAG] GET_STATUS queued via BULK (idle/timeout)
[2025-11-13 14:53:49] [DIAG] GET_STATUS queued via BULK (idle/timeout)
[2025-11-13 14:53:51] [DIAG] GET_STATUS queued via BULK (idle/timeout)
[2025-11-13 14:53:52] [DIAG] GET_STATUS queued via BULK (idle/timeout)
[2025-11-13 14:53:54] [DIAG] GET_STATUS queued via BULK (idle/timeout)
[2025-11-13 14:53:57] [DIAG] GET_STATUS queued via BULK (idle/timeout)
[2025-11-13 14:53:58] [DIAG] GET_STATUS queued via BULK (idle/timeout)
[2025-11-13 14:54:00] [DIAG] GET_STATUS queued via BULK (idle/timeout)
[2025-11-13 14:54:01] [DIAG] GET_STATUS queued via BULK (idle/timeout)
[2025-11-13 14:54:03] [DIAG] GET_STATUS queued via BULK (idle/timeout)
[2025-11-13 14:54:04] [DIAG] GET_STATUS queued via BULK (idle/timeout)
[2025-11-13 14:54:06] [DIAG] GET_STATUS queued via BULK (idle/timeout)
[2025-11-13 14:54:07] [DIAG] GET_STATUS queued via BULK (idle/timeout)
[2025-11-13 14:54:09] [DIAG] GET_STATUS queued via BULK (idle/timeout)
[2025-11-13 14:54:10] [DIAG] GET_STATUS queued via BULK (idle/timeout)
[2025-11-13 14:54:12] [DIAG] GET_STATUS queued via BULK (idle/timeout)
[2025-11-13 14:54:13] [DIAG] GET_STATUS queued via BULK (idle/timeout)
[2025-11-13 14:54:15] [DIAG] GET_STATUS queued via BULK (idle/timeout)
[2025-11-13 14:54:16] [DIAG] GET_STATUS queued via BULK (idle/timeout)
[2025-11-13 14:54:19] [DIAG] GET_STATUS queued via BULK (idle/timeout)
[2025-11-13 14:54:21] [DIAG] GET_STATUS queued via BULK (idle/timeout)
[2025-11-13 14:54:22] [DIAG] GET_STATUS queued via BULK (idle/timeout)
[2025-11-13 14:54:24] [DIAG] GET_STATUS queued via BULK (idle/timeout)
[2025-11-13 14:54:27] [DIAG] GET_STATUS queued via BULK (idle/timeout)
[2025-11-13 14:54:28] [DIAG] GET_STATUS queued via BULK (idle/timeout)
[2025-11-13 14:54:30] [DIAG] GET_STATUS queued via BULK (idle/timeout)
[2025-11-13 14:54:31] [DIAG] GET_STATUS queued via BULK (idle/timeout)
[2025-11-13 14:54:33] [DIAG] GET_STATUS queued via BULK (idle/timeout)
[2025-11-13 14:54:34] [DIAG] GET_STATUS queued via BULK (idle/timeout)
[2025-11-13 14:54:36] [DIAG] GET_STATUS queued via BULK (idle/timeout)
[2025-11-13 14:54:37] [DIAG] GET_STATUS queued via BULK (idle/timeout)
[2025-11-13 14:54:39] [DIAG] GET_STATUS queued via BULK (idle/timeout)
[2025-11-13 14:54:40] [DIAG] GET_STATUS queued via BULK (idle/timeout)
[2025-11-13 14:54:42] [DIAG] GET_STATUS queued via BULK (idle/timeout)
[2025-11-13 14:54:43] [DIAG] GET_STATUS queued via BULK (idle/timeout)
[2025-11-13 14:54:45] [DIAG] GET_STATUS queued via BULK (idle/timeout)
[2025-11-13 14:54:46] [DIAG] GET_STATUS queued via BULK (idle/timeout)
[2025-11-13 14:54:48] [DIAG] GET_STATUS queued via BULK (idle/timeout)
[2025-11-13 14:54:49] [DIAG] GET_STATUS queued via BULK (idle/timeout)
[2025-11-13 14:54:51] [DIAG] GET_STATUS queued via BULK (idle/timeout)
[2025-11-13 14:54:52] [DIAG] GET_STATUS queued via BULK (idle/timeout)
[2025-11-13 14:54:54] [DIAG] GET_STATUS queued via BULK (idle/timeout)
[2025-11-13 14:54:55] [DIAG] GET_STATUS queued via BULK (idle/timeout)
[2025-11-13 14:54:57] [DIAG] GET_STATUS queued via BULK (idle/timeout)
[2025-11-13 14:54:58] [DIAG] GET_STATUS queued via BULK (idle/timeout)
[2025-11-13 14:55:00] [DIAG] GET_STATUS queued via BULK (idle/timeout)
[2025-11-13 14:55:01] [DIAG] GET_STATUS queued via BULK (idle/timeout)
[2025-11-13 14:55:03] [DIAG] GET_STATUS queued via BULK (idle/timeout)
[2025-11-13 14:55:04] [DIAG] GET_STATUS queued via BULK (idle/timeout)
[2025-11-13 14:55:06] [DIAG] GET_STATUS queued via BULK (idle/timeout)
[2025-11-13 14:55:07] [DIAG] GET_STATUS queued via BULK (idle/timeout)
[2025-11-13 14:55:09] [DIAG] GET_STATUS queued via BULK (idle/timeout)
[2025-11-13 14:55:10] [DIAG] GET_STATUS queued via BULK (idle/timeout)
[2025-11-13 14:55:12] [DIAG] GET_STATUS queued via BULK (idle/timeout)
[2025-11-13 14:55:13] [DIAG] GET_STATUS queued via BULK (idle/timeout)
[2025-11-13 14:55:15] [DIAG] GET_STATUS queued via BULK (idle/timeout)
[2025-11-13 14:55:16] [DIAG] GET_STATUS queued via BULK (idle/timeout)
[2025-11-13 14:55:19] [DIAG] GET_STATUS queued via BULK (idle/timeout)
[2025-11-13 14:55:21] [DIAG] GET_STATUS queued via BULK (idle/timeout)
[2025-11-13 14:55:22] [DIAG] GET_STATUS queued via BULK (idle/timeout)
[2025-11-13 14:55:24] [DIAG] GET_STATUS queued via BULK (idle/timeout)
[2025-11-13 14:55:25] [DIAG] GET_STATUS queued via BULK (idle/timeout)
[2025-11-13 14:55:27] [DIAG] GET_STATUS queued via BULK (idle/timeout)
[2025-11-13 14:55:28] [DIAG] GET_STATUS queued via BULK (idle/timeout)
[2025-11-13 14:55:30] [DIAG] GET_STATUS queued via BULK (idle/timeout)
[2025-11-13 14:55:33] [DIAG] GET_STATUS queued via BULK (idle/timeout)
[2025-11-13 14:55:34] [DIAG] GET_STATUS queued via BULK (idle/timeout)
[2025-11-13 14:55:36] [DIAG] GET_STATUS queued via BULK (idle/timeout)
[2025-11-13 14:55:37] [DIAG] GET_STATUS queued via BULK (idle/timeout)
[2025-11-13 14:55:40] [DIAG] GET_STATUS queued via BULK (idle/timeout)
[2025-11-13 14:55:42] [DIAG] GET_STATUS queued via BULK (idle/timeout)
[2025-11-13 14:55:43] [DIAG] GET_STATUS queued via BULK (idle/timeout)
[2025-11-13 14:55:45] [DIAG] GET_STATUS queued via BULK (idle/timeout)
[2025-11-13 14:55:46] [DIAG] GET_STATUS queued via BULK (idle/timeout)
[2025-11-13 14:55:48] [DIAG] GET_STATUS queued via BULK (idle/timeout)
[2025-11-13 14:55:49] [DIAG] GET_STATUS queued via BULK (idle/timeout)
[2025-11-13 14:55:51] [DIAG] GET_STATUS queued via BULK (idle/timeout)
[2025-11-13 14:55:52] [DIAG] GET_STATUS queued via BULK (idle/timeout)
[2025-11-13 14:55:54] [DIAG] GET_STATUS queued via BULK (idle/timeout)
[2025-11-13 14:55:55] [DIAG] GET_STATUS queued via BULK (idle/timeout)
[2025-11-13 14:55:57] [DIAG] GET_STATUS queued via BULK (idle/timeout)
[2025-11-13 14:55:58] [DIAG] GET_STATUS queued via BULK (idle/timeout)
[2025-11-13 14:56:00] [DIAG] GET_STATUS queued via BULK (idle/timeout)
[2025-11-13 14:56:01] [DIAG] GET_STATUS queued via BULK (idle/timeout)
[2025-11-13 14:56:03] [DIAG] GET_STATUS queued via BULK (idle/timeout)
[2025-11-13 14:56:04] [DIAG] GET_STATUS queued via BULK (idle/timeout)
[2025-11-13 14:56:06] [DIAG] GET_STATUS queued via BULK (idle/timeout)
[2025-11-13 14:56:07] [DIAG] GET_STATUS queued via BULK (idle/timeout)
[2025-11-13 14:56:09] [DIAG] GET_STATUS queued via BULK (idle/timeout)
[2025-11-13 14:56:12] [DIAG] GET_STATUS queued via BULK (idle/timeout)
[2025-11-13 14:56:13] [DIAG] GET_STATUS queued via BULK (idle/timeout)
[2025-11-13 14:56:15] [DIAG] GET_STATUS queued via BULK (idle/timeout)
[2025-11-13 14:56:16] [DIAG] GET_STATUS queued via BULK (idle/timeout)
[2025-11-13 14:56:18] [DIAG] GET_STATUS queued via BULK (idle/timeout)
[2025-11-13 14:56:19] [DIAG] GET_STATUS queued via BULK (idle/timeout)
[2025-11-13 14:56:21] [DIAG] GET_STATUS queued via BULK (idle/timeout)
[2025-11-13 14:56:25] [DIAG] GET_STATUS queued via BULK (idle/timeout)
[2025-11-13 14:56:30] [DIAG] GET_STATUS queued via BULK (idle/timeout)
[2025-11-13 14:56:31] [DIAG] GET_STATUS queued via BULK (idle/timeout)
[2025-11-13 14:56:33] [DIAG] GET_STATUS queued via BULK (idle/timeout)
[2025-11-13 14:56:34] [DIAG] GET_STATUS queued via BULK (idle/timeout)
[2025-11-13 14:56:36] [DIAG] GET_STATUS queued via BULK (idle/timeout)
[2025-11-13 14:56:37] [DIAG] GET_STATUS queued via BULK (idle/timeout)
[2025-11-13 14:56:39] [DIAG] GET_STATUS queued via BULK (idle/timeout)
[2025-11-13 14:56:40] [DIAG] GET_STATUS queued via BULK (idle/timeout)
[2025-11-13 14:56:42] [DIAG] GET_STATUS queued via BULK (idle/timeout)
[2025-11-13 14:56:43] [DIAG] GET_STATUS queued via BULK (idle/timeout)
[2025-11-13 14:56:45] [DIAG] GET_STATUS queued via BULK (idle/timeout)
[2025-11-13 14:56:46] [DIAG] GET_STATUS queued via BULK (idle/timeout)
[2025-11-13 14:56:48] [DIAG] GET_STATUS queued via BULK (idle/timeout)
[2025-11-13 14:56:49] [DIAG] GET_STATUS queued via BULK (idle/timeout)
[2025-11-13 14:56:51] [DIAG] GET_STATUS queued via BULK (idle/timeout)
[2025-11-13 14:56:52] [DIAG] GET_STATUS queued via BULK (idle/timeout)
[2025-11-13 14:56:54] [DIAG] GET_STATUS queued via BULK (idle/timeout)
[2025-11-13 14:56:55] [DIAG] GET_STATUS queued via BULK (idle/timeout)
[2025-11-13 14:56:57] [DIAG] GET_STATUS queued via BULK (idle/timeout)
[2025-11-13 14:56:58] [DIAG] GET_STATUS queued via BULK (idle/timeout)
[2025-11-13 14:57:00] [DIAG] GET_STATUS queued via BULK (idle/timeout)
[2025-11-13 14:57:01] [DIAG] GET_STATUS queued via BULK (idle/timeout)
[2025-11-13 14:57:03] [DIAG] GET_STATUS queued via BULK (idle/timeout)
[2025-11-13 14:57:04] [DIAG] GET_STATUS queued via BULK (idle/timeout)
[2025-11-13 14:57:06] [DIAG] GET_STATUS queued via BULK (idle/timeout)
[2025-11-13 14:57:07] [DIAG] GET_STATUS queued via BULK (idle/timeout)
[2025-11-13 14:57:09] [DIAG] GET_STATUS queued via BULK (idle/timeout)
[2025-11-13 14:57:10] [DIAG] GET_STATUS queued via BULK (idle/timeout)
[2025-11-13 14:57:12] [DIAG] GET_STATUS queued via BULK (idle/timeout)
[2025-11-13 14:57:13] [DIAG] GET_STATUS queued via BULK (idle/timeout)
[2025-11-13 14:57:15] [DIAG] GET_STATUS queued via BULK (idle/timeout)
[2025-11-13 14:57:16] [DIAG] GET_STATUS queued via BULK (idle/timeout)
[2025-11-13 14:57:18] [DIAG] GET_STATUS queued via BULK (idle/timeout)
[2025-11-13 14:57:19] [DIAG] GET_STATUS queued via BULK (idle/timeout)
[2025-11-13 14:57:21] [DIAG] GET_STATUS queued via BULK (idle/timeout)
[2025-11-13 14:57:22] [DIAG] GET_STATUS queued via BULK (idle/timeout)
[2025-11-13 14:57:24] [DIAG] GET_STATUS queued via BULK (idle/timeout)
[2025-11-13 14:57:25] [DIAG] GET_STATUS queued via BULK (idle/timeout)
[2025-11-13 14:57:27] [DIAG] GET_STATUS queued via BULK (idle/timeout)
[2025-11-13 14:57:28] [DIAG] GET_STATUS queued via BULK (idle/timeout)
[2025-11-13 14:57:30] [DIAG] GET_STATUS queued via BULK (idle/timeout)
[2025-11-13 14:57:31] [DIAG] GET_STATUS queued via BULK (idle/timeout)
[2025-11-13 14:57:33] [DIAG] GET_STATUS queued via BULK (idle/timeout)
[2025-11-13 14:57:34] [DIAG] GET_STATUS queued via BULK (idle/timeout)
[2025-11-13 14:57:36] [DIAG] GET_STATUS queued via BULK (idle/timeout)
[2025-11-13 14:57:37] [DIAG] GET_STATUS queued via BULK (idle/timeout)
[2025-11-13 14:57:39] [DIAG] GET_STATUS queued via BULK (idle/timeout)
[2025-11-13 14:57:40] [DIAG] GET_STATUS queued via BULK (idle/timeout)
[2025-11-13 14:57:42] [DIAG] GET_STATUS queued via BULK (idle/timeout)
[2025-11-13 14:57:43] [DIAG] GET_STATUS queued via BULK (idle/timeout)
[2025-11-13 14:57:45] [DIAG] GET_STATUS queued via BULK (idle/timeout)
[2025-11-13 14:57:46] [DIAG] GET_STATUS queued via BULK (idle/timeout)
[2025-11-13 14:57:48] [DIAG] GET_STATUS queued via BULK (idle/timeout)
[2025-11-13 14:57:49] [DIAG] GET_STATUS queued via BULK (idle/timeout)
[2025-11-13 14:57:51] [DIAG] GET_STATUS queued via BULK (idle/timeout)
[2025-11-13 14:57:52] [DIAG] GET_STATUS queued via BULK (idle/timeout)
[2025-11-13 14:57:54] [DIAG] GET_STATUS queued via BULK (idle/timeout)
[2025-11-13 14:57:55] [DIAG] GET_STATUS queued via BULK (idle/timeout)
[2025-11-13 14:57:57] [DIAG] GET_STATUS queued via BULK (idle/timeout)
[2025-11-13 14:57:58] [DIAG] GET_STATUS queued via BULK (idle/timeout)
[2025-11-13 14:58:00] [DIAG] GET_STATUS queued via BULK (idle/timeout)
[2025-11-13 14:58:01] [DIAG] GET_STATUS queued via BULK (idle/timeout)
[2025-11-13 14:58:03] [DIAG] GET_STATUS queued via BULK (idle/timeout)
[2025-11-13 14:58:04] [DIAG] GET_STATUS queued via BULK (idle/timeout)
[2025-11-13 14:58:06] [DIAG] GET_STATUS queued via BULK (idle/timeout)
[2025-11-13 14:58:07] [DIAG] GET_STATUS queued via BULK (idle/timeout)
[2025-11-13 14:58:09] [DIAG] GET_STATUS queued via BULK (idle/timeout)
[2025-11-13 14:58:10] [DIAG] GET_STATUS queued via BULK (idle/timeout)
[2025-11-13 14:58:12] [DIAG] GET_STATUS queued via BULK (idle/timeout)
[2025-11-13 14:58:13] [DIAG] GET_STATUS queued via BULK (idle/timeout)
[2025-11-13 14:58:15] [DIAG] GET_STATUS queued via BULK (idle/timeout)
[2025-11-13 14:58:16] [DIAG] GET_STATUS queued via BULK (idle/timeout)
[2025-11-13 14:58:18] [DIAG] GET_STATUS queued via BULK (idle/timeout)
[2025-11-13 14:58:20] [DIAG] GET_STATUS queued via BULK (idle/timeout)
[2025-11-13 14:58:21] [DIAG] GET_STATUS queued via BULK (idle/timeout)
[2025-11-13 14:58:23] [DIAG] GET_STATUS queued via BULK (idle/timeout)
[2025-11-13 14:58:24] [DIAG] GET_STATUS queued via BULK (idle/timeout)
[2025-11-13 14:58:26] [DIAG] GET_STATUS queued via BULK (idle/timeout)
[2025-11-13 14:58:27] [DIAG] GET_STATUS queued via BULK (idle/timeout)
[2025-11-13 14:58:29] [DIAG] GET_STATUS queued via BULK (idle/timeout)
[2025-11-13 14:58:30] [DIAG] GET_STATUS queued via BULK (idle/timeout)
[2025-11-13 14:58:32] [DIAG] GET_STATUS queued via BULK (idle/timeout)
[2025-11-13 14:58:33] [DIAG] GET_STATUS queued via BULK (idle/timeout)
[2025-11-13 14:58:35] [DIAG] GET_STATUS queued via BULK (idle/timeout)
[2025-11-13 14:58:36] [DIAG] GET_STATUS queued via BULK (idle/timeout)
[2025-11-13 14:58:38] [DIAG] GET_STATUS queued via BULK (idle/timeout)
[2025-11-13 14:58:39] [DIAG] GET_STATUS queued via BULK (idle/timeout)
[2025-11-13 14:58:41] [DIAG] GET_STATUS queued via BULK (idle/timeout)
[2025-11-13 14:58:42] [DIAG] GET_STATUS queued via BULK (idle/timeout)
[2025-11-13 14:58:44] [DIAG] GET_STATUS queued via BULK (idle/timeout)
[2025-11-13 14:58:45] [DIAG] GET_STATUS queued via BULK (idle/timeout)
[2025-11-13 14:58:47] [DIAG] GET_STATUS queued via BULK (idle/timeout)
[2025-11-13 14:58:48] [DIAG] GET_STATUS queued via BULK (idle/timeout)
[2025-11-13 14:58:50] [DIAG] GET_STATUS queued via BULK (idle/timeout)
[2025-11-13 14:58:51] [DIAG] GET_STATUS queued via BULK (idle/timeout)
[2025-11-13 14:58:53] [DIAG] GET_STATUS queued via BULK (idle/timeout)
[2025-11-13 14:58:54] [DIAG] GET_STATUS queued via BULK (idle/timeout)
[2025-11-13 14:58:56] [DIAG] GET_STATUS queued via BULK (idle/timeout)
[2025-11-13 14:58:57] [DIAG] GET_STATUS queued via BULK (idle/timeout)
[2025-11-13 14:58:59] [DIAG] GET_STATUS queued via BULK (idle/timeout)
[2025-11-13 14:59:00] [DIAG] GET_STATUS queued via BULK (idle/timeout)
[2025-11-13 14:59:02] [DIAG] GET_STATUS queued via BULK (idle/timeout)
[2025-11-13 14:59:03] [DIAG] GET_STATUS queued via BULK (idle/timeout)
[2025-11-13 14:59:05] [DIAG] GET_STATUS queued via BULK (idle/timeout)
[2025-11-13 14:59:06] [DIAG] GET_STATUS queued via BULK (idle/timeout)
[2025-11-13 14:59:08] [DIAG] GET_STATUS queued via BULK (idle/timeout)
[2025-11-13 14:59:09] [DIAG] GET_STATUS queued via BULK (idle/timeout)
[2025-11-13 14:59:11] [DIAG] GET_STATUS queued via BULK (idle/timeout)
[2025-11-13 14:59:12] [DIAG] GET_STATUS queued via BULK (idle/timeout)
[2025-11-13 14:59:14] [DIAG] GET_STATUS queued via BULK (idle/timeout)
[2025-11-13 14:59:15] [DIAG] GET_STATUS queued via BULK (idle/timeout)
[2025-11-13 14:59:17] [DIAG] GET_STATUS queued via BULK (idle/timeout)
[2025-11-13 14:59:18] [DIAG] GET_STATUS queued via BULK (idle/timeout)
[2025-11-13 14:59:20] [DIAG] GET_STATUS queued via BULK (idle/timeout)
[2025-11-13 14:59:21] [DIAG] GET_STATUS queued via BULK (idle/timeout)
[2025-11-13 14:59:23] [DIAG] GET_STATUS queued via BULK (idle/timeout)
[2025-11-13 14:59:24] [DIAG] GET_STATUS queued via BULK (idle/timeout)
[2025-11-13 14:59:26] [DIAG] GET_STATUS queued via BULK (idle/timeout)
[2025-11-13 14:59:27] [DIAG] GET_STATUS queued via BULK (idle/timeout)
[2025-11-13 14:59:29] [DIAG] GET_STATUS queued via BULK (idle/timeout)
[2025-11-13 14:59:30] [DIAG] GET_STATUS queued via BULK (idle/timeout)
[2025-11-13 14:59:32] [DIAG] GET_STATUS queued via BULK (idle/timeout)
[2025-11-13 14:59:33] [DIAG] GET_STATUS queued via BULK (idle/timeout)
[2025-11-13 14:59:35] [DIAG] GET_STATUS queued via BULK (idle/timeout)
[2025-11-13 14:59:36] [DIAG] GET_STATUS queued via BULK (idle/timeout)
[2025-11-13 14:59:38] [DIAG] GET_STATUS queued via BULK (idle/timeout)
[2025-11-13 14:59:39] [DIAG] GET_STATUS queued via BULK (idle/timeout)
[2025-11-13 14:59:41] [DIAG] GET_STATUS queued via BULK (idle/timeout)
[2025-11-13 14:59:42] [DIAG] GET_STATUS queued via BULK (idle/timeout)
[2025-11-13 14:59:44] [DIAG] GET_STATUS queued via BULK (idle/timeout)
[2025-11-13 14:59:45] [DIAG] GET_STATUS queued via BULK (idle/timeout)
[2025-11-13 14:59:47] [DIAG] GET_STATUS queued via BULK (idle/timeout)
[2025-11-13 14:59:48] [DIAG] GET_STATUS queued via BULK (idle/timeout)
[2025-11-13 14:59:50] [DIAG] GET_STATUS queued via BULK (idle/timeout)
[2025-11-13 14:59:51] [DIAG] GET_STATUS queued via BULK (idle/timeout)
[2025-11-13 14:59:53] [DIAG] GET_STATUS queued via BULK (idle/timeout)
[2025-11-13 14:59:54] [DIAG] GET_STATUS queued via BULK (idle/timeout)
[2025-11-13 14:59:56] [DIAG] GET_STATUS queued via BULK (idle/timeout)
[2025-11-13 14:59:57] [DIAG] GET_STATUS queued via BULK (idle/timeout)
[2025-11-13 14:59:59] [DIAG] GET_STATUS queued via BULK (idle/timeout)
[2025-11-13 15:00:00] [DIAG] GET_STATUS queued via BULK (idle/timeout)
[2025-11-13 15:00:02] [DIAG] GET_STATUS queued via BULK (idle/timeout)
[2025-11-13 15:00:03] [DIAG] GET_STATUS queued via BULK (idle/timeout)
[2025-11-13 15:00:05] [DIAG] GET_STATUS queued via BULK (idle/timeout)
[2025-11-13 15:00:06] [DIAG] GET_STATUS queued via BULK (idle/timeout)
[2025-11-13 15:00:08] [DIAG] GET_STATUS queued via BULK (idle/timeout)
[2025-11-13 15:00:09] [DIAG] GET_STATUS queued via BULK (idle/timeout)
[2025-11-13 15:00:11] [DIAG] GET_STATUS queued via BULK (idle/timeout)
[2025-11-13 15:00:12] [DIAG] GET_STATUS queued via BULK (idle/timeout)
[2025-11-13 15:00:14] [DIAG] GET_STATUS queued via BULK (idle/timeout)
[2025-11-13 15:00:15] [DIAG] GET_STATUS queued via BULK (idle/timeout)
[2025-11-13 15:00:17] [DIAG] GET_STATUS queued via BULK (idle/timeout)
[2025-11-13 15:00:18] [DIAG] GET_STATUS queued via BULK (idle/timeout)
[2025-11-13 15:00:20] [DIAG] GET_STATUS queued via BULK (idle/timeout)
[2025-11-13 15:00:21] [DIAG] GET_STATUS queued via BULK (idle/timeout)
[2025-11-13 15:00:23] [DIAG] GET_STATUS queued via BULK (idle/timeout)
[2025-11-13 15:00:24] [DIAG] GET_STATUS queued via BULK (idle/timeout)
[2025-11-13 15:00:26] [DIAG] GET_STATUS queued via BULK (idle/timeout)
[2025-11-13 15:00:27] [DIAG] GET_STATUS queued via BULK (idle/timeout)
[2025-11-13 15:00:29] [DIAG] GET_STATUS queued via BULK (idle/timeout)
[2025-11-13 15:00:30] [DIAG] GET_STATUS queued via BULK (idle/timeout)
[2025-11-13 15:00:32] [DIAG] GET_STATUS queued via BULK (idle/timeout)
[2025-11-13 15:00:33] [DIAG] GET_STATUS queued via BULK (idle/timeout)
[2025-11-13 15:00:35] [DIAG] GET_STATUS queued via BULK (idle/timeout)
[2025-11-13 15:00:36] [DIAG] GET_STATUS queued via BULK (idle/timeout)
[2025-11-13 15:00:38] [DIAG] GET_STATUS queued via BULK (idle/timeout)
[2025-11-13 15:00:39] [DIAG] GET_STATUS queued via BULK (idle/timeout)
[2025-11-13 15:00:41] [DIAG] GET_STATUS queued via BULK (idle/timeout)
[2025-11-13 15:00:42] [DIAG] GET_STATUS queued via BULK (idle/timeout)
[2025-11-13 15:00:44] [DIAG] GET_STATUS queued via BULK (idle/timeout)
[2025-11-13 15:00:45] [DIAG] GET_STATUS queued via BULK (idle/timeout)
[2025-11-13 15:00:47] [DIAG] GET_STATUS queued via BULK (idle/timeout)
[2025-11-13 15:00:48] [DIAG] GET_STATUS queued via BULK (idle/timeout)
[2025-11-13 15:00:50] [DIAG] GET_STATUS queued via BULK (idle/timeout)
[2025-11-13 15:00:51] [DIAG] GET_STATUS queued via BULK (idle/timeout)
[2025-11-13 15:00:53] [DIAG] GET_STATUS queued via BULK (idle/timeout)
[2025-11-13 15:00:54] [DIAG] GET_STATUS queued via BULK (idle/timeout)
[2025-11-13 15:00:56] [DIAG] GET_STATUS queued via BULK (idle/timeout)
[2025-11-13 15:00:57] [DIAG] GET_STATUS queued via BULK (idle/timeout)
[2025-11-13 15:00:59] [DIAG] GET_STATUS queued via BULK (idle/timeout)
[2025-11-13 15:01:00] [DIAG] GET_STATUS queued via BULK (idle/timeout)
[2025-11-13 15:01:02] [DIAG] GET_STATUS queued via BULK (idle/timeout)
[2025-11-13 15:01:03] [DIAG] GET_STATUS queued via BULK (idle/timeout)
[2025-11-13 15:01:05] [DIAG] GET_STATUS queued via BULK (idle/timeout)
[2025-11-13 15:01:06] [DIAG] GET_STATUS queued via BULK (idle/timeout)
[2025-11-13 15:01:08] [DIAG] GET_STATUS queued via BULK (idle/timeout)
[2025-11-13 15:01:09] [DIAG] GET_STATUS queued via BULK (idle/timeout)
[2025-11-13 15:01:11] [DIAG] GET_STATUS queued via BULK (idle/timeout)
[2025-11-13 15:01:12] [DIAG] GET_STATUS queued via BULK (idle/timeout)
[2025-11-13 15:01:14] [DIAG] GET_STATUS queued via BULK (idle/timeout)
[2025-11-13 15:01:15] [DIAG] GET_STATUS queued via BULK (idle/timeout)
[2025-11-13 15:01:17] [DIAG] GET_STATUS queued via BULK (idle/timeout)
[2025-11-13 15:01:18] [DIAG] GET_STATUS queued via BULK (idle/timeout)
[2025-11-13 15:01:20] [DIAG] GET_STATUS queued via BULK (idle/timeout)
[2025-11-13 15:01:21] [DIAG] GET_STATUS queued via BULK (idle/timeout)
[2025-11-13 15:01:23] [DIAG] GET_STATUS queued via BULK (idle/timeout)
[2025-11-13 15:01:24] [DIAG] GET_STATUS queued via BULK (idle/timeout)
[2025-11-13 15:01:26] [DIAG] GET_STATUS queued via BULK (idle/timeout)
[2025-11-13 15:01:27] [DIAG] GET_STATUS queued via BULK (idle/timeout)
[2025-11-13 15:01:29] [DIAG] GET_STATUS queued via BULK (idle/timeout)
[2025-11-13 15:01:30] [DIAG] GET_STATUS queued via BULK (idle/timeout)
[2025-11-13 15:01:32] [DIAG] GET_STATUS queued via BULK (idle/timeout)
[2025-11-13 15:01:33] [DIAG] GET_STATUS queued via BULK (idle/timeout)
[2025-11-13 15:01:35] [DIAG] GET_STATUS queued via BULK (idle/timeout)
[2025-11-13 15:01:36] [DIAG] GET_STATUS queued via BULK (idle/timeout)
[2025-11-13 15:01:38] [DIAG] GET_STATUS queued via BULK (idle/timeout)
[2025-11-13 15:01:39] [DIAG] GET_STATUS queued via BULK (idle/timeout)
[2025-11-13 15:01:41] [DIAG] GET_STATUS queued via BULK (idle/timeout)
[2025-11-13 15:01:42] [DIAG] GET_STATUS queued via BULK (idle/timeout)
[2025-11-13 15:01:44] [DIAG] GET_STATUS queued via BULK (idle/timeout)
[2025-11-13 15:01:45] [DIAG] GET_STATUS queued via BULK (idle/timeout)
[2025-11-13 15:01:47] [DIAG] GET_STATUS queued via BULK (idle/timeout)
[2025-11-13 15:01:48] [DIAG] GET_STATUS queued via BULK (idle/timeout)
[2025-11-13 15:01:50] [DIAG] GET_STATUS queued via BULK (idle/timeout)
[2025-11-13 15:01:51] [DIAG] GET_STATUS queued via BULK (idle/timeout)
[2025-11-13 15:01:53] [DIAG] GET_STATUS queued via BULK (idle/timeout)
[2025-11-13 15:01:54] [DIAG] GET_STATUS queued via BULK (idle/timeout)
[2025-11-13 15:01:56] [DIAG] GET_STATUS queued via BULK (idle/timeout)
[2025-11-13 15:01:57] [DIAG] GET_STATUS queued via BULK (idle/timeout)
[2025-11-13 15:01:59] [DIAG] GET_STATUS queued via BULK (idle/timeout)
[2025-11-13 15:02:00] [DIAG] GET_STATUS queued via BULK (idle/timeout)
[2025-11-13 15:02:02] [DIAG] GET_STATUS queued via BULK (idle/timeout)
[2025-11-13 15:02:03] [DIAG] GET_STATUS queued via BULK (idle/timeout)
[2025-11-13 15:02:05] [DIAG] GET_STATUS queued via BULK (idle/timeout)
[2025-11-13 15:02:06] [DIAG] GET_STATUS queued via BULK (idle/timeout)
[2025-11-13 15:02:08] [DIAG] GET_STATUS queued via BULK (idle/timeout)
[2025-11-13 15:02:09] [DIAG] GET_STATUS queued via BULK (idle/timeout)
[2025-11-13 15:02:11] [DIAG] GET_STATUS queued via BULK (idle/timeout)
[2025-11-13 15:02:12] [DIAG] GET_STATUS queued via BULK (idle/timeout)
[2025-11-13 15:02:14] [DIAG] GET_STATUS queued via BULK (idle/timeout)
[2025-11-13 15:02:15] [DIAG] GET_STATUS queued via BULK (idle/timeout)
[2025-11-13 15:02:17] [DIAG] GET_STATUS queued via BULK (idle/timeout)
[2025-11-13 15:02:18] [DIAG] GET_STATUS queued via BULK (idle/timeout)
[2025-11-13 15:02:20] [DIAG] GET_STATUS queued via BULK (idle/timeout)
[2025-11-13 15:02:21] [DIAG] GET_STATUS queued via BULK (idle/timeout)
[2025-11-13 15:02:23] [DIAG] GET_STATUS queued via BULK (idle/timeout)
[2025-11-13 15:02:24] [DIAG] GET_STATUS queued via BULK (idle/timeout)
[2025-11-13 15:02:26] [DIAG] GET_STATUS queued via BULK (idle/timeout)
[2025-11-13 15:02:27] [DIAG] GET_STATUS queued via BULK (idle/timeout)
[2025-11-13 15:02:29] [DIAG] GET_STATUS queued via BULK (idle/timeout)
[2025-11-13 15:02:30] [DIAG] GET_STATUS queued via BULK (idle/timeout)
[2025-11-13 15:02:32] [DIAG] GET_STATUS queued via BULK (idle/timeout)
[2025-11-13 15:02:33] [DIAG] GET_STATUS queued via BULK (idle/timeout)
[2025-11-13 15:02:35] [DIAG] GET_STATUS queued via BULK (idle/timeout)
[2025-11-13 15:02:36] [DIAG] GET_STATUS queued via BULK (idle/timeout)
[2025-11-13 15:02:38] [DIAG] GET_STATUS queued via BULK (idle/timeout)
[2025-11-13 15:02:39] [DIAG] GET_STATUS queued via BULK (idle/timeout)
[2025-11-13 15:02:41] [DIAG] GET_STATUS queued via BULK (idle/timeout)
[2025-11-13 15:02:42] [DIAG] GET_STATUS queued via BULK (idle/timeout)
[2025-11-13 15:02:44] [DIAG] GET_STATUS queued via BULK (idle/timeout)
[2025-11-13 15:02:45] [DIAG] GET_STATUS queued via BULK (idle/timeout)
[2025-11-13 15:02:47] [DIAG] GET_STATUS queued via BULK (idle/timeout)
[2025-11-13 15:02:48] [DIAG] GET_STATUS queued via BULK (idle/timeout)
[2025-11-13 15:02:50] [DIAG] GET_STATUS queued via BULK (idle/timeout)
[2025-11-13 15:02:51] [DIAG] GET_STATUS queued via BULK (idle/timeout)
[2025-11-13 15:02:53] [DIAG] GET_STATUS queued via BULK (idle/timeout)
[2025-11-13 15:02:54] [DIAG] GET_STATUS queued via BULK (idle/timeout)
[2025-11-13 15:02:56] [DIAG] GET_STATUS queued via BULK (idle/timeout)
[2025-11-13 15:02:57] [DIAG] GET_STATUS queued via BULK (idle/timeout)
[2025-11-13 15:02:59] [DIAG] GET_STATUS queued via BULK (idle/timeout)
[2025-11-13 15:03:00] [DIAG] GET_STATUS queued via BULK (idle/timeout)
[2025-11-13 15:03:02] [DIAG] GET_STATUS queued via BULK (idle/timeout)
[2025-11-13 15:03:03] [DIAG] GET_STATUS queued via BULK (idle/timeout)
[2025-11-13 15:03:05] [DIAG] GET_STATUS queued via BULK (idle/timeout)
[2025-11-13 15:03:06] [DIAG] GET_STATUS queued via BULK (idle/timeout)
[2025-11-13 15:03:08] [DIAG] GET_STATUS queued via BULK (idle/timeout)
[2025-11-13 15:03:09] [DIAG] GET_STATUS queued via BULK (idle/timeout)
[2025-11-13 15:03:11] [DIAG] GET_STATUS queued via BULK (idle/timeout)
[2025-11-13 15:03:12] [DIAG] GET_STATUS queued via BULK (idle/timeout)
[2025-11-13 15:03:14] [DIAG] GET_STATUS queued via BULK (idle/timeout)
[2025-11-13 15:03:15] [DIAG] GET_STATUS queued via BULK (idle/timeout)
[2025-11-13 15:03:17] [DIAG] GET_STATUS queued via BULK (idle/timeout)
[2025-11-13 15:03:18] [DIAG] GET_STATUS queued via BULK (idle/timeout)
[2025-11-13 15:03:20] [DIAG] GET_STATUS queued via BULK (idle/timeout)
[2025-11-13 15:03:21] [DIAG] GET_STATUS queued via BULK (idle/timeout)
[2025-11-13 15:03:23] [DIAG] GET_STATUS queued via BULK (idle/timeout)
[2025-11-13 15:03:24] [DIAG] GET_STATUS queued via BULK (idle/timeout)
[2025-11-13 15:03:26] [DIAG] GET_STATUS queued via BULK (idle/timeout)
[2025-11-13 15:03:27] [DIAG] GET_STATUS queued via BULK (idle/timeout)
[2025-11-13 15:03:29] [DIAG] GET_STATUS queued via BULK (idle/timeout)
[2025-11-13 15:03:30] [DIAG] GET_STATUS queued via BULK (idle/timeout)
[2025-11-13 15:03:32] [DIAG] GET_STATUS queued via BULK (idle/timeout)
[2025-11-13 15:03:33] [DIAG] GET_STATUS queued via BULK (idle/timeout)
[2025-11-13 15:03:35] [DIAG] GET_STATUS queued via BULK (idle/timeout)
[2025-11-13 15:03:36] [DIAG] GET_STATUS queued via BULK (idle/timeout)
[2025-11-13 15:03:38] [DIAG] GET_STATUS queued via BULK (idle/timeout)
[2025-11-13 15:03:39] [DIAG] GET_STATUS queued via BULK (idle/timeout)
[2025-11-13 15:03:41] [DIAG] GET_STATUS queued via BULK (idle/timeout)
[2025-11-13 15:03:42] [DIAG] GET_STATUS queued via BULK (idle/timeout)
[2025-11-13 15:03:44] [DIAG] GET_STATUS queued via BULK (idle/timeout)
[2025-11-13 15:03:45] [DIAG] GET_STATUS queued via BULK (idle/timeout)
[2025-11-13 15:03:47] [DIAG] GET_STATUS queued via BULK (idle/timeout)
[2025-11-13 15:03:48] [DIAG] GET_STATUS queued via BULK (idle/timeout)
[2025-11-13 15:03:50] [DIAG] GET_STATUS queued via BULK (idle/timeout)
[2025-11-13 15:03:51] [DIAG] GET_STATUS queued via BULK (idle/timeout)
[2025-11-13 15:03:53] [DIAG] GET_STATUS queued via BULK (idle/timeout)
[2025-11-13 15:03:54] [DIAG] GET_STATUS queued via BULK (idle/timeout)
[2025-11-13 15:03:56] [DIAG] GET_STATUS queued via BULK (idle/timeout)
[2025-11-13 15:03:57] [DIAG] GET_STATUS queued via BULK (idle/timeout)
[2025-11-13 15:03:59] [DIAG] GET_STATUS queued via BULK (idle/timeout)
[2025-11-13 15:04:00] [DIAG] GET_STATUS queued via BULK (idle/timeout)
[2025-11-13 15:04:02] [DIAG] GET_STATUS queued via BULK (idle/timeout)
[2025-11-13 15:04:03] [DIAG] GET_STATUS queued via BULK (idle/timeout)
[2025-11-13 15:04:05] [DIAG] GET_STATUS queued via BULK (idle/timeout)
[2025-11-13 15:04:06] [DIAG] GET_STATUS queued via BULK (idle/timeout)
[2025-11-13 15:04:08] [DIAG] GET_STATUS queued via BULK (idle/timeout)
[2025-11-13 15:04:09] [DIAG] GET_STATUS queued via BULK (idle/timeout)
[2025-11-13 15:04:11] [DIAG] GET_STATUS queued via BULK (idle/timeout)
[2025-11-13 15:04:12] [DIAG] GET_STATUS queued via BULK (idle/timeout)
[2025-11-13 15:04:14] [DIAG] GET_STATUS queued via BULK (idle/timeout)
[2025-11-13 15:04:15] [DIAG] GET_STATUS queued via BULK (idle/timeout)
[2025-11-13 15:04:17] [DIAG] GET_STATUS queued via BULK (idle/timeout)
[2025-11-13 15:04:18] [DIAG] GET_STATUS queued via BULK (idle/timeout)
[2025-11-13 15:04:20] [DIAG] GET_STATUS queued via BULK (idle/timeout)
[2025-11-13 15:04:21] [DIAG] GET_STATUS queued via BULK (idle/timeout)
[2025-11-13 15:04:23] [DIAG] GET_STATUS queued via BULK (idle/timeout)
[2025-11-13 15:04:24] [DIAG] GET_STATUS queued via BULK (idle/timeout)
[2025-11-13 15:04:26] [DIAG] GET_STATUS queued via BULK (idle/timeout)
[2025-11-13 15:04:27] [DIAG] GET_STATUS queued via BULK (idle/timeout)
[2025-11-13 15:04:29] [DIAG] GET_STATUS queued via BULK (idle/timeout)
[2025-11-13 15:04:30] [DIAG] GET_STATUS queued via BULK (idle/timeout)
[2025-11-13 15:04:32] [DIAG] GET_STATUS queued via BULK (idle/timeout)
[2025-11-13 15:04:33] [DIAG] GET_STATUS queued via BULK (idle/timeout)
[2025-11-13 15:04:35] [DIAG] GET_STATUS queued via BULK (idle/timeout)
[2025-11-13 15:04:36] [DIAG] GET_STATUS queued via BULK (idle/timeout)
[2025-11-13 15:04:38] [DIAG] GET_STATUS queued via BULK (idle/timeout)
[2025-11-13 15:04:39] [DIAG] GET_STATUS queued via BULK (idle/timeout)
[2025-11-13 15:04:41] [DIAG] GET_STATUS queued via BULK (idle/timeout)
[2025-11-13 15:04:42] [DIAG] GET_STATUS queued via BULK (idle/timeout)
[2025-11-13 15:04:44] [DIAG] GET_STATUS queued via BULK (idle/timeout)
[2025-11-13 15:04:45] [DIAG] GET_STATUS queued via BULK (idle/timeout)
[2025-11-13 15:04:47] [DIAG] GET_STATUS queued via BULK (idle/timeout)
[2025-11-13 15:04:48] [DIAG] GET_STATUS queued via BULK (idle/timeout)
[2025-11-13 15:04:50] [DIAG] GET_STATUS queued via BULK (idle/timeout)
[2025-11-13 15:04:51] [DIAG] GET_STATUS queued via BULK (idle/timeout)
[2025-11-13 15:04:53] [DIAG] GET_STATUS queued via BULK (idle/timeout)
[2025-11-13 15:04:54] [DIAG] GET_STATUS queued via BULK (idle/timeout)
[2025-11-13 15:04:56] [DIAG] GET_STATUS queued via BULK (idle/timeout)
[2025-11-13 15:04:57] [DIAG] GET_STATUS queued via BULK (idle/timeout)
[2025-11-13 15:04:59] [DIAG] GET_STATUS queued via BULK (idle/timeout)
[2025-11-13 15:05:00] [DIAG] GET_STATUS queued via BULK (idle/timeout)
[2025-11-13 15:05:02] [DIAG] GET_STATUS queued via BULK (idle/timeout)
[2025-11-13 15:05:03] [DIAG] GET_STATUS queued via BULK (idle/timeout)
[2025-11-13 15:05:05] [DIAG] GET_STATUS queued via BULK (idle/timeout)
[2025-11-13 15:05:06] [DIAG] GET_STATUS queued via BULK (idle/timeout)
[2025-11-13 15:05:08] [DIAG] GET_STATUS queued via BULK (idle/timeout)
[2025-11-13 15:05:09] [DIAG] GET_STATUS queued via BULK (idle/timeout)
[2025-11-13 15:05:11] [DIAG] GET_STATUS queued via BULK (idle/timeout)
[2025-11-13 15:05:12] [DIAG] GET_STATUS queued via BULK (idle/timeout)
[2025-11-13 15:05:14] [DIAG] GET_STATUS queued via BULK (idle/timeout)
[2025-11-13 15:05:15] [DIAG] GET_STATUS queued via BULK (idle/timeout)
[2025-11-13 15:05:17] [DIAG] GET_STATUS queued via BULK (idle/timeout)
[2025-11-13 15:05:18] [DIAG] GET_STATUS queued via BULK (idle/timeout)
[2025-11-13 15:05:20] [DIAG] GET_STATUS queued via BULK (idle/timeout)
[2025-11-13 15:05:21] [DIAG] GET_STATUS queued via BULK (idle/timeout)
[2025-11-13 15:05:23] [DIAG] GET_STATUS queued via BULK (idle/timeout)
[2025-11-13 15:05:24] [DIAG] GET_STATUS queued via BULK (idle/timeout)
[2025-11-13 15:05:26] [DIAG] GET_STATUS queued via BULK (idle/timeout)
[2025-11-13 15:05:27] [DIAG] GET_STATUS queued via BULK (idle/timeout)
[2025-11-13 15:05:29] [DIAG] GET_STATUS queued via BULK (idle/timeout)
[2025-11-13 15:05:30] [DIAG] GET_STATUS queued via BULK (idle/timeout)
[2025-11-13 15:05:32] [DIAG] GET_STATUS queued via BULK (idle/timeout)
[2025-11-13 15:05:33] [DIAG] GET_STATUS queued via BULK (idle/timeout)
[2025-11-13 15:05:35] [DIAG] GET_STATUS queued via BULK (idle/timeout)
[2025-11-13 15:05:36] [DIAG] GET_STATUS queued via BULK (idle/timeout)
[2025-11-13 15:05:38] [DIAG] GET_STATUS queued via BULK (idle/timeout)
[2025-11-13 15:05:39] [DIAG] GET_STATUS queued via BULK (idle/timeout)
[2025-11-13 15:05:41] [DIAG] GET_STATUS queued via BULK (idle/timeout)
[2025-11-13 15:05:42] [DIAG] GET_STATUS queued via BULK (idle/timeout)
[2025-11-13 15:05:44] [DIAG] GET_STATUS queued via BULK (idle/timeout)
[2025-11-13 15:05:45] [DIAG] GET_STATUS queued via BULK (idle/timeout)
[2025-11-13 15:05:47] [DIAG] GET_STATUS queued via BULK (idle/timeout)
[2025-11-13 15:05:48] [DIAG] GET_STATUS queued via BULK (idle/timeout)
[2025-11-13 15:05:50] [DIAG] GET_STATUS queued via BULK (idle/timeout)
[2025-11-13 15:05:51] [DIAG] GET_STATUS queued via BULK (idle/timeout)
[2025-11-13 15:05:53] [DIAG] GET_STATUS queued via BULK (idle/timeout)
[2025-11-13 15:05:54] [DIAG] GET_STATUS queued via BULK (idle/timeout)
[2025-11-13 15:05:56] [DIAG] GET_STATUS queued via BULK (idle/timeout)
[2025-11-13 15:05:57] [DIAG] GET_STATUS queued via BULK (idle/timeout)
[2025-11-13 15:05:59] [DIAG] GET_STATUS queued via BULK (idle/timeout)
[2025-11-13 15:06:00] [DIAG] GET_STATUS queued via BULK (idle/timeout)
[2025-11-13 15:06:02] [DIAG] GET_STATUS queued via BULK (idle/timeout)
[2025-11-13 15:06:03] [DIAG] GET_STATUS queued via BULK (idle/timeout)
[2025-11-13 15:06:05] [DIAG] GET_STATUS queued via BULK (idle/timeout)
[2025-11-13 15:06:06] [DIAG] GET_STATUS queued via BULK (idle/timeout)
[2025-11-13 15:06:08] [DIAG] GET_STATUS queued via BULK (idle/timeout)
[2025-11-13 15:06:09] [DIAG] GET_STATUS queued via BULK (idle/timeout)
[2025-11-13 15:06:11] [DIAG] GET_STATUS queued via BULK (idle/timeout)
[2025-11-13 15:06:12] [DIAG] GET_STATUS queued via BULK (idle/timeout)
[2025-11-13 15:06:14] [DIAG] GET_STATUS queued via BULK (idle/timeout)
[2025-11-13 15:06:15] [DIAG] GET_STATUS queued via BULK (idle/timeout)
[2025-11-13 15:06:17] [DIAG] GET_STATUS queued via BULK (idle/timeout)
[2025-11-13 15:06:18] [DIAG] GET_STATUS queued via BULK (idle/timeout)
[2025-11-13 15:06:20] [DIAG] GET_STATUS queued via BULK (idle/timeout)
[2025-11-13 15:06:21] [DIAG] GET_STATUS queued via BULK (idle/timeout)
[2025-11-13 15:06:23] [DIAG] GET_STATUS queued via BULK (idle/timeout)
[2025-11-13 15:06:24] [DIAG] GET_STATUS queued via BULK (idle/timeout)
[2025-11-13 15:06:26] [DIAG] GET_STATUS queued via BULK (idle/timeout)
[2025-11-13 15:06:27] [DIAG] GET_STATUS queued via BULK (idle/timeout)
[2025-11-13 15:06:29] [DIAG] GET_STATUS queued via BULK (idle/timeout)
[2025-11-13 15:06:30] [DIAG] GET_STATUS queued via BULK (idle/timeout)
[2025-11-13 15:06:32] [DIAG] GET_STATUS queued via BULK (idle/timeout)
[2025-11-13 15:06:33] [DIAG] GET_STATUS queued via BULK (idle/timeout)
[2025-11-13 15:06:35] [DIAG] GET_STATUS queued via BULK (idle/timeout)
[2025-11-13 15:06:36] [DIAG] GET_STATUS queued via BULK (idle/timeout)
[2025-11-13 15:06:38] [DIAG] GET_STATUS queued via BULK (idle/timeout)
[2025-11-13 15:06:39] [DIAG] GET_STATUS queued via BULK (idle/timeout)
[2025-11-13 15:06:41] [DIAG] GET_STATUS queued via BULK (idle/timeout)
[2025-11-13 15:06:42] [DIAG] GET_STATUS queued via BULK (idle/timeout)
[2025-11-13 15:06:44] [DIAG] GET_STATUS queued via BULK (idle/timeout)
[2025-11-13 15:06:46] [DIAG] GET_STATUS queued via BULK (idle/timeout)
[2025-11-13 15:06:47] [DIAG] GET_STATUS queued via BULK (idle/timeout)
[2025-11-13 15:06:49] [DIAG] GET_STATUS queued via BULK (idle/timeout)
[2025-11-13 15:06:50] [DIAG] GET_STATUS queued via BULK (idle/timeout)
[2025-11-13 15:06:52] [DIAG] GET_STATUS queued via BULK (idle/timeout)
[2025-11-13 15:06:53] [DIAG] GET_STATUS queued via BULK (idle/timeout)
[2025-11-13 15:06:55] [DIAG] GET_STATUS queued via BULK (idle/timeout)
[2025-11-13 15:06:56] [DIAG] GET_STATUS queued via BULK (idle/timeout)
[2025-11-13 15:06:58] [DIAG] GET_STATUS queued via BULK (idle/timeout)
[2025-11-13 15:06:59] [DIAG] GET_STATUS queued via BULK (idle/timeout)
[2025-11-13 15:07:01] [DIAG] GET_STATUS queued via BULK (idle/timeout)
[2025-11-13 15:07:02] [DIAG] GET_STATUS queued via BULK (idle/timeout)
[2025-11-13 15:07:04] [DIAG] GET_STATUS queued via BULK (idle/timeout)
[2025-11-13 15:07:05] [DIAG] GET_STATUS queued via BULK (idle/timeout)
[2025-11-13 15:07:07] [DIAG] GET_STATUS queued via BULK (idle/timeout)
[2025-11-13 15:07:08] [DIAG] GET_STATUS queued via BULK (idle/timeout)
[2025-11-13 15:07:10] [DIAG] GET_STATUS queued via BULK (idle/timeout)
[2025-11-13 15:07:11] [DIAG] GET_STATUS queued via BULK (idle/timeout)
[2025-11-13 15:07:13] [DIAG] GET_STATUS queued via BULK (idle/timeout)
[2025-11-13 15:07:14] [DIAG] GET_STATUS queued via BULK (idle/timeout)
[2025-11-13 15:07:16] [DIAG] GET_STATUS queued via BULK (idle/timeout)
[2025-11-13 15:07:17] [DIAG] GET_STATUS queued via BULK (idle/timeout)
[2025-11-13 15:07:19] [DIAG] GET_STATUS queued via BULK (idle/timeout)
[2025-11-13 15:07:20] [DIAG] GET_STATUS queued via BULK (idle/timeout)
[2025-11-13 15:07:22] [DIAG] GET_STATUS queued via BULK (idle/timeout)
[2025-11-13 15:07:23] [DIAG] GET_STATUS queued via BULK (idle/timeout)
[2025-11-13 15:07:25] [DIAG] GET_STATUS queued via BULK (idle/timeout)
[2025-11-13 15:07:26] [DIAG] GET_STATUS queued via BULK (idle/timeout)
[2025-11-13 15:07:28] [DIAG] GET_STATUS queued via BULK (idle/timeout)
[2025-11-13 15:07:29] [DIAG] GET_STATUS queued via BULK (idle/timeout)
[2025-11-13 15:07:31] [DIAG] GET_STATUS queued via BULK (idle/timeout)
[2025-11-13 15:07:32] [DIAG] GET_STATUS queued via BULK (idle/timeout)
[2025-11-13 15:07:34] [DIAG] GET_STATUS queued via BULK (idle/timeout)
[2025-11-13 15:07:35] [DIAG] GET_STATUS queued via BULK (idle/timeout)
[2025-11-13 15:07:37] [DIAG] GET_STATUS queued via BULK (idle/timeout)
[2025-11-13 15:07:38] [DIAG] GET_STATUS queued via BULK (idle/timeout)
[2025-11-13 15:07:40] [DIAG] GET_STATUS queued via BULK (idle/timeout)
[2025-11-13 15:07:41] [DIAG] GET_STATUS queued via BULK (idle/timeout)
[2025-11-13 15:07:43] [DIAG] GET_STATUS queued via BULK (idle/timeout)
[2025-11-13 15:07:44] [DIAG] GET_STATUS queued via BULK (idle/timeout)
[2025-11-13 15:07:46] [DIAG] GET_STATUS queued via BULK (idle/timeout)
[2025-11-13 15:07:47] [DIAG] GET_STATUS queued via BULK (idle/timeout)
[2025-11-13 15:07:49] [DIAG] GET_STATUS queued via BULK (idle/timeout)
[2025-11-13 15:07:50] [DIAG] GET_STATUS queued via BULK (idle/timeout)
[2025-11-13 15:07:52] [DIAG] GET_STATUS queued via BULK (idle/timeout)
[2025-11-13 15:07:53] [DIAG] GET_STATUS queued via BULK (idle/timeout)
[2025-11-13 15:07:55] [DIAG] GET_STATUS queued via BULK (idle/timeout)
[2025-11-13 15:07:56] [DIAG] GET_STATUS queued via BULK (idle/timeout)
[2025-11-13 15:07:58] [DIAG] GET_STATUS queued via BULK (idle/timeout)
[2025-11-13 15:07:59] [DIAG] GET_STATUS queued via BULK (idle/timeout)
[2025-11-13 15:08:01] [DIAG] GET_STATUS queued via BULK (idle/timeout)
[2025-11-13 15:08:02] [DIAG] GET_STATUS queued via BULK (idle/timeout)
[2025-11-13 15:08:04] [DIAG] GET_STATUS queued via BULK (idle/timeout)
[2025-11-13 15:08:05] [DIAG] GET_STATUS queued via BULK (idle/timeout)
[2025-11-13 15:08:07] [DIAG] GET_STATUS queued via BULK (idle/timeout)
[2025-11-13 15:08:08] [DIAG] GET_STATUS queued via BULK (idle/timeout)
[2025-11-13 15:08:10] [DIAG] GET_STATUS queued via BULK (idle/timeout)
[2025-11-13 15:08:11] [DIAG] GET_STATUS queued via BULK (idle/timeout)
[2025-11-13 15:08:13] [DIAG] GET_STATUS queued via BULK (idle/timeout)
[2025-11-13 15:08:14] [DIAG] GET_STATUS queued via BULK (idle/timeout)
[2025-11-13 15:08:16] [DIAG] GET_STATUS queued via BULK (idle/timeout)
[2025-11-13 15:08:17] [DIAG] GET_STATUS queued via BULK (idle/timeout)
[2025-11-13 15:08:19] [DIAG] GET_STATUS queued via BULK (idle/timeout)
[2025-11-13 15:08:20] [DIAG] GET_STATUS queued via BULK (idle/timeout)
[2025-11-13 15:08:22] [DIAG] GET_STATUS queued via BULK (idle/timeout)
[2025-11-13 15:08:23] [DIAG] GET_STATUS queued via BULK (idle/timeout)
[2025-11-13 15:08:25] [DIAG] GET_STATUS queued via BULK (idle/timeout)
[2025-11-13 15:08:26] [DIAG] GET_STATUS queued via BULK (idle/timeout)
[2025-11-13 15:08:28] [DIAG] GET_STATUS queued via BULK (idle/timeout)
[2025-11-13 15:08:29] [DIAG] GET_STATUS queued via BULK (idle/timeout)
[2025-11-13 15:08:31] [DIAG] GET_STATUS queued via BULK (idle/timeout)
[2025-11-13 15:08:32] [DIAG] GET_STATUS queued via BULK (idle/timeout)
[2025-11-13 15:08:34] [DIAG] GET_STATUS queued via BULK (idle/timeout)
[2025-11-13 15:08:35] [DIAG] GET_STATUS queued via BULK (idle/timeout)
[2025-11-13 15:08:37] [DIAG] GET_STATUS queued via BULK (idle/timeout)
[2025-11-13 15:08:38] [DIAG] GET_STATUS queued via BULK (idle/timeout)
[2025-11-13 15:08:40] [DIAG] GET_STATUS queued via BULK (idle/timeout)
[2025-11-13 15:08:41] [DIAG] GET_STATUS queued via BULK (idle/timeout)
[2025-11-13 15:08:43] [DIAG] GET_STATUS queued via BULK (idle/timeout)
[2025-11-13 15:08:44] [DIAG] GET_STATUS queued via BULK (idle/timeout)
[2025-11-13 15:08:46] [DIAG] GET_STATUS queued via BULK (idle/timeout)
[2025-11-13 15:08:47] [DIAG] GET_STATUS queued via BULK (idle/timeout)
[2025-11-13 15:08:49] [DIAG] GET_STATUS queued via BULK (idle/timeout)
[2025-11-13 15:08:50] [DIAG] GET_STATUS queued via BULK (idle/timeout)
[2025-11-13 15:08:52] [DIAG] GET_STATUS queued via BULK (idle/timeout)
[2025-11-13 15:08:53] [DIAG] GET_STATUS queued via BULK (idle/timeout)
[2025-11-13 15:08:55] [DIAG] GET_STATUS queued via BULK (idle/timeout)
[2025-11-13 15:08:56] [DIAG] GET_STATUS queued via BULK (idle/timeout)
[2025-11-13 15:08:58] [DIAG] GET_STATUS queued via BULK (idle/timeout)
[2025-11-13 15:08:59] [DIAG] GET_STATUS queued via BULK (idle/timeout)
[2025-11-13 15:09:01] [DIAG] GET_STATUS queued via BULK (idle/timeout)
[2025-11-13 15:09:02] [DIAG] GET_STATUS queued via BULK (idle/timeout)
[2025-11-13 15:09:04] [DIAG] GET_STATUS queued via BULK (idle/timeout)
[2025-11-13 15:09:05] [DIAG] GET_STATUS queued via BULK (idle/timeout)
[2025-11-13 15:09:07] [DIAG] GET_STATUS queued via BULK (idle/timeout)
[2025-11-13 15:09:08] [DIAG] GET_STATUS queued via BULK (idle/timeout)
[2025-11-13 15:09:10] [DIAG] GET_STATUS queued via BULK (idle/timeout)
[2025-11-13 15:09:11] [DIAG] GET_STATUS queued via BULK (idle/timeout)
[2025-11-13 15:09:13] [DIAG] GET_STATUS queued via BULK (idle/timeout)
[2025-11-13 15:09:14] [DIAG] GET_STATUS queued via BULK (idle/timeout)
[2025-11-13 15:09:16] [DIAG] GET_STATUS queued via BULK (idle/timeout)
[2025-11-13 15:09:17] [DIAG] GET_STATUS queued via BULK (idle/timeout)
[2025-11-13 15:09:19] [DIAG] GET_STATUS queued via BULK (idle/timeout)
[2025-11-13 15:09:20] [DIAG] GET_STATUS queued via BULK (idle/timeout)
[2025-11-13 15:09:22] [DIAG] GET_STATUS queued via BULK (idle/timeout)
[2025-11-13 15:09:23] [DIAG] GET_STATUS queued via BULK (idle/timeout)
[2025-11-13 15:09:25] [DIAG] GET_STATUS queued via BULK (idle/timeout)
[2025-11-13 15:09:26] [DIAG] GET_STATUS queued via BULK (idle/timeout)
[2025-11-13 15:09:28] [DIAG] GET_STATUS queued via BULK (idle/timeout)
[2025-11-13 15:09:29] [DIAG] GET_STATUS queued via BULK (idle/timeout)
[2025-11-13 15:09:31] [DIAG] GET_STATUS queued via BULK (idle/timeout)
[2025-11-13 15:09:32] [DIAG] GET_STATUS queued via BULK (idle/timeout)
[2025-11-13 15:09:34] [DIAG] GET_STATUS queued via BULK (idle/timeout)
[2025-11-13 15:09:35] [DIAG] GET_STATUS queued via BULK (idle/timeout)
[2025-11-13 15:09:37] [DIAG] GET_STATUS queued via BULK (idle/timeout)
[2025-11-13 15:09:38] [DIAG] GET_STATUS queued via BULK (idle/timeout)
[2025-11-13 15:09:40] [DIAG] GET_STATUS queued via BULK (idle/timeout)
[2025-11-13 15:09:41] [DIAG] GET_STATUS queued via BULK (idle/timeout)
[2025-11-13 15:09:43] [DIAG] GET_STATUS queued via BULK (idle/timeout)
[2025-11-13 15:09:44] [DIAG] GET_STATUS queued via BULK (idle/timeout)
[2025-11-13 15:09:46] [DIAG] GET_STATUS queued via BULK (idle/timeout)
[2025-11-13 15:09:47] [DIAG] GET_STATUS queued via BULK (idle/timeout)
[2025-11-13 15:09:49] [DIAG] GET_STATUS queued via BULK (idle/timeout)
[2025-11-13 15:09:50] [DIAG] GET_STATUS queued via BULK (idle/timeout)
[2025-11-13 15:09:52] [DIAG] GET_STATUS queued via BULK (idle/timeout)
[2025-11-13 15:09:53] [DIAG] GET_STATUS queued via BULK (idle/timeout)
[2025-11-13 15:09:55] [DIAG] GET_STATUS queued via BULK (idle/timeout)
[2025-11-13 15:09:56] [DIAG] GET_STATUS queued via BULK (idle/timeout)
[2025-11-13 15:09:58] [DIAG] GET_STATUS queued via BULK (idle/timeout)
[2025-11-13 15:09:59] [DIAG] GET_STATUS queued via BULK (idle/timeout)
[2025-11-13 15:10:01] [DIAG] GET_STATUS queued via BULK (idle/timeout)
[2025-11-13 15:10:02] [DIAG] GET_STATUS queued via BULK (idle/timeout)
[2025-11-13 15:10:04] [DIAG] GET_STATUS queued via BULK (idle/timeout)
[2025-11-13 15:12:27] [START] gui_oscilloscope.py C:\Users\TEST\AppData\Local\Programs\Python\Python312\python.exe 3.12.3 args: {'ns': 0, 'profile': 0, 'pairs': 400, 'single': False, 'no_reset_first': False, 'watchdog': False, 'wdg_idle_sec': 2.5, 'wdg_timeouts': 8, 'log': 'C:\\Users\\TEST\\Documents\\Work\\BMI20\\STM32\\BMI30.stm32h7\\HostTools\\gui_oscilloscope.log', 'status_log_interval': 10.0, 'pkt_log_interval': 0.0}
[2025-11-13 15:12:28] [INIT] reset_device_and_reopen(no_reset= False )
[2025-11-13 15:12:28] [USB] Using altsetting=1 (endpoints OK)
[2025-11-13 15:12:35] [USB] Using altsetting=1 (endpoints OK)
[2025-11-13 15:12:35] [INIT] device opened
[2025-11-13 15:12:36] [CFG] SET_FULL_MODE=1
[2025-11-13 15:12:36] [CFG] SET_PROFILE= 0
[2025-11-13 15:12:36] [CFG] SET_CHMODE= 2
[2025-11-13 15:12:36] [CFG] SET_ASYNC_MODE=1
[2025-11-13 15:12:36] [CFG] SET_BLOCK_HZ= 300
[2025-11-13 15:12:36] [RUN] START stream (bulk + ctrl fallback + GET_STATUS)
[2025-11-13 15:12:36] [RUN] START ctrl duplicate sent
[2025-11-13 15:12:36] [WARN] GET_STATUS after START failed: [Errno 32] Pipe error
[2025-11-13 15:12:39] [DIAG] GET_STATUS queued via BULK (idle/timeout)
[2025-11-13 15:12:41] [DIAG] GET_STATUS queued via BULK (idle/timeout)
[2025-11-13 15:12:42] [DIAG] GET_STATUS queued via BULK (idle/timeout)
[2025-11-13 15:12:44] [DIAG] GET_STATUS queued via BULK (idle/timeout)
[2025-11-13 15:12:45] [DIAG] GET_STATUS queued via BULK (idle/timeout)
[2025-11-13 15:12:47] [DIAG] GET_STATUS queued via BULK (idle/timeout)
[2025-11-13 15:12:48] [DIAG] GET_STATUS queued via BULK (idle/timeout)
[2025-11-13 15:24:04] [START] gui_oscilloscope.py C:\Users\TEST\AppData\Local\Programs\Python\Python312\python.exe 3.12.3 args: {'ns': 0, 'profile': 0, 'pairs': 400, 'single': False, 'no_reset_first': False, 'watchdog': True, 'wdg_idle_sec': 2.5, 'wdg_timeouts': 8, 'log': 'c:\\Users\\TEST\\Documents\\Work\\BMI20\\STM32\\BMI30.stm32h7\\HostTools\\gui_oscilloscope.log', 'status_log_interval': 10.0, 'pkt_log_interval': 0.0}
[2025-11-13 15:24:05] [INIT] reset_device_and_reopen(no_reset= False )
[2025-11-13 15:24:05] [USB] Using altsetting=1 (endpoints OK)
[2025-11-13 15:24:13] [USB] Using altsetting=1 (endpoints OK)
[2025-11-13 15:24:13] [INIT] device opened
[2025-11-13 15:24:13] [CFG] SET_FULL_MODE=1
[2025-11-13 15:24:13] [CFG] SET_PROFILE= 0
[2025-11-13 15:24:13] [CFG] SET_CHMODE= 2
[2025-11-13 15:24:13] [CFG] SET_ASYNC_MODE=1
[2025-11-13 15:24:13] [CFG] SET_BLOCK_HZ= 300
[2025-11-13 15:24:13] [RUN] START stream (bulk + ctrl fallback + GET_STATUS)
[2025-11-13 15:24:13] [RUN] START ctrl duplicate sent
[2025-11-13 15:24:13] [WARN] GET_STATUS after START failed: [Errno 32] Pipe error
[2025-11-13 15:24:16] [DIAG] GET_STATUS queued via BULK (idle/timeout)
[2025-11-13 15:24:18] [DIAG] GET_STATUS queued via BULK (idle/timeout)
[2025-11-13 15:24:18] [WDG] Restart stream: idle_pair=2.8049559593200684 consec_timeouts=0
[2025-11-13 15:24:19] [DIAG] GET_STATUS queued via BULK (idle/timeout)
[2025-11-13 15:24:21] [DIAG] GET_STATUS queued via BULK (idle/timeout)
[2025-11-13 15:24:22] [DIAG] GET_STATUS queued via BULK (idle/timeout)
[2025-11-13 15:24:24] [WDG] Restart stream: idle_pair=4.2270591259002686 consec_timeouts=0
[2025-11-13 15:24:24] [DIAG] GET_STATUS queued via BULK (idle/timeout)
[2025-11-13 15:24:24] [WDG] Escalate: send DEVICE_RESET (0x22) before START…
[2025-11-13 15:24:25] [USB] Using altsetting=1 (endpoints OK)
[2025-11-13 15:24:25] [WDG] Reopened after DEVICE_RESET
[2025-11-13 15:24:27] [DIAG] GET_STATUS queued via BULK (idle/timeout)
[2025-11-13 15:24:30] [DIAG] GET_STATUS queued via BULK (idle/timeout)
[2025-11-13 15:24:31] [WDG] Restart stream: idle_pair=2.5427112579345703 consec_timeouts=0
[2025-11-13 15:24:31] [DIAG] GET_STATUS queued via BULK (idle/timeout)
[2025-11-13 15:24:33] [DIAG] GET_STATUS queued via BULK (idle/timeout)
[2025-11-13 15:24:34] [DIAG] GET_STATUS queued via BULK (idle/timeout)
[2025-11-13 15:24:36] [DIAG] GET_STATUS queued via BULK (idle/timeout)
[2025-11-13 15:24:36] [WDG] Restart stream: idle_pair=4.136951446533203 consec_timeouts=0
[2025-11-13 15:24:36] [WDG] Escalate: send DEVICE_RESET (0x22) before START…
[2025-11-13 15:24:38] [USB] Using altsetting=1 (endpoints OK)
[2025-11-13 15:24:38] [WDG] Reopened after DEVICE_RESET
[2025-11-13 15:24:39] [DIAG] GET_STATUS queued via BULK (idle/timeout)
[2025-11-13 15:24:40] [DIAG] GET_STATUS queued via BULK (idle/timeout)
[2025-11-13 15:24:42] [DIAG] GET_STATUS queued via BULK (idle/timeout)
[2025-11-13 15:24:43] [DIAG] GET_STATUS queued via BULK (idle/timeout)
[2025-11-13 15:24:44] [WDG] Restart stream: idle_pair=2.5312159061431885 consec_timeouts=0
[2025-11-13 15:24:46] [DIAG] GET_STATUS queued via BULK (idle/timeout)
[2025-11-13 15:24:48] [DIAG] GET_STATUS queued via BULK (idle/timeout)
[2025-11-13 15:24:49] [WDG] Restart stream: idle_pair=4.2112812995910645 consec_timeouts=0
[2025-11-13 15:24:49] [WDG] Escalate: send DEVICE_RESET (0x22) before START…
[2025-11-13 15:24:49] [DIAG] GET_STATUS queued via BULK (idle/timeout)
[2025-11-13 15:24:51] [USB] Using altsetting=1 (endpoints OK)
[2025-11-13 15:24:51] [WDG] Reopened after DEVICE_RESET
[2025-11-13 15:24:51] [DIAG] GET_STATUS queued via BULK (idle/timeout)
[2025-11-13 15:24:52] [DIAG] GET_STATUS queued via BULK (idle/timeout)
[2025-11-13 15:30:39] [START] gui_oscilloscope.py C:\Users\TEST\AppData\Local\Programs\Python\Python312\python.exe 3.12.3 args: {'ns': 0, 'profile': 0, 'pairs': 400, 'single': False, 'no_reset_first': False, 'watchdog': True, 'wdg_idle_sec': 2.5, 'wdg_timeouts': 8, 'log': 'c:\\Users\\TEST\\Documents\\Work\\BMI20\\STM32\\BMI30.stm32h7\\HostTools\\gui_oscilloscope.log', 'status_log_interval': 10.0, 'pkt_log_interval': 0.0}
[2025-11-13 15:30:39] [INIT] reset_device_and_reopen(no_reset= False )
[2025-11-13 15:30:39] [USB] Using altsetting=1 (endpoints OK)
[2025-11-13 15:30:47] [USB] Using altsetting=1 (endpoints OK)
[2025-11-13 15:30:47] [INIT] device opened
[2025-11-13 15:30:47] [CFG] SET_FULL_MODE=1
[2025-11-13 15:30:47] [CFG] SET_PROFILE= 0
[2025-11-13 15:30:47] [CFG] SET_CHMODE= 2
[2025-11-13 15:30:47] [CFG] SET_ASYNC_MODE=1
[2025-11-13 15:30:47] [CFG] SET_BLOCK_HZ= 300
[2025-11-13 15:30:47] [RUN] START stream (bulk + ctrl fallback + GET_STATUS)
[2025-11-13 15:30:48] [RUN] START ctrl duplicate sent
[2025-11-13 15:30:48] [WARN] GET_STATUS after START failed: [Errno 32] Pipe error
[2025-11-13 15:30:51] [DIAG] GET_STATUS queued via BULK (idle/timeout)
[2025-11-13 15:30:52] [DIAG] GET_STATUS queued via BULK (idle/timeout)
[2025-11-13 15:30:54] [DIAG] GET_STATUS queued via BULK (idle/timeout)
[2025-11-13 15:30:54] [WDG] Restart stream: idle_pair=2.5521349906921387 consec_timeouts=0
[2025-11-13 15:30:55] [DIAG] GET_STATUS queued via BULK (idle/timeout)
[2025-11-13 15:30:57] [DIAG] GET_STATUS queued via BULK (idle/timeout)
[2025-11-13 15:30:58] [DIAG] GET_STATUS queued via BULK (idle/timeout)
[2025-11-13 15:31:00] [WDG] Restart stream: idle_pair=7.942874193191528 consec_timeouts=0
[2025-11-13 15:31:00] [DIAG] GET_STATUS queued via BULK (idle/timeout)
[2025-11-13 15:31:00] [WDG] Escalate: send DEVICE_RESET (0x22) before START…
[2025-11-13 15:31:01] [USB] Using altsetting=1 (endpoints OK)
[2025-11-13 15:31:01] [WDG] Reopened after DEVICE_RESET
[2025-11-13 15:31:01] [DIAG] GET_STATUS queued via BULK (idle/timeout)
[2025-11-13 15:31:03] [DIAG] GET_STATUS queued via BULK (idle/timeout)
[2025-11-13 15:31:04] [DIAG] GET_STATUS queued via BULK (idle/timeout)
[2025-11-13 15:31:05] [WDG] Restart stream: idle_pair=2.89951491355896 consec_timeouts=0
[2025-11-13 15:31:06] [DIAG] GET_STATUS queued via BULK (idle/timeout)
[2025-11-13 15:31:07] [DIAG] GET_STATUS queued via BULK (idle/timeout)
[2025-11-13 15:31:09] [DIAG] GET_STATUS queued via BULK (idle/timeout)
[2025-11-13 15:31:10] [WDG] Restart stream: idle_pair=4.268365383148193 consec_timeouts=0
[2025-11-13 15:31:10] [DIAG] GET_STATUS queued via BULK (idle/timeout)
[2025-11-13 15:31:10] [WDG] Escalate: send DEVICE_RESET (0x22) before START…
[2025-11-13 15:31:12] [USB] Using altsetting=1 (endpoints OK)
[2025-11-13 15:31:12] [WDG] Reopened after DEVICE_RESET
[2025-11-13 15:31:13] [DIAG] GET_STATUS queued via BULK (idle/timeout)
[2025-11-13 15:31:15] [DIAG] GET_STATUS queued via BULK (idle/timeout)
[2025-11-13 15:34:01] [START] gui_oscilloscope.py C:\Users\TEST\AppData\Local\Programs\Python\Python312\python.exe 3.12.3 args: {'ns': 0, 'profile': 0, 'pairs': 400, 'single': False, 'no_reset_first': False, 'watchdog': False, 'wdg_idle_sec': 2.5, 'wdg_timeouts': 8, 'log': 'C:\\Users\\TEST\\Documents\\Work\\BMI20\\STM32\\BMI30.stm32h7\\HostTools\\gui_oscilloscope.log', 'status_log_interval': 10.0, 'pkt_log_interval': 0.0}
[2025-11-13 15:34:02] [INIT] reset_device_and_reopen(no_reset= False )
[2025-11-13 15:34:02] [USB] Using altsetting=1 (endpoints OK)
[2025-11-13 15:34:09] [USB] Using altsetting=1 (endpoints OK)
[2025-11-13 15:34:09] [INIT] device opened
[2025-11-13 15:34:09] [CFG] SET_FULL_MODE=1
[2025-11-13 15:34:09] [CFG] SET_PROFILE= 0
[2025-11-13 15:34:10] [CFG] SET_CHMODE= 2
[2025-11-13 15:34:10] [CFG] SET_ASYNC_MODE=1
[2025-11-13 15:34:10] [CFG] SET_BLOCK_HZ= 300
[2025-11-13 15:34:10] [RUN] START stream (bulk + ctrl fallback + GET_STATUS)
[2025-11-13 15:34:10] [RUN] START ctrl duplicate sent
[2025-11-13 15:34:10] [WARN] GET_STATUS after START failed: [Errno 32] Pipe error
[2025-11-13 15:34:13] [DIAG] GET_STATUS queued via BULK (idle/timeout)
[2025-11-13 15:34:14] [DIAG] GET_STATUS queued via BULK (idle/timeout)
[2025-11-13 15:34:17] [DIAG] GET_STATUS queued via BULK (idle/timeout)
[2025-11-13 15:34:19] [DIAG] GET_STATUS queued via BULK (idle/timeout)
[2025-11-13 15:34:20] [DIAG] GET_STATUS queued via BULK (idle/timeout)
[2025-11-13 15:34:22] [DIAG] GET_STATUS queued via BULK (idle/timeout)
[2025-11-13 15:34:23] [DIAG] GET_STATUS queued via BULK (idle/timeout)
[2025-11-13 15:34:25] [DIAG] GET_STATUS queued via BULK (idle/timeout)
[2025-11-13 15:34:26] [DIAG] GET_STATUS queued via BULK (idle/timeout)
[2025-11-13 15:34:28] [DIAG] GET_STATUS queued via BULK (idle/timeout)
[2025-11-13 15:34:29] [DIAG] GET_STATUS queued via BULK (idle/timeout)
[2025-11-13 15:34:31] [DIAG] GET_STATUS queued via BULK (idle/timeout)
[2025-11-13 15:34:32] [DIAG] GET_STATUS queued via BULK (idle/timeout)
[2025-11-13 15:34:34] [DIAG] GET_STATUS queued via BULK (idle/timeout)
[2025-11-13 15:34:35] [DIAG] GET_STATUS queued via BULK (idle/timeout)
[2025-11-13 15:34:37] [DIAG] GET_STATUS queued via BULK (idle/timeout)
[2025-11-13 15:34:38] [DIAG] GET_STATUS queued via BULK (idle/timeout)
[2025-11-13 15:34:40] [DIAG] GET_STATUS queued via BULK (idle/timeout)
[2025-11-13 15:34:41] [DIAG] GET_STATUS queued via BULK (idle/timeout)
[2025-11-13 15:34:43] [DIAG] GET_STATUS queued via BULK (idle/timeout)
[2025-11-13 15:38:55] [START] gui_oscilloscope.py C:\Users\TEST\AppData\Local\Programs\Python\Python312\python.exe 3.12.3 args: {'ns': 0, 'profile': 0, 'pairs': 400, 'single': False, 'no_reset_first': False, 'watchdog': True, 'wdg_idle_sec': 2.5, 'wdg_timeouts': 8, 'log': 'c:\\Users\\TEST\\Documents\\Work\\BMI20\\STM32\\BMI30.stm32h7\\HostTools\\gui_oscilloscope.log', 'status_log_interval': 10.0, 'pkt_log_interval': 0.0}
[2025-11-13 15:38:56] [INIT] reset_device_and_reopen(no_reset= False )
[2025-11-13 15:38:56] [USB] Using altsetting=1 (endpoints OK)
[2025-11-13 15:39:03] [USB] Using altsetting=1 (endpoints OK)
[2025-11-13 15:39:03] [INIT] device opened
[2025-11-13 15:39:03] [CFG] SET_FULL_MODE=1
[2025-11-13 15:39:03] [CFG] SET_PROFILE= 0
[2025-11-13 15:39:04] [CFG] SET_CHMODE= 2
[2025-11-13 15:39:04] [CFG] SET_ASYNC_MODE=1
[2025-11-13 15:39:04] [CFG] SET_BLOCK_HZ= 300
[2025-11-13 15:39:04] [RUN] START stream (bulk + ctrl fallback + GET_STATUS)
[2025-11-13 15:39:04] [RUN] START ctrl duplicate sent
[2025-11-13 15:39:04] [WARN] GET_STATUS after START failed: [Errno 32] Pipe error
[2025-11-13 15:39:06] [DIAG] GET_STATUS queued via BULK (idle/timeout)
[2025-11-13 15:39:07] [DIAG] GET_STATUS queued via BULK (idle/timeout)
[2025-11-13 15:39:07] [WDG] Restart stream: idle_pair=2.564103603363037 consec_timeouts=0
[2025-11-13 15:39:09] [DIAG] GET_STATUS queued via BULK (idle/timeout)
[2025-11-13 15:39:10] [DIAG] GET_STATUS queued via BULK (idle/timeout)
[2025-11-13 15:39:12] [DIAG] GET_STATUS queued via BULK (idle/timeout)
[2025-11-13 15:39:12] [WDG] Restart stream: idle_pair=8.00775957107544 consec_timeouts=0
[2025-11-13 15:39:13] [WDG] Escalate: send DEVICE_RESET (0x22) before START…
[2025-11-13 15:39:14] [USB] Using altsetting=1 (endpoints OK)
[2025-11-13 15:39:14] [WDG] Reopened after DEVICE_RESET
[2025-11-13 15:39:15] [DIAG] GET_STATUS queued via BULK (idle/timeout)
[2025-11-13 15:39:16] [DIAG] GET_STATUS queued via BULK (idle/timeout)
[2025-11-13 15:39:19] [DIAG] GET_STATUS queued via BULK (idle/timeout)
[2025-11-13 15:39:20] [WDG] Restart stream: idle_pair=2.898676872253418 consec_timeouts=0
[2025-11-13 15:39:21] [DIAG] GET_STATUS queued via BULK (idle/timeout)
[2025-11-13 15:39:22] [DIAG] GET_STATUS queued via BULK (idle/timeout)
[2025-11-13 15:39:24] [DIAG] GET_STATUS queued via BULK (idle/timeout)
[2025-11-13 15:39:25] [DIAG] GET_STATUS queued via BULK (idle/timeout)
[2025-11-13 15:39:26] [WDG] Restart stream: idle_pair=8.290420770645142 consec_timeouts=0
[2025-11-13 15:39:26] [WDG] Escalate: send DEVICE_RESET (0x22) before START…
[2025-11-13 15:39:27] [USB] Using altsetting=1 (endpoints OK)
[2025-11-13 15:39:27] [WDG] Reopened after DEVICE_RESET
[2025-11-13 15:39:30] [DIAG] GET_STATUS queued via BULK (idle/timeout)
[2025-11-13 15:39:31] [DIAG] GET_STATUS queued via BULK (idle/timeout)
[2025-11-13 16:13:59] [START] gui_oscilloscope.py C:\Users\TEST\AppData\Local\Programs\Python\Python312\python.exe 3.12.3 args: {'ns': 0, 'profile': 0, 'pairs': 400, 'single': False, 'no_reset_first': False, 'watchdog': True, 'wdg_idle_sec': 2.5, 'wdg_timeouts': 8, 'log': 'c:\\Users\\TEST\\Documents\\Work\\BMI20\\STM32\\BMI30.stm32h7\\HostTools\\gui_oscilloscope.log', 'status_log_interval': 10.0, 'pkt_log_interval': 0.0}
[2025-11-13 16:13:59] [INIT] reset_device_and_reopen(no_reset= False )
[2025-11-13 16:14:00] [USB] Using altsetting=1 (endpoints OK)
[2025-11-13 16:14:07] [USB] Using altsetting=1 (endpoints OK)
[2025-11-13 16:14:07] [INIT] device opened
[2025-11-13 16:14:07] [CFG] SET_FULL_MODE=1
[2025-11-13 16:14:07] [CFG] SET_PROFILE= 0
[2025-11-13 16:14:07] [CFG] SET_CHMODE= 2
[2025-11-13 16:14:07] [CFG] SET_ASYNC_MODE=1
[2025-11-13 16:14:07] [CFG] SET_BLOCK_HZ= 300
[2025-11-13 16:14:07] [RUN] START stream (bulk + ctrl fallback + GET_STATUS)
[2025-11-13 16:14:07] [DIAG] GET_STATUS queued via BULK after START
[2025-11-13 16:14:07] [DIAG] GET_STATUS after START (CTRL) OK
[2025-11-13 16:14:09] [DIAG] GET_STATUS queued via BULK (idle/timeout)
[2025-11-13 16:14:10] [DIAG] GET_STATUS queued via BULK (idle/timeout)
[2025-11-13 16:14:12] [DIAG] GET_STATUS queued via BULK (idle/timeout)
[2025-11-13 16:14:12] [WDG] Restart stream: idle_pair=2.6135001182556152 consec_timeouts=0
[2025-11-13 16:14:14] [DIAG] GET_STATUS queued via BULK (idle/timeout)
[2025-11-13 16:14:15] [DIAG] GET_STATUS queued via BULK (idle/timeout)
[2025-11-13 16:14:17] [DIAG] GET_STATUS queued via BULK (idle/timeout)
[2025-11-13 16:14:18] [WDG] Restart stream: idle_pair=8.003258228302002 consec_timeouts=0
[2025-11-13 16:14:18] [DIAG] GET_STATUS queued via BULK (idle/timeout)
[2025-11-13 16:14:18] [WDG] Escalate: send DEVICE_RESET (0x22) before START…
[2025-11-13 16:14:19] [USB] Using altsetting=1 (endpoints OK)
[2025-11-13 16:14:19] [WDG] Reopened after DEVICE_RESET
[2025-11-13 16:14:20] [DIAG] GET_STATUS queued via BULK (idle/timeout)
[2025-11-13 16:14:21] [DIAG] GET_STATUS queued via BULK (idle/timeout)
[2025-11-13 16:14:24] [DIAG] GET_STATUS queued via BULK (idle/timeout)
[2025-11-13 16:14:25] [WDG] Restart stream: idle_pair=2.871389865875244 consec_timeouts=0
[2025-11-13 16:14:26] [DIAG] GET_STATUS queued via BULK (idle/timeout)
[2025-11-13 16:14:27] [DIAG] GET_STATUS queued via BULK (idle/timeout)
[2025-11-13 16:14:29] [DIAG] GET_STATUS queued via BULK (idle/timeout)
[2025-11-13 16:14:30] [DIAG] GET_STATUS queued via BULK (idle/timeout)
[2025-11-13 16:14:30] [WDG] Restart stream: idle_pair=8.265356302261353 consec_timeouts=0
[2025-11-13 16:14:31] [WDG] Escalate: send DEVICE_RESET (0x22) before START…
[2025-11-13 16:14:32] [USB] Using altsetting=1 (endpoints OK)
[2025-11-13 16:14:32] [WDG] Reopened after DEVICE_RESET
[2025-11-13 16:14:35] [DIAG] GET_STATUS queued via BULK (idle/timeout)
[2025-11-13 16:14:36] [DIAG] GET_STATUS queued via BULK (idle/timeout)
[2025-11-13 16:14:38] [DIAG] GET_STATUS queued via BULK (idle/timeout)
[2025-11-13 16:14:38] [WDG] Restart stream: idle_pair=2.79978609085083 consec_timeouts=0
[2025-11-13 16:14:39] [DIAG] GET_STATUS queued via BULK (idle/timeout)
[2025-11-13 16:14:41] [DIAG] GET_STATUS queued via BULK (idle/timeout)
[2025-11-13 16:14:42] [DIAG] GET_STATUS queued via BULK (idle/timeout)
[2025-11-13 16:14:44] [DIAG] GET_STATUS queued via BULK (idle/timeout)
[2025-11-13 16:14:44] [WDG] Restart stream: idle_pair=8.190501689910889 consec_timeouts=0
[2025-11-13 16:14:44] [WDG] Escalate: send DEVICE_RESET (0x22) before START…
[2025-11-13 16:14:45] [USB] Using altsetting=1 (endpoints OK)
[2025-11-13 16:14:45] [WDG] Reopened after DEVICE_RESET
[2025-11-13 16:14:47] [DIAG] GET_STATUS queued via BULK (idle/timeout)
[2025-11-13 16:14:48] [DIAG] GET_STATUS queued via BULK (idle/timeout)
[2025-11-13 16:14:50] [DIAG] GET_STATUS queued via BULK (idle/timeout)
[2025-11-13 16:14:51] [DIAG] GET_STATUS queued via BULK (idle/timeout)
[2025-11-13 16:14:53] [DIAG] GET_STATUS queued via BULK (idle/timeout)
[2025-11-13 16:14:53] [WDG] Restart stream: idle_pair=2.698256731033325 consec_timeouts=0
[2025-11-13 16:14:54] [DIAG] GET_STATUS queued via BULK (idle/timeout)
[2025-11-13 16:14:56] [DIAG] GET_STATUS queued via BULK (idle/timeout)
[2025-11-13 16:14:57] [DIAG] GET_STATUS queued via BULK (idle/timeout)
[2025-11-13 16:14:58] [WDG] Restart stream: idle_pair=8.087230443954468 consec_timeouts=0
[2025-11-13 16:14:58] [WDG] Escalate: send DEVICE_RESET (0x22) before START…
[2025-11-13 16:15:00] [USB] Using altsetting=1 (endpoints OK)
[2025-11-13 16:15:00] [WDG] Reopened after DEVICE_RESET
[2025-11-13 16:15:00] [DIAG] GET_STATUS queued via BULK (idle/timeout)
[2025-11-13 16:15:02] [DIAG] GET_STATUS queued via BULK (idle/timeout)
[2025-11-13 16:15:05] [DIAG] GET_STATUS queued via BULK (idle/timeout)
[2025-11-13 16:15:06] [DIAG] GET_STATUS queued via BULK (idle/timeout)
[2025-11-13 16:15:07] [WDG] Restart stream: idle_pair=2.924030303955078 consec_timeouts=0
[2025-11-13 16:15:08] [DIAG] GET_STATUS queued via BULK (idle/timeout)
[2025-11-13 16:15:09] [DIAG] GET_STATUS queued via BULK (idle/timeout)
[2025-11-13 16:15:11] [DIAG] GET_STATUS queued via BULK (idle/timeout)
[2025-11-13 16:15:12] [DIAG] GET_STATUS queued via BULK (idle/timeout)
[2025-11-13 16:15:12] [WDG] Restart stream: idle_pair=8.318447589874268 consec_timeouts=0
[2025-11-13 16:15:13] [WDG] Escalate: send DEVICE_RESET (0x22) before START…
[2025-11-13 16:15:14] [USB] Using altsetting=1 (endpoints OK)
[2025-11-13 16:15:14] [WDG] Reopened after DEVICE_RESET
[2025-11-13 16:15:17] [DIAG] GET_STATUS queued via BULK (idle/timeout)
[2025-11-13 16:15:18] [DIAG] GET_STATUS queued via BULK (idle/timeout)
[2025-11-13 16:15:18] [WDG] Restart stream: idle_pair=2.9868578910827637 consec_timeouts=0
[2025-11-13 16:15:20] [DIAG] GET_STATUS queued via BULK (idle/timeout)
[2025-11-13 16:15:21] [DIAG] GET_STATUS queued via BULK (idle/timeout)
[2025-11-13 16:15:23] [DIAG] GET_STATUS queued via BULK (idle/timeout)
[2025-11-13 16:15:23] [WDG] Restart stream: idle_pair=8.380224227905273 consec_timeouts=0
[2025-11-13 16:15:24] [WDG] Escalate: send DEVICE_RESET (0x22) before START…
[2025-11-13 16:15:25] [USB] Using altsetting=1 (endpoints OK)
[2025-11-13 16:15:25] [WDG] Reopened after DEVICE_RESET
[2025-11-13 16:15:26] [DIAG] GET_STATUS queued via BULK (idle/timeout)
[2025-11-13 16:15:27] [DIAG] GET_STATUS queued via BULK (idle/timeout)
[2025-11-13 16:15:32] [DIAG] GET_STATUS queued via BULK (idle/timeout)
[2025-11-13 16:15:33] [WDG] Restart stream: idle_pair=2.9934804439544678 consec_timeouts=0
[2025-11-13 16:15:33] [DIAG] GET_STATUS queued via BULK (idle/timeout)
[2025-11-13 16:15:35] [DIAG] GET_STATUS queued via BULK (idle/timeout)
[2025-11-13 16:15:36] [DIAG] GET_STATUS queued via BULK (idle/timeout)
[2025-11-13 16:15:38] [DIAG] GET_STATUS queued via BULK (idle/timeout)
[2025-11-13 16:15:38] [WDG] Restart stream: idle_pair=8.385367393493652 consec_timeouts=0
[2025-11-13 16:15:38] [WDG] Escalate: send DEVICE_RESET (0x22) before START…
[2025-11-13 16:15:40] [USB] Using altsetting=1 (endpoints OK)
[2025-11-13 16:15:40] [WDG] Reopened after DEVICE_RESET
[2025-11-13 16:15:42] [DIAG] GET_STATUS queued via BULK (idle/timeout)
[2025-11-13 16:15:44] [DIAG] GET_STATUS queued via BULK (idle/timeout)
[2025-11-13 16:15:45] [DIAG] GET_STATUS queued via BULK (idle/timeout)
[2025-11-13 16:15:47] [DIAG] GET_STATUS queued via BULK (idle/timeout)
[2025-11-13 16:15:47] [WDG] Restart stream: idle_pair=2.9258716106414795 consec_timeouts=0
[2025-11-13 16:15:48] [DIAG] GET_STATUS queued via BULK (idle/timeout)
[2025-11-13 16:15:50] [DIAG] GET_STATUS queued via BULK (idle/timeout)
[2025-11-13 16:15:51] [DIAG] GET_STATUS queued via BULK (idle/timeout)
[2025-11-13 16:15:53] [DIAG] GET_STATUS queued via BULK (idle/timeout)
[2025-11-13 16:15:53] [WDG] Restart stream: idle_pair=8.306218385696411 consec_timeouts=0
[2025-11-13 16:15:53] [WDG] Escalate: send DEVICE_RESET (0x22) before START…
[2025-11-13 16:15:54] [USB] Using altsetting=1 (endpoints OK)
[2025-11-13 16:15:54] [WDG] Reopened after DEVICE_RESET
[2025-11-13 16:15:56] [DIAG] GET_STATUS queued via BULK (idle/timeout)
[2025-11-13 16:16:00] [DIAG] GET_STATUS queued via BULK (idle/timeout)
[2025-11-13 16:16:01] [WDG] Restart stream: idle_pair=2.8210513591766357 consec_timeouts=0
[2025-11-13 16:16:02] [DIAG] GET_STATUS queued via BULK (idle/timeout)
[2025-11-13 16:16:03] [DIAG] GET_STATUS queued via BULK (idle/timeout)
[2025-11-13 16:16:05] [DIAG] GET_STATUS queued via BULK (idle/timeout)
[2025-11-13 16:16:06] [DIAG] GET_STATUS queued via BULK (idle/timeout)
[2025-11-13 16:16:07] [WDG] Restart stream: idle_pair=8.210831642150879 consec_timeouts=0
[2025-11-13 16:16:07] [WDG] Escalate: send DEVICE_RESET (0x22) before START…
[2025-11-13 16:16:08] [USB] Using altsetting=1 (endpoints OK)
[2025-11-13 16:16:08] [WDG] Reopened after DEVICE_RESET
[2025-11-13 16:16:11] [DIAG] GET_STATUS queued via BULK (idle/timeout)
[2025-11-13 16:16:12] [DIAG] GET_STATUS queued via BULK (idle/timeout)
[2025-11-13 16:16:14] [DIAG] GET_STATUS queued via BULK (idle/timeout)
[2025-11-13 16:16:15] [DIAG] GET_STATUS queued via BULK (idle/timeout)
[2025-11-13 16:16:16] [WDG] Restart stream: idle_pair=2.964841365814209 consec_timeouts=0
[2025-11-13 16:16:17] [DIAG] GET_STATUS queued via BULK (idle/timeout)
[2025-11-13 16:16:18] [DIAG] GET_STATUS queued via BULK (idle/timeout)
[2025-11-13 16:16:20] [DIAG] GET_STATUS queued via BULK (idle/timeout)
[2025-11-13 16:16:21] [WDG] Restart stream: idle_pair=7.984388113021851 consec_timeouts=0
[2025-11-13 16:16:21] [DIAG] GET_STATUS queued via BULK (idle/timeout)
[2025-11-13 16:16:21] [WDG] Escalate: send DEVICE_RESET (0x22) before START…
[2025-11-13 16:16:23] [USB] Using altsetting=1 (endpoints OK)
[2025-11-13 16:16:23] [WDG] Reopened after DEVICE_RESET
[2025-11-13 16:16:24] [DIAG] GET_STATUS queued via BULK (idle/timeout)
[2025-11-13 16:16:27] [DIAG] GET_STATUS queued via BULK (idle/timeout)
[2025-11-13 16:16:28] [WDG] Restart stream: idle_pair=2.6884500980377197 consec_timeouts=0
[2025-11-13 16:16:29] [DIAG] GET_STATUS queued via BULK (idle/timeout)
[2025-11-13 16:16:30] [DIAG] GET_STATUS queued via BULK (idle/timeout)
[2025-11-13 16:16:32] [DIAG] GET_STATUS queued via BULK (idle/timeout)
[2025-11-13 16:16:33] [DIAG] GET_STATUS queued via BULK (idle/timeout)
[2025-11-13 16:16:34] [WDG] Restart stream: idle_pair=8.065574407577515 consec_timeouts=0
[2025-11-13 16:16:34] [WDG] Escalate: send DEVICE_RESET (0x22) before START…
[2025-11-13 16:16:35] [USB] Using altsetting=1 (endpoints OK)
[2025-11-13 16:16:35] [WDG] Reopened after DEVICE_RESET
[2025-11-13 16:16:38] [DIAG] GET_STATUS queued via BULK (idle/timeout)
[2025-11-13 16:16:39] [DIAG] GET_STATUS queued via BULK (idle/timeout)
[2025-11-13 16:16:41] [DIAG] GET_STATUS queued via BULK (idle/timeout)
[2025-11-13 16:16:42] [WDG] Restart stream: idle_pair=2.8144428730010986 consec_timeouts=0
[2025-11-13 16:16:42] [DIAG] GET_STATUS queued via BULK (idle/timeout)
[2025-11-13 16:16:44] [DIAG] GET_STATUS queued via BULK (idle/timeout)
[2025-11-13 16:16:45] [DIAG] GET_STATUS queued via BULK (idle/timeout)
[2025-11-13 16:16:47] [DIAG] GET_STATUS queued via BULK (idle/timeout)
[2025-11-13 16:16:47] [WDG] Restart stream: idle_pair=8.206183671951294 consec_timeouts=0
[2025-11-13 16:16:47] [WDG] Escalate: send DEVICE_RESET (0x22) before START…
[2025-11-13 16:16:49] [USB] Using altsetting=1 (endpoints OK)
[2025-11-13 16:16:49] [WDG] Reopened after DEVICE_RESET
[2025-11-13 16:16:50] [DIAG] GET_STATUS queued via BULK (idle/timeout)
[2025-11-13 16:16:51] [DIAG] GET_STATUS queued via BULK (idle/timeout)
[2025-11-13 16:16:53] [DIAG] GET_STATUS queued via BULK (idle/timeout)
[2025-11-13 16:20:57] [START] gui_oscilloscope.py C:\Users\TEST\AppData\Local\Programs\Python\Python312\python.exe 3.12.3 args: {'ns': 0, 'profile': 0, 'pairs': 400, 'single': False, 'no_reset_first': False, 'watchdog': True, 'wdg_idle_sec': 2.5, 'wdg_timeouts': 8, 'log': 'c:\\Users\\TEST\\Documents\\Work\\BMI20\\STM32\\BMI30.stm32h7\\HostTools\\gui_oscilloscope.log', 'status_log_interval': 10.0, 'pkt_log_interval': 0.0}
[2025-11-13 16:20:58] [INIT] reset_device_and_reopen(no_reset= False )
[2025-11-13 16:20:58] [USB] Using altsetting=1 (endpoints OK)
[2025-11-13 16:21:05] [USB] Using altsetting=1 (endpoints OK)
[2025-11-13 16:21:05] [INIT] device opened
[2025-11-13 16:21:06] [CFG] SET_FULL_MODE=1
[2025-11-13 16:21:06] [CFG] SET_PROFILE= 0
[2025-11-13 16:21:06] [CFG] SET_CHMODE= 2
[2025-11-13 16:21:06] [CFG] SET_ASYNC_MODE=1
[2025-11-13 16:21:06] [CFG] SET_BLOCK_HZ= 300
[2025-11-13 16:21:06] [RUN] START stream (bulk + ctrl fallback + GET_STATUS)
[2025-11-13 16:21:06] [DIAG] GET_STATUS queued via BULK after START
[2025-11-13 16:21:06] [DIAG] GET_STATUS after START (CTRL) OK
[2025-11-13 16:21:08] [DIAG] GET_STATUS queued via BULK (idle/timeout)
[2025-11-13 16:21:09] [DIAG] GET_STATUS queued via BULK (idle/timeout)
[2025-11-13 16:21:09] [WDG] Restart stream: idle_pair=2.6420066356658936 consec_timeouts=0
[2025-11-13 16:21:12] [DIAG] GET_STATUS queued via BULK (idle/timeout)
[2025-11-13 16:21:14] [DIAG] GET_STATUS queued via BULK (idle/timeout)
[2025-11-13 16:21:15] [WDG] Restart stream: idle_pair=4.353125810623169 consec_timeouts=0
[2025-11-13 16:21:15] [WDG] Escalate: send DEVICE_RESET (0x22) before START…
[2025-11-13 16:21:16] [USB] Using altsetting=1 (endpoints OK)
[2025-11-13 16:21:16] [WDG] Reopened after DEVICE_RESET
[2025-11-13 16:21:17] [DIAG] GET_STATUS queued via BULK (idle/timeout)
[2025-11-13 16:21:18] [DIAG] GET_STATUS queued via BULK (idle/timeout)
[2025-11-13 16:21:20] [DIAG] GET_STATUS queued via BULK (idle/timeout)
[2025-11-13 16:21:20] [WDG] Restart stream: idle_pair=2.8147122859954834 consec_timeouts=0
[2025-11-13 16:21:23] [DIAG] GET_STATUS queued via BULK (idle/timeout)
[2025-11-13 16:21:24] [DIAG] GET_STATUS queued via BULK (idle/timeout)
[2025-11-13 16:21:25] [WDG] Restart stream: idle_pair=4.374284744262695 consec_timeouts=0
[2025-11-13 16:21:26] [WDG] Escalate: send DEVICE_RESET (0x22) before START…
[2025-11-13 16:21:27] [USB] Using altsetting=1 (endpoints OK)
[2025-11-13 16:21:27] [WDG] Reopened after DEVICE_RESET
[2025-11-13 16:21:27] [DIAG] GET_STATUS queued via BULK (idle/timeout)
[2025-11-13 16:21:29] [DIAG] GET_STATUS queued via BULK (idle/timeout)
[2025-11-13 16:21:30] [DIAG] GET_STATUS queued via BULK (idle/timeout)
[2025-11-13 16:21:31] [WDG] Restart stream: idle_pair=2.8355774879455566 consec_timeouts=0
[2025-11-13 16:21:33] [DIAG] GET_STATUS queued via BULK (idle/timeout)
[2025-11-13 16:21:35] [DIAG] GET_STATUS queued via BULK (idle/timeout)
[2025-11-13 16:21:36] [WDG] Restart stream: idle_pair=4.35969877243042 consec_timeouts=0
[2025-11-13 16:21:36] [WDG] Escalate: send DEVICE_RESET (0x22) before START…
[2025-11-13 16:21:38] [USB] Using altsetting=1 (endpoints OK)
[2025-11-13 16:21:38] [WDG] Reopened after DEVICE_RESET
[2025-11-13 16:21:38] [DIAG] GET_STATUS queued via BULK (idle/timeout)
[2025-11-13 16:21:39] [DIAG] GET_STATUS queued via BULK (idle/timeout)
[2025-11-13 16:21:42] [DIAG] GET_STATUS queued via BULK (idle/timeout)
[2025-11-13 16:21:44] [WDG] Restart stream: idle_pair=2.752570390701294 consec_timeouts=0
[2025-11-13 16:21:44] [DIAG] GET_STATUS queued via BULK (idle/timeout)
[2025-11-13 16:21:45] [DIAG] GET_STATUS queued via BULK (idle/timeout)
[2025-11-13 16:21:47] [DIAG] GET_STATUS queued via BULK (idle/timeout)
[2025-11-13 16:21:48] [DIAG] GET_STATUS queued via BULK (idle/timeout)
[2025-11-13 16:21:49] [WDG] Restart stream: idle_pair=8.143832921981812 consec_timeouts=0
[2025-11-13 16:21:49] [WDG] Escalate: send DEVICE_RESET (0x22) before START…
[2025-11-13 16:21:51] [USB] Using altsetting=1 (endpoints OK)
[2025-11-13 16:21:51] [WDG] Reopened after DEVICE_RESET
[2025-11-13 16:21:51] [DIAG] GET_STATUS queued via BULK (idle/timeout)
[2025-11-13 16:31:33] [START] gui_oscilloscope.py C:\Users\TEST\AppData\Local\Programs\Python\Python312\python.exe 3.12.3 args: {'ns': 0, 'profile': 0, 'pairs': 400, 'single': False, 'no_reset_first': False, 'watchdog': True, 'wdg_idle_sec': 2.5, 'wdg_timeouts': 8, 'log': 'c:\\Users\\TEST\\Documents\\Work\\BMI20\\STM32\\BMI30.stm32h7\\HostTools\\gui_oscilloscope.log', 'status_log_interval': 10.0, 'pkt_log_interval': 0.0}
[2025-11-13 16:31:34] [INIT] reset_device_and_reopen(no_reset= False )
[2025-11-13 16:31:34] [USB] Using altsetting=1 (endpoints OK)
[2025-11-13 16:31:42] [USB] Using altsetting=1 (endpoints OK)
[2025-11-13 16:31:42] [INIT] device opened
[2025-11-13 16:31:42] [CFG] SET_FULL_MODE=1
[2025-11-13 16:31:42] [CFG] SET_PROFILE= 0
[2025-11-13 16:31:42] [CFG] SET_CHMODE= 2
[2025-11-13 16:31:42] [CFG] SET_ASYNC_MODE=1
[2025-11-13 16:31:42] [CFG] SET_BLOCK_HZ= 300
[2025-11-13 16:31:42] [RUN] START stream (bulk + ctrl fallback + GET_STATUS)
[2025-11-13 16:31:42] [DIAG] GET_STATUS queued via BULK after START
[2025-11-13 16:31:42] [DIAG] GET_STATUS after START (CTRL) OK
[2025-11-13 16:31:44] [DIAG] GET_STATUS queued via BULK (idle/timeout)
[2025-11-13 16:31:53] [DIAG] GET_STATUS queued via BULK (idle/timeout)
[2025-11-13 16:31:54] [DIAG] GET_STATUS queued via BULK (idle/timeout)
[2025-11-13 16:31:56] [DIAG] GET_STATUS queued via BULK (idle/timeout)
[2025-11-13 16:31:57] [DIAG] GET_STATUS queued via BULK (idle/timeout)
[2025-11-13 16:31:59] [DIAG] GET_STATUS queued via BULK (idle/timeout)
[2025-11-13 16:32:00] [DIAG] GET_STATUS queued via BULK (idle/timeout)
[2025-11-13 16:32:02] [DIAG] GET_STATUS queued via BULK (idle/timeout)
[2025-11-13 16:32:03] [DIAG] GET_STATUS queued via BULK (idle/timeout)
[2025-11-13 16:32:06] [DIAG] GET_STATUS queued via BULK (idle/timeout)
[2025-11-13 16:32:08] [DIAG] GET_STATUS queued via BULK (idle/timeout)
[2025-11-13 16:32:09] [DIAG] GET_STATUS queued via BULK (idle/timeout)
[2025-11-13 16:36:31] [START] gui_oscilloscope.py C:\Users\TEST\AppData\Local\Programs\Python\Python312\python.exe 3.12.3 args: {'ns': 0, 'profile': 0, 'pairs': 400, 'single': False, 'no_reset_first': False, 'watchdog': True, 'wdg_idle_sec': 2.5, 'wdg_timeouts': 8, 'log': 'c:\\Users\\TEST\\Documents\\Work\\BMI20\\STM32\\BMI30.stm32h7\\HostTools\\gui_oscilloscope.log', 'status_log_interval': 10.0, 'pkt_log_interval': 0.0}
[2025-11-13 16:36:32] [INIT] reset_device_and_reopen(no_reset= False )
[2025-11-13 16:36:32] [USB] Using altsetting=1 (endpoints OK)
[2025-11-13 16:36:39] [USB] Using altsetting=1 (endpoints OK)
[2025-11-13 16:36:39] [INIT] device opened
[2025-11-13 16:36:39] [CFG] SET_FULL_MODE=1
[2025-11-13 16:36:39] [CFG] SET_PROFILE= 0
[2025-11-13 16:36:39] [CFG] SET_CHMODE= 2
[2025-11-13 16:36:39] [CFG] SET_ASYNC_MODE=1
[2025-11-13 16:36:39] [CFG] SET_BLOCK_HZ= 300
[2025-11-13 16:36:40] [RUN] START stream (bulk + ctrl fallback + GET_STATUS)
[2025-11-13 16:36:40] [DIAG] GET_STATUS queued via BULK after START
[2025-11-13 16:36:40] [DIAG] GET_STATUS after START (CTRL) OK
[2025-11-13 16:36:41] [DIAG] GET_STATUS queued via BULK (idle/timeout)
[2025-11-13 16:36:47] [DIAG] GET_STATUS queued via BULK (idle/timeout)
[2025-11-13 16:36:49] [DIAG] GET_STATUS queued via BULK (idle/timeout)
[2025-11-13 16:36:50] [DIAG] GET_STATUS queued via BULK (idle/timeout)
[2025-11-13 16:36:55] [DIAG] GET_STATUS queued via BULK (idle/timeout)
[2025-11-13 16:36:56] [DIAG] GET_STATUS queued via BULK (idle/timeout)
[2025-11-13 16:36:59] [DIAG] GET_STATUS queued via BULK (idle/timeout)
[2025-11-13 16:37:01] [DIAG] GET_STATUS queued via BULK (idle/timeout)
[2025-11-13 16:37:07] [DIAG] GET_STATUS queued via BULK (idle/timeout)
[2025-11-13 16:37:08] [DIAG] GET_STATUS queued via BULK (idle/timeout)
[2025-11-13 16:37:16] [DIAG] GET_STATUS queued via BULK (idle/timeout)
[2025-11-13 16:37:19] [DIAG] GET_STATUS queued via BULK (idle/timeout)
[2025-11-13 16:37:20] [DIAG] GET_STATUS queued via BULK (idle/timeout)
[2025-11-13 16:37:23] [DIAG] GET_STATUS queued via BULK (idle/timeout)
[2025-11-13 16:37:31] [DIAG] GET_STATUS queued via BULK (idle/timeout)
[2025-11-13 16:37:34] [DIAG] GET_STATUS queued via BULK (idle/timeout)
[2025-11-13 16:40:26] [START] gui_oscilloscope.py C:\Users\TEST\AppData\Local\Programs\Python\Python312\python.exe 3.12.3 args: {'ns': 0, 'profile': 0, 'pairs': 400, 'single': False, 'no_reset_first': False, 'watchdog': False, 'wdg_idle_sec': 2.5, 'wdg_timeouts': 8, 'log': 'C:\\Users\\TEST\\Documents\\Work\\BMI20\\STM32\\BMI30.stm32h7\\HostTools\\gui_oscilloscope.log', 'status_log_interval': 10.0, 'pkt_log_interval': 0.0}
[2025-11-13 16:40:26] [INIT] reset_device_and_reopen(no_reset= False )
[2025-11-13 16:40:26] [USB] Using altsetting=1 (endpoints OK)
[2025-11-13 16:40:36] [USB] Using altsetting=1 (endpoints OK)
[2025-11-13 16:40:36] [INIT] device opened
[2025-11-13 16:40:37] [CFG] SET_FULL_MODE=1
[2025-11-13 16:40:37] [CFG] SET_PROFILE= 0
[2025-11-13 16:40:37] [CFG] SET_CHMODE= 2
[2025-11-13 16:40:37] [CFG] SET_ASYNC_MODE=1
[2025-11-13 16:40:37] [CFG] SET_BLOCK_HZ= 300
[2025-11-13 16:40:37] [RUN] START stream (bulk + ctrl fallback + GET_STATUS)
[2025-11-13 16:40:37] [DIAG] GET_STATUS queued via BULK after START
[2025-11-13 16:40:37] [DIAG] GET_STATUS after START (CTRL) OK
[2025-11-13 16:40:39] [DIAG] GET_STATUS queued via BULK (idle/timeout)
[2025-11-13 16:40:40] [DIAG] GET_STATUS queued via BULK (idle/timeout)
[2025-11-13 16:40:42] [DIAG] GET_STATUS queued via BULK (idle/timeout)
[2025-11-13 16:40:43] [DIAG] GET_STATUS queued via BULK (idle/timeout)
[2025-11-13 16:40:45] [DIAG] GET_STATUS queued via BULK (idle/timeout)
[2025-11-13 16:40:46] [DIAG] GET_STATUS queued via BULK (idle/timeout)
[2025-11-13 16:40:48] [DIAG] GET_STATUS queued via BULK (idle/timeout)
[2025-11-13 16:40:49] [DIAG] GET_STATUS queued via BULK (idle/timeout)
[2025-11-13 16:40:51] [DIAG] GET_STATUS queued via BULK (idle/timeout)
[2025-11-13 16:40:52] [DIAG] GET_STATUS queued via BULK (idle/timeout)
[2025-11-13 16:40:54] [DIAG] GET_STATUS queued via BULK (idle/timeout)
[2025-11-13 16:40:55] [DIAG] GET_STATUS queued via BULK (idle/timeout)
[2025-11-13 16:40:57] [DIAG] GET_STATUS queued via BULK (idle/timeout)
[2025-11-13 16:40:58] [DIAG] GET_STATUS queued via BULK (idle/timeout)
[2025-11-13 16:41:00] [DIAG] GET_STATUS queued via BULK (idle/timeout)
[2025-11-13 16:41:01] [DIAG] GET_STATUS queued via BULK (idle/timeout)
[2025-11-13 16:41:03] [DIAG] GET_STATUS queued via BULK (idle/timeout)
[2025-11-13 16:41:04] [DIAG] GET_STATUS queued via BULK (idle/timeout)
[2025-11-13 16:41:06] [DIAG] GET_STATUS queued via BULK (idle/timeout)
[2025-11-13 16:41:07] [DIAG] GET_STATUS queued via BULK (idle/timeout)
[2025-11-13 16:41:09] [DIAG] GET_STATUS queued via BULK (idle/timeout)
[2025-11-13 16:41:10] [DIAG] GET_STATUS queued via BULK (idle/timeout)
[2025-11-13 16:41:12] [DIAG] GET_STATUS queued via BULK (idle/timeout)
[2025-11-13 16:41:13] [DIAG] GET_STATUS queued via BULK (idle/timeout)
[2025-11-13 16:41:15] [DIAG] GET_STATUS queued via BULK (idle/timeout)
[2025-11-13 16:41:16] [DIAG] GET_STATUS queued via BULK (idle/timeout)
[2025-11-13 16:51:40] [START] gui_oscilloscope.py C:\Users\TEST\AppData\Local\Programs\Python\Python312\python.exe 3.12.3 args: {'ns': 0, 'profile': 0, 'pairs': 400, 'single': False, 'no_reset_first': False, 'watchdog': True, 'wdg_idle_sec': 2.5, 'wdg_timeouts': 8, 'log': 'c:\\Users\\TEST\\Documents\\Work\\BMI20\\STM32\\BMI30.stm32h7\\HostTools\\gui_oscilloscope.log', 'status_log_interval': 10.0, 'pkt_log_interval': 0.0}
[2025-11-13 16:51:41] [INIT] reset_device_and_reopen(no_reset= False )
[2025-11-13 16:51:41] [USB] Using altsetting=1 (endpoints OK)
[2025-11-13 16:51:48] [USB] Using altsetting=1 (endpoints OK)
[2025-11-13 16:51:48] [INIT] device opened
[2025-11-13 16:51:48] [CFG] SET_FULL_MODE=1
[2025-11-13 16:51:48] [CFG] SET_PROFILE= 0
[2025-11-13 16:51:48] [CFG] SET_CHMODE= 2
[2025-11-13 16:51:48] [CFG] SET_ASYNC_MODE=1
[2025-11-13 16:51:48] [CFG] SET_BLOCK_HZ= 300
[2025-11-13 16:51:48] [RUN] START stream (bulk + ctrl fallback + GET_STATUS)
[2025-11-13 16:51:49] [DIAG] GET_STATUS queued via BULK after START
[2025-11-13 16:51:49] [DIAG] GET_STATUS after START (CTRL) OK
[2025-11-13 16:51:50] [DIAG] GET_STATUS queued via BULK (idle/timeout)
[2025-11-13 16:51:53] [DIAG] GET_STATUS queued via BULK (idle/timeout)
[2025-11-13 16:51:56] [DIAG] GET_STATUS queued via BULK (idle/timeout)
[2025-11-13 16:51:58] [DIAG] GET_STATUS queued via BULK (idle/timeout)
[2025-11-13 16:51:59] [DIAG] GET_STATUS queued via BULK (idle/timeout)
[2025-11-13 16:52:02] [DIAG] GET_STATUS queued via BULK (idle/timeout)
[2025-11-13 16:52:05] [DIAG] GET_STATUS queued via BULK (idle/timeout)
[2025-11-13 16:52:08] [DIAG] GET_STATUS queued via BULK (idle/timeout)
[2025-11-13 16:52:10] [DIAG] GET_STATUS queued via BULK (idle/timeout)
[2025-11-13 16:52:13] [DIAG] GET_STATUS queued via BULK (idle/timeout)
[2025-11-13 16:52:16] [DIAG] GET_STATUS queued via BULK (idle/timeout)
[2025-11-13 16:52:17] [DIAG] GET_STATUS queued via BULK (idle/timeout)
[2025-11-13 16:53:26] [START] gui_oscilloscope.py C:\Users\TEST\AppData\Local\Programs\Python\Python312\python.exe 3.12.3 args: {'ns': 0, 'profile': 0, 'pairs': 400, 'single': False, 'no_reset_first': False, 'watchdog': False, 'wdg_idle_sec': 2.5, 'wdg_timeouts': 8, 'log': 'C:\\Users\\TEST\\Documents\\Work\\BMI20\\STM32\\BMI30.stm32h7\\HostTools\\gui_oscilloscope.log', 'status_log_interval': 10.0, 'pkt_log_interval': 0.0}
[2025-11-13 16:53:27] [INIT] reset_device_and_reopen(no_reset= False )
[2025-11-13 16:53:27] [USB] Using altsetting=1 (endpoints OK)
[2025-11-13 16:53:37] [USB] Using altsetting=1 (endpoints OK)
[2025-11-13 16:53:37] [INIT] device opened
[2025-11-13 16:53:37] [CFG] SET_FULL_MODE=1
[2025-11-13 16:53:37] [CFG] SET_PROFILE= 0
[2025-11-13 16:53:37] [CFG] SET_CHMODE= 2
[2025-11-13 16:53:37] [CFG] SET_ASYNC_MODE=1
[2025-11-13 16:53:37] [CFG] SET_BLOCK_HZ= 300
[2025-11-13 16:53:37] [RUN] START stream (bulk + ctrl fallback + GET_STATUS)
[2025-11-13 16:53:37] [DIAG] GET_STATUS queued via BULK after START
[2025-11-13 16:53:37] [DIAG] GET_STATUS after START (CTRL) OK
[2025-11-13 16:53:39] [DIAG] GET_STATUS queued via BULK (idle/timeout)
[2025-11-13 16:53:40] [DIAG] GET_STATUS queued via BULK (idle/timeout)
[2025-11-13 16:53:42] [DIAG] GET_STATUS queued via BULK (idle/timeout)
[2025-11-13 16:58:35] [START] gui_oscilloscope.py C:\Users\TEST\AppData\Local\Programs\Python\Python312\python.exe 3.12.3 args: {'ns': 0, 'profile': 0, 'pairs': 400, 'single': False, 'no_reset_first': False, 'watchdog': True, 'wdg_idle_sec': 2.5, 'wdg_timeouts': 8, 'log': 'c:\\Users\\TEST\\Documents\\Work\\BMI20\\STM32\\BMI30.stm32h7\\HostTools\\gui_oscilloscope.log', 'status_log_interval': 10.0, 'pkt_log_interval': 0.0}
[2025-11-13 16:58:36] [INIT] reset_device_and_reopen(no_reset= False )
[2025-11-13 16:58:36] [USB] Using altsetting=1 (endpoints OK)
[2025-11-13 16:58:43] [USB] Using altsetting=1 (endpoints OK)
[2025-11-13 16:58:43] [INIT] device opened
[2025-11-13 16:58:43] [CFG] SET_FULL_MODE=1
[2025-11-13 16:58:43] [CFG] SET_PROFILE= 0
[2025-11-13 16:58:43] [CFG] SET_CHMODE= 2
[2025-11-13 16:58:43] [CFG] SET_ASYNC_MODE=1
[2025-11-13 16:58:43] [CFG] SET_BLOCK_HZ= 300
[2025-11-13 16:58:43] [RUN] START stream (bulk + ctrl fallback + GET_STATUS)
[2025-11-13 16:58:43] [DIAG] GET_STATUS queued via BULK after START
[2025-11-13 16:58:43] [DIAG] GET_STATUS after START (CTRL) OK
[2025-11-13 16:58:46] [DIAG] GET_STATUS queued via BULK (idle/timeout)
[2025-11-13 16:58:48] [DIAG] GET_STATUS queued via BULK (idle/timeout)
[2025-11-13 16:58:49] [DIAG] GET_STATUS queued via BULK (idle/timeout)
[2025-11-13 16:58:52] [DIAG] GET_STATUS queued via BULK (idle/timeout)
[2025-11-13 16:58:55] [DIAG] GET_STATUS queued via BULK (idle/timeout)
[2025-11-13 16:58:57] [DIAG] GET_STATUS queued via BULK (idle/timeout)
[2025-11-13 16:59:00] [DIAG] GET_STATUS queued via BULK (idle/timeout)
[2025-11-13 17:11:46] [START] gui_oscilloscope.py C:\Users\TEST\AppData\Local\Programs\Python\Python312\python.exe 3.12.3 args: {'ns': 0, 'profile': 0, 'pairs': 400, 'single': False, 'no_reset_first': False, 'watchdog': True, 'wdg_idle_sec': 2.5, 'wdg_timeouts': 8, 'log': 'c:\\Users\\TEST\\Documents\\Work\\BMI20\\STM32\\BMI30.stm32h7\\HostTools\\gui_oscilloscope.log', 'status_log_interval': 10.0, 'pkt_log_interval': 0.0}
[2025-11-13 17:11:47] [INIT] reset_device_and_reopen(no_reset= False )
[2025-11-13 17:11:47] [USB] Using altsetting=1 (endpoints OK)
[2025-11-13 17:11:54] [USB] Using altsetting=1 (endpoints OK)
[2025-11-13 17:11:54] [INIT] device opened
[2025-11-13 17:11:55] [CFG] SET_FULL_MODE=1
[2025-11-13 17:11:55] [CFG] SET_PROFILE= 0
[2025-11-13 17:11:55] [CFG] SET_CHMODE= 2
[2025-11-13 17:11:55] [CFG] SET_ASYNC_MODE=1
[2025-11-13 17:11:55] [CFG] SET_BLOCK_HZ= 300
[2025-11-13 17:11:55] [RUN] START stream (bulk + ctrl fallback + GET_STATUS)
[2025-11-13 17:11:55] [DIAG] GET_STATUS queued via BULK after START
[2025-11-13 17:11:55] [DIAG] GET_STATUS after START (CTRL) OK
[2025-11-13 17:11:57] [DIAG] GET_STATUS queued via BULK (idle/timeout)
[2025-11-13 17:12:00] [DIAG] GET_STATUS queued via BULK (idle/timeout)
[2025-11-13 17:12:03] [DIAG] GET_STATUS queued via BULK (idle/timeout)
[2025-11-13 17:12:04] [DIAG] GET_STATUS queued via BULK (idle/timeout)
[2025-11-13 17:12:07] [DIAG] GET_STATUS queued via BULK (idle/timeout)
[2025-11-13 17:12:10] [DIAG] GET_STATUS queued via BULK (idle/timeout)
[2025-11-13 17:12:13] [DIAG] GET_STATUS queued via BULK (idle/timeout)
[2025-11-13 17:12:19] [DIAG] GET_STATUS queued via BULK (idle/timeout)
[2025-11-13 17:12:21] [DIAG] GET_STATUS queued via BULK (idle/timeout)
[2025-11-13 17:12:24] [DIAG] GET_STATUS queued via BULK (idle/timeout)
[2025-11-13 17:23:46] [START] gui_oscilloscope.py C:\Users\TEST\AppData\Local\Programs\Python\Python312\python.exe 3.12.3 args: {'ns': 0, 'profile': 0, 'pairs': 400, 'single': False, 'no_reset_first': False, 'watchdog': True, 'wdg_idle_sec': 2.5, 'wdg_timeouts': 8, 'log': 'c:\\Users\\TEST\\Documents\\Work\\BMI20\\STM32\\BMI30.stm32h7\\HostTools\\gui_oscilloscope.log', 'status_log_interval': 10.0, 'pkt_log_interval': 0.0, 'fps': 60}
[2025-11-13 17:23:47] [INIT] reset_device_and_reopen(no_reset= False )
[2025-11-13 17:23:47] [USB] Using altsetting=1 (endpoints OK)
[2025-11-13 17:23:54] [USB] Using altsetting=1 (endpoints OK)
[2025-11-13 17:23:54] [INIT] device opened
[2025-11-13 17:23:54] [CFG] SET_FULL_MODE=1
[2025-11-13 17:23:54] [CFG] profile 0 mapped to 1 (A @200Hz)
[2025-11-13 17:23:54] [CFG] SET_PROFILE= 1
[2025-11-13 17:23:55] [CFG] SET_CHMODE= 2
[2025-11-13 17:23:55] [CFG] SET_ASYNC_MODE=1
[2025-11-13 17:23:55] [CFG] SET_BLOCK_HZ= 200
[2025-11-13 17:23:55] [RUN] START stream (bulk + ctrl fallback + GET_STATUS)
[2025-11-13 17:23:55] [DIAG] GET_STATUS queued via BULK after START
[2025-11-13 17:23:55] [DIAG] GET_STATUS after START (CTRL) OK
[2025-11-13 17:23:56] [DIAG] GET_STATUS queued via BULK (idle/timeout)
[2025-11-13 17:23:58] [DIAG] GET_STATUS queued via BULK (idle/timeout)
[2025-11-13 17:23:58] [WDG] Restart stream: idle_pair=2.817350149154663 consec_timeouts=0
[2025-11-13 17:23:59] [DIAG] GET_STATUS queued via BULK (idle/timeout)
[2025-11-13 17:24:01] [DIAG] GET_STATUS queued via BULK (idle/timeout)
[2025-11-13 17:24:02] [DIAG] GET_STATUS queued via BULK (idle/timeout)
[2025-11-13 17:24:03] [WDG] Restart stream: idle_pair=8.207974910736084 consec_timeouts=0
[2025-11-13 17:24:04] [WDG] Escalate: send DEVICE_RESET (0x22) before START…
[2025-11-13 17:24:05] [USB] Using altsetting=1 (endpoints OK)
[2025-11-13 17:24:05] [WDG] Reopened after DEVICE_RESET
[2025-11-13 17:24:05] [DIAG] GET_STATUS queued via BULK (idle/timeout)
[2025-11-13 17:24:07] [DIAG] GET_STATUS queued via BULK (idle/timeout)
[2025-11-13 17:24:08] [DIAG] GET_STATUS queued via BULK (idle/timeout)
[2025-11-13 17:24:09] [WDG] Restart stream: idle_pair=13.61268162727356 consec_timeouts=0
[2025-11-13 17:24:10] [DIAG] GET_STATUS queued via BULK (idle/timeout)
[2025-11-13 17:29:30] [START] gui_oscilloscope.py C:\Users\TEST\AppData\Local\Programs\Python\Python312\python.exe 3.12.3 args: {'ns': 0, 'profile': 0, 'pairs': 400, 'single': False, 'no_reset_first': False, 'watchdog': True, 'wdg_idle_sec': 2.5, 'wdg_timeouts': 8, 'log': 'c:\\Users\\TEST\\Documents\\Work\\BMI20\\STM32\\BMI30.stm32h7\\HostTools\\gui_oscilloscope.log', 'status_log_interval': 10.0, 'pkt_log_interval': 0.0, 'fps': 60}
[2025-11-13 17:29:30] [INIT] reset_device_and_reopen(no_reset= False )
[2025-11-13 17:29:30] [USB] Using altsetting=1 (endpoints OK)
[2025-11-13 17:29:37] [USB] Using altsetting=1 (endpoints OK)
[2025-11-13 17:29:37] [INIT] device opened
[2025-11-13 17:29:37] [CFG] SET_FULL_MODE=1
[2025-11-13 17:29:37] [CFG] profile 0 mapped to 1 (A @200Hz)
[2025-11-13 17:29:37] [CFG] SET_PROFILE= 1
[2025-11-13 17:29:38] [CFG] SET_CHMODE= 2
[2025-11-13 17:29:38] [CFG] SET_ASYNC_MODE=1
[2025-11-13 17:29:38] [CFG] SET_BLOCK_HZ= 200
[2025-11-13 17:29:38] [RUN] START stream (bulk + ctrl fallback + GET_STATUS)
[2025-11-13 17:29:38] [DIAG] GET_STATUS queued via BULK after START
[2025-11-13 17:29:38] [DIAG] GET_STATUS after START (CTRL) OK
[2025-11-13 17:29:40] [DIAG] GET_STATUS queued via BULK (idle/timeout)
[2025-11-13 17:29:41] [DIAG] GET_STATUS queued via BULK (idle/timeout)
[2025-11-13 17:29:41] [WDG] Restart stream: idle_pair=2.787283420562744 consec_timeouts=0
[2025-11-13 17:29:43] [DIAG] GET_STATUS queued via BULK (idle/timeout)
[2025-11-13 17:29:44] [DIAG] GET_STATUS queued via BULK (idle/timeout)
[2025-11-13 17:29:46] [DIAG] GET_STATUS queued via BULK (idle/timeout)
[2025-11-13 17:29:46] [WDG] Restart stream: idle_pair=8.204346895217896 consec_timeouts=0
[2025-11-13 17:29:47] [WDG] Escalate: send DEVICE_RESET (0x22) before START…
[2025-11-13 17:29:48] [USB] Using altsetting=1 (endpoints OK)
[2025-11-13 17:29:48] [WDG] Reopened after DEVICE_RESET
[2025-11-13 17:29:49] [DIAG] GET_STATUS queued via BULK (idle/timeout)
[2025-11-13 17:29:50] [DIAG] GET_STATUS queued via BULK (idle/timeout)
[2025-11-13 17:29:52] [DIAG] GET_STATUS queued via BULK (idle/timeout)
[2025-11-13 17:29:52] [WDG] Restart stream: idle_pair=13.603312253952026 consec_timeouts=0
[2025-11-13 17:29:53] [DIAG] GET_STATUS queued via BULK (idle/timeout)
[2025-11-13 17:29:55] [DIAG] GET_STATUS queued via BULK (idle/timeout)
[2025-11-13 17:30:28] [START] gui_oscilloscope.py C:\Users\TEST\AppData\Local\Programs\Python\Python312\python.exe 3.12.3 args: {'ns': 0, 'profile': 0, 'pairs': 400, 'single': False, 'no_reset_first': False, 'watchdog': True, 'wdg_idle_sec': 2.5, 'wdg_timeouts': 8, 'log': 'c:\\Users\\TEST\\Documents\\Work\\BMI20\\STM32\\BMI30.stm32h7\\HostTools\\gui_oscilloscope.log', 'status_log_interval': 10.0, 'pkt_log_interval': 0.0, 'fps': 60}
[2025-11-13 17:30:29] [INIT] reset_device_and_reopen(no_reset= False )
[2025-11-13 17:30:29] [USB] Using altsetting=1 (endpoints OK)
[2025-11-13 17:30:36] [USB] Using altsetting=1 (endpoints OK)
[2025-11-13 17:30:36] [INIT] device opened
[2025-11-13 17:30:36] [CFG] SET_FULL_MODE=1
[2025-11-13 17:30:36] [CFG] profile 0 mapped to 1 (A @200Hz)
[2025-11-13 17:30:36] [CFG] SET_PROFILE= 1
[2025-11-13 17:30:36] [CFG] SET_CHMODE= 2
[2025-11-13 17:30:36] [CFG] SET_ASYNC_MODE=1
[2025-11-13 17:30:36] [CFG] SET_BLOCK_HZ= 200
[2025-11-13 17:30:36] [RUN] START stream (bulk + ctrl fallback + GET_STATUS)
[2025-11-13 17:30:36] [DIAG] GET_STATUS queued via BULK after START
[2025-11-13 17:30:36] [DIAG] GET_STATUS after START (CTRL) OK
[2025-11-13 17:30:38] [DIAG] GET_STATUS queued via BULK (idle/timeout)
[2025-11-13 17:30:39] [DIAG] GET_STATUS queued via BULK (idle/timeout)
[2025-11-13 17:30:39] [WDG] Restart stream: idle_pair=2.7872018814086914 consec_timeouts=0
[2025-11-13 17:30:41] [DIAG] GET_STATUS queued via BULK (idle/timeout)
[2025-11-13 17:30:42] [DIAG] GET_STATUS queued via BULK (idle/timeout)
[2025-11-13 17:33:27] [START] gui_oscilloscope.py C:\Users\TEST\AppData\Local\Programs\Python\Python312\python.exe 3.12.3 args: {'ns': 0, 'profile': 0, 'pairs': 400, 'single': False, 'no_reset_first': False, 'watchdog': True, 'wdg_idle_sec': 2.5, 'wdg_timeouts': 8, 'log': 'c:\\Users\\TEST\\Documents\\Work\\BMI20\\STM32\\BMI30.stm32h7\\HostTools\\gui_oscilloscope.log', 'status_log_interval': 10.0, 'pkt_log_interval': 0.0, 'fps': 60}
[2025-11-13 17:33:28] [INIT] reset_device_and_reopen(no_reset= False )
[2025-11-13 17:33:28] [USB] Using altsetting=1 (endpoints OK)
[2025-11-13 17:33:38] [USB] Using altsetting=1 (endpoints OK)
[2025-11-13 17:33:38] [INIT] device opened
[2025-11-13 17:33:38] [CFG] SET_FULL_MODE=1
[2025-11-13 17:33:38] [CFG] profile 0 mapped to 1 (A @200Hz)
[2025-11-13 17:33:38] [CFG] SET_PROFILE= 1
[2025-11-13 17:33:38] [CFG] SET_CHMODE= 2
[2025-11-13 17:33:38] [CFG] SET_ASYNC_MODE=1
[2025-11-13 17:33:38] [CFG] SET_BLOCK_HZ= 200
[2025-11-13 17:33:38] [RUN] START stream (bulk + ctrl fallback + GET_STATUS)
[2025-11-13 17:33:38] [DIAG] GET_STATUS queued via BULK after START
[2025-11-13 17:33:38] [DIAG] GET_STATUS after START (CTRL) OK
[2025-11-13 17:33:40] [DIAG] GET_STATUS queued via BULK (idle/timeout)
[2025-11-13 17:33:41] [DIAG] GET_STATUS queued via BULK (idle/timeout)
[2025-11-13 17:33:43] [DIAG] GET_STATUS queued via BULK (idle/timeout)
[2025-11-13 17:33:49] [DIAG] GET_STATUS queued via BULK (idle/timeout)
[2025-11-13 17:33:52] [DIAG] GET_STATUS queued via BULK (idle/timeout)
[2025-11-13 17:33:53] [DIAG] GET_STATUS queued via BULK (idle/timeout)
[2025-11-13 17:33:59] [DIAG] GET_STATUS queued via BULK (idle/timeout)
[2025-11-14 16:49:15] [START] gui_oscilloscope.py C:\Users\TEST\AppData\Local\Programs\Python\Python312\python.exe 3.12.3 args: {'ns': 0, 'profile': 0, 'pairs': 400, 'single': False, 'no_reset_first': False, 'watchdog': True, 'wdg_idle_sec': 2.5, 'wdg_timeouts': 8, 'log': 'c:\\Users\\TEST\\Documents\\Work\\BMI20\\STM32\\BMI30.stm32h7\\HostTools\\gui_oscilloscope.log', 'status_log_interval': 10.0, 'pkt_log_interval': 0.0, 'fps': 60}
[2025-11-14 16:49:17] [INIT] reset_device_and_reopen(no_reset= False )
[2025-11-14 16:49:17] [USB] Using altsetting=1 (endpoints OK)
[2025-11-14 16:49:24] [USB] Using altsetting=1 (endpoints OK)
[2025-11-14 16:49:24] [INIT] device opened
[2025-11-14 16:49:25] [CFG] SET_FULL_MODE=1
[2025-11-14 16:49:25] [CFG] profile 0 mapped to 1 (A @200Hz)
[2025-11-14 16:49:25] [CFG] SET_PROFILE= 1
[2025-11-14 16:49:25] [CFG] SET_CHMODE= 2
[2025-11-14 16:49:25] [CFG] SET_ASYNC_MODE=1
[2025-11-14 16:49:25] [CFG] SET_BLOCK_HZ= 200
[2025-11-14 16:49:25] [RUN] START stream (bulk + ctrl fallback + GET_STATUS)
[2025-11-14 16:49:25] [DIAG] GET_STATUS queued via BULK after START
[2025-11-14 16:49:25] [DIAG] GET_STATUS after START (CTRL) OK
[2025-11-14 17:36:18] [DIAG] GET_STATUS queued via BULK (idle/timeout)
[2025-11-14 17:36:19] [DIAG] GET_STATUS queued via BULK (idle/timeout)
[2025-11-14 17:36:21] [DIAG] GET_STATUS queued via BULK (idle/timeout)
[2025-11-14 17:36:22] [DIAG] GET_STATUS queued via BULK (idle/timeout)
[2025-11-14 17:36:24] [DIAG] GET_STATUS queued via BULK (idle/timeout)
[2025-11-14 17:36:25] [DIAG] GET_STATUS queued via BULK (idle/timeout)
[2025-11-14 17:36:26] [WDG] Restart stream: idle_pair=0.0199739933013916 consec_timeouts=8
[2025-11-14 17:36:27] [DIAG] GET_STATUS queued via BULK (idle/timeout)
[2025-11-14 17:36:28] [DIAG] GET_STATUS queued via BULK (idle/timeout)
[2025-11-14 17:36:30] [DIAG] GET_STATUS queued via BULK (idle/timeout)
[2025-11-14 17:36:31] [DIAG] GET_STATUS queued via BULK (idle/timeout)
[2025-11-14 17:36:32] [WDG] Restart stream: idle_pair=0.023904085159301758 consec_timeouts=13
[2025-11-14 17:36:32] [WDG] Escalate: send DEVICE_RESET (0x22) before START…
[2025-11-14 17:36:33] [USB] Using altsetting=1 (endpoints OK)
[2025-11-14 17:36:33] [WDG] Reopened after DEVICE_RESET
[2025-11-14 18:06:08] [DIAG] GET_STATUS queued via BULK (idle/timeout)
[2025-11-14 18:35:53] [WDG] Restart stream: idle_pair=2.638216018676758 consec_timeouts=0
[2025-11-14 18:35:53] [DIAG] GET_STATUS queued via BULK (idle/timeout)
[2025-11-14 19:06:20] [DIAG] GET_STATUS queued via BULK (idle/timeout)
[2025-11-14 19:06:20] [WDG] Restart stream: idle_pair=42.54954981803894 consec_timeouts=0
[2025-11-14 19:06:21] [WDG] Escalate: send DEVICE_RESET (0x22) before START…
[2025-11-14 19:06:22] [USB] Using altsetting=1 (endpoints OK)
[2025-11-14 19:06:22] [WDG] Reopened after DEVICE_RESET
[2025-11-14 19:37:37] [WDG] Restart stream: idle_pair=86.51874780654907 consec_timeouts=0
[2025-11-14 19:37:37] [DIAG] GET_STATUS queued via BULK (idle/timeout)
[2025-11-14 20:09:32] [WDG] Restart stream: idle_pair=124.09397435188293 consec_timeouts=0
[2025-11-14 20:09:32] [DIAG] GET_STATUS queued via BULK (idle/timeout)
[2025-11-14 20:09:32] [WDG] Escalate: send DEVICE_RESET (0x22) before START…
[2025-11-14 20:09:34] [USB] Using altsetting=1 (endpoints OK)
[2025-11-14 20:09:34] [WDG] Reopened after DEVICE_RESET
[2025-11-14 20:42:45] [WDG] Restart stream: idle_pair=191.50603795051575 consec_timeouts=0
[2025-11-14 20:42:45] [DIAG] GET_STATUS queued via BULK (idle/timeout)
[2025-11-14 21:16:50] [WDG] Restart stream: idle_pair=252.1441526412964 consec_timeouts=0
[2025-11-14 21:16:50] [DIAG] GET_STATUS queued via BULK (idle/timeout)
[2025-11-14 21:16:50] [WDG] Escalate: send DEVICE_RESET (0x22) before START…
[2025-11-14 21:16:52] [USB] Using altsetting=1 (endpoints OK)
[2025-11-14 21:16:52] [WDG] Reopened after DEVICE_RESET
[2025-11-14 21:57:50] [DIAG] GET_STATUS queued via BULK (idle/timeout)
[2025-11-14 21:57:50] [WDG] Restart stream: idle_pair=304.4907224178314 consec_timeouts=0
[2025-11-14 22:42:31] [WDG] Restart stream: idle_pair=362.5991315841675 consec_timeouts=0
[2025-11-14 22:42:31] [DIAG] GET_STATUS queued via BULK (idle/timeout)
[2025-11-14 22:42:31] [WDG] Escalate: send DEVICE_RESET (0x22) before START…
[2025-11-14 22:42:32] [USB] Using altsetting=1 (endpoints OK)
[2025-11-14 22:42:32] [WDG] Reopened after DEVICE_RESET
[2025-11-14 23:00:57] [DIAG] GET_STATUS queued via BULK (idle/timeout)
[2025-11-14 23:00:59] [DIAG] GET_STATUS queued via BULK (idle/timeout)
[2025-11-14 23:01:00] [DIAG] GET_STATUS queued via BULK (idle/timeout)
[2025-11-14 23:01:02] [DIAG] GET_STATUS queued via BULK (idle/timeout)
[2025-11-14 23:01:03] [WDG] Restart stream: idle_pair=0.017716646194458008 consec_timeouts=8
[2025-11-14 23:01:03] [DIAG] GET_STATUS queued via BULK (idle/timeout)
[2025-11-14 23:01:06] [DIAG] GET_STATUS queued via BULK (idle/timeout)
[2025-11-14 23:01:08] [DIAG] GET_STATUS queued via BULK (idle/timeout)
[2025-11-14 23:01:10] [DIAG] GET_STATUS queued via BULK (idle/timeout)
[2025-11-14 23:01:11] [DIAG] GET_STATUS queued via BULK (idle/timeout)
[2025-11-14 23:01:13] [DIAG] GET_STATUS queued via BULK (idle/timeout)
[2025-11-14 23:01:13] [WDG] Restart stream: idle_pair=0.03290891647338867 consec_timeouts=8
[2025-11-14 23:01:13] [WDG] Escalate: send DEVICE_RESET (0x22) before START…
[2025-11-14 23:01:14] [USB] Using altsetting=1 (endpoints OK)
[2025-11-14 23:01:14] [WDG] Reopened after DEVICE_RESET
[2025-11-14 23:31:32] [DIAG] GET_STATUS queued via BULK (idle/timeout)
[2025-11-14 23:31:32] [WDG] Restart stream: idle_pair=442.50105381011963 consec_timeouts=0
[2025-11-15 00:27:47] [WDG] Restart stream: idle_pair=536.6416115760803 consec_timeouts=0
[2025-11-15 00:27:47] [DIAG] GET_STATUS queued via BULK (idle/timeout)
[2025-11-15 00:27:48] [WDG] Escalate: send DEVICE_RESET (0x22) before START…
[2025-11-15 00:27:49] [USB] Using altsetting=1 (endpoints OK)
[2025-11-15 00:27:49] [WDG] Reopened after DEVICE_RESET
[2025-11-15 00:34:41] [DIAG] GET_STATUS queued via BULK (idle/timeout)
[2025-11-15 00:34:42] [DIAG] GET_STATUS queued via BULK (idle/timeout)
[2025-11-15 00:34:44] [DIAG] GET_STATUS queued via BULK (idle/timeout)
[2025-11-15 00:34:45] [DIAG] GET_STATUS queued via BULK (idle/timeout)
[2025-11-15 00:34:47] [DIAG] GET_STATUS queued via BULK (idle/timeout)
[2025-11-15 00:34:47] [WDG] Restart stream: idle_pair=0.015336990356445312 consec_timeouts=8
[2025-11-15 00:34:50] [DIAG] GET_STATUS queued via BULK (idle/timeout)
[2025-11-15 00:34:51] [DIAG] GET_STATUS queued via BULK (idle/timeout)
[2025-11-15 00:34:53] [DIAG] GET_STATUS queued via BULK (idle/timeout)
[2025-11-15 00:34:54] [DIAG] GET_STATUS queued via BULK (idle/timeout)
[2025-11-15 00:34:56] [DIAG] GET_STATUS queued via BULK (idle/timeout)
[2025-11-15 00:34:56] [WDG] Restart stream: idle_pair=0.001013040542602539 consec_timeouts=8
[2025-11-15 00:34:57] [WDG] Escalate: send DEVICE_RESET (0x22) before START…
[2025-11-15 00:34:58] [USB] Using altsetting=1 (endpoints OK)
[2025-11-15 00:34:58] [WDG] Reopened after DEVICE_RESET
[2025-11-15 00:37:16] [DIAG] GET_STATUS queued via BULK (idle/timeout)
[2025-11-15 00:37:17] [DIAG] GET_STATUS queued via BULK (idle/timeout)
[2025-11-15 00:37:19] [DIAG] GET_STATUS queued via BULK (idle/timeout)
[2025-11-15 00:37:20] [DIAG] GET_STATUS queued via BULK (idle/timeout)
[2025-11-15 00:37:22] [DIAG] GET_STATUS queued via BULK (idle/timeout)
[2025-11-15 00:37:22] [WDG] Restart stream: idle_pair=0.018963336944580078 consec_timeouts=8
[2025-11-15 00:37:25] [DIAG] GET_STATUS queued via BULK (idle/timeout)
[2025-11-15 00:37:26] [DIAG] GET_STATUS queued via BULK (idle/timeout)
[2025-11-15 00:37:28] [DIAG] GET_STATUS queued via BULK (idle/timeout)
[2025-11-15 00:37:29] [DIAG] GET_STATUS queued via BULK (idle/timeout)
[2025-11-15 00:37:31] [DIAG] GET_STATUS queued via BULK (idle/timeout)
[2025-11-15 00:37:31] [WDG] Restart stream: idle_pair=0.017946243286132812 consec_timeouts=8
[2025-11-15 00:37:32] [WDG] Escalate: send DEVICE_RESET (0x22) before START…
[2025-11-15 00:37:33] [USB] Using altsetting=1 (endpoints OK)
[2025-11-15 00:37:33] [WDG] Reopened after DEVICE_RESET
[2025-11-15 01:32:06] [WDG] Restart stream: idle_pair=666.80526304245 consec_timeouts=0
[2025-11-15 01:32:06] [DIAG] GET_STATUS queued via BULK (idle/timeout)
[2025-11-15 01:39:54] [DIAG] GET_STATUS queued via BULK (idle/timeout)
[2025-11-15 01:39:55] [DIAG] GET_STATUS queued via BULK (idle/timeout)
[2025-11-15 01:39:57] [DIAG] GET_STATUS queued via BULK (idle/timeout)
[2025-11-15 01:39:58] [DIAG] GET_STATUS queued via BULK (idle/timeout)
[2025-11-15 01:40:00] [WDG] Restart stream: idle_pair=0.0666959285736084 consec_timeouts=8
[2025-11-15 01:40:00] [DIAG] GET_STATUS queued via BULK (idle/timeout)
[2025-11-15 01:40:00] [WDG] Escalate: send DEVICE_RESET (0x22) before START…
[2025-11-15 01:40:01] [USB] Using altsetting=1 (endpoints OK)
[2025-11-15 01:40:01] [WDG] Reopened after DEVICE_RESET
[2025-11-15 01:40:01] [DIAG] GET_STATUS queued via BULK (idle/timeout)
[2025-11-15 02:44:56] [DIAG] GET_STATUS queued via BULK (idle/timeout)
[2025-11-15 02:44:56] [WDG] Restart stream: idle_pair=822.5228440761566 consec_timeouts=0
[2025-11-15 04:05:36] [WDG] Restart stream: idle_pair=1064.8169884681702 consec_timeouts=0
[2025-11-15 04:05:36] [DIAG] GET_STATUS queued via BULK (idle/timeout)
[2025-11-15 04:05:36] [WDG] Escalate: send DEVICE_RESET (0x22) before START…
[2025-11-15 04:05:37] [USB] Using altsetting=1 (endpoints OK)
[2025-11-15 04:05:38] [WDG] Reopened after DEVICE_RESET
[2025-11-15 04:14:33] [DIAG] GET_STATUS queued via BULK (idle/timeout)
[2025-11-15 04:14:34] [WDG] Restart stream: idle_pair=2.624321222305298 consec_timeouts=0
[2025-11-15 04:14:34] [DIAG] GET_STATUS queued via BULK (idle/timeout)
[2025-11-15 04:14:36] [DIAG] GET_STATUS queued via BULK (idle/timeout)
[2025-11-15 04:14:37] [DIAG] GET_STATUS queued via BULK (idle/timeout)
[2025-11-15 04:14:39] [DIAG] GET_STATUS queued via BULK (idle/timeout)
[2025-11-15 04:14:40] [WDG] Restart stream: idle_pair=8.000885963439941 consec_timeouts=0
[2025-11-15 04:14:40] [WDG] Escalate: send DEVICE_RESET (0x22) before START…
[2025-11-15 04:14:41] [USB] Using altsetting=1 (endpoints OK)
[2025-11-15 04:14:41] [WDG] Reopened after DEVICE_RESET
[2025-11-15 04:14:42] [DIAG] GET_STATUS queued via BULK (idle/timeout)
[2025-11-15 04:14:43] [DIAG] GET_STATUS queued via BULK (idle/timeout)
[2025-11-15 04:14:45] [DIAG] GET_STATUS queued via BULK (idle/timeout)
[2025-11-15 04:14:45] [WDG] Restart stream: idle_pair=13.43140983581543 consec_timeouts=0
[2025-11-15 04:14:46] [DIAG] GET_STATUS queued via BULK (idle/timeout)
[2025-11-15 04:14:48] [DIAG] GET_STATUS queued via BULK (idle/timeout)
[2025-11-15 04:14:50] [DIAG] GET_STATUS queued via BULK (idle/timeout)
[2025-11-15 04:14:50] [WDG] Restart stream: idle_pair=18.823734521865845 consec_timeouts=0
[2025-11-15 04:14:51] [WDG] Escalate: send DEVICE_RESET (0x22) before START…
[2025-11-15 04:14:52] [USB] Using altsetting=1 (endpoints OK)
[2025-11-15 04:14:52] [WDG] Reopened after DEVICE_RESET
[2025-11-15 04:14:53] [DIAG] GET_STATUS queued via BULK (idle/timeout)
[2025-11-15 04:14:54] [DIAG] GET_STATUS queued via BULK (idle/timeout)
[2025-11-15 04:14:56] [DIAG] GET_STATUS queued via BULK (idle/timeout)
[2025-11-15 04:14:56] [WDG] Restart stream: idle_pair=24.22479748725891 consec_timeouts=0
[2025-11-15 04:14:57] [DIAG] GET_STATUS queued via BULK (idle/timeout)
[2025-11-15 04:14:59] [DIAG] GET_STATUS queued via BULK (idle/timeout)
[2025-11-15 04:15:00] [DIAG] GET_STATUS queued via BULK (idle/timeout)
[2025-11-15 04:15:01] [WDG] Restart stream: idle_pair=29.597961902618408 consec_timeouts=0
[2025-11-15 04:15:01] [WDG] Escalate: send DEVICE_RESET (0x22) before START…
[2025-11-15 04:15:02] [USB] Using altsetting=1 (endpoints OK)
[2025-11-15 04:15:02] [WDG] Reopened after DEVICE_RESET
[2025-11-15 04:15:03] [DIAG] GET_STATUS queued via BULK (idle/timeout)
[2025-11-15 04:15:05] [DIAG] GET_STATUS queued via BULK (idle/timeout)
[2025-11-15 04:15:06] [DIAG] GET_STATUS queued via BULK (idle/timeout)
[2025-11-15 04:15:07] [WDG] Restart stream: idle_pair=35.00573134422302 consec_timeouts=0
[2025-11-15 04:15:08] [DIAG] GET_STATUS queued via BULK (idle/timeout)
[2025-11-15 04:15:09] [DIAG] GET_STATUS queued via BULK (idle/timeout)
[2025-11-15 04:15:11] [DIAG] GET_STATUS queued via BULK (idle/timeout)
[2025-11-15 04:15:12] [WDG] Restart stream: idle_pair=40.39696931838989 consec_timeouts=0
[2025-11-15 04:15:12] [DIAG] GET_STATUS queued via BULK (idle/timeout)
[2025-11-15 04:15:12] [WDG] Escalate: send DEVICE_RESET (0x22) before START…
[2025-11-15 04:15:13] [USB] Using altsetting=1 (endpoints OK)
[2025-11-15 04:15:13] [WDG] Reopened after DEVICE_RESET
[2025-11-15 04:15:14] [DIAG] GET_STATUS queued via BULK (idle/timeout)
[2025-11-15 04:15:15] [DIAG] GET_STATUS queued via BULK (idle/timeout)
[2025-11-15 04:15:17] [DIAG] GET_STATUS queued via BULK (idle/timeout)
[2025-11-15 04:15:17] [WDG] Restart stream: idle_pair=45.804035902023315 consec_timeouts=0
[2025-11-15 04:15:18] [DIAG] GET_STATUS queued via BULK (idle/timeout)
[2025-11-15 04:15:20] [DIAG] GET_STATUS queued via BULK (idle/timeout)
[2025-11-15 04:15:21] [DIAG] GET_STATUS queued via BULK (idle/timeout)
[2025-11-15 04:15:23] [DIAG] GET_STATUS queued via BULK (idle/timeout)
[2025-11-15 04:15:23] [WDG] Restart stream: idle_pair=51.186315059661865 consec_timeouts=0
[2025-11-15 04:15:23] [WDG] Escalate: send DEVICE_RESET (0x22) before START…
[2025-11-15 04:15:24] [USB] Using altsetting=1 (endpoints OK)
[2025-11-15 04:15:24] [WDG] Reopened after DEVICE_RESET
[2025-11-15 04:15:24] [DIAG] GET_STATUS queued via BULK (idle/timeout)
[2025-11-15 04:15:26] [DIAG] GET_STATUS queued via BULK (idle/timeout)
[2025-11-15 04:15:27] [DIAG] GET_STATUS queued via BULK (idle/timeout)
[2025-11-15 04:15:28] [WDG] Restart stream: idle_pair=56.59322643280029 consec_timeouts=0
[2025-11-15 04:15:29] [DIAG] GET_STATUS queued via BULK (idle/timeout)
[2025-11-15 04:15:30] [DIAG] GET_STATUS queued via BULK (idle/timeout)
[2025-11-15 04:15:32] [DIAG] GET_STATUS queued via BULK (idle/timeout)
[2025-11-15 04:15:33] [DIAG] GET_STATUS queued via BULK (idle/timeout)
[2025-11-15 04:15:34] [WDG] Restart stream: idle_pair=61.96974730491638 consec_timeouts=0
[2025-11-15 04:15:34] [WDG] Escalate: send DEVICE_RESET (0x22) before START…
[2025-11-15 04:15:35] [USB] Using altsetting=1 (endpoints OK)
[2025-11-15 04:15:35] [WDG] Reopened after DEVICE_RESET
[2025-11-15 04:15:36] [DIAG] GET_STATUS queued via BULK (idle/timeout)
[2025-11-15 04:15:38] [DIAG] GET_STATUS queued via BULK (idle/timeout)
[2025-11-15 04:15:39] [WDG] Restart stream: idle_pair=67.37157034873962 consec_timeouts=0
[2025-11-15 04:15:39] [DIAG] GET_STATUS queued via BULK (idle/timeout)
[2025-11-15 04:15:41] [DIAG] GET_STATUS queued via BULK (idle/timeout)
[2025-11-15 04:15:42] [DIAG] GET_STATUS queued via BULK (idle/timeout)
[2025-11-15 04:15:44] [DIAG] GET_STATUS queued via BULK (idle/timeout)
[2025-11-15 04:15:44] [WDG] Restart stream: idle_pair=72.76282000541687 consec_timeouts=0
[2025-11-15 04:15:45] [WDG] Escalate: send DEVICE_RESET (0x22) before START…
[2025-11-15 04:15:46] [USB] Using altsetting=1 (endpoints OK)
[2025-11-15 04:15:46] [WDG] Reopened after DEVICE_RESET
[2025-11-15 04:15:47] [DIAG] GET_STATUS queued via BULK (idle/timeout)
[2025-11-15 04:15:48] [DIAG] GET_STATUS queued via BULK (idle/timeout)
[2025-11-15 04:15:50] [DIAG] GET_STATUS queued via BULK (idle/timeout)
[2025-11-15 04:15:50] [WDG] Restart stream: idle_pair=78.16244697570801 consec_timeouts=0
[2025-11-15 04:15:51] [DIAG] GET_STATUS queued via BULK (idle/timeout)
[2025-11-15 04:15:53] [DIAG] GET_STATUS queued via BULK (idle/timeout)
[2025-11-15 04:15:54] [DIAG] GET_STATUS queued via BULK (idle/timeout)
[2025-11-15 04:15:55] [WDG] Restart stream: idle_pair=83.55431628227234 consec_timeouts=0
[2025-11-15 04:15:55] [WDG] Escalate: send DEVICE_RESET (0x22) before START…
[2025-11-15 04:15:56] [USB] Using altsetting=1 (endpoints OK)
[2025-11-15 04:15:56] [WDG] Reopened after DEVICE_RESET
[2025-11-15 04:15:57] [DIAG] GET_STATUS queued via BULK (idle/timeout)
[2025-11-15 04:15:59] [DIAG] GET_STATUS queued via BULK (idle/timeout)
[2025-11-15 04:16:00] [DIAG] GET_STATUS queued via BULK (idle/timeout)
[2025-11-15 04:16:01] [WDG] Restart stream: idle_pair=88.96557879447937 consec_timeouts=0
[2025-11-15 04:16:02] [DIAG] GET_STATUS queued via BULK (idle/timeout)
[2025-11-15 04:16:03] [DIAG] GET_STATUS queued via BULK (idle/timeout)
[2025-11-15 04:16:05] [DIAG] GET_STATUS queued via BULK (idle/timeout)
[2025-11-15 04:16:06] [WDG] Restart stream: idle_pair=94.33996510505676 consec_timeouts=0
[2025-11-15 04:16:06] [DIAG] GET_STATUS queued via BULK (idle/timeout)
[2025-11-15 04:16:06] [WDG] Escalate: send DEVICE_RESET (0x22) before START…
[2025-11-15 04:16:07] [USB] Using altsetting=1 (endpoints OK)
[2025-11-15 04:16:07] [WDG] Reopened after DEVICE_RESET
[2025-11-15 04:16:08] [DIAG] GET_STATUS queued via BULK (idle/timeout)
[2025-11-15 04:16:09] [DIAG] GET_STATUS queued via BULK (idle/timeout)
[2025-11-15 04:16:11] [DIAG] GET_STATUS queued via BULK (idle/timeout)
[2025-11-15 04:16:11] [WDG] Restart stream: idle_pair=99.74043917655945 consec_timeouts=0
[2025-11-15 04:16:12] [DIAG] GET_STATUS queued via BULK (idle/timeout)
[2025-11-15 04:16:14] [DIAG] GET_STATUS queued via BULK (idle/timeout)
[2025-11-15 04:16:15] [DIAG] GET_STATUS queued via BULK (idle/timeout)
[2025-11-15 04:16:17] [DIAG] GET_STATUS queued via BULK (idle/timeout)
[2025-11-15 04:16:17] [WDG] Restart stream: idle_pair=105.11397862434387 consec_timeouts=0
[2025-11-15 04:16:17] [WDG] Escalate: send DEVICE_RESET (0x22) before START…
[2025-11-15 04:16:18] [USB] Using altsetting=1 (endpoints OK)
[2025-11-15 04:16:18] [WDG] Reopened after DEVICE_RESET
[2025-11-15 04:16:18] [DIAG] GET_STATUS queued via BULK (idle/timeout)
[2025-11-15 04:16:20] [DIAG] GET_STATUS queued via BULK (idle/timeout)
[2025-11-15 04:16:21] [DIAG] GET_STATUS queued via BULK (idle/timeout)
[2025-11-15 04:16:22] [WDG] Restart stream: idle_pair=110.50991559028625 consec_timeouts=0
[2025-11-15 04:16:23] [DIAG] GET_STATUS queued via BULK (idle/timeout)
[2025-11-15 04:16:24] [DIAG] GET_STATUS queued via BULK (idle/timeout)
[2025-11-15 04:16:26] [DIAG] GET_STATUS queued via BULK (idle/timeout)
[2025-11-15 04:16:27] [DIAG] GET_STATUS queued via BULK (idle/timeout)
[2025-11-15 04:16:27] [WDG] Restart stream: idle_pair=115.90104150772095 consec_timeouts=0
[2025-11-15 04:16:28] [WDG] Escalate: send DEVICE_RESET (0x22) before START…
[2025-11-15 04:16:29] [USB] Using altsetting=1 (endpoints OK)
[2025-11-15 04:16:29] [WDG] Reopened after DEVICE_RESET
[2025-11-15 04:16:30] [DIAG] GET_STATUS queued via BULK (idle/timeout)
[2025-11-15 04:16:32] [DIAG] GET_STATUS queued via BULK (idle/timeout)
[2025-11-15 04:16:33] [WDG] Restart stream: idle_pair=121.30080795288086 consec_timeouts=0
[2025-11-15 04:16:33] [DIAG] GET_STATUS queued via BULK (idle/timeout)
[2025-11-15 04:16:35] [DIAG] GET_STATUS queued via BULK (idle/timeout)
[2025-11-15 04:16:36] [DIAG] GET_STATUS queued via BULK (idle/timeout)
[2025-11-15 04:16:38] [DIAG] GET_STATUS queued via BULK (idle/timeout)
[2025-11-15 04:16:38] [WDG] Restart stream: idle_pair=126.6752712726593 consec_timeouts=0
[2025-11-15 04:16:39] [WDG] Escalate: send DEVICE_RESET (0x22) before START…
[2025-11-15 04:16:40] [USB] Using altsetting=1 (endpoints OK)
[2025-11-15 04:16:40] [WDG] Reopened after DEVICE_RESET
[2025-11-15 04:16:41] [DIAG] GET_STATUS queued via BULK (idle/timeout)
[2025-11-15 04:16:42] [DIAG] GET_STATUS queued via BULK (idle/timeout)
[2025-11-15 04:16:44] [WDG] Restart stream: idle_pair=132.07348561286926 consec_timeouts=0
[2025-11-15 04:16:44] [DIAG] GET_STATUS queued via BULK (idle/timeout)
[2025-11-15 04:16:45] [DIAG] GET_STATUS queued via BULK (idle/timeout)
[2025-11-15 04:16:47] [DIAG] GET_STATUS queued via BULK (idle/timeout)
[2025-11-15 04:16:48] [DIAG] GET_STATUS queued via BULK (idle/timeout)
[2025-11-15 04:16:49] [WDG] Restart stream: idle_pair=137.4647090435028 consec_timeouts=0
[2025-11-15 04:16:49] [WDG] Escalate: send DEVICE_RESET (0x22) before START…
[2025-11-15 04:16:50] [USB] Using altsetting=1 (endpoints OK)
[2025-11-15 04:16:50] [WDG] Reopened after DEVICE_RESET
[2025-11-15 04:16:51] [DIAG] GET_STATUS queued via BULK (idle/timeout)
[2025-11-15 04:16:53] [DIAG] GET_STATUS queued via BULK (idle/timeout)
[2025-11-15 04:16:54] [DIAG] GET_STATUS queued via BULK (idle/timeout)
[2025-11-15 04:16:54] [WDG] Restart stream: idle_pair=142.86512112617493 consec_timeouts=0
[2025-11-15 04:16:56] [DIAG] GET_STATUS queued via BULK (idle/timeout)
[2025-11-15 04:16:57] [DIAG] GET_STATUS queued via BULK (idle/timeout)
[2025-11-15 04:16:59] [DIAG] GET_STATUS queued via BULK (idle/timeout)
[2025-11-15 04:17:00] [WDG] Restart stream: idle_pair=148.23893427848816 consec_timeouts=0
[2025-11-15 04:17:00] [WDG] Escalate: send DEVICE_RESET (0x22) before START…
[2025-11-15 04:17:01] [USB] Using altsetting=1 (endpoints OK)
[2025-11-15 04:17:01] [WDG] Reopened after DEVICE_RESET
[2025-11-15 04:17:02] [DIAG] GET_STATUS queued via BULK (idle/timeout)
[2025-11-15 04:17:03] [DIAG] GET_STATUS queued via BULK (idle/timeout)
[2025-11-15 04:17:05] [DIAG] GET_STATUS queued via BULK (idle/timeout)
[2025-11-15 04:17:05] [WDG] Restart stream: idle_pair=153.63720774650574 consec_timeouts=0
[2025-11-15 04:17:06] [DIAG] GET_STATUS queued via BULK (idle/timeout)
[2025-11-15 04:17:08] [DIAG] GET_STATUS queued via BULK (idle/timeout)
[2025-11-15 04:17:09] [DIAG] GET_STATUS queued via BULK (idle/timeout)
[2025-11-15 04:17:11] [WDG] Restart stream: idle_pair=159.02739214897156 consec_timeouts=0
[2025-11-15 04:17:11] [DIAG] GET_STATUS queued via BULK (idle/timeout)
[2025-11-15 04:17:11] [WDG] Escalate: send DEVICE_RESET (0x22) before START…
[2025-11-15 04:17:12] [USB] Using altsetting=1 (endpoints OK)
[2025-11-15 04:17:12] [WDG] Reopened after DEVICE_RESET
[2025-11-15 04:17:12] [DIAG] GET_STATUS queued via BULK (idle/timeout)
[2025-11-15 04:17:14] [DIAG] GET_STATUS queued via BULK (idle/timeout)
[2025-11-15 04:17:15] [DIAG] GET_STATUS queued via BULK (idle/timeout)
[2025-11-15 04:17:16] [WDG] Restart stream: idle_pair=164.4322211742401 consec_timeouts=0
[2025-11-15 04:17:17] [DIAG] GET_STATUS queued via BULK (idle/timeout)
[2025-11-15 04:17:18] [DIAG] GET_STATUS queued via BULK (idle/timeout)
[2025-11-15 04:17:20] [DIAG] GET_STATUS queued via BULK (idle/timeout)
[2025-11-15 04:17:21] [DIAG] GET_STATUS queued via BULK (idle/timeout)
[2025-11-15 04:17:21] [WDG] Restart stream: idle_pair=169.83267450332642 consec_timeouts=0
[2025-11-15 04:17:22] [WDG] Escalate: send DEVICE_RESET (0x22) before START…
[2025-11-15 04:17:23] [USB] Using altsetting=1 (endpoints OK)
[2025-11-15 04:17:23] [WDG] Reopened after DEVICE_RESET
[2025-11-15 04:17:23] [DIAG] GET_STATUS queued via BULK (idle/timeout)
[2025-11-15 04:17:24] [DIAG] GET_STATUS queued via BULK (idle/timeout)
[2025-11-15 04:17:26] [DIAG] GET_STATUS queued via BULK (idle/timeout)
[2025-11-15 04:17:27] [WDG] Restart stream: idle_pair=175.2436182498932 consec_timeouts=0
[2025-11-15 04:17:27] [DIAG] GET_STATUS queued via BULK (idle/timeout)
[2025-11-15 04:17:29] [DIAG] GET_STATUS queued via BULK (idle/timeout)
[2025-11-15 04:17:30] [DIAG] GET_STATUS queued via BULK (idle/timeout)
[2025-11-15 04:17:32] [DIAG] GET_STATUS queued via BULK (idle/timeout)
[2025-11-15 04:17:32] [WDG] Restart stream: idle_pair=180.63445234298706 consec_timeouts=0
[2025-11-15 04:17:32] [WDG] Escalate: send DEVICE_RESET (0x22) before START…
[2025-11-15 04:17:33] [USB] Using altsetting=1 (endpoints OK)
[2025-11-15 04:17:33] [WDG] Reopened after DEVICE_RESET
[2025-11-15 04:17:35] [DIAG] GET_STATUS queued via BULK (idle/timeout)
[2025-11-15 04:17:36] [DIAG] GET_STATUS queued via BULK (idle/timeout)
[2025-11-15 04:17:38] [WDG] Restart stream: idle_pair=186.0356638431549 consec_timeouts=0
[2025-11-15 04:17:38] [DIAG] GET_STATUS queued via BULK (idle/timeout)
[2025-11-15 04:17:39] [DIAG] GET_STATUS queued via BULK (idle/timeout)
[2025-11-15 04:17:41] [DIAG] GET_STATUS queued via BULK (idle/timeout)
[2025-11-15 04:17:42] [DIAG] GET_STATUS queued via BULK (idle/timeout)
[2025-11-15 04:17:43] [WDG] Restart stream: idle_pair=191.42796206474304 consec_timeouts=0
[2025-11-15 04:17:43] [WDG] Escalate: send DEVICE_RESET (0x22) before START…
[2025-11-15 04:17:44] [USB] Using altsetting=1 (endpoints OK)
[2025-11-15 04:17:44] [WDG] Reopened after DEVICE_RESET
[2025-11-15 04:17:45] [DIAG] GET_STATUS queued via BULK (idle/timeout)
[2025-11-15 04:17:47] [DIAG] GET_STATUS queued via BULK (idle/timeout)
[2025-11-15 04:17:48] [DIAG] GET_STATUS queued via BULK (idle/timeout)
[2025-11-15 04:17:48] [WDG] Restart stream: idle_pair=196.8482437133789 consec_timeouts=0
[2025-11-15 04:17:50] [DIAG] GET_STATUS queued via BULK (idle/timeout)
[2025-11-15 04:17:51] [DIAG] GET_STATUS queued via BULK (idle/timeout)
[2025-11-15 04:17:53] [DIAG] GET_STATUS queued via BULK (idle/timeout)
[2025-11-15 04:17:54] [WDG] Restart stream: idle_pair=202.2214367389679 consec_timeouts=0
[2025-11-15 04:17:54] [WDG] Escalate: send DEVICE_RESET (0x22) before START…
[2025-11-15 04:17:55] [USB] Using altsetting=1 (endpoints OK)
[2025-11-15 04:17:55] [WDG] Reopened after DEVICE_RESET
[2025-11-15 04:17:56] [DIAG] GET_STATUS queued via BULK (idle/timeout)
[2025-11-15 04:17:57] [DIAG] GET_STATUS queued via BULK (idle/timeout)
[2025-11-15 04:17:59] [DIAG] GET_STATUS queued via BULK (idle/timeout)
[2025-11-15 04:17:59] [WDG] Restart stream: idle_pair=207.63455438613892 consec_timeouts=0
[2025-11-15 04:18:00] [DIAG] GET_STATUS queued via BULK (idle/timeout)
[2025-11-15 04:18:02] [DIAG] GET_STATUS queued via BULK (idle/timeout)
[2025-11-15 04:18:03] [DIAG] GET_STATUS queued via BULK (idle/timeout)
[2025-11-15 04:18:05] [WDG] Restart stream: idle_pair=213.00992274284363 consec_timeouts=0
[2025-11-15 04:18:05] [DIAG] GET_STATUS queued via BULK (idle/timeout)
[2025-11-15 04:18:05] [WDG] Escalate: send DEVICE_RESET (0x22) before START…
[2025-11-15 04:18:06] [USB] Using altsetting=1 (endpoints OK)
[2025-11-15 04:18:06] [WDG] Reopened after DEVICE_RESET
[2025-11-15 04:18:06] [DIAG] GET_STATUS queued via BULK (idle/timeout)
[2025-11-15 04:18:08] [DIAG] GET_STATUS queued via BULK (idle/timeout)
[2025-11-15 04:18:09] [DIAG] GET_STATUS queued via BULK (idle/timeout)
[2025-11-15 04:18:10] [WDG] Restart stream: idle_pair=218.4065864086151 consec_timeouts=0
[2025-11-15 04:18:11] [DIAG] GET_STATUS queued via BULK (idle/timeout)
[2025-11-15 04:18:12] [DIAG] GET_STATUS queued via BULK (idle/timeout)
[2025-11-15 04:18:14] [DIAG] GET_STATUS queued via BULK (idle/timeout)
[2025-11-15 04:18:15] [DIAG] GET_STATUS queued via BULK (idle/timeout)
[2025-11-15 04:18:15] [WDG] Restart stream: idle_pair=223.7792205810547 consec_timeouts=0
[2025-11-15 04:18:16] [WDG] Escalate: send DEVICE_RESET (0x22) before START…
[2025-11-15 04:18:17] [USB] Using altsetting=1 (endpoints OK)
[2025-11-15 04:18:17] [WDG] Reopened after DEVICE_RESET
[2025-11-15 04:18:17] [DIAG] GET_STATUS queued via BULK (idle/timeout)
[2025-11-15 04:18:18] [DIAG] GET_STATUS queued via BULK (idle/timeout)
[2025-11-15 04:18:20] [DIAG] GET_STATUS queued via BULK (idle/timeout)
[2025-11-15 04:18:21] [WDG] Restart stream: idle_pair=229.1778907775879 consec_timeouts=0
[2025-11-15 04:18:21] [DIAG] GET_STATUS queued via BULK (idle/timeout)
[2025-11-15 04:18:23] [DIAG] GET_STATUS queued via BULK (idle/timeout)
[2025-11-15 04:18:24] [DIAG] GET_STATUS queued via BULK (idle/timeout)
[2025-11-15 04:18:26] [DIAG] GET_STATUS queued via BULK (idle/timeout)
[2025-11-15 04:18:26] [WDG] Restart stream: idle_pair=234.5691466331482 consec_timeouts=0
[2025-11-15 04:18:26] [WDG] Escalate: send DEVICE_RESET (0x22) before START…
[2025-11-15 04:18:27] [USB] Using altsetting=1 (endpoints OK)
[2025-11-15 04:18:27] [WDG] Reopened after DEVICE_RESET
[2025-11-15 04:18:29] [DIAG] GET_STATUS queued via BULK (idle/timeout)
[2025-11-15 04:18:30] [DIAG] GET_STATUS queued via BULK (idle/timeout)
[2025-11-15 04:18:32] [WDG] Restart stream: idle_pair=239.97134494781494 consec_timeouts=0
[2025-11-15 04:18:32] [DIAG] GET_STATUS queued via BULK (idle/timeout)
[2025-11-15 04:18:33] [DIAG] GET_STATUS queued via BULK (idle/timeout)
[2025-11-15 04:18:35] [DIAG] GET_STATUS queued via BULK (idle/timeout)
[2025-11-15 04:18:36] [DIAG] GET_STATUS queued via BULK (idle/timeout)
[2025-11-15 04:18:37] [WDG] Restart stream: idle_pair=245.34889817237854 consec_timeouts=0
[2025-11-15 04:18:37] [WDG] Escalate: send DEVICE_RESET (0x22) before START…
[2025-11-15 04:18:38] [USB] Using altsetting=1 (endpoints OK)
[2025-11-15 04:18:38] [WDG] Reopened after DEVICE_RESET
[2025-11-15 04:18:39] [DIAG] GET_STATUS queued via BULK (idle/timeout)
[2025-11-15 04:18:41] [DIAG] GET_STATUS queued via BULK (idle/timeout)
[2025-11-15 04:18:42] [WDG] Restart stream: idle_pair=250.76141905784607 consec_timeouts=0
[2025-11-15 04:18:42] [DIAG] GET_STATUS queued via BULK (idle/timeout)
[2025-11-15 04:18:44] [DIAG] GET_STATUS queued via BULK (idle/timeout)
[2025-11-15 04:18:45] [DIAG] GET_STATUS queued via BULK (idle/timeout)
[2025-11-15 04:18:47] [DIAG] GET_STATUS queued via BULK (idle/timeout)
[2025-11-15 04:18:48] [WDG] Restart stream: idle_pair=256.1367733478546 consec_timeouts=0
[2025-11-15 04:18:48] [WDG] Escalate: send DEVICE_RESET (0x22) before START…
[2025-11-15 04:18:49] [USB] Using altsetting=1 (endpoints OK)
[2025-11-15 04:18:49] [WDG] Reopened after DEVICE_RESET
[2025-11-15 04:18:50] [DIAG] GET_STATUS queued via BULK (idle/timeout)
[2025-11-15 04:18:51] [DIAG] GET_STATUS queued via BULK (idle/timeout)
[2025-11-15 04:18:53] [DIAG] GET_STATUS queued via BULK (idle/timeout)
[2025-11-15 04:18:53] [WDG] Restart stream: idle_pair=261.5371057987213 consec_timeouts=0
[2025-11-15 04:18:54] [DIAG] GET_STATUS queued via BULK (idle/timeout)
[2025-11-15 04:18:56] [DIAG] GET_STATUS queued via BULK (idle/timeout)
[2025-11-15 04:18:57] [DIAG] GET_STATUS queued via BULK (idle/timeout)
[2025-11-15 04:18:59] [WDG] Restart stream: idle_pair=266.9207458496094 consec_timeouts=0
[2025-11-15 04:18:59] [WDG] Escalate: send DEVICE_RESET (0x22) before START…
[2025-11-15 04:19:00] [USB] Using altsetting=1 (endpoints OK)
[2025-11-15 04:19:00] [WDG] Reopened after DEVICE_RESET
[2025-11-15 04:19:00] [DIAG] GET_STATUS queued via BULK (idle/timeout)
[2025-11-15 04:19:02] [DIAG] GET_STATUS queued via BULK (idle/timeout)
[2025-11-15 04:19:03] [DIAG] GET_STATUS queued via BULK (idle/timeout)
[2025-11-15 04:19:04] [WDG] Restart stream: idle_pair=272.3447964191437 consec_timeouts=0
[2025-11-15 04:19:05] [DIAG] GET_STATUS queued via BULK (idle/timeout)
[2025-11-15 04:19:06] [DIAG] GET_STATUS queued via BULK (idle/timeout)
[2025-11-15 04:19:08] [DIAG] GET_STATUS queued via BULK (idle/timeout)
[2025-11-15 04:19:09] [WDG] Restart stream: idle_pair=277.736736536026 consec_timeouts=0
[2025-11-15 04:19:09] [DIAG] GET_STATUS queued via BULK (idle/timeout)
[2025-11-15 04:19:10] [WDG] Escalate: send DEVICE_RESET (0x22) before START…
[2025-11-15 04:19:11] [USB] Using altsetting=1 (endpoints OK)
[2025-11-15 04:19:11] [WDG] Reopened after DEVICE_RESET
[2025-11-15 04:19:11] [DIAG] GET_STATUS queued via BULK (idle/timeout)
[2025-11-15 04:19:12] [DIAG] GET_STATUS queued via BULK (idle/timeout)
[2025-11-15 04:19:14] [DIAG] GET_STATUS queued via BULK (idle/timeout)
[2025-11-15 04:19:15] [WDG] Restart stream: idle_pair=283.1535391807556 consec_timeouts=0
[2025-11-15 04:19:15] [DIAG] GET_STATUS queued via BULK (idle/timeout)
[2025-11-15 04:19:17] [DIAG] GET_STATUS queued via BULK (idle/timeout)
[2025-11-15 04:19:18] [DIAG] GET_STATUS queued via BULK (idle/timeout)
[2025-11-15 04:19:20] [DIAG] GET_STATUS queued via BULK (idle/timeout)
[2025-11-15 04:19:20] [WDG] Restart stream: idle_pair=288.53665566444397 consec_timeouts=0
[2025-11-15 04:19:20] [WDG] Escalate: send DEVICE_RESET (0x22) before START…
[2025-11-15 04:19:21] [USB] Using altsetting=1 (endpoints OK)
[2025-11-15 04:19:21] [WDG] Reopened after DEVICE_RESET
[2025-11-15 04:19:21] [WDG] STOP before reconfig failed: [Errno 2] Entity not found
[2025-11-15 04:19:21] [WDG] SET_FULL_MODE failed: [Errno 2] Entity not found
[2025-11-15 04:19:21] [WDG] SET_PROFILE failed: [Errno 2] Entity not found
[2025-11-15 04:19:21] [WDG] SET_CHMODE failed: [Errno 2] Entity not found
[2025-11-15 04:19:21] [WDG] SET_ASYNC_MODE failed: [Errno 2] Entity not found
[2025-11-15 04:19:21] [WDG] SET_BLOCK_HZ failed: [Errno 2] Entity not found
[2025-11-15 04:19:22] [WDG] reconfigure/start failed: [Errno 2] Entity not found
[2025-11-15 04:19:23] [DIAG] GET_STATUS requested via CTRL (bulk failed)
[2025-11-15 04:19:24] [DIAG] GET_STATUS requested via CTRL (bulk failed)
[2025-11-15 04:19:26] [WDG] Restart stream: idle_pair=293.941130399704 consec_timeouts=0
[2025-11-15 04:19:26] [WDG] Restart failed: [Errno 2] Entity not found
[2025-11-15 04:19:26] [DIAG] GET_STATUS requested via CTRL (bulk failed)
[2025-11-15 04:19:27] [DIAG] GET_STATUS requested via CTRL (bulk failed)
[2025-11-15 04:19:29] [DIAG] GET_STATUS requested via CTRL (bulk failed)
[2025-11-15 04:19:30] [DIAG] GET_STATUS requested via CTRL (bulk failed)
[2025-11-15 04:19:31] [WDG] Restart stream: idle_pair=298.94616436958313 consec_timeouts=0
[2025-11-15 04:19:31] [WDG] Restart failed: [Errno 2] Entity not found
[2025-11-15 04:19:32] [DIAG] GET_STATUS requested via CTRL (bulk failed)
[2025-11-15 04:19:33] [DIAG] GET_STATUS requested via CTRL (bulk failed)
[2025-11-15 04:19:35] [DIAG] GET_STATUS requested via CTRL (bulk failed)
[2025-11-15 04:19:36] [WDG] Restart stream: idle_pair=303.97736644744873 consec_timeouts=0
[2025-11-15 04:19:36] [WDG] Restart failed: [Errno 2] Entity not found
[2025-11-15 04:19:36] [DIAG] GET_STATUS requested via CTRL (bulk failed)
[2025-11-15 04:19:38] [DIAG] GET_STATUS requested via CTRL (bulk failed)
[2025-11-15 04:19:39] [DIAG] GET_STATUS requested via CTRL (bulk failed)
[2025-11-15 04:19:41] [WDG] Restart stream: idle_pair=308.990558385849 consec_timeouts=0
[2025-11-15 04:19:41] [WDG] Restart failed: [Errno 2] Entity not found
[2025-11-15 04:19:41] [DIAG] GET_STATUS requested via CTRL (bulk failed)
[2025-11-15 04:19:42] [DIAG] GET_STATUS requested via CTRL (bulk failed)
[2025-11-15 04:19:44] [DIAG] GET_STATUS requested via CTRL (bulk failed)
[2025-11-15 04:19:45] [DIAG] GET_STATUS requested via CTRL (bulk failed)
[2025-11-15 04:19:46] [WDG] Restart stream: idle_pair=313.99815344810486 consec_timeouts=0
[2025-11-15 04:19:46] [WDG] Restart failed: [Errno 2] Entity not found
[2025-11-15 04:19:47] [DIAG] GET_STATUS requested via CTRL (bulk failed)
[2025-11-15 04:19:48] [DIAG] GET_STATUS requested via CTRL (bulk failed)
[2025-11-15 04:19:50] [DIAG] GET_STATUS requested via CTRL (bulk failed)
[2025-11-15 04:19:51] [WDG] Restart stream: idle_pair=319.0042142868042 consec_timeouts=0
[2025-11-15 04:19:51] [WDG] Restart failed: [Errno 2] Entity not found
[2025-11-15 04:19:51] [DIAG] GET_STATUS requested via CTRL (bulk failed)
[2025-11-15 04:19:53] [DIAG] GET_STATUS requested via CTRL (bulk failed)
[2025-11-15 04:19:54] [DIAG] GET_STATUS requested via CTRL (bulk failed)
[2025-11-15 04:19:56] [WDG] Restart stream: idle_pair=324.0096743106842 consec_timeouts=0
[2025-11-15 04:19:56] [WDG] Restart failed: [Errno 2] Entity not found
[2025-11-15 04:19:56] [DIAG] GET_STATUS requested via CTRL (bulk failed)
[2025-11-15 04:19:57] [DIAG] GET_STATUS requested via CTRL (bulk failed)
[2025-11-15 04:19:59] [DIAG] GET_STATUS requested via CTRL (bulk failed)
[2025-11-15 04:20:00] [DIAG] GET_STATUS requested via CTRL (bulk failed)
[2025-11-15 04:20:01] [WDG] Restart stream: idle_pair=329.01540303230286 consec_timeouts=0
[2025-11-15 04:20:01] [WDG] Restart failed: [Errno 2] Entity not found
[2025-11-15 04:20:02] [DIAG] GET_STATUS requested via CTRL (bulk failed)
[2025-11-15 04:20:03] [DIAG] GET_STATUS requested via CTRL (bulk failed)
[2025-11-15 04:20:05] [DIAG] GET_STATUS requested via CTRL (bulk failed)
[2025-11-15 04:20:06] [WDG] Restart stream: idle_pair=334.02043199539185 consec_timeouts=0
[2025-11-15 04:20:06] [WDG] Restart failed: [Errno 2] Entity not found
[2025-11-15 04:20:06] [DIAG] GET_STATUS requested via CTRL (bulk failed)
[2025-11-15 04:20:08] [DIAG] GET_STATUS requested via CTRL (bulk failed)
[2025-11-15 04:20:09] [DIAG] GET_STATUS requested via CTRL (bulk failed)
[2025-11-15 04:20:11] [WDG] Restart stream: idle_pair=339.0258836746216 consec_timeouts=0
[2025-11-15 04:20:11] [WDG] Restart failed: [Errno 2] Entity not found
[2025-11-15 04:20:11] [DIAG] GET_STATUS requested via CTRL (bulk failed)
[2025-11-15 04:20:12] [DIAG] GET_STATUS requested via CTRL (bulk failed)
[2025-11-15 04:20:14] [DIAG] GET_STATUS requested via CTRL (bulk failed)
[2025-11-15 04:20:15] [DIAG] GET_STATUS requested via CTRL (bulk failed)
[2025-11-15 04:20:16] [WDG] Restart stream: idle_pair=344.03167724609375 consec_timeouts=0
[2025-11-15 04:20:16] [WDG] Restart failed: [Errno 2] Entity not found
[2025-11-15 04:20:17] [DIAG] GET_STATUS requested via CTRL (bulk failed)
[2025-11-15 04:20:18] [DIAG] GET_STATUS requested via CTRL (bulk failed)
[2025-11-15 04:20:20] [DIAG] GET_STATUS requested via CTRL (bulk failed)
[2025-11-15 04:20:21] [WDG] Restart stream: idle_pair=349.0370373725891 consec_timeouts=0
[2025-11-15 04:20:21] [WDG] Restart failed: [Errno 2] Entity not found
[2025-11-15 04:20:21] [DIAG] GET_STATUS requested via CTRL (bulk failed)
[2025-11-15 04:20:23] [DIAG] GET_STATUS requested via CTRL (bulk failed)
[2025-11-15 04:20:24] [DIAG] GET_STATUS requested via CTRL (bulk failed)
[2025-11-15 04:20:26] [WDG] Restart stream: idle_pair=354.0432276725769 consec_timeouts=0
[2025-11-15 04:20:26] [WDG] Restart failed: [Errno 2] Entity not found
[2025-11-15 04:20:26] [DIAG] GET_STATUS requested via CTRL (bulk failed)
[2025-11-15 04:20:27] [DIAG] GET_STATUS requested via CTRL (bulk failed)
[2025-11-15 04:20:29] [DIAG] GET_STATUS requested via CTRL (bulk failed)
[2025-11-15 04:20:30] [DIAG] GET_STATUS requested via CTRL (bulk failed)
[2025-11-15 04:20:31] [WDG] Restart stream: idle_pair=359.04996824264526 consec_timeouts=0
[2025-11-15 04:20:31] [WDG] Restart failed: [Errno 2] Entity not found
[2025-11-15 04:20:32] [DIAG] GET_STATUS requested via CTRL (bulk failed)
[2025-11-15 04:20:33] [DIAG] GET_STATUS requested via CTRL (bulk failed)
[2025-11-15 04:20:35] [DIAG] GET_STATUS requested via CTRL (bulk failed)
[2025-11-15 04:20:36] [WDG] Restart stream: idle_pair=364.0561714172363 consec_timeouts=0
[2025-11-15 04:20:36] [WDG] Restart failed: [Errno 2] Entity not found
[2025-11-15 04:20:37] [DIAG] GET_STATUS requested via CTRL (bulk failed)
[2025-11-15 04:20:38] [DIAG] GET_STATUS requested via CTRL (bulk failed)
[2025-11-15 04:20:40] [DIAG] GET_STATUS requested via CTRL (bulk failed)
[2025-11-15 04:20:41] [WDG] Restart stream: idle_pair=369.0642879009247 consec_timeouts=0
[2025-11-15 04:20:41] [WDG] Restart failed: [Errno 2] Entity not found
[2025-11-15 04:20:41] [DIAG] GET_STATUS requested via CTRL (bulk failed)
[2025-11-15 04:20:43] [DIAG] GET_STATUS requested via CTRL (bulk failed)
[2025-11-15 04:20:44] [DIAG] GET_STATUS requested via CTRL (bulk failed)
[2025-11-15 04:20:46] [DIAG] GET_STATUS requested via CTRL (bulk failed)
[2025-11-15 04:20:46] [WDG] Restart stream: idle_pair=374.069872379303 consec_timeouts=0
[2025-11-15 04:20:46] [WDG] Restart failed: [Errno 2] Entity not found
[2025-11-15 04:20:47] [DIAG] GET_STATUS requested via CTRL (bulk failed)
[2025-11-15 04:20:49] [DIAG] GET_STATUS requested via CTRL (bulk failed)
[2025-11-15 04:20:50] [DIAG] GET_STATUS requested via CTRL (bulk failed)
[2025-11-15 04:20:51] [WDG] Restart stream: idle_pair=379.075980424881 consec_timeouts=0
[2025-11-15 04:20:51] [WDG] Restart failed: [Errno 2] Entity not found
[2025-11-15 04:20:52] [DIAG] GET_STATUS requested via CTRL (bulk failed)
[2025-11-15 04:20:53] [DIAG] GET_STATUS requested via CTRL (bulk failed)
[2025-11-15 04:20:55] [DIAG] GET_STATUS requested via CTRL (bulk failed)
[2025-11-15 04:20:56] [WDG] Restart stream: idle_pair=384.0831289291382 consec_timeouts=0
[2025-11-15 04:20:56] [WDG] Restart failed: [Errno 2] Entity not found
[2025-11-15 04:20:56] [DIAG] GET_STATUS requested via CTRL (bulk failed)
[2025-11-15 04:20:58] [DIAG] GET_STATUS requested via CTRL (bulk failed)
[2025-11-15 04:20:59] [DIAG] GET_STATUS requested via CTRL (bulk failed)
[2025-11-15 04:21:01] [DIAG] GET_STATUS requested via CTRL (bulk failed)
[2025-11-15 04:21:01] [WDG] Restart stream: idle_pair=389.0896465778351 consec_timeouts=0
[2025-11-15 04:21:01] [WDG] Restart failed: [Errno 2] Entity not found
[2025-11-15 04:21:02] [DIAG] GET_STATUS requested via CTRL (bulk failed)
[2025-11-15 04:21:04] [DIAG] GET_STATUS requested via CTRL (bulk failed)
[2025-11-15 04:21:05] [DIAG] GET_STATUS requested via CTRL (bulk failed)
[2025-11-15 04:21:06] [WDG] Restart stream: idle_pair=394.09692215919495 consec_timeouts=0
[2025-11-15 04:21:06] [WDG] Restart failed: [Errno 2] Entity not found
[2025-11-15 04:21:07] [DIAG] GET_STATUS requested via CTRL (bulk failed)
[2025-11-15 04:21:08] [DIAG] GET_STATUS requested via CTRL (bulk failed)
[2025-11-15 04:21:10] [DIAG] GET_STATUS requested via CTRL (bulk failed)
[2025-11-15 04:21:11] [WDG] Restart stream: idle_pair=399.1044235229492 consec_timeouts=0
[2025-11-15 04:21:11] [WDG] Restart failed: [Errno 2] Entity not found
[2025-11-15 04:21:11] [DIAG] GET_STATUS requested via CTRL (bulk failed)
[2025-11-15 04:21:13] [DIAG] GET_STATUS requested via CTRL (bulk failed)
[2025-11-15 04:21:14] [DIAG] GET_STATUS requested via CTRL (bulk failed)
[2025-11-15 04:21:16] [DIAG] GET_STATUS requested via CTRL (bulk failed)
[2025-11-15 04:21:16] [WDG] Restart stream: idle_pair=404.1113200187683 consec_timeouts=0
[2025-11-15 04:21:16] [WDG] Restart failed: [Errno 2] Entity not found
[2025-11-15 04:21:17] [DIAG] GET_STATUS requested via CTRL (bulk failed)
[2025-11-15 04:21:19] [DIAG] GET_STATUS requested via CTRL (bulk failed)
[2025-11-15 04:21:20] [DIAG] GET_STATUS requested via CTRL (bulk failed)
[2025-11-15 04:21:21] [WDG] Restart stream: idle_pair=409.1184413433075 consec_timeouts=0
[2025-11-15 04:21:21] [WDG] Restart failed: [Errno 2] Entity not found
[2025-11-15 04:21:22] [DIAG] GET_STATUS requested via CTRL (bulk failed)
[2025-11-15 04:21:23] [DIAG] GET_STATUS requested via CTRL (bulk failed)
[2025-11-15 04:21:25] [DIAG] GET_STATUS requested via CTRL (bulk failed)
[2025-11-15 04:21:26] [WDG] Restart stream: idle_pair=414.1249203681946 consec_timeouts=0
[2025-11-15 04:21:26] [WDG] Restart failed: [Errno 2] Entity not found
[2025-11-15 04:21:26] [DIAG] GET_STATUS requested via CTRL (bulk failed)
[2025-11-15 04:21:28] [DIAG] GET_STATUS requested via CTRL (bulk failed)
[2025-11-15 04:21:29] [DIAG] GET_STATUS requested via CTRL (bulk failed)
[2025-11-15 04:21:31] [DIAG] GET_STATUS requested via CTRL (bulk failed)
[2025-11-15 04:21:31] [WDG] Restart stream: idle_pair=419.13218355178833 consec_timeouts=0
[2025-11-15 04:21:31] [WDG] Restart failed: [Errno 2] Entity not found
[2025-11-15 04:21:32] [DIAG] GET_STATUS requested via CTRL (bulk failed)
[2025-11-15 04:21:34] [DIAG] GET_STATUS requested via CTRL (bulk failed)
[2025-11-15 04:21:35] [DIAG] GET_STATUS requested via CTRL (bulk failed)
[2025-11-15 04:21:36] [WDG] Restart stream: idle_pair=424.1390748023987 consec_timeouts=0
[2025-11-15 04:21:36] [WDG] Restart failed: [Errno 2] Entity not found
[2025-11-15 04:21:37] [DIAG] GET_STATUS requested via CTRL (bulk failed)
[2025-11-15 04:21:38] [DIAG] GET_STATUS requested via CTRL (bulk failed)
[2025-11-15 04:21:40] [DIAG] GET_STATUS requested via CTRL (bulk failed)
[2025-11-15 04:21:41] [WDG] Restart stream: idle_pair=429.14457631111145 consec_timeouts=0
[2025-11-15 04:21:41] [WDG] Restart failed: [Errno 2] Entity not found
[2025-11-15 04:21:41] [DIAG] GET_STATUS requested via CTRL (bulk failed)
[2025-11-15 04:21:43] [DIAG] GET_STATUS requested via CTRL (bulk failed)
[2025-11-15 04:21:44] [DIAG] GET_STATUS requested via CTRL (bulk failed)
[2025-11-15 04:21:46] [DIAG] GET_STATUS requested via CTRL (bulk failed)
[2025-11-15 04:21:46] [WDG] Restart stream: idle_pair=434.1506175994873 consec_timeouts=0
[2025-11-15 04:21:46] [WDG] Restart failed: [Errno 2] Entity not found
[2025-11-15 04:21:47] [DIAG] GET_STATUS requested via CTRL (bulk failed)
[2025-11-15 04:21:49] [DIAG] GET_STATUS requested via CTRL (bulk failed)
[2025-11-15 04:21:50] [DIAG] GET_STATUS requested via CTRL (bulk failed)
[2025-11-15 04:21:51] [WDG] Restart stream: idle_pair=439.1570370197296 consec_timeouts=0
[2025-11-15 04:21:51] [WDG] Restart failed: [Errno 2] Entity not found
[2025-11-15 04:21:52] [DIAG] GET_STATUS requested via CTRL (bulk failed)
[2025-11-15 04:21:53] [DIAG] GET_STATUS requested via CTRL (bulk failed)
[2025-11-15 04:21:55] [DIAG] GET_STATUS requested via CTRL (bulk failed)
[2025-11-15 04:21:56] [WDG] Restart stream: idle_pair=444.1640033721924 consec_timeouts=0
[2025-11-15 04:21:56] [WDG] Restart failed: [Errno 2] Entity not found
[2025-11-15 04:21:56] [DIAG] GET_STATUS requested via CTRL (bulk failed)
[2025-11-15 04:21:58] [DIAG] GET_STATUS requested via CTRL (bulk failed)
[2025-11-15 04:21:59] [DIAG] GET_STATUS requested via CTRL (bulk failed)
[2025-11-15 04:22:01] [DIAG] GET_STATUS requested via CTRL (bulk failed)
[2025-11-15 04:22:01] [WDG] Restart stream: idle_pair=449.1698114871979 consec_timeouts=0
[2025-11-15 04:22:01] [WDG] Restart failed: [Errno 2] Entity not found
[2025-11-15 04:22:02] [DIAG] GET_STATUS requested via CTRL (bulk failed)
[2025-11-15 04:22:04] [DIAG] GET_STATUS requested via CTRL (bulk failed)
[2025-11-15 04:22:05] [DIAG] GET_STATUS requested via CTRL (bulk failed)
[2025-11-15 04:22:06] [WDG] Restart stream: idle_pair=454.17529106140137 consec_timeouts=0
[2025-11-15 04:22:06] [WDG] Restart failed: [Errno 2] Entity not found
[2025-11-15 04:22:07] [DIAG] GET_STATUS requested via CTRL (bulk failed)
[2025-11-15 04:22:08] [DIAG] GET_STATUS requested via CTRL (bulk failed)
[2025-11-15 04:22:10] [DIAG] GET_STATUS requested via CTRL (bulk failed)
[2025-11-15 04:22:11] [WDG] Restart stream: idle_pair=459.1818645000458 consec_timeouts=0
[2025-11-15 04:22:11] [WDG] Restart failed: [Errno 2] Entity not found
[2025-11-15 04:22:11] [DIAG] GET_STATUS requested via CTRL (bulk failed)
[2025-11-15 04:22:13] [DIAG] GET_STATUS requested via CTRL (bulk failed)
[2025-11-15 04:22:14] [DIAG] GET_STATUS requested via CTRL (bulk failed)
[2025-11-15 04:22:16] [DIAG] GET_STATUS requested via CTRL (bulk failed)
[2025-11-15 04:22:16] [WDG] Restart stream: idle_pair=464.18924379348755 consec_timeouts=0
[2025-11-15 04:22:16] [WDG] Restart failed: [Errno 2] Entity not found
[2025-11-15 04:22:17] [DIAG] GET_STATUS requested via CTRL (bulk failed)
[2025-11-15 04:22:19] [DIAG] GET_STATUS requested via CTRL (bulk failed)
[2025-11-15 04:22:20] [DIAG] GET_STATUS requested via CTRL (bulk failed)
[2025-11-15 04:22:21] [WDG] Restart stream: idle_pair=469.1988844871521 consec_timeouts=0
[2025-11-15 04:22:21] [WDG] Restart failed: [Errno 2] Entity not found
[2025-11-15 04:22:22] [DIAG] GET_STATUS requested via CTRL (bulk failed)
[2025-11-15 04:22:23] [DIAG] GET_STATUS requested via CTRL (bulk failed)
[2025-11-15 04:22:25] [DIAG] GET_STATUS requested via CTRL (bulk failed)
[2025-11-15 04:22:26] [WDG] Restart stream: idle_pair=474.2058050632477 consec_timeouts=0
[2025-11-15 04:22:26] [WDG] Restart failed: [Errno 2] Entity not found
[2025-11-15 04:22:26] [DIAG] GET_STATUS requested via CTRL (bulk failed)
[2025-11-15 04:22:28] [DIAG] GET_STATUS requested via CTRL (bulk failed)
[2025-11-15 04:22:29] [DIAG] GET_STATUS requested via CTRL (bulk failed)
[2025-11-15 04:22:31] [DIAG] GET_STATUS requested via CTRL (bulk failed)
[2025-11-15 04:22:31] [WDG] Restart stream: idle_pair=479.21388506889343 consec_timeouts=0
[2025-11-15 04:22:31] [WDG] Restart failed: [Errno 2] Entity not found
[2025-11-15 04:22:32] [DIAG] GET_STATUS requested via CTRL (bulk failed)
[2025-11-15 04:22:34] [DIAG] GET_STATUS requested via CTRL (bulk failed)
[2025-11-15 04:22:35] [DIAG] GET_STATUS requested via CTRL (bulk failed)
[2025-11-15 04:22:36] [WDG] Restart stream: idle_pair=484.22128891944885 consec_timeouts=0
[2025-11-15 04:22:36] [WDG] Restart failed: [Errno 2] Entity not found
[2025-11-15 04:22:37] [DIAG] GET_STATUS requested via CTRL (bulk failed)
[2025-11-15 04:22:38] [DIAG] GET_STATUS requested via CTRL (bulk failed)
[2025-11-15 04:22:40] [DIAG] GET_STATUS requested via CTRL (bulk failed)
[2025-11-15 04:22:41] [WDG] Restart stream: idle_pair=489.2294855117798 consec_timeouts=0
[2025-11-15 04:22:41] [WDG] Restart failed: [Errno 2] Entity not found
[2025-11-15 04:22:41] [DIAG] GET_STATUS requested via CTRL (bulk failed)
[2025-11-15 04:22:43] [DIAG] GET_STATUS requested via CTRL (bulk failed)
[2025-11-15 04:22:44] [DIAG] GET_STATUS requested via CTRL (bulk failed)
[2025-11-15 04:22:46] [DIAG] GET_STATUS requested via CTRL (bulk failed)
[2025-11-15 04:22:46] [WDG] Restart stream: idle_pair=494.2353127002716 consec_timeouts=0
[2025-11-15 04:22:46] [WDG] Restart failed: [Errno 2] Entity not found
[2025-11-15 04:22:47] [DIAG] GET_STATUS requested via CTRL (bulk failed)
[2025-11-15 04:22:49] [DIAG] GET_STATUS requested via CTRL (bulk failed)
[2025-11-15 04:22:50] [DIAG] GET_STATUS requested via CTRL (bulk failed)
[2025-11-15 04:22:51] [WDG] Restart stream: idle_pair=499.2414994239807 consec_timeouts=0
[2025-11-15 04:22:51] [WDG] Restart failed: [Errno 2] Entity not found
[2025-11-15 04:22:52] [DIAG] GET_STATUS requested via CTRL (bulk failed)
[2025-11-15 04:22:53] [DIAG] GET_STATUS requested via CTRL (bulk failed)
[2025-11-15 04:22:55] [DIAG] GET_STATUS requested via CTRL (bulk failed)
[2025-11-15 04:22:56] [WDG] Restart stream: idle_pair=504.24949836730957 consec_timeouts=0
[2025-11-15 04:22:56] [WDG] Restart failed: [Errno 2] Entity not found
[2025-11-15 04:22:56] [DIAG] GET_STATUS requested via CTRL (bulk failed)
[2025-11-15 04:22:58] [DIAG] GET_STATUS requested via CTRL (bulk failed)
[2025-11-15 04:22:59] [DIAG] GET_STATUS requested via CTRL (bulk failed)
[2025-11-15 04:23:01] [DIAG] GET_STATUS requested via CTRL (bulk failed)
[2025-11-15 04:23:01] [WDG] Restart stream: idle_pair=509.25639748573303 consec_timeouts=0
[2025-11-15 04:23:01] [WDG] Restart failed: [Errno 2] Entity not found
[2025-11-15 04:23:02] [DIAG] GET_STATUS requested via CTRL (bulk failed)
[2025-11-15 04:23:04] [DIAG] GET_STATUS requested via CTRL (bulk failed)
[2025-11-15 04:23:05] [DIAG] GET_STATUS requested via CTRL (bulk failed)
[2025-11-15 04:23:06] [WDG] Restart stream: idle_pair=514.2629406452179 consec_timeouts=0
[2025-11-15 04:23:06] [WDG] Restart failed: [Errno 2] Entity not found
[2025-11-15 04:23:07] [DIAG] GET_STATUS requested via CTRL (bulk failed)
[2025-11-15 04:23:08] [DIAG] GET_STATUS requested via CTRL (bulk failed)
[2025-11-15 04:23:10] [DIAG] GET_STATUS requested via CTRL (bulk failed)
[2025-11-15 04:23:11] [WDG] Restart stream: idle_pair=519.2693433761597 consec_timeouts=0
[2025-11-15 04:23:11] [WDG] Restart failed: [Errno 2] Entity not found
[2025-11-15 04:23:11] [DIAG] GET_STATUS requested via CTRL (bulk failed)
[2025-11-15 04:23:13] [DIAG] GET_STATUS requested via CTRL (bulk failed)
[2025-11-15 04:23:14] [DIAG] GET_STATUS requested via CTRL (bulk failed)
[2025-11-15 04:23:16] [DIAG] GET_STATUS requested via CTRL (bulk failed)
[2025-11-15 04:23:16] [WDG] Restart stream: idle_pair=524.2759685516357 consec_timeouts=0
[2025-11-15 04:23:16] [WDG] Restart failed: [Errno 2] Entity not found
[2025-11-15 04:23:17] [DIAG] GET_STATUS requested via CTRL (bulk failed)
[2025-11-15 04:23:19] [DIAG] GET_STATUS requested via CTRL (bulk failed)
[2025-11-15 04:23:20] [DIAG] GET_STATUS requested via CTRL (bulk failed)
[2025-11-15 04:23:21] [WDG] Restart stream: idle_pair=529.2813146114349 consec_timeouts=0
[2025-11-15 04:23:21] [WDG] Restart failed: [Errno 2] Entity not found
[2025-11-15 04:23:22] [DIAG] GET_STATUS requested via CTRL (bulk failed)
[2025-11-15 04:23:23] [DIAG] GET_STATUS requested via CTRL (bulk failed)
[2025-11-15 04:23:25] [DIAG] GET_STATUS requested via CTRL (bulk failed)
[2025-11-15 04:23:26] [WDG] Restart stream: idle_pair=534.2880284786224 consec_timeouts=0
[2025-11-15 04:23:26] [WDG] Restart failed: [Errno 2] Entity not found
[2025-11-15 04:23:26] [DIAG] GET_STATUS requested via CTRL (bulk failed)
[2025-11-15 04:23:28] [DIAG] GET_STATUS requested via CTRL (bulk failed)
[2025-11-15 04:23:29] [DIAG] GET_STATUS requested via CTRL (bulk failed)
[2025-11-15 04:23:31] [DIAG] GET_STATUS requested via CTRL (bulk failed)
[2025-11-15 04:23:31] [WDG] Restart stream: idle_pair=539.2957320213318 consec_timeouts=0
[2025-11-15 04:23:31] [WDG] Restart failed: [Errno 2] Entity not found
[2025-11-15 04:23:32] [DIAG] GET_STATUS requested via CTRL (bulk failed)
[2025-11-15 04:23:34] [DIAG] GET_STATUS requested via CTRL (bulk failed)
[2025-11-15 04:23:35] [DIAG] GET_STATUS requested via CTRL (bulk failed)
[2025-11-15 04:23:36] [WDG] Restart stream: idle_pair=544.3024656772614 consec_timeouts=0
[2025-11-15 04:23:36] [WDG] Restart failed: [Errno 2] Entity not found
[2025-11-15 04:23:37] [DIAG] GET_STATUS requested via CTRL (bulk failed)
[2025-11-15 04:23:38] [DIAG] GET_STATUS requested via CTRL (bulk failed)
[2025-11-15 04:23:40] [DIAG] GET_STATUS requested via CTRL (bulk failed)
[2025-11-15 04:23:41] [WDG] Restart stream: idle_pair=549.3087408542633 consec_timeouts=0
[2025-11-15 04:23:41] [WDG] Restart failed: [Errno 2] Entity not found
[2025-11-15 04:23:41] [DIAG] GET_STATUS requested via CTRL (bulk failed)
[2025-11-15 04:23:43] [DIAG] GET_STATUS requested via CTRL (bulk failed)
[2025-11-15 04:23:44] [DIAG] GET_STATUS requested via CTRL (bulk failed)
[2025-11-15 04:23:46] [DIAG] GET_STATUS requested via CTRL (bulk failed)
[2025-11-15 04:23:46] [WDG] Restart stream: idle_pair=554.3151986598969 consec_timeouts=0
[2025-11-15 04:23:46] [WDG] Restart failed: [Errno 2] Entity not found
[2025-11-15 04:23:47] [DIAG] GET_STATUS requested via CTRL (bulk failed)
[2025-11-15 04:23:49] [DIAG] GET_STATUS requested via CTRL (bulk failed)
[2025-11-15 04:23:50] [DIAG] GET_STATUS requested via CTRL (bulk failed)
[2025-11-15 04:23:51] [WDG] Restart stream: idle_pair=559.3213315010071 consec_timeouts=0
[2025-11-15 04:23:51] [WDG] Restart failed: [Errno 2] Entity not found
[2025-11-15 04:23:52] [DIAG] GET_STATUS requested via CTRL (bulk failed)
[2025-11-15 04:23:53] [DIAG] GET_STATUS requested via CTRL (bulk failed)
[2025-11-15 04:23:55] [DIAG] GET_STATUS requested via CTRL (bulk failed)
[2025-11-15 04:23:56] [WDG] Restart stream: idle_pair=564.3279440402985 consec_timeouts=0
[2025-11-15 04:23:56] [WDG] Restart failed: [Errno 2] Entity not found
[2025-11-15 04:23:56] [DIAG] GET_STATUS requested via CTRL (bulk failed)
[2025-11-15 04:23:58] [DIAG] GET_STATUS requested via CTRL (bulk failed)
[2025-11-15 04:23:59] [DIAG] GET_STATUS requested via CTRL (bulk failed)
[2025-11-15 04:24:01] [DIAG] GET_STATUS requested via CTRL (bulk failed)
[2025-11-15 04:24:01] [WDG] Restart stream: idle_pair=569.334379196167 consec_timeouts=0
[2025-11-15 04:24:01] [WDG] Restart failed: [Errno 2] Entity not found
[2025-11-15 04:24:02] [DIAG] GET_STATUS requested via CTRL (bulk failed)
[2025-11-15 04:24:04] [DIAG] GET_STATUS requested via CTRL (bulk failed)
[2025-11-15 04:24:05] [DIAG] GET_STATUS requested via CTRL (bulk failed)
[2025-11-15 04:24:06] [WDG] Restart stream: idle_pair=574.3388307094574 consec_timeouts=0
[2025-11-15 04:24:06] [WDG] Restart failed: [Errno 2] Entity not found
[2025-11-15 04:24:07] [DIAG] GET_STATUS requested via CTRL (bulk failed)
[2025-11-15 04:24:08] [DIAG] GET_STATUS requested via CTRL (bulk failed)
[2025-11-15 04:24:10] [DIAG] GET_STATUS requested via CTRL (bulk failed)
[2025-11-15 04:24:11] [WDG] Restart stream: idle_pair=579.3440651893616 consec_timeouts=0
[2025-11-15 04:24:11] [WDG] Restart failed: [Errno 2] Entity not found
[2025-11-15 04:24:11] [DIAG] GET_STATUS requested via CTRL (bulk failed)
[2025-11-15 04:24:13] [DIAG] GET_STATUS requested via CTRL (bulk failed)
[2025-11-15 04:24:14] [DIAG] GET_STATUS requested via CTRL (bulk failed)
[2025-11-15 04:24:16] [DIAG] GET_STATUS requested via CTRL (bulk failed)
[2025-11-15 04:24:16] [WDG] Restart stream: idle_pair=584.3491594791412 consec_timeouts=0
[2025-11-15 04:24:16] [WDG] Restart failed: [Errno 2] Entity not found
[2025-11-15 04:24:17] [DIAG] GET_STATUS requested via CTRL (bulk failed)
[2025-11-15 04:24:19] [DIAG] GET_STATUS requested via CTRL (bulk failed)
[2025-11-15 04:24:20] [DIAG] GET_STATUS requested via CTRL (bulk failed)
[2025-11-15 04:24:21] [WDG] Restart stream: idle_pair=589.3559157848358 consec_timeouts=0
[2025-11-15 04:24:21] [WDG] Restart failed: [Errno 2] Entity not found
[2025-11-15 04:24:22] [DIAG] GET_STATUS requested via CTRL (bulk failed)
[2025-11-15 04:24:23] [DIAG] GET_STATUS requested via CTRL (bulk failed)
[2025-11-15 04:24:25] [DIAG] GET_STATUS requested via CTRL (bulk failed)
[2025-11-15 04:24:26] [WDG] Restart stream: idle_pair=594.3618891239166 consec_timeouts=0
[2025-11-15 04:24:26] [WDG] Restart failed: [Errno 2] Entity not found
[2025-11-15 04:24:26] [DIAG] GET_STATUS requested via CTRL (bulk failed)
[2025-11-15 04:24:28] [DIAG] GET_STATUS requested via CTRL (bulk failed)
[2025-11-15 04:24:29] [DIAG] GET_STATUS requested via CTRL (bulk failed)
[2025-11-15 04:24:31] [DIAG] GET_STATUS requested via CTRL (bulk failed)
[2025-11-15 04:24:31] [WDG] Restart stream: idle_pair=599.3696410655975 consec_timeouts=0
[2025-11-15 04:24:31] [WDG] Restart failed: [Errno 2] Entity not found
[2025-11-15 04:24:32] [DIAG] GET_STATUS requested via CTRL (bulk failed)
[2025-11-15 04:24:34] [DIAG] GET_STATUS requested via CTRL (bulk failed)
[2025-11-15 04:24:35] [DIAG] GET_STATUS requested via CTRL (bulk failed)
[2025-11-15 04:24:36] [WDG] Restart stream: idle_pair=604.3752996921539 consec_timeouts=0
[2025-11-15 04:24:36] [WDG] Restart failed: [Errno 2] Entity not found
[2025-11-15 04:24:37] [DIAG] GET_STATUS requested via CTRL (bulk failed)
[2025-11-15 04:24:38] [DIAG] GET_STATUS requested via CTRL (bulk failed)
[2025-11-15 04:24:40] [DIAG] GET_STATUS requested via CTRL (bulk failed)
[2025-11-15 04:24:41] [WDG] Restart stream: idle_pair=609.3824996948242 consec_timeouts=0
[2025-11-15 04:24:41] [WDG] Restart failed: [Errno 2] Entity not found
[2025-11-15 04:24:41] [DIAG] GET_STATUS requested via CTRL (bulk failed)
[2025-11-15 04:24:43] [DIAG] GET_STATUS requested via CTRL (bulk failed)
[2025-11-15 04:24:44] [DIAG] GET_STATUS requested via CTRL (bulk failed)
[2025-11-15 04:24:46] [DIAG] GET_STATUS requested via CTRL (bulk failed)
[2025-11-15 04:24:46] [WDG] Restart stream: idle_pair=614.3881719112396 consec_timeouts=0
[2025-11-15 04:24:46] [WDG] Restart failed: [Errno 2] Entity not found
[2025-11-15 04:24:47] [DIAG] GET_STATUS requested via CTRL (bulk failed)
[2025-11-15 04:24:49] [DIAG] GET_STATUS requested via CTRL (bulk failed)
[2025-11-15 04:24:50] [DIAG] GET_STATUS requested via CTRL (bulk failed)
[2025-11-15 04:24:51] [WDG] Restart stream: idle_pair=619.3954105377197 consec_timeouts=0
[2025-11-15 04:24:51] [WDG] Restart failed: [Errno 2] Entity not found
[2025-11-15 04:24:52] [DIAG] GET_STATUS requested via CTRL (bulk failed)
[2025-11-15 04:24:53] [DIAG] GET_STATUS requested via CTRL (bulk failed)
[2025-11-15 04:24:55] [DIAG] GET_STATUS requested via CTRL (bulk failed)
[2025-11-15 04:24:56] [WDG] Restart stream: idle_pair=624.4024543762207 consec_timeouts=0
[2025-11-15 04:24:56] [WDG] Restart failed: [Errno 2] Entity not found
[2025-11-15 04:24:56] [DIAG] GET_STATUS requested via CTRL (bulk failed)
[2025-11-15 04:24:58] [DIAG] GET_STATUS requested via CTRL (bulk failed)
[2025-11-15 04:24:59] [DIAG] GET_STATUS requested via CTRL (bulk failed)
[2025-11-15 04:25:01] [DIAG] GET_STATUS requested via CTRL (bulk failed)
[2025-11-15 04:25:01] [WDG] Restart stream: idle_pair=629.4087111949921 consec_timeouts=0
[2025-11-15 04:25:01] [WDG] Restart failed: [Errno 2] Entity not found
[2025-11-15 04:25:02] [DIAG] GET_STATUS requested via CTRL (bulk failed)
[2025-11-15 04:25:04] [DIAG] GET_STATUS requested via CTRL (bulk failed)
[2025-11-15 04:25:05] [DIAG] GET_STATUS requested via CTRL (bulk failed)
[2025-11-15 04:25:06] [WDG] Restart stream: idle_pair=634.4139561653137 consec_timeouts=0
[2025-11-15 04:25:06] [WDG] Restart failed: [Errno 2] Entity not found
[2025-11-15 04:25:07] [DIAG] GET_STATUS requested via CTRL (bulk failed)
[2025-11-15 04:25:08] [DIAG] GET_STATUS requested via CTRL (bulk failed)
[2025-11-15 04:25:10] [DIAG] GET_STATUS requested via CTRL (bulk failed)
[2025-11-15 04:25:11] [WDG] Restart stream: idle_pair=639.4206922054291 consec_timeouts=0
[2025-11-15 04:25:11] [WDG] Restart failed: [Errno 2] Entity not found
[2025-11-15 04:25:11] [DIAG] GET_STATUS requested via CTRL (bulk failed)
[2025-11-15 04:25:13] [DIAG] GET_STATUS requested via CTRL (bulk failed)
[2025-11-15 04:25:14] [DIAG] GET_STATUS requested via CTRL (bulk failed)
[2025-11-15 04:25:16] [DIAG] GET_STATUS requested via CTRL (bulk failed)
[2025-11-15 04:25:16] [WDG] Restart stream: idle_pair=644.4259159564972 consec_timeouts=0
[2025-11-15 04:25:16] [WDG] Restart failed: [Errno 2] Entity not found
[2025-11-15 04:25:17] [DIAG] GET_STATUS requested via CTRL (bulk failed)
[2025-11-15 04:25:19] [DIAG] GET_STATUS requested via CTRL (bulk failed)
[2025-11-15 04:25:20] [DIAG] GET_STATUS requested via CTRL (bulk failed)
[2025-11-15 04:25:21] [WDG] Restart stream: idle_pair=649.4309132099152 consec_timeouts=0
[2025-11-15 04:25:21] [WDG] Restart failed: [Errno 2] Entity not found
[2025-11-15 04:25:22] [DIAG] GET_STATUS requested via CTRL (bulk failed)
[2025-11-15 04:25:23] [DIAG] GET_STATUS requested via CTRL (bulk failed)
[2025-11-15 04:25:25] [DIAG] GET_STATUS requested via CTRL (bulk failed)
[2025-11-15 04:25:26] [WDG] Restart stream: idle_pair=654.4383120536804 consec_timeouts=0
[2025-11-15 04:25:26] [WDG] Restart failed: [Errno 2] Entity not found
[2025-11-15 04:25:26] [DIAG] GET_STATUS requested via CTRL (bulk failed)
[2025-11-15 04:25:28] [DIAG] GET_STATUS requested via CTRL (bulk failed)
[2025-11-15 04:25:29] [DIAG] GET_STATUS requested via CTRL (bulk failed)
[2025-11-15 04:25:31] [DIAG] GET_STATUS requested via CTRL (bulk failed)
[2025-11-15 04:25:31] [WDG] Restart stream: idle_pair=659.4451932907104 consec_timeouts=0
[2025-11-15 04:25:31] [WDG] Restart failed: [Errno 2] Entity not found
[2025-11-15 04:25:32] [DIAG] GET_STATUS requested via CTRL (bulk failed)
[2025-11-15 04:25:34] [DIAG] GET_STATUS requested via CTRL (bulk failed)
[2025-11-15 04:25:35] [DIAG] GET_STATUS requested via CTRL (bulk failed)
[2025-11-15 04:25:36] [WDG] Restart stream: idle_pair=664.4527547359467 consec_timeouts=0
[2025-11-15 04:25:36] [WDG] Restart failed: [Errno 2] Entity not found
[2025-11-15 04:25:37] [DIAG] GET_STATUS requested via CTRL (bulk failed)
[2025-11-15 04:25:38] [DIAG] GET_STATUS requested via CTRL (bulk failed)
[2025-11-15 04:25:40] [DIAG] GET_STATUS requested via CTRL (bulk failed)
[2025-11-15 04:25:41] [WDG] Restart stream: idle_pair=669.4576785564423 consec_timeouts=0
[2025-11-15 04:25:41] [WDG] Restart failed: [Errno 2] Entity not found
[2025-11-15 04:25:41] [DIAG] GET_STATUS requested via CTRL (bulk failed)
[2025-11-15 04:25:43] [DIAG] GET_STATUS requested via CTRL (bulk failed)
[2025-11-15 04:25:44] [DIAG] GET_STATUS requested via CTRL (bulk failed)
[2025-11-15 04:25:46] [DIAG] GET_STATUS requested via CTRL (bulk failed)
[2025-11-15 04:25:46] [WDG] Restart stream: idle_pair=674.466112613678 consec_timeouts=0
[2025-11-15 04:25:46] [WDG] Restart failed: [Errno 2] Entity not found
[2025-11-15 04:25:47] [DIAG] GET_STATUS requested via CTRL (bulk failed)
[2025-11-15 04:25:49] [DIAG] GET_STATUS requested via CTRL (bulk failed)
[2025-11-15 04:25:50] [DIAG] GET_STATUS requested via CTRL (bulk failed)
[2025-11-15 04:25:51] [WDG] Restart stream: idle_pair=679.4746675491333 consec_timeouts=0
[2025-11-15 04:25:51] [WDG] Restart failed: [Errno 2] Entity not found
[2025-11-15 04:25:52] [DIAG] GET_STATUS requested via CTRL (bulk failed)
[2025-11-15 04:25:53] [DIAG] GET_STATUS requested via CTRL (bulk failed)
[2025-11-15 04:25:55] [DIAG] GET_STATUS requested via CTRL (bulk failed)
[2025-11-15 04:25:56] [WDG] Restart stream: idle_pair=684.4802722930908 consec_timeouts=0
[2025-11-15 04:25:56] [WDG] Restart failed: [Errno 2] Entity not found
[2025-11-15 04:25:56] [DIAG] GET_STATUS requested via CTRL (bulk failed)
[2025-11-15 04:25:58] [DIAG] GET_STATUS requested via CTRL (bulk failed)
[2025-11-15 04:25:59] [DIAG] GET_STATUS requested via CTRL (bulk failed)
[2025-11-15 04:26:01] [DIAG] GET_STATUS requested via CTRL (bulk failed)
[2025-11-15 04:26:01] [WDG] Restart stream: idle_pair=689.4863910675049 consec_timeouts=0
[2025-11-15 04:26:01] [WDG] Restart failed: [Errno 2] Entity not found
[2025-11-15 04:26:02] [DIAG] GET_STATUS requested via CTRL (bulk failed)
[2025-11-15 04:26:04] [DIAG] GET_STATUS requested via CTRL (bulk failed)
[2025-11-15 04:26:05] [DIAG] GET_STATUS requested via CTRL (bulk failed)
[2025-11-15 04:26:06] [WDG] Restart stream: idle_pair=694.4929072856903 consec_timeouts=0
[2025-11-15 04:26:06] [WDG] Restart failed: [Errno 2] Entity not found
[2025-11-15 04:26:07] [DIAG] GET_STATUS requested via CTRL (bulk failed)
[2025-11-15 04:26:08] [DIAG] GET_STATUS requested via CTRL (bulk failed)
[2025-11-15 04:26:10] [DIAG] GET_STATUS requested via CTRL (bulk failed)
[2025-11-15 04:26:11] [WDG] Restart stream: idle_pair=699.4992713928223 consec_timeouts=0
[2025-11-15 04:26:11] [WDG] Restart failed: [Errno 2] Entity not found
[2025-11-15 04:26:11] [DIAG] GET_STATUS requested via CTRL (bulk failed)
[2025-11-15 04:26:13] [DIAG] GET_STATUS requested via CTRL (bulk failed)
[2025-11-15 04:26:14] [DIAG] GET_STATUS requested via CTRL (bulk failed)
[2025-11-15 04:26:16] [DIAG] GET_STATUS requested via CTRL (bulk failed)
[2025-11-15 04:26:16] [WDG] Restart stream: idle_pair=704.5074031352997 consec_timeouts=0
[2025-11-15 04:26:16] [WDG] Restart failed: [Errno 2] Entity not found
[2025-11-15 04:26:17] [DIAG] GET_STATUS requested via CTRL (bulk failed)
[2025-11-15 04:26:19] [DIAG] GET_STATUS requested via CTRL (bulk failed)
[2025-11-15 04:26:20] [DIAG] GET_STATUS requested via CTRL (bulk failed)
[2025-11-15 04:26:21] [WDG] Restart stream: idle_pair=709.5142233371735 consec_timeouts=0
[2025-11-15 04:26:21] [WDG] Restart failed: [Errno 2] Entity not found
[2025-11-15 04:26:22] [DIAG] GET_STATUS requested via CTRL (bulk failed)
[2025-11-15 04:26:23] [DIAG] GET_STATUS requested via CTRL (bulk failed)
[2025-11-15 04:26:25] [DIAG] GET_STATUS requested via CTRL (bulk failed)
[2025-11-15 04:26:26] [WDG] Restart stream: idle_pair=714.5220055580139 consec_timeouts=0
[2025-11-15 04:26:26] [WDG] Restart failed: [Errno 2] Entity not found
[2025-11-15 04:26:26] [DIAG] GET_STATUS requested via CTRL (bulk failed)
[2025-11-15 04:26:28] [DIAG] GET_STATUS requested via CTRL (bulk failed)
[2025-11-15 04:26:29] [DIAG] GET_STATUS requested via CTRL (bulk failed)
[2025-11-15 04:26:31] [DIAG] GET_STATUS requested via CTRL (bulk failed)
[2025-11-15 04:26:31] [WDG] Restart stream: idle_pair=719.5270702838898 consec_timeouts=0
[2025-11-15 04:26:31] [WDG] Restart failed: [Errno 2] Entity not found
[2025-11-15 04:26:32] [DIAG] GET_STATUS requested via CTRL (bulk failed)
[2025-11-15 04:26:34] [DIAG] GET_STATUS requested via CTRL (bulk failed)
[2025-11-15 04:26:35] [DIAG] GET_STATUS requested via CTRL (bulk failed)
[2025-11-15 04:26:36] [WDG] Restart stream: idle_pair=724.5325803756714 consec_timeouts=0
[2025-11-15 04:26:36] [WDG] Restart failed: [Errno 2] Entity not found
[2025-11-15 04:26:37] [DIAG] GET_STATUS requested via CTRL (bulk failed)
[2025-11-15 04:26:38] [DIAG] GET_STATUS requested via CTRL (bulk failed)
[2025-11-15 04:26:40] [DIAG] GET_STATUS requested via CTRL (bulk failed)
[2025-11-15 04:26:41] [WDG] Restart stream: idle_pair=729.5379655361176 consec_timeouts=0
[2025-11-15 04:26:41] [WDG] Restart failed: [Errno 2] Entity not found
[2025-11-15 04:26:41] [DIAG] GET_STATUS requested via CTRL (bulk failed)
[2025-11-15 04:26:43] [DIAG] GET_STATUS requested via CTRL (bulk failed)
[2025-11-15 04:26:44] [DIAG] GET_STATUS requested via CTRL (bulk failed)
[2025-11-15 04:26:46] [DIAG] GET_STATUS requested via CTRL (bulk failed)
[2025-11-15 04:26:46] [WDG] Restart stream: idle_pair=734.5440764427185 consec_timeouts=0
[2025-11-15 04:26:46] [WDG] Restart failed: [Errno 2] Entity not found
[2025-11-15 04:26:47] [DIAG] GET_STATUS requested via CTRL (bulk failed)
[2025-11-15 04:26:49] [DIAG] GET_STATUS requested via CTRL (bulk failed)
[2025-11-15 04:26:50] [DIAG] GET_STATUS requested via CTRL (bulk failed)
[2025-11-15 04:26:51] [WDG] Restart stream: idle_pair=739.5512247085571 consec_timeouts=0
[2025-11-15 04:26:51] [WDG] Restart failed: [Errno 2] Entity not found
[2025-11-15 04:26:52] [DIAG] GET_STATUS requested via CTRL (bulk failed)
[2025-11-15 04:26:53] [DIAG] GET_STATUS requested via CTRL (bulk failed)
[2025-11-15 04:26:55] [DIAG] GET_STATUS requested via CTRL (bulk failed)
[2025-11-15 04:26:56] [WDG] Restart stream: idle_pair=744.5585925579071 consec_timeouts=0
[2025-11-15 04:26:56] [WDG] Restart failed: [Errno 2] Entity not found
[2025-11-15 04:26:56] [DIAG] GET_STATUS requested via CTRL (bulk failed)
[2025-11-15 04:26:58] [DIAG] GET_STATUS requested via CTRL (bulk failed)
[2025-11-15 04:26:59] [DIAG] GET_STATUS requested via CTRL (bulk failed)
[2025-11-15 04:27:01] [DIAG] GET_STATUS requested via CTRL (bulk failed)
[2025-11-15 04:27:01] [WDG] Restart stream: idle_pair=749.565461397171 consec_timeouts=0
[2025-11-15 04:27:01] [WDG] Restart failed: [Errno 2] Entity not found
[2025-11-15 04:27:02] [DIAG] GET_STATUS requested via CTRL (bulk failed)
[2025-11-15 04:27:04] [DIAG] GET_STATUS requested via CTRL (bulk failed)
[2025-11-15 04:27:05] [DIAG] GET_STATUS requested via CTRL (bulk failed)
[2025-11-15 04:27:06] [WDG] Restart stream: idle_pair=754.5723724365234 consec_timeouts=0
[2025-11-15 04:27:06] [WDG] Restart failed: [Errno 2] Entity not found
[2025-11-15 04:27:07] [DIAG] GET_STATUS requested via CTRL (bulk failed)
[2025-11-15 04:27:08] [DIAG] GET_STATUS requested via CTRL (bulk failed)
[2025-11-15 04:27:10] [DIAG] GET_STATUS requested via CTRL (bulk failed)
[2025-11-15 04:27:11] [WDG] Restart stream: idle_pair=759.5797657966614 consec_timeouts=0
[2025-11-15 04:27:11] [WDG] Restart failed: [Errno 2] Entity not found
[2025-11-15 04:27:11] [DIAG] GET_STATUS requested via CTRL (bulk failed)
[2025-11-15 04:27:13] [DIAG] GET_STATUS requested via CTRL (bulk failed)
[2025-11-15 04:27:14] [DIAG] GET_STATUS requested via CTRL (bulk failed)
[2025-11-15 04:27:16] [DIAG] GET_STATUS requested via CTRL (bulk failed)
[2025-11-15 04:27:16] [WDG] Restart stream: idle_pair=764.5879483222961 consec_timeouts=0
[2025-11-15 04:27:16] [WDG] Restart failed: [Errno 2] Entity not found
[2025-11-15 04:27:17] [DIAG] GET_STATUS requested via CTRL (bulk failed)
[2025-11-15 04:27:19] [DIAG] GET_STATUS requested via CTRL (bulk failed)
[2025-11-15 04:27:20] [DIAG] GET_STATUS requested via CTRL (bulk failed)
[2025-11-15 04:27:21] [WDG] Restart stream: idle_pair=769.5948700904846 consec_timeouts=0
[2025-11-15 04:27:21] [WDG] Restart failed: [Errno 2] Entity not found
[2025-11-15 04:27:22] [DIAG] GET_STATUS requested via CTRL (bulk failed)
[2025-11-15 04:27:23] [DIAG] GET_STATUS requested via CTRL (bulk failed)
[2025-11-15 04:27:25] [DIAG] GET_STATUS requested via CTRL (bulk failed)
[2025-11-15 04:27:26] [WDG] Restart stream: idle_pair=774.6000120639801 consec_timeouts=0
[2025-11-15 04:27:26] [WDG] Restart failed: [Errno 2] Entity not found
[2025-11-15 04:27:26] [DIAG] GET_STATUS requested via CTRL (bulk failed)
[2025-11-15 04:27:28] [DIAG] GET_STATUS requested via CTRL (bulk failed)
[2025-11-15 04:27:29] [DIAG] GET_STATUS requested via CTRL (bulk failed)
[2025-11-15 04:27:31] [DIAG] GET_STATUS requested via CTRL (bulk failed)
[2025-11-15 04:27:31] [WDG] Restart stream: idle_pair=779.605770111084 consec_timeouts=0
[2025-11-15 04:27:31] [WDG] Restart failed: [Errno 2] Entity not found
[2025-11-15 04:27:32] [DIAG] GET_STATUS requested via CTRL (bulk failed)
[2025-11-15 04:27:34] [DIAG] GET_STATUS requested via CTRL (bulk failed)
[2025-11-15 04:27:35] [DIAG] GET_STATUS requested via CTRL (bulk failed)
[2025-11-15 04:27:36] [WDG] Restart stream: idle_pair=784.6127529144287 consec_timeouts=0
[2025-11-15 04:27:36] [WDG] Restart failed: [Errno 2] Entity not found
[2025-11-15 04:27:37] [DIAG] GET_STATUS requested via CTRL (bulk failed)
[2025-11-15 04:27:38] [DIAG] GET_STATUS requested via CTRL (bulk failed)
[2025-11-15 04:27:40] [DIAG] GET_STATUS requested via CTRL (bulk failed)
[2025-11-15 04:27:41] [WDG] Restart stream: idle_pair=789.6205441951752 consec_timeouts=0
[2025-11-15 04:27:41] [WDG] Restart failed: [Errno 2] Entity not found
[2025-11-15 04:27:41] [DIAG] GET_STATUS requested via CTRL (bulk failed)
[2025-11-15 04:27:43] [DIAG] GET_STATUS requested via CTRL (bulk failed)
[2025-11-15 04:27:44] [DIAG] GET_STATUS requested via CTRL (bulk failed)
[2025-11-15 04:27:46] [DIAG] GET_STATUS requested via CTRL (bulk failed)
[2025-11-15 04:27:46] [WDG] Restart stream: idle_pair=794.6265606880188 consec_timeouts=0
[2025-11-15 04:27:46] [WDG] Restart failed: [Errno 2] Entity not found
[2025-11-15 04:27:47] [DIAG] GET_STATUS requested via CTRL (bulk failed)
[2025-11-15 04:27:49] [DIAG] GET_STATUS requested via CTRL (bulk failed)
[2025-11-15 04:27:50] [DIAG] GET_STATUS requested via CTRL (bulk failed)
[2025-11-15 04:27:51] [WDG] Restart stream: idle_pair=799.6344442367554 consec_timeouts=0
[2025-11-15 04:27:51] [WDG] Restart failed: [Errno 2] Entity not found
[2025-11-15 04:27:52] [DIAG] GET_STATUS requested via CTRL (bulk failed)
[2025-11-15 04:27:53] [DIAG] GET_STATUS requested via CTRL (bulk failed)
[2025-11-15 04:27:55] [DIAG] GET_STATUS requested via CTRL (bulk failed)
[2025-11-15 04:27:56] [WDG] Restart stream: idle_pair=804.6422758102417 consec_timeouts=0
[2025-11-15 04:27:56] [WDG] Restart failed: [Errno 2] Entity not found
[2025-11-15 04:27:56] [DIAG] GET_STATUS requested via CTRL (bulk failed)
[2025-11-15 04:27:58] [DIAG] GET_STATUS requested via CTRL (bulk failed)
[2025-11-15 04:27:59] [DIAG] GET_STATUS requested via CTRL (bulk failed)
[2025-11-15 04:28:01] [DIAG] GET_STATUS requested via CTRL (bulk failed)
[2025-11-15 04:28:01] [WDG] Restart stream: idle_pair=809.6486823558807 consec_timeouts=0
[2025-11-15 04:28:01] [WDG] Restart failed: [Errno 2] Entity not found
[2025-11-15 04:28:02] [DIAG] GET_STATUS requested via CTRL (bulk failed)
[2025-11-15 04:28:04] [DIAG] GET_STATUS requested via CTRL (bulk failed)
[2025-11-15 04:28:05] [DIAG] GET_STATUS requested via CTRL (bulk failed)
[2025-11-15 04:28:06] [WDG] Restart stream: idle_pair=814.655645608902 consec_timeouts=0
[2025-11-15 04:28:06] [WDG] Restart failed: [Errno 2] Entity not found
[2025-11-15 04:28:07] [DIAG] GET_STATUS requested via CTRL (bulk failed)
[2025-11-15 04:28:08] [DIAG] GET_STATUS requested via CTRL (bulk failed)
[2025-11-15 04:28:10] [DIAG] GET_STATUS requested via CTRL (bulk failed)
[2025-11-15 04:28:11] [WDG] Restart stream: idle_pair=819.6625990867615 consec_timeouts=0
[2025-11-15 04:28:11] [WDG] Restart failed: [Errno 2] Entity not found
[2025-11-15 04:28:11] [DIAG] GET_STATUS requested via CTRL (bulk failed)
[2025-11-15 04:28:13] [DIAG] GET_STATUS requested via CTRL (bulk failed)
[2025-11-15 04:28:14] [DIAG] GET_STATUS requested via CTRL (bulk failed)
[2025-11-15 04:28:16] [DIAG] GET_STATUS requested via CTRL (bulk failed)
[2025-11-15 04:28:16] [WDG] Restart stream: idle_pair=824.6699628829956 consec_timeouts=0
[2025-11-15 04:28:16] [WDG] Restart failed: [Errno 2] Entity not found
[2025-11-15 04:28:17] [DIAG] GET_STATUS requested via CTRL (bulk failed)
[2025-11-15 04:28:19] [DIAG] GET_STATUS requested via CTRL (bulk failed)
[2025-11-15 04:28:20] [DIAG] GET_STATUS requested via CTRL (bulk failed)
[2025-11-15 04:28:21] [WDG] Restart stream: idle_pair=829.6765418052673 consec_timeouts=0
[2025-11-15 04:28:21] [WDG] Restart failed: [Errno 2] Entity not found
[2025-11-15 04:28:22] [DIAG] GET_STATUS requested via CTRL (bulk failed)
[2025-11-15 04:28:23] [DIAG] GET_STATUS requested via CTRL (bulk failed)
[2025-11-15 04:28:25] [DIAG] GET_STATUS requested via CTRL (bulk failed)
[2025-11-15 04:28:26] [WDG] Restart stream: idle_pair=834.6816937923431 consec_timeouts=0
[2025-11-15 04:28:26] [WDG] Restart failed: [Errno 2] Entity not found
[2025-11-15 04:28:26] [DIAG] GET_STATUS requested via CTRL (bulk failed)
[2025-11-15 04:28:28] [DIAG] GET_STATUS requested via CTRL (bulk failed)
[2025-11-15 04:28:29] [DIAG] GET_STATUS requested via CTRL (bulk failed)
[2025-11-15 04:28:31] [DIAG] GET_STATUS requested via CTRL (bulk failed)
[2025-11-15 04:28:31] [WDG] Restart stream: idle_pair=839.6880714893341 consec_timeouts=0
[2025-11-15 04:28:31] [WDG] Restart failed: [Errno 2] Entity not found
[2025-11-15 04:28:32] [DIAG] GET_STATUS requested via CTRL (bulk failed)
[2025-11-15 04:28:34] [DIAG] GET_STATUS requested via CTRL (bulk failed)
[2025-11-15 04:28:35] [DIAG] GET_STATUS requested via CTRL (bulk failed)
[2025-11-15 04:28:36] [WDG] Restart stream: idle_pair=844.6935362815857 consec_timeouts=0
[2025-11-15 04:28:36] [WDG] Restart failed: [Errno 2] Entity not found
[2025-11-15 04:28:37] [DIAG] GET_STATUS requested via CTRL (bulk failed)
[2025-11-15 04:28:38] [DIAG] GET_STATUS requested via CTRL (bulk failed)
[2025-11-15 04:28:40] [DIAG] GET_STATUS requested via CTRL (bulk failed)
[2025-11-15 04:28:41] [WDG] Restart stream: idle_pair=849.7019882202148 consec_timeouts=0
[2025-11-15 04:28:41] [WDG] Restart failed: [Errno 2] Entity not found
[2025-11-15 04:28:41] [DIAG] GET_STATUS requested via CTRL (bulk failed)
[2025-11-15 04:28:43] [DIAG] GET_STATUS requested via CTRL (bulk failed)
[2025-11-15 04:28:44] [DIAG] GET_STATUS requested via CTRL (bulk failed)
[2025-11-15 04:28:46] [DIAG] GET_STATUS requested via CTRL (bulk failed)
[2025-11-15 04:28:46] [WDG] Restart stream: idle_pair=854.7099051475525 consec_timeouts=0
[2025-11-15 04:28:46] [WDG] Restart failed: [Errno 2] Entity not found
[2025-11-15 04:28:47] [DIAG] GET_STATUS requested via CTRL (bulk failed)
[2025-11-15 04:28:49] [DIAG] GET_STATUS requested via CTRL (bulk failed)
[2025-11-15 04:28:50] [DIAG] GET_STATUS requested via CTRL (bulk failed)
[2025-11-15 04:28:51] [WDG] Restart stream: idle_pair=859.7176127433777 consec_timeouts=0
[2025-11-15 04:28:51] [WDG] Restart failed: [Errno 2] Entity not found
[2025-11-15 04:28:52] [DIAG] GET_STATUS requested via CTRL (bulk failed)
[2025-11-15 04:28:53] [DIAG] GET_STATUS requested via CTRL (bulk failed)
[2025-11-15 04:28:55] [DIAG] GET_STATUS requested via CTRL (bulk failed)
[2025-11-15 04:28:56] [WDG] Restart stream: idle_pair=864.7256939411163 consec_timeouts=0
[2025-11-15 04:28:56] [WDG] Restart failed: [Errno 2] Entity not found
[2025-11-15 04:28:56] [DIAG] GET_STATUS requested via CTRL (bulk failed)
[2025-11-15 04:28:58] [DIAG] GET_STATUS requested via CTRL (bulk failed)
[2025-11-15 04:28:59] [DIAG] GET_STATUS requested via CTRL (bulk failed)
[2025-11-15 04:29:01] [DIAG] GET_STATUS requested via CTRL (bulk failed)
[2025-11-15 04:29:01] [WDG] Restart stream: idle_pair=869.732283115387 consec_timeouts=0
[2025-11-15 04:29:01] [WDG] Restart failed: [Errno 2] Entity not found
[2025-11-15 04:29:02] [DIAG] GET_STATUS requested via CTRL (bulk failed)
[2025-11-15 04:29:04] [DIAG] GET_STATUS requested via CTRL (bulk failed)
[2025-11-15 04:29:05] [DIAG] GET_STATUS requested via CTRL (bulk failed)
[2025-11-15 04:29:06] [WDG] Restart stream: idle_pair=874.7397658824921 consec_timeouts=0
[2025-11-15 04:29:06] [WDG] Restart failed: [Errno 2] Entity not found
[2025-11-15 04:29:07] [DIAG] GET_STATUS requested via CTRL (bulk failed)
[2025-11-15 04:29:08] [DIAG] GET_STATUS requested via CTRL (bulk failed)
[2025-11-15 04:29:10] [DIAG] GET_STATUS requested via CTRL (bulk failed)
[2025-11-15 04:29:11] [WDG] Restart stream: idle_pair=879.7447278499603 consec_timeouts=0
[2025-11-15 04:29:11] [WDG] Restart failed: [Errno 2] Entity not found
[2025-11-15 04:29:11] [DIAG] GET_STATUS requested via CTRL (bulk failed)
[2025-11-15 04:29:13] [DIAG] GET_STATUS requested via CTRL (bulk failed)
[2025-11-15 04:29:14] [DIAG] GET_STATUS requested via CTRL (bulk failed)
[2025-11-15 04:29:16] [DIAG] GET_STATUS requested via CTRL (bulk failed)
[2025-11-15 04:29:16] [WDG] Restart stream: idle_pair=884.750022649765 consec_timeouts=0
[2025-11-15 04:29:16] [WDG] Restart failed: [Errno 2] Entity not found
[2025-11-15 04:29:17] [DIAG] GET_STATUS requested via CTRL (bulk failed)
[2025-11-15 04:29:19] [DIAG] GET_STATUS requested via CTRL (bulk failed)
[2025-11-15 04:29:20] [DIAG] GET_STATUS requested via CTRL (bulk failed)
[2025-11-15 04:29:21] [WDG] Restart stream: idle_pair=889.7572267055511 consec_timeouts=0
[2025-11-15 04:29:21] [WDG] Restart failed: [Errno 2] Entity not found
[2025-11-15 04:29:22] [DIAG] GET_STATUS requested via CTRL (bulk failed)
[2025-11-15 04:29:23] [DIAG] GET_STATUS requested via CTRL (bulk failed)
[2025-11-15 04:29:25] [DIAG] GET_STATUS requested via CTRL (bulk failed)
[2025-11-15 04:29:26] [WDG] Restart stream: idle_pair=894.7631359100342 consec_timeouts=0
[2025-11-15 04:29:26] [WDG] Restart failed: [Errno 2] Entity not found
[2025-11-15 04:29:26] [DIAG] GET_STATUS requested via CTRL (bulk failed)
[2025-11-15 04:29:28] [DIAG] GET_STATUS requested via CTRL (bulk failed)
[2025-11-15 04:29:30] [DIAG] GET_STATUS requested via CTRL (bulk failed)
[2025-11-15 04:29:31] [DIAG] GET_STATUS requested via CTRL (bulk failed)
[2025-11-15 04:29:31] [WDG] Restart stream: idle_pair=899.7695150375366 consec_timeouts=0
[2025-11-15 04:29:31] [WDG] Restart failed: [Errno 2] Entity not found
[2025-11-15 04:29:33] [DIAG] GET_STATUS requested via CTRL (bulk failed)
[2025-11-15 04:29:34] [DIAG] GET_STATUS requested via CTRL (bulk failed)
[2025-11-15 04:29:36] [DIAG] GET_STATUS requested via CTRL (bulk failed)
[2025-11-15 04:29:36] [WDG] Restart stream: idle_pair=904.7748830318451 consec_timeouts=0
[2025-11-15 04:29:36] [WDG] Restart failed: [Errno 2] Entity not found
[2025-11-15 04:29:37] [DIAG] GET_STATUS requested via CTRL (bulk failed)
[2025-11-15 04:29:39] [DIAG] GET_STATUS requested via CTRL (bulk failed)
[2025-11-15 04:29:40] [DIAG] GET_STATUS requested via CTRL (bulk failed)
[2025-11-15 04:29:41] [WDG] Restart stream: idle_pair=909.7802591323853 consec_timeouts=0
[2025-11-15 04:29:41] [WDG] Restart failed: [Errno 2] Entity not found
[2025-11-15 04:29:42] [DIAG] GET_STATUS requested via CTRL (bulk failed)
[2025-11-15 04:29:43] [DIAG] GET_STATUS requested via CTRL (bulk failed)
[2025-11-15 04:29:45] [DIAG] GET_STATUS requested via CTRL (bulk failed)
[2025-11-15 04:29:46] [DIAG] GET_STATUS requested via CTRL (bulk failed)
[2025-11-15 04:29:46] [WDG] Restart stream: idle_pair=914.7856736183167 consec_timeouts=0
[2025-11-15 04:29:46] [WDG] Restart failed: [Errno 2] Entity not found
[2025-11-15 04:29:48] [DIAG] GET_STATUS requested via CTRL (bulk failed)
[2025-11-15 04:29:49] [DIAG] GET_STATUS requested via CTRL (bulk failed)
[2025-11-15 04:29:51] [DIAG] GET_STATUS requested via CTRL (bulk failed)
[2025-11-15 04:29:51] [WDG] Restart stream: idle_pair=919.7920520305634 consec_timeouts=0
[2025-11-15 04:29:51] [WDG] Restart failed: [Errno 2] Entity not found
[2025-11-15 04:29:52] [DIAG] GET_STATUS requested via CTRL (bulk failed)
[2025-11-15 04:29:54] [DIAG] GET_STATUS requested via CTRL (bulk failed)
[2025-11-15 04:29:55] [DIAG] GET_STATUS requested via CTRL (bulk failed)
[2025-11-15 04:29:56] [WDG] Restart stream: idle_pair=924.799674987793 consec_timeouts=0
[2025-11-15 04:29:56] [WDG] Restart failed: [Errno 2] Entity not found
[2025-11-15 04:29:57] [DIAG] GET_STATUS requested via CTRL (bulk failed)
[2025-11-15 04:29:58] [DIAG] GET_STATUS requested via CTRL (bulk failed)
[2025-11-15 04:30:00] [DIAG] GET_STATUS requested via CTRL (bulk failed)
[2025-11-15 04:30:01] [DIAG] GET_STATUS requested via CTRL (bulk failed)
[2025-11-15 04:30:01] [WDG] Restart stream: idle_pair=929.8069450855255 consec_timeouts=0
[2025-11-15 04:30:01] [WDG] Restart failed: [Errno 2] Entity not found
[2025-11-15 04:30:03] [DIAG] GET_STATUS requested via CTRL (bulk failed)
[2025-11-15 04:30:04] [DIAG] GET_STATUS requested via CTRL (bulk failed)
[2025-11-15 04:30:06] [DIAG] GET_STATUS requested via CTRL (bulk failed)
[2025-11-15 04:30:06] [WDG] Restart stream: idle_pair=934.8131775856018 consec_timeouts=0
[2025-11-15 04:30:06] [WDG] Restart failed: [Errno 2] Entity not found
[2025-11-15 04:30:07] [DIAG] GET_STATUS requested via CTRL (bulk failed)
[2025-11-15 04:30:09] [DIAG] GET_STATUS requested via CTRL (bulk failed)
[2025-11-15 04:30:10] [DIAG] GET_STATUS requested via CTRL (bulk failed)
[2025-11-15 04:30:11] [WDG] Restart stream: idle_pair=939.8196971416473 consec_timeouts=0
[2025-11-15 04:30:11] [WDG] Restart failed: [Errno 2] Entity not found
[2025-11-15 04:30:12] [DIAG] GET_STATUS requested via CTRL (bulk failed)
[2025-11-15 04:30:13] [DIAG] GET_STATUS requested via CTRL (bulk failed)
[2025-11-15 04:30:15] [DIAG] GET_STATUS requested via CTRL (bulk failed)
[2025-11-15 04:30:16] [DIAG] GET_STATUS requested via CTRL (bulk failed)
[2025-11-15 04:30:16] [WDG] Restart stream: idle_pair=944.827742099762 consec_timeouts=0
[2025-11-15 04:30:16] [WDG] Restart failed: [Errno 2] Entity not found
[2025-11-15 04:30:18] [DIAG] GET_STATUS requested via CTRL (bulk failed)
[2025-11-15 04:30:19] [DIAG] GET_STATUS requested via CTRL (bulk failed)
[2025-11-15 04:30:21] [DIAG] GET_STATUS requested via CTRL (bulk failed)
[2025-11-15 04:30:21] [WDG] Restart stream: idle_pair=949.8346383571625 consec_timeouts=0
[2025-11-15 04:30:21] [WDG] Restart failed: [Errno 2] Entity not found
[2025-11-15 04:30:22] [DIAG] GET_STATUS requested via CTRL (bulk failed)
[2025-11-15 04:30:24] [DIAG] GET_STATUS requested via CTRL (bulk failed)
[2025-11-15 04:30:25] [DIAG] GET_STATUS requested via CTRL (bulk failed)
[2025-11-15 04:30:26] [WDG] Restart stream: idle_pair=954.8425757884979 consec_timeouts=0
[2025-11-15 04:30:26] [WDG] Restart failed: [Errno 2] Entity not found
[2025-11-15 04:30:27] [DIAG] GET_STATUS requested via CTRL (bulk failed)
[2025-11-15 04:30:28] [DIAG] GET_STATUS requested via CTRL (bulk failed)
[2025-11-15 04:30:30] [DIAG] GET_STATUS requested via CTRL (bulk failed)
[2025-11-15 04:30:31] [DIAG] GET_STATUS requested via CTRL (bulk failed)
[2025-11-15 04:30:31] [WDG] Restart stream: idle_pair=959.8492584228516 consec_timeouts=0
[2025-11-15 04:30:31] [WDG] Restart failed: [Errno 2] Entity not found
[2025-11-15 04:30:33] [DIAG] GET_STATUS requested via CTRL (bulk failed)
[2025-11-15 04:30:34] [DIAG] GET_STATUS requested via CTRL (bulk failed)
[2025-11-15 04:30:36] [DIAG] GET_STATUS requested via CTRL (bulk failed)
[2025-11-15 04:30:36] [WDG] Restart stream: idle_pair=964.8581852912903 consec_timeouts=0
[2025-11-15 04:30:36] [WDG] Restart failed: [Errno 2] Entity not found
[2025-11-15 04:30:37] [DIAG] GET_STATUS requested via CTRL (bulk failed)
[2025-11-15 04:30:39] [DIAG] GET_STATUS requested via CTRL (bulk failed)
[2025-11-15 04:30:40] [DIAG] GET_STATUS requested via CTRL (bulk failed)
[2025-11-15 04:30:41] [WDG] Restart stream: idle_pair=969.8650155067444 consec_timeouts=0
[2025-11-15 04:30:41] [WDG] Restart failed: [Errno 2] Entity not found
[2025-11-15 04:30:42] [DIAG] GET_STATUS requested via CTRL (bulk failed)
[2025-11-15 04:30:43] [DIAG] GET_STATUS requested via CTRL (bulk failed)
[2025-11-15 04:30:45] [DIAG] GET_STATUS requested via CTRL (bulk failed)
[2025-11-15 04:30:46] [DIAG] GET_STATUS requested via CTRL (bulk failed)
[2025-11-15 04:30:46] [WDG] Restart stream: idle_pair=974.8720109462738 consec_timeouts=0
[2025-11-15 04:30:46] [WDG] Restart failed: [Errno 2] Entity not found
[2025-11-15 04:30:48] [DIAG] GET_STATUS requested via CTRL (bulk failed)
[2025-11-15 04:30:49] [DIAG] GET_STATUS requested via CTRL (bulk failed)
[2025-11-15 04:30:51] [DIAG] GET_STATUS requested via CTRL (bulk failed)
[2025-11-15 04:30:51] [WDG] Restart stream: idle_pair=979.8793330192566 consec_timeouts=0
[2025-11-15 04:30:51] [WDG] Restart failed: [Errno 2] Entity not found
[2025-11-15 04:30:52] [DIAG] GET_STATUS requested via CTRL (bulk failed)
[2025-11-15 04:30:54] [DIAG] GET_STATUS requested via CTRL (bulk failed)
[2025-11-15 04:30:55] [DIAG] GET_STATUS requested via CTRL (bulk failed)
[2025-11-15 04:30:56] [WDG] Restart stream: idle_pair=984.8871607780457 consec_timeouts=0
[2025-11-15 04:30:56] [WDG] Restart failed: [Errno 2] Entity not found
[2025-11-15 04:30:57] [DIAG] GET_STATUS requested via CTRL (bulk failed)
[2025-11-15 04:30:58] [DIAG] GET_STATUS requested via CTRL (bulk failed)
[2025-11-15 04:31:00] [DIAG] GET_STATUS requested via CTRL (bulk failed)
[2025-11-15 04:31:01] [DIAG] GET_STATUS requested via CTRL (bulk failed)
[2025-11-15 04:31:01] [WDG] Restart stream: idle_pair=989.8941202163696 consec_timeouts=0
[2025-11-15 04:31:01] [WDG] Restart failed: [Errno 2] Entity not found
[2025-11-15 04:31:03] [DIAG] GET_STATUS requested via CTRL (bulk failed)
[2025-11-15 04:31:04] [DIAG] GET_STATUS requested via CTRL (bulk failed)
[2025-11-15 04:31:06] [DIAG] GET_STATUS requested via CTRL (bulk failed)
[2025-11-15 04:31:06] [WDG] Restart stream: idle_pair=994.8996212482452 consec_timeouts=0
[2025-11-15 04:31:06] [WDG] Restart failed: [Errno 2] Entity not found
[2025-11-15 04:31:07] [DIAG] GET_STATUS requested via CTRL (bulk failed)
[2025-11-15 04:31:09] [DIAG] GET_STATUS requested via CTRL (bulk failed)
[2025-11-15 04:31:10] [DIAG] GET_STATUS requested via CTRL (bulk failed)
[2025-11-15 04:31:11] [WDG] Restart stream: idle_pair=999.9071435928345 consec_timeouts=0
[2025-11-15 04:31:11] [WDG] Restart failed: [Errno 2] Entity not found
[2025-11-15 04:31:12] [DIAG] GET_STATUS requested via CTRL (bulk failed)
[2025-11-15 04:31:13] [DIAG] GET_STATUS requested via CTRL (bulk failed)
[2025-11-15 04:31:15] [DIAG] GET_STATUS requested via CTRL (bulk failed)
[2025-11-15 04:31:16] [DIAG] GET_STATUS requested via CTRL (bulk failed)
[2025-11-15 04:31:16] [WDG] Restart stream: idle_pair=1004.9142928123474 consec_timeouts=0
[2025-11-15 04:31:16] [WDG] Restart failed: [Errno 2] Entity not found
[2025-11-15 04:31:18] [DIAG] GET_STATUS requested via CTRL (bulk failed)
[2025-11-15 04:31:19] [DIAG] GET_STATUS requested via CTRL (bulk failed)
[2025-11-15 04:31:21] [DIAG] GET_STATUS requested via CTRL (bulk failed)
[2025-11-15 04:31:22] [WDG] Restart stream: idle_pair=1009.9219725131989 consec_timeouts=0
[2025-11-15 04:31:22] [WDG] Restart failed: [Errno 2] Entity not found
[2025-11-15 04:31:22] [DIAG] GET_STATUS requested via CTRL (bulk failed)
[2025-11-15 04:31:24] [DIAG] GET_STATUS requested via CTRL (bulk failed)
[2025-11-15 04:31:25] [DIAG] GET_STATUS requested via CTRL (bulk failed)
[2025-11-15 04:31:27] [WDG] Restart stream: idle_pair=1014.9289891719818 consec_timeouts=0
[2025-11-15 04:31:27] [WDG] Restart failed: [Errno 2] Entity not found
[2025-11-15 04:31:27] [DIAG] GET_STATUS requested via CTRL (bulk failed)
[2025-11-15 04:31:28] [DIAG] GET_STATUS requested via CTRL (bulk failed)
[2025-11-15 04:31:30] [DIAG] GET_STATUS requested via CTRL (bulk failed)
[2025-11-15 04:31:31] [DIAG] GET_STATUS requested via CTRL (bulk failed)
[2025-11-15 04:31:32] [WDG] Restart stream: idle_pair=1019.9354593753815 consec_timeouts=0
[2025-11-15 04:31:32] [WDG] Restart failed: [Errno 2] Entity not found
[2025-11-15 04:31:33] [DIAG] GET_STATUS requested via CTRL (bulk failed)
[2025-11-15 04:31:34] [DIAG] GET_STATUS requested via CTRL (bulk failed)
[2025-11-15 04:31:36] [DIAG] GET_STATUS requested via CTRL (bulk failed)
[2025-11-15 04:31:37] [WDG] Restart stream: idle_pair=1024.9423501491547 consec_timeouts=0
[2025-11-15 04:31:37] [WDG] Restart failed: [Errno 2] Entity not found
[2025-11-15 04:31:37] [DIAG] GET_STATUS requested via CTRL (bulk failed)
[2025-11-15 04:31:39] [DIAG] GET_STATUS requested via CTRL (bulk failed)
[2025-11-15 04:31:40] [DIAG] GET_STATUS requested via CTRL (bulk failed)
[2025-11-15 04:31:42] [WDG] Restart stream: idle_pair=1029.948576927185 consec_timeouts=0
[2025-11-15 04:31:42] [WDG] Restart failed: [Errno 2] Entity not found
[2025-11-15 04:31:42] [DIAG] GET_STATUS requested via CTRL (bulk failed)
[2025-11-15 04:31:43] [DIAG] GET_STATUS requested via CTRL (bulk failed)
[2025-11-15 04:31:45] [DIAG] GET_STATUS requested via CTRL (bulk failed)
[2025-11-15 04:31:46] [DIAG] GET_STATUS requested via CTRL (bulk failed)
[2025-11-15 04:31:47] [WDG] Restart stream: idle_pair=1034.9554617404938 consec_timeouts=0
[2025-11-15 04:31:47] [WDG] Restart failed: [Errno 2] Entity not found
[2025-11-15 04:31:48] [DIAG] GET_STATUS requested via CTRL (bulk failed)
[2025-11-15 04:31:49] [DIAG] GET_STATUS requested via CTRL (bulk failed)
[2025-11-15 04:31:51] [DIAG] GET_STATUS requested via CTRL (bulk failed)
[2025-11-15 04:31:52] [WDG] Restart stream: idle_pair=1039.961991071701 consec_timeouts=0
[2025-11-15 04:31:52] [WDG] Restart failed: [Errno 2] Entity not found
[2025-11-15 04:31:52] [DIAG] GET_STATUS requested via CTRL (bulk failed)
[2025-11-15 04:31:54] [DIAG] GET_STATUS requested via CTRL (bulk failed)
[2025-11-15 04:31:55] [DIAG] GET_STATUS requested via CTRL (bulk failed)
[2025-11-15 04:31:57] [WDG] Restart stream: idle_pair=1044.9698157310486 consec_timeouts=0
[2025-11-15 04:31:57] [WDG] Restart failed: [Errno 2] Entity not found
[2025-11-15 04:31:57] [DIAG] GET_STATUS requested via CTRL (bulk failed)
[2025-11-15 04:31:58] [DIAG] GET_STATUS requested via CTRL (bulk failed)
[2025-11-15 04:32:00] [DIAG] GET_STATUS requested via CTRL (bulk failed)
[2025-11-15 04:32:01] [DIAG] GET_STATUS requested via CTRL (bulk failed)
[2025-11-15 04:32:02] [WDG] Restart stream: idle_pair=1049.9758496284485 consec_timeouts=0
[2025-11-15 04:32:02] [WDG] Restart failed: [Errno 2] Entity not found
[2025-11-15 04:32:03] [DIAG] GET_STATUS requested via CTRL (bulk failed)
[2025-11-15 04:32:04] [DIAG] GET_STATUS requested via CTRL (bulk failed)
[2025-11-15 04:32:06] [DIAG] GET_STATUS requested via CTRL (bulk failed)
[2025-11-15 04:32:07] [WDG] Restart stream: idle_pair=1054.983068227768 consec_timeouts=0
[2025-11-15 04:32:07] [WDG] Restart failed: [Errno 2] Entity not found
[2025-11-15 04:32:07] [DIAG] GET_STATUS requested via CTRL (bulk failed)
[2025-11-15 04:32:09] [DIAG] GET_STATUS requested via CTRL (bulk failed)
[2025-11-15 04:32:10] [DIAG] GET_STATUS requested via CTRL (bulk failed)
[2025-11-15 04:32:12] [WDG] Restart stream: idle_pair=1059.9900870323181 consec_timeouts=0
[2025-11-15 04:32:12] [WDG] Restart failed: [Errno 2] Entity not found
[2025-11-15 04:32:12] [DIAG] GET_STATUS requested via CTRL (bulk failed)
[2025-11-15 04:32:13] [DIAG] GET_STATUS requested via CTRL (bulk failed)
[2025-11-15 04:32:15] [DIAG] GET_STATUS requested via CTRL (bulk failed)
[2025-11-15 04:32:16] [DIAG] GET_STATUS requested via CTRL (bulk failed)
[2025-11-15 04:32:17] [WDG] Restart stream: idle_pair=1064.997475862503 consec_timeouts=0
[2025-11-15 04:32:17] [WDG] Restart failed: [Errno 2] Entity not found
[2025-11-15 04:32:18] [DIAG] GET_STATUS requested via CTRL (bulk failed)
[2025-11-15 04:32:19] [DIAG] GET_STATUS requested via CTRL (bulk failed)
[2025-11-15 04:32:21] [DIAG] GET_STATUS requested via CTRL (bulk failed)
[2025-11-15 04:32:22] [WDG] Restart stream: idle_pair=1070.005128622055 consec_timeouts=0
[2025-11-15 04:32:22] [WDG] Restart failed: [Errno 2] Entity not found
[2025-11-15 04:32:22] [DIAG] GET_STATUS requested via CTRL (bulk failed)
[2025-11-15 04:32:24] [DIAG] GET_STATUS requested via CTRL (bulk failed)
[2025-11-15 04:32:25] [DIAG] GET_STATUS requested via CTRL (bulk failed)
[2025-11-15 04:32:27] [WDG] Restart stream: idle_pair=1075.0123805999756 consec_timeouts=0
[2025-11-15 04:32:27] [WDG] Restart failed: [Errno 2] Entity not found
[2025-11-15 04:32:27] [DIAG] GET_STATUS requested via CTRL (bulk failed)
[2025-11-15 04:32:28] [DIAG] GET_STATUS requested via CTRL (bulk failed)
[2025-11-15 04:32:30] [DIAG] GET_STATUS requested via CTRL (bulk failed)
[2025-11-15 04:32:31] [DIAG] GET_STATUS requested via CTRL (bulk failed)
[2025-11-15 04:32:32] [WDG] Restart stream: idle_pair=1080.0187797546387 consec_timeouts=0
[2025-11-15 04:32:32] [WDG] Restart failed: [Errno 2] Entity not found
[2025-11-15 04:32:33] [DIAG] GET_STATUS requested via CTRL (bulk failed)
[2025-11-15 04:32:34] [DIAG] GET_STATUS requested via CTRL (bulk failed)
[2025-11-15 04:32:36] [DIAG] GET_STATUS requested via CTRL (bulk failed)
[2025-11-15 04:32:37] [WDG] Restart stream: idle_pair=1085.0266289710999 consec_timeouts=0
[2025-11-15 04:32:37] [WDG] Restart failed: [Errno 2] Entity not found
[2025-11-15 04:32:37] [DIAG] GET_STATUS requested via CTRL (bulk failed)
[2025-11-15 04:32:39] [DIAG] GET_STATUS requested via CTRL (bulk failed)
[2025-11-15 04:32:40] [DIAG] GET_STATUS requested via CTRL (bulk failed)
[2025-11-15 04:32:42] [WDG] Restart stream: idle_pair=1090.0347547531128 consec_timeouts=0
[2025-11-15 04:32:42] [WDG] Restart failed: [Errno 2] Entity not found
[2025-11-15 04:32:42] [DIAG] GET_STATUS requested via CTRL (bulk failed)
[2025-11-15 04:32:43] [DIAG] GET_STATUS requested via CTRL (bulk failed)
[2025-11-15 04:32:45] [DIAG] GET_STATUS requested via CTRL (bulk failed)
[2025-11-15 04:32:46] [DIAG] GET_STATUS requested via CTRL (bulk failed)
[2025-11-15 04:32:47] [WDG] Restart stream: idle_pair=1095.0421822071075 consec_timeouts=0
[2025-11-15 04:32:47] [WDG] Restart failed: [Errno 2] Entity not found
[2025-11-15 04:32:48] [DIAG] GET_STATUS requested via CTRL (bulk failed)
[2025-11-15 04:32:49] [DIAG] GET_STATUS requested via CTRL (bulk failed)
[2025-11-15 04:32:51] [DIAG] GET_STATUS requested via CTRL (bulk failed)
[2025-11-15 04:32:52] [WDG] Restart stream: idle_pair=1100.0494740009308 consec_timeouts=0
[2025-11-15 04:32:52] [WDG] Restart failed: [Errno 2] Entity not found
[2025-11-15 04:32:52] [DIAG] GET_STATUS requested via CTRL (bulk failed)
[2025-11-15 04:32:54] [DIAG] GET_STATUS requested via CTRL (bulk failed)
[2025-11-15 04:32:55] [DIAG] GET_STATUS requested via CTRL (bulk failed)
[2025-11-15 04:32:57] [WDG] Restart stream: idle_pair=1105.0555741786957 consec_timeouts=0
[2025-11-15 04:32:57] [WDG] Restart failed: [Errno 2] Entity not found
[2025-11-15 04:32:57] [DIAG] GET_STATUS requested via CTRL (bulk failed)
[2025-11-15 04:32:58] [DIAG] GET_STATUS requested via CTRL (bulk failed)
[2025-11-15 04:33:00] [DIAG] GET_STATUS requested via CTRL (bulk failed)
[2025-11-15 04:33:01] [DIAG] GET_STATUS requested via CTRL (bulk failed)
[2025-11-15 04:33:02] [WDG] Restart stream: idle_pair=1110.0638089179993 consec_timeouts=0
[2025-11-15 04:33:02] [WDG] Restart failed: [Errno 2] Entity not found
[2025-11-15 04:33:03] [DIAG] GET_STATUS requested via CTRL (bulk failed)
[2025-11-15 04:33:04] [DIAG] GET_STATUS requested via CTRL (bulk failed)
[2025-11-15 04:33:06] [DIAG] GET_STATUS requested via CTRL (bulk failed)
[2025-11-15 04:33:07] [WDG] Restart stream: idle_pair=1115.0697584152222 consec_timeouts=0
[2025-11-15 04:33:07] [WDG] Restart failed: [Errno 2] Entity not found
[2025-11-15 04:33:07] [DIAG] GET_STATUS requested via CTRL (bulk failed)
[2025-11-15 04:33:09] [DIAG] GET_STATUS requested via CTRL (bulk failed)
[2025-11-15 04:33:10] [DIAG] GET_STATUS requested via CTRL (bulk failed)
[2025-11-15 04:33:12] [WDG] Restart stream: idle_pair=1120.0765581130981 consec_timeouts=0
[2025-11-15 04:33:12] [WDG] Restart failed: [Errno 2] Entity not found
[2025-11-15 04:33:12] [DIAG] GET_STATUS requested via CTRL (bulk failed)
[2025-11-15 04:33:13] [DIAG] GET_STATUS requested via CTRL (bulk failed)
[2025-11-15 04:33:15] [DIAG] GET_STATUS requested via CTRL (bulk failed)
[2025-11-15 04:33:16] [DIAG] GET_STATUS requested via CTRL (bulk failed)
[2025-11-15 04:33:17] [WDG] Restart stream: idle_pair=1125.0827062129974 consec_timeouts=0
[2025-11-15 04:33:17] [WDG] Restart failed: [Errno 2] Entity not found
[2025-11-15 04:33:18] [DIAG] GET_STATUS requested via CTRL (bulk failed)
[2025-11-15 04:33:19] [DIAG] GET_STATUS requested via CTRL (bulk failed)
[2025-11-15 04:33:21] [DIAG] GET_STATUS requested via CTRL (bulk failed)
[2025-11-15 04:33:22] [WDG] Restart stream: idle_pair=1130.0888690948486 consec_timeouts=0
[2025-11-15 04:33:22] [WDG] Restart failed: [Errno 2] Entity not found
[2025-11-15 04:33:22] [DIAG] GET_STATUS requested via CTRL (bulk failed)
[2025-11-15 04:33:24] [DIAG] GET_STATUS requested via CTRL (bulk failed)
[2025-11-15 04:33:25] [DIAG] GET_STATUS requested via CTRL (bulk failed)
[2025-11-15 04:33:27] [WDG] Restart stream: idle_pair=1135.0956766605377 consec_timeouts=0
[2025-11-15 04:33:27] [WDG] Restart failed: [Errno 2] Entity not found
[2025-11-15 04:33:27] [DIAG] GET_STATUS requested via CTRL (bulk failed)
[2025-11-15 04:33:28] [DIAG] GET_STATUS requested via CTRL (bulk failed)
[2025-11-15 04:33:30] [DIAG] GET_STATUS requested via CTRL (bulk failed)
[2025-11-15 04:33:31] [DIAG] GET_STATUS requested via CTRL (bulk failed)
[2025-11-15 04:33:32] [WDG] Restart stream: idle_pair=1140.10253739357 consec_timeouts=0
[2025-11-15 04:33:32] [WDG] Restart failed: [Errno 2] Entity not found
[2025-11-15 04:33:33] [DIAG] GET_STATUS requested via CTRL (bulk failed)
[2025-11-15 04:33:34] [DIAG] GET_STATUS requested via CTRL (bulk failed)
[2025-11-15 04:33:36] [DIAG] GET_STATUS requested via CTRL (bulk failed)
[2025-11-15 04:33:37] [WDG] Restart stream: idle_pair=1145.1091606616974 consec_timeouts=0
[2025-11-15 04:33:37] [WDG] Restart failed: [Errno 2] Entity not found
[2025-11-15 04:33:37] [DIAG] GET_STATUS requested via CTRL (bulk failed)
[2025-11-15 04:33:39] [DIAG] GET_STATUS requested via CTRL (bulk failed)
[2025-11-15 04:33:40] [DIAG] GET_STATUS requested via CTRL (bulk failed)
[2025-11-15 04:33:42] [WDG] Restart stream: idle_pair=1150.1169798374176 consec_timeouts=0
[2025-11-15 04:33:42] [WDG] Restart failed: [Errno 2] Entity not found
[2025-11-15 04:33:42] [DIAG] GET_STATUS requested via CTRL (bulk failed)
[2025-11-15 04:33:43] [DIAG] GET_STATUS requested via CTRL (bulk failed)
[2025-11-15 04:33:45] [DIAG] GET_STATUS requested via CTRL (bulk failed)
[2025-11-15 04:33:46] [DIAG] GET_STATUS requested via CTRL (bulk failed)
[2025-11-15 04:33:47] [WDG] Restart stream: idle_pair=1155.1242926120758 consec_timeouts=0
[2025-11-15 04:33:47] [WDG] Restart failed: [Errno 2] Entity not found
[2025-11-15 04:33:48] [DIAG] GET_STATUS requested via CTRL (bulk failed)
[2025-11-15 04:33:49] [DIAG] GET_STATUS requested via CTRL (bulk failed)
[2025-11-15 04:33:51] [DIAG] GET_STATUS requested via CTRL (bulk failed)
[2025-11-15 04:33:52] [WDG] Restart stream: idle_pair=1160.1307771205902 consec_timeouts=0
[2025-11-15 04:33:52] [WDG] Restart failed: [Errno 2] Entity not found
[2025-11-15 04:33:52] [DIAG] GET_STATUS requested via CTRL (bulk failed)
[2025-11-15 04:33:54] [DIAG] GET_STATUS requested via CTRL (bulk failed)
[2025-11-15 04:33:55] [DIAG] GET_STATUS requested via CTRL (bulk failed)
[2025-11-15 04:33:57] [WDG] Restart stream: idle_pair=1165.136635541916 consec_timeouts=0
[2025-11-15 04:33:57] [WDG] Restart failed: [Errno 2] Entity not found
[2025-11-15 04:33:57] [DIAG] GET_STATUS requested via CTRL (bulk failed)
[2025-11-15 04:33:58] [DIAG] GET_STATUS requested via CTRL (bulk failed)
[2025-11-15 04:34:00] [DIAG] GET_STATUS requested via CTRL (bulk failed)
[2025-11-15 04:34:01] [DIAG] GET_STATUS requested via CTRL (bulk failed)
[2025-11-15 04:34:02] [WDG] Restart stream: idle_pair=1170.1448903083801 consec_timeouts=0
[2025-11-15 04:34:02] [WDG] Restart failed: [Errno 2] Entity not found
[2025-11-15 04:34:03] [DIAG] GET_STATUS requested via CTRL (bulk failed)
[2025-11-15 04:34:04] [DIAG] GET_STATUS requested via CTRL (bulk failed)
[2025-11-15 04:34:06] [DIAG] GET_STATUS requested via CTRL (bulk failed)
[2025-11-15 04:34:07] [WDG] Restart stream: idle_pair=1175.1509592533112 consec_timeouts=0
[2025-11-15 04:34:07] [WDG] Restart failed: [Errno 2] Entity not found
[2025-11-15 04:34:07] [DIAG] GET_STATUS requested via CTRL (bulk failed)
[2025-11-15 04:34:09] [DIAG] GET_STATUS requested via CTRL (bulk failed)
[2025-11-15 04:34:10] [DIAG] GET_STATUS requested via CTRL (bulk failed)
[2025-11-15 04:34:12] [WDG] Restart stream: idle_pair=1180.158075094223 consec_timeouts=0
[2025-11-15 04:34:12] [WDG] Restart failed: [Errno 2] Entity not found
[2025-11-15 04:34:12] [DIAG] GET_STATUS requested via CTRL (bulk failed)
[2025-11-15 04:34:13] [DIAG] GET_STATUS requested via CTRL (bulk failed)
[2025-11-15 04:34:15] [DIAG] GET_STATUS requested via CTRL (bulk failed)
[2025-11-15 04:34:16] [DIAG] GET_STATUS requested via CTRL (bulk failed)
[2025-11-15 04:34:17] [WDG] Restart stream: idle_pair=1185.1651527881622 consec_timeouts=0
[2025-11-15 04:34:17] [WDG] Restart failed: [Errno 2] Entity not found
[2025-11-15 04:34:18] [DIAG] GET_STATUS requested via CTRL (bulk failed)
[2025-11-15 04:34:19] [DIAG] GET_STATUS requested via CTRL (bulk failed)
[2025-11-15 04:34:21] [DIAG] GET_STATUS requested via CTRL (bulk failed)
[2025-11-15 04:34:22] [WDG] Restart stream: idle_pair=1190.171709537506 consec_timeouts=0
[2025-11-15 04:34:22] [WDG] Restart failed: [Errno 2] Entity not found
[2025-11-15 04:34:22] [DIAG] GET_STATUS requested via CTRL (bulk failed)
[2025-11-15 04:34:24] [DIAG] GET_STATUS requested via CTRL (bulk failed)
[2025-11-15 04:34:25] [DIAG] GET_STATUS requested via CTRL (bulk failed)
[2025-11-15 04:34:27] [WDG] Restart stream: idle_pair=1195.180119752884 consec_timeouts=0
[2025-11-15 04:34:27] [WDG] Restart failed: [Errno 2] Entity not found
[2025-11-15 04:34:27] [DIAG] GET_STATUS requested via CTRL (bulk failed)
[2025-11-15 04:34:28] [DIAG] GET_STATUS requested via CTRL (bulk failed)
[2025-11-15 04:34:30] [DIAG] GET_STATUS requested via CTRL (bulk failed)
[2025-11-15 04:34:31] [DIAG] GET_STATUS requested via CTRL (bulk failed)
[2025-11-15 04:34:32] [WDG] Restart stream: idle_pair=1200.1860914230347 consec_timeouts=0
[2025-11-15 04:34:32] [WDG] Restart failed: [Errno 2] Entity not found
[2025-11-15 04:34:33] [DIAG] GET_STATUS requested via CTRL (bulk failed)
[2025-11-15 04:34:34] [DIAG] GET_STATUS requested via CTRL (bulk failed)
[2025-11-15 04:34:36] [DIAG] GET_STATUS requested via CTRL (bulk failed)
[2025-11-15 04:34:37] [WDG] Restart stream: idle_pair=1205.193333864212 consec_timeouts=0
[2025-11-15 04:34:37] [WDG] Restart failed: [Errno 2] Entity not found
[2025-11-15 04:34:37] [DIAG] GET_STATUS requested via CTRL (bulk failed)
[2025-11-15 04:34:39] [DIAG] GET_STATUS requested via CTRL (bulk failed)
[2025-11-15 04:34:40] [DIAG] GET_STATUS requested via CTRL (bulk failed)
[2025-11-15 04:34:42] [DIAG] GET_STATUS requested via CTRL (bulk failed)
[2025-11-15 04:34:42] [WDG] Restart stream: idle_pair=1210.2003421783447 consec_timeouts=0
[2025-11-15 04:34:42] [WDG] Restart failed: [Errno 2] Entity not found
[2025-11-15 04:34:43] [DIAG] GET_STATUS requested via CTRL (bulk failed)
[2025-11-15 04:34:45] [DIAG] GET_STATUS requested via CTRL (bulk failed)
[2025-11-15 04:34:46] [DIAG] GET_STATUS requested via CTRL (bulk failed)
[2025-11-15 04:34:47] [WDG] Restart stream: idle_pair=1215.206993341446 consec_timeouts=0
[2025-11-15 04:34:47] [WDG] Restart failed: [Errno 2] Entity not found
[2025-11-15 04:34:48] [DIAG] GET_STATUS requested via CTRL (bulk failed)
[2025-11-15 04:34:49] [DIAG] GET_STATUS requested via CTRL (bulk failed)
[2025-11-15 04:34:51] [DIAG] GET_STATUS requested via CTRL (bulk failed)
[2025-11-15 04:34:52] [WDG] Restart stream: idle_pair=1220.2128541469574 consec_timeouts=0
[2025-11-15 04:34:52] [WDG] Restart failed: [Errno 2] Entity not found
[2025-11-15 04:34:52] [DIAG] GET_STATUS requested via CTRL (bulk failed)
[2025-11-15 04:34:54] [DIAG] GET_STATUS requested via CTRL (bulk failed)
[2025-11-15 04:34:55] [DIAG] GET_STATUS requested via CTRL (bulk failed)
[2025-11-15 04:34:57] [DIAG] GET_STATUS requested via CTRL (bulk failed)
[2025-11-15 04:34:57] [WDG] Restart stream: idle_pair=1225.2203922271729 consec_timeouts=0
[2025-11-15 04:34:57] [WDG] Restart failed: [Errno 2] Entity not found
[2025-11-15 04:34:58] [DIAG] GET_STATUS requested via CTRL (bulk failed)
[2025-11-15 04:35:00] [DIAG] GET_STATUS requested via CTRL (bulk failed)
[2025-11-15 04:35:01] [DIAG] GET_STATUS requested via CTRL (bulk failed)
[2025-11-15 04:35:02] [WDG] Restart stream: idle_pair=1230.2265856266022 consec_timeouts=0
[2025-11-15 04:35:02] [WDG] Restart failed: [Errno 2] Entity not found
[2025-11-15 04:35:03] [DIAG] GET_STATUS requested via CTRL (bulk failed)
[2025-11-15 04:35:04] [DIAG] GET_STATUS requested via CTRL (bulk failed)
[2025-11-15 04:35:06] [DIAG] GET_STATUS requested via CTRL (bulk failed)
[2025-11-15 04:35:07] [WDG] Restart stream: idle_pair=1235.2317380905151 consec_timeouts=0
[2025-11-15 04:35:07] [WDG] Restart failed: [Errno 2] Entity not found
[2025-11-15 04:35:07] [DIAG] GET_STATUS requested via CTRL (bulk failed)
[2025-11-15 04:35:09] [DIAG] GET_STATUS requested via CTRL (bulk failed)
[2025-11-15 04:35:10] [DIAG] GET_STATUS requested via CTRL (bulk failed)
[2025-11-15 04:35:12] [DIAG] GET_STATUS requested via CTRL (bulk failed)
[2025-11-15 04:35:12] [WDG] Restart stream: idle_pair=1240.237975358963 consec_timeouts=0
[2025-11-15 04:35:12] [WDG] Restart failed: [Errno 2] Entity not found
[2025-11-15 04:35:13] [DIAG] GET_STATUS requested via CTRL (bulk failed)
[2025-11-15 04:35:15] [DIAG] GET_STATUS requested via CTRL (bulk failed)
[2025-11-15 04:35:16] [DIAG] GET_STATUS requested via CTRL (bulk failed)
[2025-11-15 04:35:17] [WDG] Restart stream: idle_pair=1245.2447872161865 consec_timeouts=0
[2025-11-15 04:35:17] [WDG] Restart failed: [Errno 2] Entity not found
[2025-11-15 04:35:18] [DIAG] GET_STATUS requested via CTRL (bulk failed)
[2025-11-15 04:35:19] [DIAG] GET_STATUS requested via CTRL (bulk failed)
[2025-11-15 04:35:21] [DIAG] GET_STATUS requested via CTRL (bulk failed)
[2025-11-15 04:35:22] [WDG] Restart stream: idle_pair=1250.2511031627655 consec_timeouts=0
[2025-11-15 04:35:22] [WDG] Restart failed: [Errno 2] Entity not found
[2025-11-15 04:35:22] [DIAG] GET_STATUS requested via CTRL (bulk failed)
[2025-11-15 04:35:24] [DIAG] GET_STATUS requested via CTRL (bulk failed)
[2025-11-15 04:35:25] [DIAG] GET_STATUS requested via CTRL (bulk failed)
[2025-11-15 04:35:27] [DIAG] GET_STATUS requested via CTRL (bulk failed)
[2025-11-15 04:35:27] [WDG] Restart stream: idle_pair=1255.2573595046997 consec_timeouts=0
[2025-11-15 04:35:27] [WDG] Restart failed: [Errno 2] Entity not found
[2025-11-15 04:35:28] [DIAG] GET_STATUS requested via CTRL (bulk failed)
[2025-11-15 04:35:30] [DIAG] GET_STATUS requested via CTRL (bulk failed)
[2025-11-15 04:35:31] [DIAG] GET_STATUS requested via CTRL (bulk failed)
[2025-11-15 04:35:32] [WDG] Restart stream: idle_pair=1260.2646203041077 consec_timeouts=0
[2025-11-15 04:35:32] [WDG] Restart failed: [Errno 2] Entity not found
[2025-11-15 04:35:33] [DIAG] GET_STATUS requested via CTRL (bulk failed)
[2025-11-15 04:35:34] [DIAG] GET_STATUS requested via CTRL (bulk failed)
[2025-11-15 04:35:36] [DIAG] GET_STATUS requested via CTRL (bulk failed)
[2025-11-15 04:35:37] [WDG] Restart stream: idle_pair=1265.2721765041351 consec_timeouts=0
[2025-11-15 04:35:37] [WDG] Restart failed: [Errno 2] Entity not found
[2025-11-15 04:35:37] [DIAG] GET_STATUS requested via CTRL (bulk failed)
[2025-11-15 04:35:39] [DIAG] GET_STATUS requested via CTRL (bulk failed)
[2025-11-15 04:35:40] [DIAG] GET_STATUS requested via CTRL (bulk failed)
[2025-11-15 04:35:42] [DIAG] GET_STATUS requested via CTRL (bulk failed)
[2025-11-15 04:35:42] [WDG] Restart stream: idle_pair=1270.2791452407837 consec_timeouts=0
[2025-11-15 04:35:42] [WDG] Restart failed: [Errno 2] Entity not found
[2025-11-15 04:35:43] [DIAG] GET_STATUS requested via CTRL (bulk failed)
[2025-11-15 04:35:45] [DIAG] GET_STATUS requested via CTRL (bulk failed)
[2025-11-15 04:35:46] [DIAG] GET_STATUS requested via CTRL (bulk failed)
[2025-11-15 04:35:47] [WDG] Restart stream: idle_pair=1275.2860395908356 consec_timeouts=0
[2025-11-15 04:35:47] [WDG] Restart failed: [Errno 2] Entity not found
[2025-11-15 04:35:48] [DIAG] GET_STATUS requested via CTRL (bulk failed)
[2025-11-15 04:35:49] [DIAG] GET_STATUS requested via CTRL (bulk failed)
[2025-11-15 04:35:51] [DIAG] GET_STATUS requested via CTRL (bulk failed)
[2025-11-15 04:35:52] [WDG] Restart stream: idle_pair=1280.2934381961823 consec_timeouts=0
[2025-11-15 04:35:52] [WDG] Restart failed: [Errno 2] Entity not found
[2025-11-15 04:35:52] [DIAG] GET_STATUS requested via CTRL (bulk failed)
[2025-11-15 04:35:54] [DIAG] GET_STATUS requested via CTRL (bulk failed)
[2025-11-15 04:35:55] [DIAG] GET_STATUS requested via CTRL (bulk failed)
[2025-11-15 04:35:57] [DIAG] GET_STATUS requested via CTRL (bulk failed)
[2025-11-15 04:35:57] [WDG] Restart stream: idle_pair=1285.3005225658417 consec_timeouts=0
[2025-11-15 04:35:57] [WDG] Restart failed: [Errno 2] Entity not found
[2025-11-15 04:35:58] [DIAG] GET_STATUS requested via CTRL (bulk failed)
[2025-11-15 04:36:00] [DIAG] GET_STATUS requested via CTRL (bulk failed)
[2025-11-15 04:36:01] [DIAG] GET_STATUS requested via CTRL (bulk failed)
[2025-11-15 04:36:02] [WDG] Restart stream: idle_pair=1290.308042049408 consec_timeouts=0
[2025-11-15 04:36:02] [WDG] Restart failed: [Errno 2] Entity not found
[2025-11-15 04:36:03] [DIAG] GET_STATUS requested via CTRL (bulk failed)
[2025-11-15 04:36:04] [DIAG] GET_STATUS requested via CTRL (bulk failed)
[2025-11-15 04:36:06] [DIAG] GET_STATUS requested via CTRL (bulk failed)
[2025-11-15 04:36:07] [WDG] Restart stream: idle_pair=1295.314424753189 consec_timeouts=0
[2025-11-15 04:36:07] [WDG] Restart failed: [Errno 2] Entity not found
[2025-11-15 04:36:07] [DIAG] GET_STATUS requested via CTRL (bulk failed)
[2025-11-15 04:36:09] [DIAG] GET_STATUS requested via CTRL (bulk failed)
[2025-11-15 04:36:10] [DIAG] GET_STATUS requested via CTRL (bulk failed)
[2025-11-15 04:36:12] [DIAG] GET_STATUS requested via CTRL (bulk failed)
[2025-11-15 04:36:12] [WDG] Restart stream: idle_pair=1300.3213331699371 consec_timeouts=0
[2025-11-15 04:36:12] [WDG] Restart failed: [Errno 2] Entity not found
[2025-11-15 04:36:13] [DIAG] GET_STATUS requested via CTRL (bulk failed)
[2025-11-15 04:36:15] [DIAG] GET_STATUS requested via CTRL (bulk failed)
[2025-11-15 04:36:16] [DIAG] GET_STATUS requested via CTRL (bulk failed)
[2025-11-15 04:36:17] [WDG] Restart stream: idle_pair=1305.3284828662872 consec_timeouts=0
[2025-11-15 04:36:17] [WDG] Restart failed: [Errno 2] Entity not found
[2025-11-15 04:36:18] [DIAG] GET_STATUS requested via CTRL (bulk failed)
[2025-11-15 04:36:19] [DIAG] GET_STATUS requested via CTRL (bulk failed)
[2025-11-15 04:36:21] [DIAG] GET_STATUS requested via CTRL (bulk failed)
[2025-11-15 04:36:22] [WDG] Restart stream: idle_pair=1310.3360450267792 consec_timeouts=0
[2025-11-15 04:36:22] [WDG] Restart failed: [Errno 2] Entity not found
[2025-11-15 04:36:22] [DIAG] GET_STATUS requested via CTRL (bulk failed)
[2025-11-15 04:36:24] [DIAG] GET_STATUS requested via CTRL (bulk failed)
[2025-11-15 04:36:25] [DIAG] GET_STATUS requested via CTRL (bulk failed)
[2025-11-15 04:36:27] [DIAG] GET_STATUS requested via CTRL (bulk failed)
[2025-11-15 04:36:27] [WDG] Restart stream: idle_pair=1315.3414723873138 consec_timeouts=0
[2025-11-15 04:36:27] [WDG] Restart failed: [Errno 2] Entity not found
[2025-11-15 04:36:28] [DIAG] GET_STATUS requested via CTRL (bulk failed)
[2025-11-15 04:36:30] [DIAG] GET_STATUS requested via CTRL (bulk failed)
[2025-11-15 04:36:31] [DIAG] GET_STATUS requested via CTRL (bulk failed)
[2025-11-15 04:36:32] [WDG] Restart stream: idle_pair=1320.3499236106873 consec_timeouts=0
[2025-11-15 04:36:32] [WDG] Restart failed: [Errno 2] Entity not found
[2025-11-15 04:36:33] [DIAG] GET_STATUS requested via CTRL (bulk failed)
[2025-11-15 04:36:34] [DIAG] GET_STATUS requested via CTRL (bulk failed)
[2025-11-15 04:36:36] [DIAG] GET_STATUS requested via CTRL (bulk failed)
[2025-11-15 04:36:37] [WDG] Restart stream: idle_pair=1325.3559122085571 consec_timeouts=0
[2025-11-15 04:36:37] [WDG] Restart failed: [Errno 2] Entity not found
[2025-11-15 04:36:37] [DIAG] GET_STATUS requested via CTRL (bulk failed)
[2025-11-15 04:36:39] [DIAG] GET_STATUS requested via CTRL (bulk failed)
[2025-11-15 04:36:40] [DIAG] GET_STATUS requested via CTRL (bulk failed)
[2025-11-15 04:36:42] [DIAG] GET_STATUS requested via CTRL (bulk failed)
[2025-11-15 04:36:42] [WDG] Restart stream: idle_pair=1330.3618066310883 consec_timeouts=0
[2025-11-15 04:36:42] [WDG] Restart failed: [Errno 2] Entity not found
[2025-11-15 04:36:43] [DIAG] GET_STATUS requested via CTRL (bulk failed)
[2025-11-15 04:36:45] [DIAG] GET_STATUS requested via CTRL (bulk failed)
[2025-11-15 04:36:46] [DIAG] GET_STATUS requested via CTRL (bulk failed)
[2025-11-15 04:36:47] [WDG] Restart stream: idle_pair=1335.3700523376465 consec_timeouts=0
[2025-11-15 04:36:47] [WDG] Restart failed: [Errno 2] Entity not found
[2025-11-15 04:36:48] [DIAG] GET_STATUS requested via CTRL (bulk failed)
[2025-11-15 04:36:49] [DIAG] GET_STATUS requested via CTRL (bulk failed)
[2025-11-15 04:36:51] [DIAG] GET_STATUS requested via CTRL (bulk failed)
[2025-11-15 04:36:52] [WDG] Restart stream: idle_pair=1340.3770968914032 consec_timeouts=0
[2025-11-15 04:36:52] [WDG] Restart failed: [Errno 2] Entity not found
[2025-11-15 04:36:52] [DIAG] GET_STATUS requested via CTRL (bulk failed)
[2025-11-15 04:36:54] [DIAG] GET_STATUS requested via CTRL (bulk failed)
[2025-11-15 04:36:55] [DIAG] GET_STATUS requested via CTRL (bulk failed)
[2025-11-15 04:36:57] [DIAG] GET_STATUS requested via CTRL (bulk failed)
[2025-11-15 04:36:57] [WDG] Restart stream: idle_pair=1345.3850073814392 consec_timeouts=0
[2025-11-15 04:36:57] [WDG] Restart failed: [Errno 2] Entity not found
[2025-11-15 04:36:58] [DIAG] GET_STATUS requested via CTRL (bulk failed)
[2025-11-15 04:37:00] [DIAG] GET_STATUS requested via CTRL (bulk failed)
[2025-11-15 04:37:01] [DIAG] GET_STATUS requested via CTRL (bulk failed)
[2025-11-15 04:37:02] [WDG] Restart stream: idle_pair=1350.391970872879 consec_timeouts=0
[2025-11-15 04:37:02] [WDG] Restart failed: [Errno 2] Entity not found
[2025-11-15 04:37:03] [DIAG] GET_STATUS requested via CTRL (bulk failed)
[2025-11-15 04:37:04] [DIAG] GET_STATUS requested via CTRL (bulk failed)
[2025-11-15 04:37:06] [DIAG] GET_STATUS requested via CTRL (bulk failed)
[2025-11-15 04:37:07] [WDG] Restart stream: idle_pair=1355.3983986377716 consec_timeouts=0
[2025-11-15 04:37:07] [WDG] Restart failed: [Errno 2] Entity not found
[2025-11-15 04:37:07] [DIAG] GET_STATUS requested via CTRL (bulk failed)
[2025-11-15 04:37:09] [DIAG] GET_STATUS requested via CTRL (bulk failed)
[2025-11-15 04:37:10] [DIAG] GET_STATUS requested via CTRL (bulk failed)
[2025-11-15 04:37:12] [DIAG] GET_STATUS requested via CTRL (bulk failed)
[2025-11-15 04:37:12] [WDG] Restart stream: idle_pair=1360.405506849289 consec_timeouts=0
[2025-11-15 04:37:12] [WDG] Restart failed: [Errno 2] Entity not found
[2025-11-15 04:37:13] [DIAG] GET_STATUS requested via CTRL (bulk failed)
[2025-11-15 04:37:15] [DIAG] GET_STATUS requested via CTRL (bulk failed)
[2025-11-15 04:37:16] [DIAG] GET_STATUS requested via CTRL (bulk failed)
[2025-11-15 04:37:17] [WDG] Restart stream: idle_pair=1365.4129536151886 consec_timeouts=0
[2025-11-15 04:37:17] [WDG] Restart failed: [Errno 2] Entity not found
[2025-11-15 04:37:18] [DIAG] GET_STATUS requested via CTRL (bulk failed)
[2025-11-15 04:37:19] [DIAG] GET_STATUS requested via CTRL (bulk failed)
[2025-11-15 04:37:21] [DIAG] GET_STATUS requested via CTRL (bulk failed)
[2025-11-15 04:37:22] [WDG] Restart stream: idle_pair=1370.4219727516174 consec_timeouts=0
[2025-11-15 04:37:22] [WDG] Restart failed: [Errno 2] Entity not found
[2025-11-15 04:37:22] [DIAG] GET_STATUS requested via CTRL (bulk failed)
[2025-11-15 04:37:24] [DIAG] GET_STATUS requested via CTRL (bulk failed)
[2025-11-15 04:37:25] [DIAG] GET_STATUS requested via CTRL (bulk failed)
[2025-11-15 04:37:27] [DIAG] GET_STATUS requested via CTRL (bulk failed)
[2025-11-15 04:37:27] [WDG] Restart stream: idle_pair=1375.428302526474 consec_timeouts=0
[2025-11-15 04:37:27] [WDG] Restart failed: [Errno 2] Entity not found
[2025-11-15 04:37:28] [DIAG] GET_STATUS requested via CTRL (bulk failed)
[2025-11-15 04:37:30] [DIAG] GET_STATUS requested via CTRL (bulk failed)
[2025-11-15 04:37:31] [DIAG] GET_STATUS requested via CTRL (bulk failed)
[2025-11-15 04:37:32] [WDG] Restart stream: idle_pair=1380.4345862865448 consec_timeouts=0
[2025-11-15 04:37:32] [WDG] Restart failed: [Errno 2] Entity not found
[2025-11-15 04:37:33] [DIAG] GET_STATUS requested via CTRL (bulk failed)
[2025-11-15 04:37:34] [DIAG] GET_STATUS requested via CTRL (bulk failed)
[2025-11-15 04:37:36] [DIAG] GET_STATUS requested via CTRL (bulk failed)
[2025-11-15 04:37:37] [WDG] Restart stream: idle_pair=1385.4425921440125 consec_timeouts=0
[2025-11-15 04:37:37] [WDG] Restart failed: [Errno 2] Entity not found
[2025-11-15 04:37:37] [DIAG] GET_STATUS requested via CTRL (bulk failed)
[2025-11-15 04:37:39] [DIAG] GET_STATUS requested via CTRL (bulk failed)
[2025-11-15 04:37:40] [DIAG] GET_STATUS requested via CTRL (bulk failed)
[2025-11-15 04:37:42] [DIAG] GET_STATUS requested via CTRL (bulk failed)
[2025-11-15 04:37:42] [WDG] Restart stream: idle_pair=1390.449541568756 consec_timeouts=0
[2025-11-15 04:37:42] [WDG] Restart failed: [Errno 2] Entity not found
[2025-11-15 04:37:43] [DIAG] GET_STATUS requested via CTRL (bulk failed)
[2025-11-15 04:37:45] [DIAG] GET_STATUS requested via CTRL (bulk failed)
[2025-11-15 04:37:46] [DIAG] GET_STATUS requested via CTRL (bulk failed)
[2025-11-15 04:37:47] [WDG] Restart stream: idle_pair=1395.4566903114319 consec_timeouts=0
[2025-11-15 04:37:47] [WDG] Restart failed: [Errno 2] Entity not found
[2025-11-15 04:37:48] [DIAG] GET_STATUS requested via CTRL (bulk failed)
[2025-11-15 04:37:49] [DIAG] GET_STATUS requested via CTRL (bulk failed)
[2025-11-15 04:37:51] [DIAG] GET_STATUS requested via CTRL (bulk failed)
[2025-11-15 04:37:52] [WDG] Restart stream: idle_pair=1400.4626939296722 consec_timeouts=0
[2025-11-15 04:37:52] [WDG] Restart failed: [Errno 2] Entity not found
[2025-11-15 04:37:52] [DIAG] GET_STATUS requested via CTRL (bulk failed)
[2025-11-15 04:37:54] [DIAG] GET_STATUS requested via CTRL (bulk failed)
[2025-11-15 04:37:55] [DIAG] GET_STATUS requested via CTRL (bulk failed)
[2025-11-15 04:37:57] [DIAG] GET_STATUS requested via CTRL (bulk failed)
[2025-11-15 04:37:57] [WDG] Restart stream: idle_pair=1405.4676797389984 consec_timeouts=0
[2025-11-15 04:37:57] [WDG] Restart failed: [Errno 2] Entity not found
[2025-11-15 04:37:58] [DIAG] GET_STATUS requested via CTRL (bulk failed)
[2025-11-15 04:38:00] [DIAG] GET_STATUS requested via CTRL (bulk failed)
[2025-11-15 04:38:01] [DIAG] GET_STATUS requested via CTRL (bulk failed)
[2025-11-15 04:38:02] [WDG] Restart stream: idle_pair=1410.4734089374542 consec_timeouts=0
[2025-11-15 04:38:02] [WDG] Restart failed: [Errno 2] Entity not found
[2025-11-15 04:38:03] [DIAG] GET_STATUS requested via CTRL (bulk failed)
[2025-11-15 04:38:04] [DIAG] GET_STATUS requested via CTRL (bulk failed)
[2025-11-15 04:38:06] [DIAG] GET_STATUS requested via CTRL (bulk failed)
[2025-11-15 04:38:07] [WDG] Restart stream: idle_pair=1415.4784569740295 consec_timeouts=0
[2025-11-15 04:38:07] [WDG] Restart failed: [Errno 2] Entity not found
[2025-11-15 04:38:07] [DIAG] GET_STATUS requested via CTRL (bulk failed)
[2025-11-15 04:38:09] [DIAG] GET_STATUS requested via CTRL (bulk failed)
[2025-11-15 04:38:10] [DIAG] GET_STATUS requested via CTRL (bulk failed)
[2025-11-15 04:38:12] [DIAG] GET_STATUS requested via CTRL (bulk failed)
[2025-11-15 04:38:12] [WDG] Restart stream: idle_pair=1420.4838273525238 consec_timeouts=0
[2025-11-15 04:38:12] [WDG] Restart failed: [Errno 2] Entity not found
[2025-11-15 04:38:13] [DIAG] GET_STATUS requested via CTRL (bulk failed)
[2025-11-15 04:38:15] [DIAG] GET_STATUS requested via CTRL (bulk failed)
[2025-11-15 04:38:16] [DIAG] GET_STATUS requested via CTRL (bulk failed)
[2025-11-15 04:38:17] [WDG] Restart stream: idle_pair=1425.4890398979187 consec_timeouts=0
[2025-11-15 04:38:17] [WDG] Restart failed: [Errno 2] Entity not found
[2025-11-15 04:38:18] [DIAG] GET_STATUS requested via CTRL (bulk failed)
[2025-11-15 04:38:19] [DIAG] GET_STATUS requested via CTRL (bulk failed)
[2025-11-15 04:38:21] [DIAG] GET_STATUS requested via CTRL (bulk failed)
[2025-11-15 04:38:22] [WDG] Restart stream: idle_pair=1430.4945697784424 consec_timeouts=0
[2025-11-15 04:38:22] [WDG] Restart failed: [Errno 2] Entity not found
[2025-11-15 04:38:22] [DIAG] GET_STATUS requested via CTRL (bulk failed)
[2025-11-15 04:38:24] [DIAG] GET_STATUS requested via CTRL (bulk failed)
[2025-11-15 04:38:25] [DIAG] GET_STATUS requested via CTRL (bulk failed)
[2025-11-15 04:38:27] [DIAG] GET_STATUS requested via CTRL (bulk failed)
[2025-11-15 04:38:27] [WDG] Restart stream: idle_pair=1435.4997248649597 consec_timeouts=0
[2025-11-15 04:38:27] [WDG] Restart failed: [Errno 2] Entity not found
[2025-11-15 04:38:28] [DIAG] GET_STATUS requested via CTRL (bulk failed)
[2025-11-15 04:38:30] [DIAG] GET_STATUS requested via CTRL (bulk failed)
[2025-11-15 04:38:31] [DIAG] GET_STATUS requested via CTRL (bulk failed)
[2025-11-15 04:38:32] [WDG] Restart stream: idle_pair=1440.5050749778748 consec_timeouts=0
[2025-11-15 04:38:32] [WDG] Restart failed: [Errno 2] Entity not found
[2025-11-15 04:38:33] [DIAG] GET_STATUS requested via CTRL (bulk failed)
[2025-11-15 04:38:35] [DIAG] GET_STATUS requested via CTRL (bulk failed)
[2025-11-15 04:38:36] [DIAG] GET_STATUS requested via CTRL (bulk failed)
[2025-11-15 04:38:37] [WDG] Restart stream: idle_pair=1445.510080575943 consec_timeouts=0
[2025-11-15 04:38:37] [WDG] Restart failed: [Errno 2] Entity not found
[2025-11-15 04:38:38] [DIAG] GET_STATUS requested via CTRL (bulk failed)
[2025-11-15 04:38:39] [DIAG] GET_STATUS requested via CTRL (bulk failed)
[2025-11-15 04:38:41] [DIAG] GET_STATUS requested via CTRL (bulk failed)
[2025-11-15 04:38:42] [DIAG] GET_STATUS requested via CTRL (bulk failed)
[2025-11-15 04:38:42] [WDG] Restart stream: idle_pair=1450.5150918960571 consec_timeouts=0
[2025-11-15 04:38:42] [WDG] Restart failed: [Errno 2] Entity not found
[2025-11-15 04:38:44] [DIAG] GET_STATUS requested via CTRL (bulk failed)
[2025-11-15 04:38:45] [DIAG] GET_STATUS requested via CTRL (bulk failed)
[2025-11-15 04:38:47] [DIAG] GET_STATUS requested via CTRL (bulk failed)
[2025-11-15 04:38:47] [WDG] Restart stream: idle_pair=1455.5209076404572 consec_timeouts=0
[2025-11-15 04:38:47] [WDG] Restart failed: [Errno 2] Entity not found
[2025-11-15 04:38:48] [DIAG] GET_STATUS requested via CTRL (bulk failed)
[2025-11-15 04:38:50] [DIAG] GET_STATUS requested via CTRL (bulk failed)
[2025-11-15 04:38:51] [DIAG] GET_STATUS requested via CTRL (bulk failed)
[2025-11-15 04:38:52] [WDG] Restart stream: idle_pair=1460.5267117023468 consec_timeouts=0
[2025-11-15 04:38:52] [WDG] Restart failed: [Errno 2] Entity not found
[2025-11-15 04:38:53] [DIAG] GET_STATUS requested via CTRL (bulk failed)
[2025-11-15 04:38:54] [DIAG] GET_STATUS requested via CTRL (bulk failed)
[2025-11-15 04:38:56] [DIAG] GET_STATUS requested via CTRL (bulk failed)
[2025-11-15 04:38:57] [DIAG] GET_STATUS requested via CTRL (bulk failed)
[2025-11-15 04:38:57] [WDG] Restart stream: idle_pair=1465.5335454940796 consec_timeouts=0
[2025-11-15 04:38:57] [WDG] Restart failed: [Errno 2] Entity not found
[2025-11-15 04:38:59] [DIAG] GET_STATUS requested via CTRL (bulk failed)
[2025-11-15 04:39:00] [DIAG] GET_STATUS requested via CTRL (bulk failed)
[2025-11-15 04:39:02] [DIAG] GET_STATUS requested via CTRL (bulk failed)
[2025-11-15 04:39:02] [WDG] Restart stream: idle_pair=1470.5383439064026 consec_timeouts=0
[2025-11-15 04:39:02] [WDG] Restart failed: [Errno 2] Entity not found
[2025-11-15 04:39:03] [DIAG] GET_STATUS requested via CTRL (bulk failed)
[2025-11-15 04:39:05] [DIAG] GET_STATUS requested via CTRL (bulk failed)
[2025-11-15 04:39:06] [DIAG] GET_STATUS requested via CTRL (bulk failed)
[2025-11-15 04:39:07] [WDG] Restart stream: idle_pair=1475.5437200069427 consec_timeouts=0
[2025-11-15 04:39:07] [WDG] Restart failed: [Errno 2] Entity not found
[2025-11-15 04:39:08] [DIAG] GET_STATUS requested via CTRL (bulk failed)
[2025-11-15 04:39:09] [DIAG] GET_STATUS requested via CTRL (bulk failed)
[2025-11-15 04:39:11] [DIAG] GET_STATUS requested via CTRL (bulk failed)
[2025-11-15 04:39:12] [DIAG] GET_STATUS requested via CTRL (bulk failed)
[2025-11-15 04:39:12] [WDG] Restart stream: idle_pair=1480.549295425415 consec_timeouts=0
[2025-11-15 04:39:12] [WDG] Restart failed: [Errno 2] Entity not found
[2025-11-15 04:39:14] [DIAG] GET_STATUS requested via CTRL (bulk failed)
[2025-11-15 04:39:15] [DIAG] GET_STATUS requested via CTRL (bulk failed)
[2025-11-15 04:39:17] [DIAG] GET_STATUS requested via CTRL (bulk failed)
[2025-11-15 04:39:17] [WDG] Restart stream: idle_pair=1485.55397939682 consec_timeouts=0
[2025-11-15 04:39:17] [WDG] Restart failed: [Errno 2] Entity not found
[2025-11-15 04:39:18] [DIAG] GET_STATUS requested via CTRL (bulk failed)
[2025-11-15 04:39:20] [DIAG] GET_STATUS requested via CTRL (bulk failed)
[2025-11-15 04:39:21] [DIAG] GET_STATUS requested via CTRL (bulk failed)
[2025-11-15 04:39:22] [WDG] Restart stream: idle_pair=1490.5596227645874 consec_timeouts=0
[2025-11-15 04:39:22] [WDG] Restart failed: [Errno 2] Entity not found
[2025-11-15 04:39:23] [DIAG] GET_STATUS requested via CTRL (bulk failed)
[2025-11-15 04:39:24] [DIAG] GET_STATUS requested via CTRL (bulk failed)
[2025-11-15 04:39:26] [DIAG] GET_STATUS requested via CTRL (bulk failed)
[2025-11-15 04:39:27] [DIAG] GET_STATUS requested via CTRL (bulk failed)
[2025-11-15 04:39:27] [WDG] Restart stream: idle_pair=1495.5658595561981 consec_timeouts=0
[2025-11-15 04:39:27] [WDG] Restart failed: [Errno 2] Entity not found
[2025-11-15 04:39:29] [DIAG] GET_STATUS requested via CTRL (bulk failed)
[2025-11-15 04:39:30] [DIAG] GET_STATUS requested via CTRL (bulk failed)
[2025-11-15 04:39:32] [DIAG] GET_STATUS requested via CTRL (bulk failed)
[2025-11-15 04:39:32] [WDG] Restart stream: idle_pair=1500.571269750595 consec_timeouts=0
[2025-11-15 04:39:32] [WDG] Restart failed: [Errno 2] Entity not found
[2025-11-15 04:39:33] [DIAG] GET_STATUS requested via CTRL (bulk failed)
[2025-11-15 04:39:35] [DIAG] GET_STATUS requested via CTRL (bulk failed)
[2025-11-15 04:39:36] [DIAG] GET_STATUS requested via CTRL (bulk failed)
[2025-11-15 04:39:37] [WDG] Restart stream: idle_pair=1505.5772862434387 consec_timeouts=0
[2025-11-15 04:39:37] [WDG] Restart failed: [Errno 2] Entity not found
[2025-11-15 04:39:38] [DIAG] GET_STATUS requested via CTRL (bulk failed)
[2025-11-15 04:39:39] [DIAG] GET_STATUS requested via CTRL (bulk failed)
[2025-11-15 04:39:41] [DIAG] GET_STATUS requested via CTRL (bulk failed)
[2025-11-15 04:39:42] [DIAG] GET_STATUS requested via CTRL (bulk failed)
[2025-11-15 04:39:42] [WDG] Restart stream: idle_pair=1510.5818920135498 consec_timeouts=0
[2025-11-15 04:39:42] [WDG] Restart failed: [Errno 2] Entity not found
[2025-11-15 04:39:44] [DIAG] GET_STATUS requested via CTRL (bulk failed)
[2025-11-15 04:39:45] [DIAG] GET_STATUS requested via CTRL (bulk failed)
[2025-11-15 04:39:47] [DIAG] GET_STATUS requested via CTRL (bulk failed)
[2025-11-15 04:39:47] [WDG] Restart stream: idle_pair=1515.5886595249176 consec_timeouts=0
[2025-11-15 04:39:47] [WDG] Restart failed: [Errno 2] Entity not found
[2025-11-15 04:39:48] [DIAG] GET_STATUS requested via CTRL (bulk failed)
[2025-11-15 04:39:50] [DIAG] GET_STATUS requested via CTRL (bulk failed)
[2025-11-15 04:39:51] [DIAG] GET_STATUS requested via CTRL (bulk failed)
[2025-11-15 04:39:52] [WDG] Restart stream: idle_pair=1520.594116449356 consec_timeouts=0
[2025-11-15 04:39:52] [WDG] Restart failed: [Errno 2] Entity not found
[2025-11-15 04:39:53] [DIAG] GET_STATUS requested via CTRL (bulk failed)
[2025-11-15 04:39:54] [DIAG] GET_STATUS requested via CTRL (bulk failed)
[2025-11-15 04:39:56] [DIAG] GET_STATUS requested via CTRL (bulk failed)
[2025-11-15 04:39:57] [DIAG] GET_STATUS requested via CTRL (bulk failed)
[2025-11-15 04:39:57] [WDG] Restart stream: idle_pair=1525.5991473197937 consec_timeouts=0
[2025-11-15 04:39:57] [WDG] Restart failed: [Errno 2] Entity not found
[2025-11-15 04:39:59] [DIAG] GET_STATUS requested via CTRL (bulk failed)
[2025-11-15 04:40:00] [DIAG] GET_STATUS requested via CTRL (bulk failed)
[2025-11-15 04:40:02] [DIAG] GET_STATUS requested via CTRL (bulk failed)
[2025-11-15 04:40:02] [WDG] Restart stream: idle_pair=1530.6041786670685 consec_timeouts=0
[2025-11-15 04:40:02] [WDG] Restart failed: [Errno 2] Entity not found
[2025-11-15 04:40:03] [DIAG] GET_STATUS requested via CTRL (bulk failed)
[2025-11-15 04:40:05] [DIAG] GET_STATUS requested via CTRL (bulk failed)
[2025-11-15 04:40:06] [DIAG] GET_STATUS requested via CTRL (bulk failed)
[2025-11-15 04:40:07] [WDG] Restart stream: idle_pair=1535.609468460083 consec_timeouts=0
[2025-11-15 04:40:07] [WDG] Restart failed: [Errno 2] Entity not found
[2025-11-15 04:40:08] [DIAG] GET_STATUS requested via CTRL (bulk failed)
[2025-11-15 04:40:09] [DIAG] GET_STATUS requested via CTRL (bulk failed)
[2025-11-15 04:40:11] [DIAG] GET_STATUS requested via CTRL (bulk failed)
[2025-11-15 04:40:12] [DIAG] GET_STATUS requested via CTRL (bulk failed)
[2025-11-15 04:40:12] [WDG] Restart stream: idle_pair=1540.6148462295532 consec_timeouts=0
[2025-11-15 04:40:12] [WDG] Restart failed: [Errno 2] Entity not found
[2025-11-15 04:40:14] [DIAG] GET_STATUS requested via CTRL (bulk failed)
[2025-11-15 04:40:15] [DIAG] GET_STATUS requested via CTRL (bulk failed)
[2025-11-15 04:40:17] [DIAG] GET_STATUS requested via CTRL (bulk failed)
[2025-11-15 04:40:17] [WDG] Restart stream: idle_pair=1545.6216378211975 consec_timeouts=0
[2025-11-15 04:40:17] [WDG] Restart failed: [Errno 2] Entity not found
[2025-11-15 04:40:18] [DIAG] GET_STATUS requested via CTRL (bulk failed)
[2025-11-15 04:40:20] [DIAG] GET_STATUS requested via CTRL (bulk failed)
[2025-11-15 04:40:21] [DIAG] GET_STATUS requested via CTRL (bulk failed)
[2025-11-15 04:40:22] [WDG] Restart stream: idle_pair=1550.6270024776459 consec_timeouts=0
[2025-11-15 04:40:22] [WDG] Restart failed: [Errno 2] Entity not found
[2025-11-15 04:40:23] [DIAG] GET_STATUS requested via CTRL (bulk failed)
[2025-11-15 04:40:24] [DIAG] GET_STATUS requested via CTRL (bulk failed)
[2025-11-15 04:40:26] [DIAG] GET_STATUS requested via CTRL (bulk failed)
[2025-11-15 04:40:27] [DIAG] GET_STATUS requested via CTRL (bulk failed)
[2025-11-15 04:40:27] [WDG] Restart stream: idle_pair=1555.6325545310974 consec_timeouts=0
[2025-11-15 04:40:27] [WDG] Restart failed: [Errno 2] Entity not found
[2025-11-15 04:40:29] [DIAG] GET_STATUS requested via CTRL (bulk failed)
[2025-11-15 04:40:30] [DIAG] GET_STATUS requested via CTRL (bulk failed)
[2025-11-15 04:40:32] [DIAG] GET_STATUS requested via CTRL (bulk failed)
[2025-11-15 04:40:32] [WDG] Restart stream: idle_pair=1560.636729478836 consec_timeouts=0
[2025-11-15 04:40:32] [WDG] Restart failed: [Errno 2] Entity not found
[2025-11-15 04:40:33] [DIAG] GET_STATUS requested via CTRL (bulk failed)
[2025-11-15 04:40:35] [DIAG] GET_STATUS requested via CTRL (bulk failed)
[2025-11-15 04:40:36] [DIAG] GET_STATUS requested via CTRL (bulk failed)
[2025-11-15 04:40:37] [WDG] Restart stream: idle_pair=1565.6421747207642 consec_timeouts=0
[2025-11-15 04:40:37] [WDG] Restart failed: [Errno 2] Entity not found
[2025-11-15 04:40:38] [DIAG] GET_STATUS requested via CTRL (bulk failed)
[2025-11-15 04:40:39] [DIAG] GET_STATUS requested via CTRL (bulk failed)
[2025-11-15 04:40:41] [DIAG] GET_STATUS requested via CTRL (bulk failed)
[2025-11-15 04:40:42] [DIAG] GET_STATUS requested via CTRL (bulk failed)
[2025-11-15 04:40:42] [WDG] Restart stream: idle_pair=1570.647887468338 consec_timeouts=0
[2025-11-15 04:40:42] [WDG] Restart failed: [Errno 2] Entity not found
[2025-11-15 04:40:44] [DIAG] GET_STATUS requested via CTRL (bulk failed)
[2025-11-15 04:40:45] [DIAG] GET_STATUS requested via CTRL (bulk failed)
[2025-11-15 04:40:47] [DIAG] GET_STATUS requested via CTRL (bulk failed)
[2025-11-15 04:40:47] [WDG] Restart stream: idle_pair=1575.6531789302826 consec_timeouts=0
[2025-11-15 04:40:47] [WDG] Restart failed: [Errno 2] Entity not found
[2025-11-15 04:40:48] [DIAG] GET_STATUS requested via CTRL (bulk failed)
[2025-11-15 04:40:50] [DIAG] GET_STATUS requested via CTRL (bulk failed)
[2025-11-15 04:40:51] [DIAG] GET_STATUS requested via CTRL (bulk failed)
[2025-11-15 04:40:52] [WDG] Restart stream: idle_pair=1580.6579520702362 consec_timeouts=0
[2025-11-15 04:40:52] [WDG] Restart failed: [Errno 2] Entity not found
[2025-11-15 04:40:53] [DIAG] GET_STATUS requested via CTRL (bulk failed)
[2025-11-15 04:40:54] [DIAG] GET_STATUS requested via CTRL (bulk failed)
[2025-11-15 04:40:56] [DIAG] GET_STATUS requested via CTRL (bulk failed)
[2025-11-15 04:40:57] [DIAG] GET_STATUS requested via CTRL (bulk failed)
[2025-11-15 04:40:57] [WDG] Restart stream: idle_pair=1585.6642436981201 consec_timeouts=0
[2025-11-15 04:40:57] [WDG] Restart failed: [Errno 2] Entity not found
[2025-11-15 04:40:59] [DIAG] GET_STATUS requested via CTRL (bulk failed)
[2025-11-15 04:41:00] [DIAG] GET_STATUS requested via CTRL (bulk failed)
[2025-11-15 04:41:02] [DIAG] GET_STATUS requested via CTRL (bulk failed)
[2025-11-15 04:41:02] [WDG] Restart stream: idle_pair=1590.6690635681152 consec_timeouts=0
[2025-11-15 04:41:02] [WDG] Restart failed: [Errno 2] Entity not found
[2025-11-15 04:41:03] [DIAG] GET_STATUS requested via CTRL (bulk failed)
[2025-11-15 04:41:05] [DIAG] GET_STATUS requested via CTRL (bulk failed)
[2025-11-15 04:41:06] [DIAG] GET_STATUS requested via CTRL (bulk failed)
[2025-11-15 04:41:07] [WDG] Restart stream: idle_pair=1595.6745028495789 consec_timeouts=0
[2025-11-15 04:41:07] [WDG] Restart failed: [Errno 2] Entity not found
[2025-11-15 04:41:08] [DIAG] GET_STATUS requested via CTRL (bulk failed)
[2025-11-15 04:41:09] [DIAG] GET_STATUS requested via CTRL (bulk failed)
[2025-11-15 04:41:11] [DIAG] GET_STATUS requested via CTRL (bulk failed)
[2025-11-15 04:41:12] [DIAG] GET_STATUS requested via CTRL (bulk failed)
[2025-11-15 04:41:12] [WDG] Restart stream: idle_pair=1600.679522037506 consec_timeouts=0
[2025-11-15 04:41:12] [WDG] Restart failed: [Errno 2] Entity not found
[2025-11-15 04:41:14] [DIAG] GET_STATUS requested via CTRL (bulk failed)
[2025-11-15 04:41:15] [DIAG] GET_STATUS requested via CTRL (bulk failed)
[2025-11-15 04:41:17] [DIAG] GET_STATUS requested via CTRL (bulk failed)
[2025-11-15 04:41:17] [WDG] Restart stream: idle_pair=1605.6843156814575 consec_timeouts=0
[2025-11-15 04:41:17] [WDG] Restart failed: [Errno 2] Entity not found
[2025-11-15 04:41:18] [DIAG] GET_STATUS requested via CTRL (bulk failed)
[2025-11-15 04:41:20] [DIAG] GET_STATUS requested via CTRL (bulk failed)
[2025-11-15 04:41:21] [DIAG] GET_STATUS requested via CTRL (bulk failed)
[2025-11-15 04:41:22] [WDG] Restart stream: idle_pair=1610.689382314682 consec_timeouts=0
[2025-11-15 04:41:22] [WDG] Restart failed: [Errno 2] Entity not found
[2025-11-15 04:41:23] [DIAG] GET_STATUS requested via CTRL (bulk failed)
[2025-11-15 04:41:24] [DIAG] GET_STATUS requested via CTRL (bulk failed)
[2025-11-15 04:41:26] [DIAG] GET_STATUS requested via CTRL (bulk failed)
[2025-11-15 04:41:27] [DIAG] GET_STATUS requested via CTRL (bulk failed)
[2025-11-15 04:41:27] [WDG] Restart stream: idle_pair=1615.6949527263641 consec_timeouts=0
[2025-11-15 04:41:27] [WDG] Restart failed: [Errno 2] Entity not found
[2025-11-15 04:41:29] [DIAG] GET_STATUS requested via CTRL (bulk failed)
[2025-11-15 04:41:30] [DIAG] GET_STATUS requested via CTRL (bulk failed)
[2025-11-15 04:41:32] [DIAG] GET_STATUS requested via CTRL (bulk failed)
[2025-11-15 04:41:32] [WDG] Restart stream: idle_pair=1620.701411485672 consec_timeouts=0
[2025-11-15 04:41:32] [WDG] Restart failed: [Errno 2] Entity not found
[2025-11-15 04:41:33] [DIAG] GET_STATUS requested via CTRL (bulk failed)
[2025-11-15 04:41:35] [DIAG] GET_STATUS requested via CTRL (bulk failed)
[2025-11-15 04:41:36] [DIAG] GET_STATUS requested via CTRL (bulk failed)
[2025-11-15 04:41:37] [WDG] Restart stream: idle_pair=1625.7096855640411 consec_timeouts=0
[2025-11-15 04:41:37] [WDG] Restart failed: [Errno 2] Entity not found
[2025-11-15 04:41:38] [DIAG] GET_STATUS requested via CTRL (bulk failed)
[2025-11-15 04:41:39] [DIAG] GET_STATUS requested via CTRL (bulk failed)
[2025-11-15 04:41:41] [DIAG] GET_STATUS requested via CTRL (bulk failed)
[2025-11-15 04:41:42] [DIAG] GET_STATUS requested via CTRL (bulk failed)
[2025-11-15 04:41:42] [WDG] Restart stream: idle_pair=1630.7151534557343 consec_timeouts=0
[2025-11-15 04:41:42] [WDG] Restart failed: [Errno 2] Entity not found
[2025-11-15 04:41:44] [DIAG] GET_STATUS requested via CTRL (bulk failed)
[2025-11-15 04:41:45] [DIAG] GET_STATUS requested via CTRL (bulk failed)
[2025-11-15 04:41:47] [DIAG] GET_STATUS requested via CTRL (bulk failed)
[2025-11-15 04:41:47] [WDG] Restart stream: idle_pair=1635.7192573547363 consec_timeouts=0
[2025-11-15 04:41:47] [WDG] Restart failed: [Errno 2] Entity not found
[2025-11-15 04:41:48] [DIAG] GET_STATUS requested via CTRL (bulk failed)
[2025-11-15 04:41:50] [DIAG] GET_STATUS requested via CTRL (bulk failed)
[2025-11-15 04:41:51] [DIAG] GET_STATUS requested via CTRL (bulk failed)
[2025-11-15 04:41:52] [WDG] Restart stream: idle_pair=1640.7238516807556 consec_timeouts=0
[2025-11-15 04:41:52] [WDG] Restart failed: [Errno 2] Entity not found
[2025-11-15 04:41:53] [DIAG] GET_STATUS requested via CTRL (bulk failed)
[2025-11-15 04:41:54] [DIAG] GET_STATUS requested via CTRL (bulk failed)
[2025-11-15 04:41:56] [DIAG] GET_STATUS requested via CTRL (bulk failed)
[2025-11-15 04:41:57] [DIAG] GET_STATUS requested via CTRL (bulk failed)
[2025-11-15 04:41:57] [WDG] Restart stream: idle_pair=1645.729730606079 consec_timeouts=0
[2025-11-15 04:41:57] [WDG] Restart failed: [Errno 2] Entity not found
[2025-11-15 04:41:59] [DIAG] GET_STATUS requested via CTRL (bulk failed)
[2025-11-15 04:42:00] [DIAG] GET_STATUS requested via CTRL (bulk failed)
[2025-11-15 04:42:02] [DIAG] GET_STATUS requested via CTRL (bulk failed)
[2025-11-15 04:42:02] [WDG] Restart stream: idle_pair=1650.7365612983704 consec_timeouts=0
[2025-11-15 04:42:02] [WDG] Restart failed: [Errno 2] Entity not found
[2025-11-15 04:42:03] [DIAG] GET_STATUS requested via CTRL (bulk failed)
[2025-11-15 04:42:05] [DIAG] GET_STATUS requested via CTRL (bulk failed)
[2025-11-15 04:42:06] [DIAG] GET_STATUS requested via CTRL (bulk failed)
[2025-11-15 04:42:07] [WDG] Restart stream: idle_pair=1655.7418162822723 consec_timeouts=0
[2025-11-15 04:42:07] [WDG] Restart failed: [Errno 2] Entity not found
[2025-11-15 04:42:08] [DIAG] GET_STATUS requested via CTRL (bulk failed)
[2025-11-15 04:42:09] [DIAG] GET_STATUS requested via CTRL (bulk failed)
[2025-11-15 04:42:11] [DIAG] GET_STATUS requested via CTRL (bulk failed)
[2025-11-15 04:42:12] [DIAG] GET_STATUS requested via CTRL (bulk failed)
[2025-11-15 04:42:12] [WDG] Restart stream: idle_pair=1660.7458221912384 consec_timeouts=0
[2025-11-15 04:42:12] [WDG] Restart failed: [Errno 2] Entity not found
[2025-11-15 04:42:14] [DIAG] GET_STATUS requested via CTRL (bulk failed)
[2025-11-15 04:42:15] [DIAG] GET_STATUS requested via CTRL (bulk failed)
[2025-11-15 04:42:17] [DIAG] GET_STATUS requested via CTRL (bulk failed)
[2025-11-15 04:42:17] [WDG] Restart stream: idle_pair=1665.7507321834564 consec_timeouts=0
[2025-11-15 04:42:17] [WDG] Restart failed: [Errno 2] Entity not found
[2025-11-15 04:42:18] [DIAG] GET_STATUS requested via CTRL (bulk failed)
[2025-11-15 04:42:20] [DIAG] GET_STATUS requested via CTRL (bulk failed)
[2025-11-15 04:42:21] [DIAG] GET_STATUS requested via CTRL (bulk failed)
[2025-11-15 04:42:22] [WDG] Restart stream: idle_pair=1670.7570114135742 consec_timeouts=0
[2025-11-15 04:42:22] [WDG] Restart failed: [Errno 2] Entity not found
[2025-11-15 04:42:23] [DIAG] GET_STATUS requested via CTRL (bulk failed)
[2025-11-15 04:42:24] [DIAG] GET_STATUS requested via CTRL (bulk failed)
[2025-11-15 04:42:26] [DIAG] GET_STATUS requested via CTRL (bulk failed)
[2025-11-15 04:42:27] [DIAG] GET_STATUS requested via CTRL (bulk failed)
[2025-11-15 04:42:27] [WDG] Restart stream: idle_pair=1675.7637915611267 consec_timeouts=0
[2025-11-15 04:42:27] [WDG] Restart failed: [Errno 2] Entity not found
[2025-11-15 04:42:29] [DIAG] GET_STATUS requested via CTRL (bulk failed)
[2025-11-15 04:42:30] [DIAG] GET_STATUS requested via CTRL (bulk failed)
[2025-11-15 04:42:32] [DIAG] GET_STATUS requested via CTRL (bulk failed)
[2025-11-15 04:42:32] [WDG] Restart stream: idle_pair=1680.7684872150421 consec_timeouts=0
[2025-11-15 04:42:32] [WDG] Restart failed: [Errno 2] Entity not found
[2025-11-15 04:42:33] [DIAG] GET_STATUS requested via CTRL (bulk failed)
[2025-11-15 04:42:35] [DIAG] GET_STATUS requested via CTRL (bulk failed)
[2025-11-15 04:42:36] [DIAG] GET_STATUS requested via CTRL (bulk failed)
[2025-11-15 04:42:37] [WDG] Restart stream: idle_pair=1685.7742121219635 consec_timeouts=0
[2025-11-15 04:42:37] [WDG] Restart failed: [Errno 2] Entity not found
[2025-11-15 04:42:38] [DIAG] GET_STATUS requested via CTRL (bulk failed)
[2025-11-15 04:42:39] [DIAG] GET_STATUS requested via CTRL (bulk failed)
[2025-11-15 04:42:41] [DIAG] GET_STATUS requested via CTRL (bulk failed)
[2025-11-15 04:42:42] [DIAG] GET_STATUS requested via CTRL (bulk failed)
[2025-11-15 04:42:42] [WDG] Restart stream: idle_pair=1690.7797737121582 consec_timeouts=0
[2025-11-15 04:42:42] [WDG] Restart failed: [Errno 2] Entity not found
[2025-11-15 04:42:44] [DIAG] GET_STATUS requested via CTRL (bulk failed)
[2025-11-15 04:42:45] [DIAG] GET_STATUS requested via CTRL (bulk failed)
[2025-11-15 04:42:47] [DIAG] GET_STATUS requested via CTRL (bulk failed)
[2025-11-15 04:42:47] [WDG] Restart stream: idle_pair=1695.7838580608368 consec_timeouts=0
[2025-11-15 04:42:47] [WDG] Restart failed: [Errno 2] Entity not found
[2025-11-15 04:42:48] [DIAG] GET_STATUS requested via CTRL (bulk failed)
[2025-11-15 04:42:50] [DIAG] GET_STATUS requested via CTRL (bulk failed)
[2025-11-15 04:42:51] [DIAG] GET_STATUS requested via CTRL (bulk failed)
[2025-11-15 04:42:52] [WDG] Restart stream: idle_pair=1700.7903001308441 consec_timeouts=0
[2025-11-15 04:42:52] [WDG] Restart failed: [Errno 2] Entity not found
[2025-11-15 04:42:53] [DIAG] GET_STATUS requested via CTRL (bulk failed)
[2025-11-15 04:42:54] [DIAG] GET_STATUS requested via CTRL (bulk failed)
[2025-11-15 04:42:56] [DIAG] GET_STATUS requested via CTRL (bulk failed)
[2025-11-15 04:42:57] [DIAG] GET_STATUS requested via CTRL (bulk failed)
[2025-11-15 04:42:57] [WDG] Restart stream: idle_pair=1705.7953898906708 consec_timeouts=0
[2025-11-15 04:42:57] [WDG] Restart failed: [Errno 2] Entity not found
[2025-11-15 04:42:59] [DIAG] GET_STATUS requested via CTRL (bulk failed)
[2025-11-15 04:43:00] [DIAG] GET_STATUS requested via CTRL (bulk failed)
[2025-11-15 04:43:02] [DIAG] GET_STATUS requested via CTRL (bulk failed)
[2025-11-15 04:43:02] [WDG] Restart stream: idle_pair=1710.800551891327 consec_timeouts=0
[2025-11-15 04:43:02] [WDG] Restart failed: [Errno 2] Entity not found
[2025-11-15 04:43:03] [DIAG] GET_STATUS requested via CTRL (bulk failed)
[2025-11-15 04:43:05] [DIAG] GET_STATUS requested via CTRL (bulk failed)
[2025-11-15 04:43:06] [DIAG] GET_STATUS requested via CTRL (bulk failed)
[2025-11-15 04:43:07] [WDG] Restart stream: idle_pair=1715.8056972026825 consec_timeouts=0
[2025-11-15 04:43:07] [WDG] Restart failed: [Errno 2] Entity not found
[2025-11-15 04:43:08] [DIAG] GET_STATUS requested via CTRL (bulk failed)
[2025-11-15 04:43:09] [DIAG] GET_STATUS requested via CTRL (bulk failed)
[2025-11-15 04:43:11] [DIAG] GET_STATUS requested via CTRL (bulk failed)
[2025-11-15 04:43:12] [DIAG] GET_STATUS requested via CTRL (bulk failed)
[2025-11-15 04:43:12] [WDG] Restart stream: idle_pair=1720.8108899593353 consec_timeouts=0
[2025-11-15 04:43:12] [WDG] Restart failed: [Errno 2] Entity not found
[2025-11-15 04:43:14] [DIAG] GET_STATUS requested via CTRL (bulk failed)
[2025-11-15 04:43:15] [DIAG] GET_STATUS requested via CTRL (bulk failed)
[2025-11-15 04:43:17] [DIAG] GET_STATUS requested via CTRL (bulk failed)
[2025-11-15 04:43:17] [WDG] Restart stream: idle_pair=1725.8163797855377 consec_timeouts=0
[2025-11-15 04:43:17] [WDG] Restart failed: [Errno 2] Entity not found
[2025-11-15 04:43:18] [DIAG] GET_STATUS requested via CTRL (bulk failed)
[2025-11-15 04:43:20] [DIAG] GET_STATUS requested via CTRL (bulk failed)
[2025-11-15 04:43:21] [DIAG] GET_STATUS requested via CTRL (bulk failed)
[2025-11-15 04:43:22] [WDG] Restart stream: idle_pair=1730.821748971939 consec_timeouts=0
[2025-11-15 04:43:22] [WDG] Restart failed: [Errno 2] Entity not found
[2025-11-15 04:43:23] [DIAG] GET_STATUS requested via CTRL (bulk failed)
[2025-11-15 04:43:24] [DIAG] GET_STATUS requested via CTRL (bulk failed)
[2025-11-15 04:43:26] [DIAG] GET_STATUS requested via CTRL (bulk failed)
[2025-11-15 04:43:27] [DIAG] GET_STATUS requested via CTRL (bulk failed)
[2025-11-15 04:43:27] [WDG] Restart stream: idle_pair=1735.827490568161 consec_timeouts=0
[2025-11-15 04:43:27] [WDG] Restart failed: [Errno 2] Entity not found
[2025-11-15 04:43:29] [DIAG] GET_STATUS requested via CTRL (bulk failed)
[2025-11-15 04:43:30] [DIAG] GET_STATUS requested via CTRL (bulk failed)
[2025-11-15 04:43:32] [DIAG] GET_STATUS requested via CTRL (bulk failed)
[2025-11-15 04:43:32] [WDG] Restart stream: idle_pair=1740.8329045772552 consec_timeouts=0
[2025-11-15 04:43:32] [WDG] Restart failed: [Errno 2] Entity not found
[2025-11-15 04:43:33] [DIAG] GET_STATUS requested via CTRL (bulk failed)
[2025-11-15 04:43:35] [DIAG] GET_STATUS requested via CTRL (bulk failed)
[2025-11-15 04:43:36] [DIAG] GET_STATUS requested via CTRL (bulk failed)
[2025-11-15 04:43:37] [WDG] Restart stream: idle_pair=1745.8379337787628 consec_timeouts=0
[2025-11-15 04:43:37] [WDG] Restart failed: [Errno 2] Entity not found
[2025-11-15 04:43:38] [DIAG] GET_STATUS requested via CTRL (bulk failed)
[2025-11-15 04:43:39] [DIAG] GET_STATUS requested via CTRL (bulk failed)
[2025-11-15 04:43:41] [DIAG] GET_STATUS requested via CTRL (bulk failed)
[2025-11-15 04:43:42] [DIAG] GET_STATUS requested via CTRL (bulk failed)
[2025-11-15 04:43:42] [WDG] Restart stream: idle_pair=1750.8431379795074 consec_timeouts=0
[2025-11-15 04:43:42] [WDG] Restart failed: [Errno 2] Entity not found
[2025-11-15 04:43:44] [DIAG] GET_STATUS requested via CTRL (bulk failed)
[2025-11-15 04:43:45] [DIAG] GET_STATUS requested via CTRL (bulk failed)
[2025-11-15 04:43:47] [DIAG] GET_STATUS requested via CTRL (bulk failed)
[2025-11-15 04:43:47] [WDG] Restart stream: idle_pair=1755.8480861186981 consec_timeouts=0
[2025-11-15 04:43:47] [WDG] Restart failed: [Errno 2] Entity not found
[2025-11-15 04:43:48] [DIAG] GET_STATUS requested via CTRL (bulk failed)
[2025-11-15 04:43:50] [DIAG] GET_STATUS requested via CTRL (bulk failed)
[2025-11-15 04:43:51] [DIAG] GET_STATUS requested via CTRL (bulk failed)
[2025-11-15 04:43:52] [WDG] Restart stream: idle_pair=1760.8543570041656 consec_timeouts=0
[2025-11-15 04:43:52] [WDG] Restart failed: [Errno 2] Entity not found
[2025-11-15 04:43:53] [DIAG] GET_STATUS requested via CTRL (bulk failed)
[2025-11-15 04:43:54] [DIAG] GET_STATUS requested via CTRL (bulk failed)
[2025-11-15 04:43:56] [DIAG] GET_STATUS requested via CTRL (bulk failed)
[2025-11-15 04:43:57] [DIAG] GET_STATUS requested via CTRL (bulk failed)
[2025-11-15 04:43:57] [WDG] Restart stream: idle_pair=1765.8595123291016 consec_timeouts=0
[2025-11-15 04:43:57] [WDG] Restart failed: [Errno 2] Entity not found
[2025-11-15 04:43:59] [DIAG] GET_STATUS requested via CTRL (bulk failed)
[2025-11-15 04:44:00] [DIAG] GET_STATUS requested via CTRL (bulk failed)
[2025-11-15 04:44:02] [DIAG] GET_STATUS requested via CTRL (bulk failed)
[2025-11-15 04:44:02] [WDG] Restart stream: idle_pair=1770.864453792572 consec_timeouts=0
[2025-11-15 04:44:02] [WDG] Restart failed: [Errno 2] Entity not found
[2025-11-15 04:44:03] [DIAG] GET_STATUS requested via CTRL (bulk failed)
[2025-11-15 04:44:05] [DIAG] GET_STATUS requested via CTRL (bulk failed)
[2025-11-15 04:44:06] [DIAG] GET_STATUS requested via CTRL (bulk failed)
[2025-11-15 04:44:07] [WDG] Restart stream: idle_pair=1775.8702192306519 consec_timeouts=0
[2025-11-15 04:44:07] [WDG] Restart failed: [Errno 2] Entity not found
[2025-11-15 04:44:08] [DIAG] GET_STATUS requested via CTRL (bulk failed)
[2025-11-15 04:44:09] [DIAG] GET_STATUS requested via CTRL (bulk failed)
[2025-11-15 04:44:11] [DIAG] GET_STATUS requested via CTRL (bulk failed)
[2025-11-15 04:44:12] [DIAG] GET_STATUS requested via CTRL (bulk failed)
[2025-11-15 04:44:12] [WDG] Restart stream: idle_pair=1780.8743906021118 consec_timeouts=0
[2025-11-15 04:44:12] [WDG] Restart failed: [Errno 2] Entity not found
[2025-11-15 04:44:14] [DIAG] GET_STATUS requested via CTRL (bulk failed)
[2025-11-15 04:44:15] [DIAG] GET_STATUS requested via CTRL (bulk failed)
[2025-11-15 04:44:17] [DIAG] GET_STATUS requested via CTRL (bulk failed)
[2025-11-15 04:44:17] [WDG] Restart stream: idle_pair=1785.8793914318085 consec_timeouts=0
[2025-11-15 04:44:17] [WDG] Restart failed: [Errno 2] Entity not found
[2025-11-15 04:44:18] [DIAG] GET_STATUS requested via CTRL (bulk failed)
[2025-11-15 04:44:20] [DIAG] GET_STATUS requested via CTRL (bulk failed)
[2025-11-15 04:44:21] [DIAG] GET_STATUS requested via CTRL (bulk failed)
[2025-11-15 04:44:22] [WDG] Restart stream: idle_pair=1790.8847708702087 consec_timeouts=0
[2025-11-15 04:44:22] [WDG] Restart failed: [Errno 2] Entity not found
[2025-11-15 04:44:23] [DIAG] GET_STATUS requested via CTRL (bulk failed)
[2025-11-15 04:44:24] [DIAG] GET_STATUS requested via CTRL (bulk failed)
[2025-11-15 04:44:26] [DIAG] GET_STATUS requested via CTRL (bulk failed)
[2025-11-15 04:44:27] [DIAG] GET_STATUS requested via CTRL (bulk failed)
[2025-11-15 04:44:27] [WDG] Restart stream: idle_pair=1795.8906297683716 consec_timeouts=0
[2025-11-15 04:44:27] [WDG] Restart failed: [Errno 2] Entity not found
[2025-11-15 04:44:29] [DIAG] GET_STATUS requested via CTRL (bulk failed)
[2025-11-15 04:44:30] [DIAG] GET_STATUS requested via CTRL (bulk failed)
[2025-11-15 04:44:32] [DIAG] GET_STATUS requested via CTRL (bulk failed)
[2025-11-15 04:44:32] [WDG] Restart stream: idle_pair=1800.8959684371948 consec_timeouts=0
[2025-11-15 04:44:32] [WDG] Restart failed: [Errno 2] Entity not found
[2025-11-15 04:44:33] [DIAG] GET_STATUS requested via CTRL (bulk failed)
[2025-11-15 04:44:35] [DIAG] GET_STATUS requested via CTRL (bulk failed)
[2025-11-15 04:44:36] [DIAG] GET_STATUS requested via CTRL (bulk failed)
[2025-11-15 04:44:37] [WDG] Restart stream: idle_pair=1805.9035983085632 consec_timeouts=0
[2025-11-15 04:44:37] [WDG] Restart failed: [Errno 2] Entity not found
[2025-11-15 04:44:38] [DIAG] GET_STATUS requested via CTRL (bulk failed)
[2025-11-15 04:44:39] [DIAG] GET_STATUS requested via CTRL (bulk failed)
[2025-11-15 04:44:41] [DIAG] GET_STATUS requested via CTRL (bulk failed)
[2025-11-15 04:44:42] [DIAG] GET_STATUS requested via CTRL (bulk failed)
[2025-11-15 04:44:42] [WDG] Restart stream: idle_pair=1810.9089982509613 consec_timeouts=0
[2025-11-15 04:44:42] [WDG] Restart failed: [Errno 2] Entity not found
[2025-11-15 04:44:44] [DIAG] GET_STATUS requested via CTRL (bulk failed)
[2025-11-15 04:44:45] [DIAG] GET_STATUS requested via CTRL (bulk failed)
[2025-11-15 04:44:47] [DIAG] GET_STATUS requested via CTRL (bulk failed)
[2025-11-15 04:44:47] [WDG] Restart stream: idle_pair=1815.9144399166107 consec_timeouts=0
[2025-11-15 04:44:47] [WDG] Restart failed: [Errno 2] Entity not found
[2025-11-15 04:44:48] [DIAG] GET_STATUS requested via CTRL (bulk failed)
[2025-11-15 04:44:50] [DIAG] GET_STATUS requested via CTRL (bulk failed)
[2025-11-15 04:44:51] [DIAG] GET_STATUS requested via CTRL (bulk failed)
[2025-11-15 04:44:53] [WDG] Restart stream: idle_pair=1820.9197595119476 consec_timeouts=0
[2025-11-15 04:44:53] [WDG] Restart failed: [Errno 2] Entity not found
[2025-11-15 04:44:53] [DIAG] GET_STATUS requested via CTRL (bulk failed)
[2025-11-15 04:44:54] [DIAG] GET_STATUS requested via CTRL (bulk failed)
[2025-11-15 04:44:56] [DIAG] GET_STATUS requested via CTRL (bulk failed)
[2025-11-15 04:44:57] [DIAG] GET_STATUS requested via CTRL (bulk failed)
[2025-11-15 04:44:58] [WDG] Restart stream: idle_pair=1825.9252936840057 consec_timeouts=0
[2025-11-15 04:44:58] [WDG] Restart failed: [Errno 2] Entity not found
[2025-11-15 04:44:59] [DIAG] GET_STATUS requested via CTRL (bulk failed)
[2025-11-15 04:45:00] [DIAG] GET_STATUS requested via CTRL (bulk failed)
[2025-11-15 04:45:02] [DIAG] GET_STATUS requested via CTRL (bulk failed)
[2025-11-15 04:45:03] [WDG] Restart stream: idle_pair=1830.9307460784912 consec_timeouts=0
[2025-11-15 04:45:03] [WDG] Restart failed: [Errno 2] Entity not found
[2025-11-15 04:45:03] [DIAG] GET_STATUS requested via CTRL (bulk failed)
[2025-11-15 04:45:05] [DIAG] GET_STATUS requested via CTRL (bulk failed)
[2025-11-15 04:45:06] [DIAG] GET_STATUS requested via CTRL (bulk failed)
[2025-11-15 04:45:08] [WDG] Restart stream: idle_pair=1835.9361817836761 consec_timeouts=0
[2025-11-15 04:45:08] [WDG] Restart failed: [Errno 2] Entity not found
[2025-11-15 04:45:08] [DIAG] GET_STATUS requested via CTRL (bulk failed)
[2025-11-15 04:45:09] [DIAG] GET_STATUS requested via CTRL (bulk failed)
[2025-11-15 04:45:11] [DIAG] GET_STATUS requested via CTRL (bulk failed)
[2025-11-15 04:45:12] [DIAG] GET_STATUS requested via CTRL (bulk failed)
[2025-11-15 04:45:13] [WDG] Restart stream: idle_pair=1840.9412713050842 consec_timeouts=0
[2025-11-15 04:45:13] [WDG] Restart failed: [Errno 2] Entity not found
[2025-11-15 04:45:14] [DIAG] GET_STATUS requested via CTRL (bulk failed)
[2025-11-15 04:45:15] [DIAG] GET_STATUS requested via CTRL (bulk failed)
[2025-11-15 04:45:17] [DIAG] GET_STATUS requested via CTRL (bulk failed)
[2025-11-15 04:45:18] [WDG] Restart stream: idle_pair=1845.946486234665 consec_timeouts=0
[2025-11-15 04:45:18] [WDG] Restart failed: [Errno 2] Entity not found
[2025-11-15 04:45:18] [DIAG] GET_STATUS requested via CTRL (bulk failed)
[2025-11-15 04:45:20] [DIAG] GET_STATUS requested via CTRL (bulk failed)
[2025-11-15 04:45:21] [DIAG] GET_STATUS requested via CTRL (bulk failed)
[2025-11-15 04:45:23] [WDG] Restart stream: idle_pair=1850.951165676117 consec_timeouts=0
[2025-11-15 04:45:23] [WDG] Restart failed: [Errno 2] Entity not found
[2025-11-15 04:45:23] [DIAG] GET_STATUS requested via CTRL (bulk failed)
[2025-11-15 04:45:24] [DIAG] GET_STATUS requested via CTRL (bulk failed)
[2025-11-15 04:45:26] [DIAG] GET_STATUS requested via CTRL (bulk failed)
[2025-11-15 04:45:27] [DIAG] GET_STATUS requested via CTRL (bulk failed)
[2025-11-15 04:45:28] [WDG] Restart stream: idle_pair=1855.956248998642 consec_timeouts=0
[2025-11-15 04:45:28] [WDG] Restart failed: [Errno 2] Entity not found
[2025-11-15 04:45:29] [DIAG] GET_STATUS requested via CTRL (bulk failed)
[2025-11-15 04:45:30] [DIAG] GET_STATUS requested via CTRL (bulk failed)
[2025-11-15 04:45:32] [DIAG] GET_STATUS requested via CTRL (bulk failed)
[2025-11-15 04:45:33] [WDG] Restart stream: idle_pair=1860.961758852005 consec_timeouts=0
[2025-11-15 04:45:33] [WDG] Restart failed: [Errno 2] Entity not found
[2025-11-15 04:45:33] [DIAG] GET_STATUS requested via CTRL (bulk failed)
[2025-11-15 04:45:35] [DIAG] GET_STATUS requested via CTRL (bulk failed)
[2025-11-15 04:45:36] [DIAG] GET_STATUS requested via CTRL (bulk failed)
[2025-11-15 04:45:38] [WDG] Restart stream: idle_pair=1865.9672186374664 consec_timeouts=0
[2025-11-15 04:45:38] [WDG] Restart failed: [Errno 2] Entity not found
[2025-11-15 04:45:38] [DIAG] GET_STATUS requested via CTRL (bulk failed)
[2025-11-15 04:45:39] [DIAG] GET_STATUS requested via CTRL (bulk failed)
[2025-11-15 04:45:41] [DIAG] GET_STATUS requested via CTRL (bulk failed)
[2025-11-15 04:45:42] [DIAG] GET_STATUS requested via CTRL (bulk failed)
[2025-11-15 04:45:43] [WDG] Restart stream: idle_pair=1870.9754433631897 consec_timeouts=0
[2025-11-15 04:45:43] [WDG] Restart failed: [Errno 2] Entity not found
[2025-11-15 04:45:44] [DIAG] GET_STATUS requested via CTRL (bulk failed)
[2025-11-15 04:45:45] [DIAG] GET_STATUS requested via CTRL (bulk failed)
[2025-11-15 04:45:47] [DIAG] GET_STATUS requested via CTRL (bulk failed)
[2025-11-15 04:45:48] [WDG] Restart stream: idle_pair=1875.9813511371613 consec_timeouts=0
[2025-11-15 04:45:48] [WDG] Restart failed: [Errno 2] Entity not found
[2025-11-15 04:45:49] [DIAG] GET_STATUS requested via CTRL (bulk failed)
[2025-11-15 04:45:50] [DIAG] GET_STATUS requested via CTRL (bulk failed)
[2025-11-15 04:45:52] [DIAG] GET_STATUS requested via CTRL (bulk failed)
[2025-11-15 04:45:53] [WDG] Restart stream: idle_pair=1880.986665725708 consec_timeouts=0
[2025-11-15 04:45:53] [WDG] Restart failed: [Errno 2] Entity not found
[2025-11-15 04:45:53] [DIAG] GET_STATUS requested via CTRL (bulk failed)
[2025-11-15 04:45:55] [DIAG] GET_STATUS requested via CTRL (bulk failed)
[2025-11-15 04:45:56] [DIAG] GET_STATUS requested via CTRL (bulk failed)
[2025-11-15 04:45:58] [DIAG] GET_STATUS requested via CTRL (bulk failed)
[2025-11-15 04:45:58] [WDG] Restart stream: idle_pair=1885.9919695854187 consec_timeouts=0
[2025-11-15 04:45:58] [WDG] Restart failed: [Errno 2] Entity not found
[2025-11-15 04:45:59] [DIAG] GET_STATUS requested via CTRL (bulk failed)
[2025-11-15 04:46:01] [DIAG] GET_STATUS requested via CTRL (bulk failed)
[2025-11-15 04:46:02] [DIAG] GET_STATUS requested via CTRL (bulk failed)
[2025-11-15 04:46:03] [WDG] Restart stream: idle_pair=1890.9967858791351 consec_timeouts=0
[2025-11-15 04:46:03] [WDG] Restart failed: [Errno 2] Entity not found
[2025-11-15 04:46:04] [DIAG] GET_STATUS requested via CTRL (bulk failed)
[2025-11-15 04:46:05] [DIAG] GET_STATUS requested via CTRL (bulk failed)
[2025-11-15 04:46:07] [DIAG] GET_STATUS requested via CTRL (bulk failed)
[2025-11-15 04:46:08] [WDG] Restart stream: idle_pair=1896.0019426345825 consec_timeouts=0
[2025-11-15 04:46:08] [WDG] Restart failed: [Errno 2] Entity not found
[2025-11-15 04:46:08] [DIAG] GET_STATUS requested via CTRL (bulk failed)
[2025-11-15 04:46:10] [DIAG] GET_STATUS requested via CTRL (bulk failed)
[2025-11-15 04:46:11] [DIAG] GET_STATUS requested via CTRL (bulk failed)
[2025-11-15 04:46:13] [DIAG] GET_STATUS requested via CTRL (bulk failed)
[2025-11-15 04:46:13] [WDG] Restart stream: idle_pair=1901.007640361786 consec_timeouts=0
[2025-11-15 04:46:13] [WDG] Restart failed: [Errno 2] Entity not found
[2025-11-15 04:46:14] [DIAG] GET_STATUS requested via CTRL (bulk failed)
[2025-11-15 04:46:16] [DIAG] GET_STATUS requested via CTRL (bulk failed)
[2025-11-15 04:46:17] [DIAG] GET_STATUS requested via CTRL (bulk failed)
[2025-11-15 04:46:18] [WDG] Restart stream: idle_pair=1906.0130124092102 consec_timeouts=0
[2025-11-15 04:46:18] [WDG] Restart failed: [Errno 2] Entity not found
[2025-11-15 04:46:19] [DIAG] GET_STATUS requested via CTRL (bulk failed)
[2025-11-15 04:46:20] [DIAG] GET_STATUS requested via CTRL (bulk failed)
[2025-11-15 04:46:22] [DIAG] GET_STATUS requested via CTRL (bulk failed)
[2025-11-15 04:46:23] [WDG] Restart stream: idle_pair=1911.0198624134064 consec_timeouts=0
[2025-11-15 04:46:23] [WDG] Restart failed: [Errno 2] Entity not found
[2025-11-15 04:46:23] [DIAG] GET_STATUS requested via CTRL (bulk failed)
[2025-11-15 04:46:25] [DIAG] GET_STATUS requested via CTRL (bulk failed)
[2025-11-15 04:46:26] [DIAG] GET_STATUS requested via CTRL (bulk failed)
[2025-11-15 04:46:28] [DIAG] GET_STATUS requested via CTRL (bulk failed)
[2025-11-15 04:46:28] [WDG] Restart stream: idle_pair=1916.0253875255585 consec_timeouts=0
[2025-11-15 04:46:28] [WDG] Restart failed: [Errno 2] Entity not found
[2025-11-15 04:46:29] [DIAG] GET_STATUS requested via CTRL (bulk failed)
[2025-11-15 04:46:31] [DIAG] GET_STATUS requested via CTRL (bulk failed)
[2025-11-15 04:46:32] [DIAG] GET_STATUS requested via CTRL (bulk failed)
[2025-11-15 04:46:33] [WDG] Restart stream: idle_pair=1921.0331017971039 consec_timeouts=0
[2025-11-15 04:46:33] [WDG] Restart failed: [Errno 2] Entity not found
[2025-11-15 04:46:34] [DIAG] GET_STATUS requested via CTRL (bulk failed)
[2025-11-15 04:46:35] [DIAG] GET_STATUS requested via CTRL (bulk failed)
[2025-11-15 04:46:37] [DIAG] GET_STATUS requested via CTRL (bulk failed)
[2025-11-15 04:46:38] [WDG] Restart stream: idle_pair=1926.0375258922577 consec_timeouts=0
[2025-11-15 04:46:38] [WDG] Restart failed: [Errno 2] Entity not found
[2025-11-15 04:46:38] [DIAG] GET_STATUS requested via CTRL (bulk failed)
[2025-11-15 04:46:40] [DIAG] GET_STATUS requested via CTRL (bulk failed)
[2025-11-15 04:46:41] [DIAG] GET_STATUS requested via CTRL (bulk failed)
[2025-11-15 04:46:43] [DIAG] GET_STATUS requested via CTRL (bulk failed)
[2025-11-15 04:46:43] [WDG] Restart stream: idle_pair=1931.0432410240173 consec_timeouts=0
[2025-11-15 04:46:43] [WDG] Restart failed: [Errno 2] Entity not found
[2025-11-15 04:46:44] [DIAG] GET_STATUS requested via CTRL (bulk failed)
[2025-11-15 04:46:46] [DIAG] GET_STATUS requested via CTRL (bulk failed)
[2025-11-15 04:46:47] [DIAG] GET_STATUS requested via CTRL (bulk failed)
[2025-11-15 04:46:48] [WDG] Restart stream: idle_pair=1936.0485198497772 consec_timeouts=0
[2025-11-15 04:46:48] [WDG] Restart failed: [Errno 2] Entity not found
[2025-11-15 04:46:49] [DIAG] GET_STATUS requested via CTRL (bulk failed)
[2025-11-15 04:46:50] [DIAG] GET_STATUS requested via CTRL (bulk failed)
[2025-11-15 04:46:52] [DIAG] GET_STATUS requested via CTRL (bulk failed)
[2025-11-15 04:46:53] [WDG] Restart stream: idle_pair=1941.053677558899 consec_timeouts=0
[2025-11-15 04:46:53] [WDG] Restart failed: [Errno 2] Entity not found
[2025-11-15 04:46:53] [DIAG] GET_STATUS requested via CTRL (bulk failed)
[2025-11-15 04:46:55] [DIAG] GET_STATUS requested via CTRL (bulk failed)
[2025-11-15 04:46:56] [DIAG] GET_STATUS requested via CTRL (bulk failed)
[2025-11-15 04:46:58] [DIAG] GET_STATUS requested via CTRL (bulk failed)
[2025-11-15 04:46:58] [WDG] Restart stream: idle_pair=1946.0589394569397 consec_timeouts=0
[2025-11-15 04:46:58] [WDG] Restart failed: [Errno 2] Entity not found
[2025-11-15 04:46:59] [DIAG] GET_STATUS requested via CTRL (bulk failed)
[2025-11-15 04:47:01] [DIAG] GET_STATUS requested via CTRL (bulk failed)
[2025-11-15 04:47:02] [DIAG] GET_STATUS requested via CTRL (bulk failed)
[2025-11-15 04:47:03] [WDG] Restart stream: idle_pair=1951.0638251304626 consec_timeouts=0
[2025-11-15 04:47:03] [WDG] Restart failed: [Errno 2] Entity not found
[2025-11-15 04:47:04] [DIAG] GET_STATUS requested via CTRL (bulk failed)
[2025-11-15 04:47:05] [DIAG] GET_STATUS requested via CTRL (bulk failed)
[2025-11-15 04:47:07] [DIAG] GET_STATUS requested via CTRL (bulk failed)
[2025-11-15 04:47:08] [WDG] Restart stream: idle_pair=1956.0691323280334 consec_timeouts=0
[2025-11-15 04:47:08] [WDG] Restart failed: [Errno 2] Entity not found
[2025-11-15 04:47:08] [DIAG] GET_STATUS requested via CTRL (bulk failed)
[2025-11-15 04:47:10] [DIAG] GET_STATUS requested via CTRL (bulk failed)
[2025-11-15 04:47:11] [DIAG] GET_STATUS requested via CTRL (bulk failed)
[2025-11-15 04:47:13] [DIAG] GET_STATUS requested via CTRL (bulk failed)
[2025-11-15 04:47:13] [WDG] Restart stream: idle_pair=1961.074652671814 consec_timeouts=0
[2025-11-15 04:47:13] [WDG] Restart failed: [Errno 2] Entity not found
[2025-11-15 04:47:14] [DIAG] GET_STATUS requested via CTRL (bulk failed)
[2025-11-15 04:47:16] [DIAG] GET_STATUS requested via CTRL (bulk failed)
[2025-11-15 04:47:17] [DIAG] GET_STATUS requested via CTRL (bulk failed)
[2025-11-15 04:47:18] [WDG] Restart stream: idle_pair=1966.0823538303375 consec_timeouts=0
[2025-11-15 04:47:18] [WDG] Restart failed: [Errno 2] Entity not found
[2025-11-15 04:47:19] [DIAG] GET_STATUS requested via CTRL (bulk failed)
[2025-11-15 04:47:20] [DIAG] GET_STATUS requested via CTRL (bulk failed)
[2025-11-15 04:47:22] [DIAG] GET_STATUS requested via CTRL (bulk failed)
[2025-11-15 04:47:23] [WDG] Restart stream: idle_pair=1971.0891242027283 consec_timeouts=0
[2025-11-15 04:47:23] [WDG] Restart failed: [Errno 2] Entity not found
[2025-11-15 04:47:23] [DIAG] GET_STATUS requested via CTRL (bulk failed)
[2025-11-15 04:47:25] [DIAG] GET_STATUS requested via CTRL (bulk failed)
[2025-11-15 04:47:26] [DIAG] GET_STATUS requested via CTRL (bulk failed)
[2025-11-15 04:47:28] [DIAG] GET_STATUS requested via CTRL (bulk failed)
[2025-11-15 04:47:28] [WDG] Restart stream: idle_pair=1976.0973479747772 consec_timeouts=0
[2025-11-15 04:47:28] [WDG] Restart failed: [Errno 2] Entity not found
[2025-11-15 04:47:29] [DIAG] GET_STATUS requested via CTRL (bulk failed)
[2025-11-15 04:47:31] [DIAG] GET_STATUS requested via CTRL (bulk failed)
[2025-11-15 04:47:32] [DIAG] GET_STATUS requested via CTRL (bulk failed)
[2025-11-15 04:47:33] [WDG] Restart stream: idle_pair=1981.1027410030365 consec_timeouts=0
[2025-11-15 04:47:33] [WDG] Restart failed: [Errno 2] Entity not found
[2025-11-15 04:47:34] [DIAG] GET_STATUS requested via CTRL (bulk failed)
[2025-11-15 04:47:35] [DIAG] GET_STATUS requested via CTRL (bulk failed)
[2025-11-15 04:47:37] [DIAG] GET_STATUS requested via CTRL (bulk failed)
[2025-11-15 04:47:38] [WDG] Restart stream: idle_pair=1986.1089844703674 consec_timeouts=0
[2025-11-15 04:47:38] [WDG] Restart failed: [Errno 2] Entity not found
[2025-11-15 04:47:38] [DIAG] GET_STATUS requested via CTRL (bulk failed)
[2025-11-15 04:47:40] [DIAG] GET_STATUS requested via CTRL (bulk failed)
[2025-11-15 04:47:41] [DIAG] GET_STATUS requested via CTRL (bulk failed)
[2025-11-15 04:47:43] [DIAG] GET_STATUS requested via CTRL (bulk failed)
[2025-11-15 04:47:43] [WDG] Restart stream: idle_pair=1991.1155226230621 consec_timeouts=0
[2025-11-15 04:47:43] [WDG] Restart failed: [Errno 2] Entity not found
[2025-11-15 04:47:44] [DIAG] GET_STATUS requested via CTRL (bulk failed)
[2025-11-15 04:47:46] [DIAG] GET_STATUS requested via CTRL (bulk failed)
[2025-11-15 04:47:47] [DIAG] GET_STATUS requested via CTRL (bulk failed)
[2025-11-15 04:47:48] [WDG] Restart stream: idle_pair=1996.121370792389 consec_timeouts=0
[2025-11-15 04:47:48] [WDG] Restart failed: [Errno 2] Entity not found
[2025-11-15 04:47:49] [DIAG] GET_STATUS requested via CTRL (bulk failed)
[2025-11-15 04:47:50] [DIAG] GET_STATUS requested via CTRL (bulk failed)
[2025-11-15 04:47:52] [DIAG] GET_STATUS requested via CTRL (bulk failed)
[2025-11-15 04:47:53] [WDG] Restart stream: idle_pair=2001.1264991760254 consec_timeouts=0
[2025-11-15 04:47:53] [WDG] Restart failed: [Errno 2] Entity not found
[2025-11-15 04:47:53] [DIAG] GET_STATUS requested via CTRL (bulk failed)
[2025-11-15 04:47:55] [DIAG] GET_STATUS requested via CTRL (bulk failed)
[2025-11-15 04:47:56] [DIAG] GET_STATUS requested via CTRL (bulk failed)
[2025-11-15 04:47:58] [DIAG] GET_STATUS requested via CTRL (bulk failed)
[2025-11-15 04:47:58] [WDG] Restart stream: idle_pair=2006.1309921741486 consec_timeouts=0
[2025-11-15 04:47:58] [WDG] Restart failed: [Errno 2] Entity not found
[2025-11-15 04:47:59] [DIAG] GET_STATUS requested via CTRL (bulk failed)
[2025-11-15 04:48:01] [DIAG] GET_STATUS requested via CTRL (bulk failed)
[2025-11-15 04:48:02] [DIAG] GET_STATUS requested via CTRL (bulk failed)
[2025-11-15 04:48:03] [WDG] Restart stream: idle_pair=2011.1376526355743 consec_timeouts=0
[2025-11-15 04:48:03] [WDG] Restart failed: [Errno 2] Entity not found
[2025-11-15 04:48:04] [DIAG] GET_STATUS requested via CTRL (bulk failed)
[2025-11-15 04:48:05] [DIAG] GET_STATUS requested via CTRL (bulk failed)
[2025-11-15 04:48:07] [DIAG] GET_STATUS requested via CTRL (bulk failed)
[2025-11-15 04:48:08] [WDG] Restart stream: idle_pair=2016.1444535255432 consec_timeouts=0
[2025-11-15 04:48:08] [WDG] Restart failed: [Errno 2] Entity not found
[2025-11-15 04:48:08] [DIAG] GET_STATUS requested via CTRL (bulk failed)
[2025-11-15 04:48:10] [DIAG] GET_STATUS requested via CTRL (bulk failed)
[2025-11-15 04:48:11] [DIAG] GET_STATUS requested via CTRL (bulk failed)
[2025-11-15 04:48:13] [DIAG] GET_STATUS requested via CTRL (bulk failed)
[2025-11-15 04:48:13] [WDG] Restart stream: idle_pair=2021.1493418216705 consec_timeouts=0
[2025-11-15 04:48:13] [WDG] Restart failed: [Errno 2] Entity not found
[2025-11-15 04:48:14] [DIAG] GET_STATUS requested via CTRL (bulk failed)
[2025-11-15 04:48:16] [DIAG] GET_STATUS requested via CTRL (bulk failed)
[2025-11-15 04:48:17] [DIAG] GET_STATUS requested via CTRL (bulk failed)
[2025-11-15 04:48:18] [WDG] Restart stream: idle_pair=2026.154946565628 consec_timeouts=0
[2025-11-15 04:48:18] [WDG] Restart failed: [Errno 2] Entity not found
[2025-11-15 04:48:19] [DIAG] GET_STATUS requested via CTRL (bulk failed)
[2025-11-15 04:48:20] [DIAG] GET_STATUS requested via CTRL (bulk failed)
[2025-11-15 04:48:22] [DIAG] GET_STATUS requested via CTRL (bulk failed)
[2025-11-15 04:48:23] [WDG] Restart stream: idle_pair=2031.1612575054169 consec_timeouts=0
[2025-11-15 04:48:23] [WDG] Restart failed: [Errno 2] Entity not found
[2025-11-15 04:48:23] [DIAG] GET_STATUS requested via CTRL (bulk failed)
[2025-11-15 04:48:25] [DIAG] GET_STATUS requested via CTRL (bulk failed)
[2025-11-15 04:48:26] [DIAG] GET_STATUS requested via CTRL (bulk failed)
[2025-11-15 04:48:28] [DIAG] GET_STATUS requested via CTRL (bulk failed)
[2025-11-15 04:48:28] [WDG] Restart stream: idle_pair=2036.1667461395264 consec_timeouts=0
[2025-11-15 04:48:28] [WDG] Restart failed: [Errno 2] Entity not found
[2025-11-15 04:48:29] [DIAG] GET_STATUS requested via CTRL (bulk failed)
[2025-11-15 04:48:31] [DIAG] GET_STATUS requested via CTRL (bulk failed)
[2025-11-15 04:48:32] [DIAG] GET_STATUS requested via CTRL (bulk failed)
[2025-11-15 04:48:33] [WDG] Restart stream: idle_pair=2041.1718981266022 consec_timeouts=0
[2025-11-15 04:48:33] [WDG] Restart failed: [Errno 2] Entity not found
[2025-11-15 04:48:34] [DIAG] GET_STATUS requested via CTRL (bulk failed)
[2025-11-15 04:48:35] [DIAG] GET_STATUS requested via CTRL (bulk failed)
[2025-11-15 04:48:37] [DIAG] GET_STATUS requested via CTRL (bulk failed)
[2025-11-15 04:48:38] [WDG] Restart stream: idle_pair=2046.176929950714 consec_timeouts=0
[2025-11-15 04:48:38] [WDG] Restart failed: [Errno 2] Entity not found
[2025-11-15 04:48:38] [DIAG] GET_STATUS requested via CTRL (bulk failed)
[2025-11-15 04:48:40] [DIAG] GET_STATUS requested via CTRL (bulk failed)
[2025-11-15 04:48:41] [DIAG] GET_STATUS requested via CTRL (bulk failed)
[2025-11-15 04:48:43] [DIAG] GET_STATUS requested via CTRL (bulk failed)
[2025-11-15 04:48:43] [WDG] Restart stream: idle_pair=2051.1828467845917 consec_timeouts=0
[2025-11-15 04:48:43] [WDG] Restart failed: [Errno 2] Entity not found
[2025-11-15 04:48:44] [DIAG] GET_STATUS requested via CTRL (bulk failed)
[2025-11-15 04:48:46] [DIAG] GET_STATUS requested via CTRL (bulk failed)
[2025-11-15 04:48:47] [DIAG] GET_STATUS requested via CTRL (bulk failed)
[2025-11-15 04:48:48] [WDG] Restart stream: idle_pair=2056.188847541809 consec_timeouts=0
[2025-11-15 04:48:48] [WDG] Restart failed: [Errno 2] Entity not found
[2025-11-15 04:48:49] [DIAG] GET_STATUS requested via CTRL (bulk failed)
[2025-11-15 04:48:50] [DIAG] GET_STATUS requested via CTRL (bulk failed)
[2025-11-15 04:48:52] [DIAG] GET_STATUS requested via CTRL (bulk failed)
[2025-11-15 04:48:53] [WDG] Restart stream: idle_pair=2061.1936898231506 consec_timeouts=0
[2025-11-15 04:48:53] [WDG] Restart failed: [Errno 2] Entity not found
[2025-11-15 04:48:53] [DIAG] GET_STATUS requested via CTRL (bulk failed)
[2025-11-15 04:48:55] [DIAG] GET_STATUS requested via CTRL (bulk failed)
[2025-11-15 04:48:56] [DIAG] GET_STATUS requested via CTRL (bulk failed)
[2025-11-15 04:48:58] [DIAG] GET_STATUS requested via CTRL (bulk failed)
[2025-11-15 04:48:58] [WDG] Restart stream: idle_pair=2066.1992621421814 consec_timeouts=0
[2025-11-15 04:48:58] [WDG] Restart failed: [Errno 2] Entity not found
[2025-11-15 04:48:59] [DIAG] GET_STATUS requested via CTRL (bulk failed)
[2025-11-15 04:49:01] [DIAG] GET_STATUS requested via CTRL (bulk failed)
[2025-11-15 04:49:02] [DIAG] GET_STATUS requested via CTRL (bulk failed)
[2025-11-15 04:49:03] [WDG] Restart stream: idle_pair=2071.2047049999237 consec_timeouts=0
[2025-11-15 04:49:03] [WDG] Restart failed: [Errno 2] Entity not found
[2025-11-15 04:49:04] [DIAG] GET_STATUS requested via CTRL (bulk failed)
[2025-11-15 04:49:05] [DIAG] GET_STATUS requested via CTRL (bulk failed)
[2025-11-15 04:49:07] [DIAG] GET_STATUS requested via CTRL (bulk failed)
[2025-11-15 04:49:08] [WDG] Restart stream: idle_pair=2076.209260225296 consec_timeouts=0
[2025-11-15 04:49:08] [WDG] Restart failed: [Errno 2] Entity not found
[2025-11-15 04:49:08] [DIAG] GET_STATUS requested via CTRL (bulk failed)
[2025-11-15 04:49:10] [DIAG] GET_STATUS requested via CTRL (bulk failed)
[2025-11-15 04:49:11] [DIAG] GET_STATUS requested via CTRL (bulk failed)
[2025-11-15 04:49:13] [DIAG] GET_STATUS requested via CTRL (bulk failed)
[2025-11-15 04:49:13] [WDG] Restart stream: idle_pair=2081.214373588562 consec_timeouts=0
[2025-11-15 04:49:13] [WDG] Restart failed: [Errno 2] Entity not found
[2025-11-15 04:49:14] [DIAG] GET_STATUS requested via CTRL (bulk failed)
[2025-11-15 04:49:16] [DIAG] GET_STATUS requested via CTRL (bulk failed)
[2025-11-15 04:49:17] [DIAG] GET_STATUS requested via CTRL (bulk failed)
[2025-11-15 04:49:18] [WDG] Restart stream: idle_pair=2086.219671726227 consec_timeouts=0
[2025-11-15 04:49:18] [WDG] Restart failed: [Errno 2] Entity not found
[2025-11-15 04:49:19] [DIAG] GET_STATUS requested via CTRL (bulk failed)
[2025-11-15 04:49:20] [DIAG] GET_STATUS requested via CTRL (bulk failed)
[2025-11-15 04:49:22] [DIAG] GET_STATUS requested via CTRL (bulk failed)
[2025-11-15 04:49:23] [WDG] Restart stream: idle_pair=2091.2241809368134 consec_timeouts=0
[2025-11-15 04:49:23] [WDG] Restart failed: [Errno 2] Entity not found
[2025-11-15 04:49:23] [DIAG] GET_STATUS requested via CTRL (bulk failed)
[2025-11-15 04:49:25] [DIAG] GET_STATUS requested via CTRL (bulk failed)
[2025-11-15 04:49:26] [DIAG] GET_STATUS requested via CTRL (bulk failed)
[2025-11-15 04:49:28] [DIAG] GET_STATUS requested via CTRL (bulk failed)
[2025-11-15 04:49:28] [WDG] Restart stream: idle_pair=2096.229427576065 consec_timeouts=0
[2025-11-15 04:49:28] [WDG] Restart failed: [Errno 2] Entity not found
[2025-11-15 04:49:29] [DIAG] GET_STATUS requested via CTRL (bulk failed)
[2025-11-15 04:49:31] [DIAG] GET_STATUS requested via CTRL (bulk failed)
[2025-11-15 04:49:32] [DIAG] GET_STATUS requested via CTRL (bulk failed)
[2025-11-15 04:49:33] [WDG] Restart stream: idle_pair=2101.235552549362 consec_timeouts=0
[2025-11-15 04:49:33] [WDG] Restart failed: [Errno 2] Entity not found
[2025-11-15 04:49:34] [DIAG] GET_STATUS requested via CTRL (bulk failed)
[2025-11-15 04:49:35] [DIAG] GET_STATUS requested via CTRL (bulk failed)
[2025-11-15 04:49:37] [DIAG] GET_STATUS requested via CTRL (bulk failed)
[2025-11-15 04:49:38] [WDG] Restart stream: idle_pair=2106.2440209388733 consec_timeouts=0
[2025-11-15 04:49:38] [WDG] Restart failed: [Errno 2] Entity not found
[2025-11-15 04:49:38] [DIAG] GET_STATUS requested via CTRL (bulk failed)
[2025-11-15 04:49:40] [DIAG] GET_STATUS requested via CTRL (bulk failed)
[2025-11-15 04:49:41] [DIAG] GET_STATUS requested via CTRL (bulk failed)
[2025-11-15 04:49:43] [DIAG] GET_STATUS requested via CTRL (bulk failed)
[2025-11-15 04:49:43] [WDG] Restart stream: idle_pair=2111.2508392333984 consec_timeouts=0
[2025-11-15 04:49:43] [WDG] Restart failed: [Errno 2] Entity not found
[2025-11-15 04:49:44] [DIAG] GET_STATUS requested via CTRL (bulk failed)
[2025-11-15 04:49:46] [DIAG] GET_STATUS requested via CTRL (bulk failed)
[2025-11-15 04:49:47] [DIAG] GET_STATUS requested via CTRL (bulk failed)
[2025-11-15 04:49:48] [WDG] Restart stream: idle_pair=2116.254890203476 consec_timeouts=0
[2025-11-15 04:49:48] [WDG] Restart failed: [Errno 2] Entity not found
[2025-11-15 04:49:49] [DIAG] GET_STATUS requested via CTRL (bulk failed)
[2025-11-15 04:49:50] [DIAG] GET_STATUS requested via CTRL (bulk failed)
[2025-11-15 04:49:52] [DIAG] GET_STATUS requested via CTRL (bulk failed)
[2025-11-15 04:49:53] [WDG] Restart stream: idle_pair=2121.2591853141785 consec_timeouts=0
[2025-11-15 04:49:53] [WDG] Restart failed: [Errno 2] Entity not found
[2025-11-15 04:49:53] [DIAG] GET_STATUS requested via CTRL (bulk failed)
[2025-11-15 04:49:55] [DIAG] GET_STATUS requested via CTRL (bulk failed)
[2025-11-15 04:49:56] [DIAG] GET_STATUS requested via CTRL (bulk failed)
[2025-11-15 04:49:58] [DIAG] GET_STATUS requested via CTRL (bulk failed)
[2025-11-15 04:49:58] [WDG] Restart stream: idle_pair=2126.263903617859 consec_timeouts=0
[2025-11-15 04:49:58] [WDG] Restart failed: [Errno 2] Entity not found
[2025-11-15 04:49:59] [DIAG] GET_STATUS requested via CTRL (bulk failed)
[2025-11-15 04:50:01] [DIAG] GET_STATUS requested via CTRL (bulk failed)
[2025-11-15 04:50:02] [DIAG] GET_STATUS requested via CTRL (bulk failed)
[2025-11-15 04:50:03] [WDG] Restart stream: idle_pair=2131.2683935165405 consec_timeouts=0
[2025-11-15 04:50:03] [WDG] Restart failed: [Errno 2] Entity not found
[2025-11-15 04:50:04] [DIAG] GET_STATUS requested via CTRL (bulk failed)
[2025-11-15 04:50:05] [DIAG] GET_STATUS requested via CTRL (bulk failed)
[2025-11-15 04:50:07] [DIAG] GET_STATUS requested via CTRL (bulk failed)
[2025-11-15 04:50:08] [WDG] Restart stream: idle_pair=2136.2721745967865 consec_timeouts=0
[2025-11-15 04:50:08] [WDG] Restart failed: [Errno 2] Entity not found
[2025-11-15 04:50:08] [DIAG] GET_STATUS requested via CTRL (bulk failed)
[2025-11-15 04:50:10] [DIAG] GET_STATUS requested via CTRL (bulk failed)
[2025-11-15 04:50:11] [DIAG] GET_STATUS requested via CTRL (bulk failed)
[2025-11-15 04:50:13] [DIAG] GET_STATUS requested via CTRL (bulk failed)
[2025-11-15 04:50:13] [WDG] Restart stream: idle_pair=2141.278141975403 consec_timeouts=0
[2025-11-15 04:50:13] [WDG] Restart failed: [Errno 2] Entity not found
[2025-11-15 04:50:14] [DIAG] GET_STATUS requested via CTRL (bulk failed)
[2025-11-15 04:50:16] [DIAG] GET_STATUS requested via CTRL (bulk failed)
[2025-11-15 04:50:17] [DIAG] GET_STATUS requested via CTRL (bulk failed)
[2025-11-15 04:50:18] [WDG] Restart stream: idle_pair=2146.285609483719 consec_timeouts=0
[2025-11-15 04:50:18] [WDG] Restart failed: [Errno 2] Entity not found
[2025-11-15 04:50:19] [DIAG] GET_STATUS requested via CTRL (bulk failed)
[2025-11-15 04:50:20] [DIAG] GET_STATUS requested via CTRL (bulk failed)
[2025-11-15 04:50:22] [DIAG] GET_STATUS requested via CTRL (bulk failed)
[2025-11-15 04:50:23] [WDG] Restart stream: idle_pair=2151.2926580905914 consec_timeouts=0
[2025-11-15 04:50:23] [WDG] Restart failed: [Errno 2] Entity not found
[2025-11-15 04:50:23] [DIAG] GET_STATUS requested via CTRL (bulk failed)
[2025-11-15 04:50:25] [DIAG] GET_STATUS requested via CTRL (bulk failed)
[2025-11-15 04:50:26] [DIAG] GET_STATUS requested via CTRL (bulk failed)
[2025-11-15 04:50:28] [DIAG] GET_STATUS requested via CTRL (bulk failed)
[2025-11-15 04:50:28] [WDG] Restart stream: idle_pair=2156.2972962856293 consec_timeouts=0
[2025-11-15 04:50:28] [WDG] Restart failed: [Errno 2] Entity not found
[2025-11-15 04:50:29] [DIAG] GET_STATUS requested via CTRL (bulk failed)
[2025-11-15 04:50:31] [DIAG] GET_STATUS requested via CTRL (bulk failed)
[2025-11-15 04:50:32] [DIAG] GET_STATUS requested via CTRL (bulk failed)
[2025-11-15 04:50:33] [WDG] Restart stream: idle_pair=2161.3035883903503 consec_timeouts=0
[2025-11-15 04:50:33] [WDG] Restart failed: [Errno 2] Entity not found
[2025-11-15 04:50:34] [DIAG] GET_STATUS requested via CTRL (bulk failed)
[2025-11-15 04:50:35] [DIAG] GET_STATUS requested via CTRL (bulk failed)
[2025-11-15 04:50:37] [DIAG] GET_STATUS requested via CTRL (bulk failed)
[2025-11-15 04:50:38] [WDG] Restart stream: idle_pair=2166.3086330890656 consec_timeouts=0
[2025-11-15 04:50:38] [WDG] Restart failed: [Errno 2] Entity not found
[2025-11-15 04:50:38] [DIAG] GET_STATUS requested via CTRL (bulk failed)
[2025-11-15 04:50:40] [DIAG] GET_STATUS requested via CTRL (bulk failed)
[2025-11-15 04:50:41] [DIAG] GET_STATUS requested via CTRL (bulk failed)
[2025-11-15 04:50:43] [DIAG] GET_STATUS requested via CTRL (bulk failed)
[2025-11-15 04:50:43] [WDG] Restart stream: idle_pair=2171.3139905929565 consec_timeouts=0
[2025-11-15 04:50:43] [WDG] Restart failed: [Errno 2] Entity not found
[2025-11-15 04:50:44] [DIAG] GET_STATUS requested via CTRL (bulk failed)
[2025-11-15 04:50:46] [DIAG] GET_STATUS requested via CTRL (bulk failed)
[2025-11-15 04:50:47] [DIAG] GET_STATUS requested via CTRL (bulk failed)
[2025-11-15 04:50:48] [WDG] Restart stream: idle_pair=2176.319187402725 consec_timeouts=0
[2025-11-15 04:50:48] [WDG] Restart failed: [Errno 2] Entity not found
[2025-11-15 04:50:49] [DIAG] GET_STATUS requested via CTRL (bulk failed)
[2025-11-15 04:50:50] [DIAG] GET_STATUS requested via CTRL (bulk failed)
[2025-11-15 04:50:52] [DIAG] GET_STATUS requested via CTRL (bulk failed)
[2025-11-15 04:50:53] [WDG] Restart stream: idle_pair=2181.3254544734955 consec_timeouts=0
[2025-11-15 04:50:53] [WDG] Restart failed: [Errno 2] Entity not found
[2025-11-15 04:50:53] [DIAG] GET_STATUS requested via CTRL (bulk failed)
[2025-11-15 04:50:55] [DIAG] GET_STATUS requested via CTRL (bulk failed)
[2025-11-15 04:50:56] [DIAG] GET_STATUS requested via CTRL (bulk failed)
[2025-11-15 04:50:58] [DIAG] GET_STATUS requested via CTRL (bulk failed)
[2025-11-15 04:50:58] [WDG] Restart stream: idle_pair=2186.330472946167 consec_timeouts=0
[2025-11-15 04:50:58] [WDG] Restart failed: [Errno 2] Entity not found
[2025-11-15 04:50:59] [DIAG] GET_STATUS requested via CTRL (bulk failed)
[2025-11-15 04:51:01] [DIAG] GET_STATUS requested via CTRL (bulk failed)
[2025-11-15 04:51:02] [DIAG] GET_STATUS requested via CTRL (bulk failed)
[2025-11-15 04:51:03] [WDG] Restart stream: idle_pair=2191.3357825279236 consec_timeouts=0
[2025-11-15 04:51:03] [WDG] Restart failed: [Errno 2] Entity not found
[2025-11-15 04:51:04] [DIAG] GET_STATUS requested via CTRL (bulk failed)
[2025-11-15 04:51:05] [DIAG] GET_STATUS requested via CTRL (bulk failed)
[2025-11-15 04:51:07] [DIAG] GET_STATUS requested via CTRL (bulk failed)
[2025-11-15 04:51:08] [WDG] Restart stream: idle_pair=2196.3405508995056 consec_timeouts=0
[2025-11-15 04:51:08] [WDG] Restart failed: [Errno 2] Entity not found
[2025-11-15 04:51:08] [DIAG] GET_STATUS requested via CTRL (bulk failed)
[2025-11-15 04:51:10] [DIAG] GET_STATUS requested via CTRL (bulk failed)
[2025-11-15 04:51:11] [DIAG] GET_STATUS requested via CTRL (bulk failed)
[2025-11-15 04:51:13] [DIAG] GET_STATUS requested via CTRL (bulk failed)
[2025-11-15 04:51:13] [WDG] Restart stream: idle_pair=2201.3466997146606 consec_timeouts=0
[2025-11-15 04:51:13] [WDG] Restart failed: [Errno 2] Entity not found
[2025-11-15 04:51:14] [DIAG] GET_STATUS requested via CTRL (bulk failed)
[2025-11-15 04:51:16] [DIAG] GET_STATUS requested via CTRL (bulk failed)
[2025-11-15 04:51:17] [DIAG] GET_STATUS requested via CTRL (bulk failed)
[2025-11-15 04:51:18] [WDG] Restart stream: idle_pair=2206.3527524471283 consec_timeouts=0
[2025-11-15 04:51:18] [WDG] Restart failed: [Errno 2] Entity not found
[2025-11-15 04:51:19] [DIAG] GET_STATUS requested via CTRL (bulk failed)
[2025-11-15 04:51:20] [DIAG] GET_STATUS requested via CTRL (bulk failed)
[2025-11-15 04:51:22] [DIAG] GET_STATUS requested via CTRL (bulk failed)
[2025-11-15 04:51:23] [WDG] Restart stream: idle_pair=2211.359297990799 consec_timeouts=0
[2025-11-15 04:51:23] [WDG] Restart failed: [Errno 2] Entity not found
[2025-11-15 04:51:23] [DIAG] GET_STATUS requested via CTRL (bulk failed)
[2025-11-15 04:51:25] [DIAG] GET_STATUS requested via CTRL (bulk failed)
[2025-11-15 04:51:26] [DIAG] GET_STATUS requested via CTRL (bulk failed)
[2025-11-15 04:51:28] [DIAG] GET_STATUS requested via CTRL (bulk failed)
[2025-11-15 04:51:28] [WDG] Restart stream: idle_pair=2216.3657088279724 consec_timeouts=0
[2025-11-15 04:51:28] [WDG] Restart failed: [Errno 2] Entity not found
[2025-11-15 04:51:29] [DIAG] GET_STATUS requested via CTRL (bulk failed)
[2025-11-15 04:51:31] [DIAG] GET_STATUS requested via CTRL (bulk failed)
[2025-11-15 04:51:32] [DIAG] GET_STATUS requested via CTRL (bulk failed)
[2025-11-15 04:51:33] [WDG] Restart stream: idle_pair=2221.3742740154266 consec_timeouts=0
[2025-11-15 04:51:33] [WDG] Restart failed: [Errno 2] Entity not found
[2025-11-15 04:51:34] [DIAG] GET_STATUS requested via CTRL (bulk failed)
[2025-11-15 04:51:35] [DIAG] GET_STATUS requested via CTRL (bulk failed)
[2025-11-15 04:51:37] [DIAG] GET_STATUS requested via CTRL (bulk failed)
[2025-11-15 04:51:38] [WDG] Restart stream: idle_pair=2226.380499601364 consec_timeouts=0
[2025-11-15 04:51:38] [WDG] Restart failed: [Errno 2] Entity not found
[2025-11-15 04:51:38] [DIAG] GET_STATUS requested via CTRL (bulk failed)
[2025-11-15 04:51:40] [DIAG] GET_STATUS requested via CTRL (bulk failed)
[2025-11-15 04:51:41] [DIAG] GET_STATUS requested via CTRL (bulk failed)
[2025-11-15 04:51:43] [DIAG] GET_STATUS requested via CTRL (bulk failed)
[2025-11-15 04:51:43] [WDG] Restart stream: idle_pair=2231.3873789310455 consec_timeouts=0
[2025-11-15 04:51:43] [WDG] Restart failed: [Errno 2] Entity not found
[2025-11-15 04:51:44] [DIAG] GET_STATUS requested via CTRL (bulk failed)
[2025-11-15 04:51:46] [DIAG] GET_STATUS requested via CTRL (bulk failed)
[2025-11-15 04:51:47] [DIAG] GET_STATUS requested via CTRL (bulk failed)
[2025-11-15 04:51:48] [WDG] Restart stream: idle_pair=2236.3940563201904 consec_timeouts=0
[2025-11-15 04:51:48] [WDG] Restart failed: [Errno 2] Entity not found
[2025-11-15 04:51:49] [DIAG] GET_STATUS requested via CTRL (bulk failed)
[2025-11-15 04:51:50] [DIAG] GET_STATUS requested via CTRL (bulk failed)
[2025-11-15 04:51:52] [DIAG] GET_STATUS requested via CTRL (bulk failed)
[2025-11-15 04:51:53] [WDG] Restart stream: idle_pair=2241.4002628326416 consec_timeouts=0
[2025-11-15 04:51:53] [WDG] Restart failed: [Errno 2] Entity not found
[2025-11-15 04:51:53] [DIAG] GET_STATUS requested via CTRL (bulk failed)
[2025-11-15 04:51:55] [DIAG] GET_STATUS requested via CTRL (bulk failed)
[2025-11-15 04:51:56] [DIAG] GET_STATUS requested via CTRL (bulk failed)
[2025-11-15 04:51:58] [DIAG] GET_STATUS requested via CTRL (bulk failed)
[2025-11-15 04:51:58] [WDG] Restart stream: idle_pair=2246.4066803455353 consec_timeouts=0
[2025-11-15 04:51:58] [WDG] Restart failed: [Errno 2] Entity not found
[2025-11-15 04:51:59] [DIAG] GET_STATUS requested via CTRL (bulk failed)
[2025-11-15 04:52:01] [DIAG] GET_STATUS requested via CTRL (bulk failed)
[2025-11-15 04:52:02] [DIAG] GET_STATUS requested via CTRL (bulk failed)
[2025-11-15 04:52:03] [WDG] Restart stream: idle_pair=2251.4133014678955 consec_timeouts=0
[2025-11-15 04:52:03] [WDG] Restart failed: [Errno 2] Entity not found
[2025-11-15 04:52:04] [DIAG] GET_STATUS requested via CTRL (bulk failed)
[2025-11-15 04:52:05] [DIAG] GET_STATUS requested via CTRL (bulk failed)
[2025-11-15 04:52:07] [DIAG] GET_STATUS requested via CTRL (bulk failed)
[2025-11-15 04:52:08] [WDG] Restart stream: idle_pair=2256.4187231063843 consec_timeouts=0
[2025-11-15 04:52:08] [WDG] Restart failed: [Errno 2] Entity not found
[2025-11-15 04:52:08] [DIAG] GET_STATUS requested via CTRL (bulk failed)
[2025-11-15 04:52:10] [DIAG] GET_STATUS requested via CTRL (bulk failed)
[2025-11-15 04:52:11] [DIAG] GET_STATUS requested via CTRL (bulk failed)
[2025-11-15 04:52:13] [DIAG] GET_STATUS requested via CTRL (bulk failed)
[2025-11-15 04:52:13] [WDG] Restart stream: idle_pair=2261.4231963157654 consec_timeouts=0
[2025-11-15 04:52:13] [WDG] Restart failed: [Errno 2] Entity not found
[2025-11-15 04:52:14] [DIAG] GET_STATUS requested via CTRL (bulk failed)
[2025-11-15 04:52:16] [DIAG] GET_STATUS requested via CTRL (bulk failed)
[2025-11-15 04:52:17] [DIAG] GET_STATUS requested via CTRL (bulk failed)
[2025-11-15 04:52:18] [WDG] Restart stream: idle_pair=2266.4286456108093 consec_timeouts=0
[2025-11-15 04:52:18] [WDG] Restart failed: [Errno 2] Entity not found
[2025-11-15 04:52:19] [DIAG] GET_STATUS requested via CTRL (bulk failed)
[2025-11-15 04:52:20] [DIAG] GET_STATUS requested via CTRL (bulk failed)
[2025-11-15 04:52:22] [DIAG] GET_STATUS requested via CTRL (bulk failed)
[2025-11-15 04:52:23] [WDG] Restart stream: idle_pair=2271.4348888397217 consec_timeouts=0
[2025-11-15 04:52:23] [WDG] Restart failed: [Errno 2] Entity not found
[2025-11-15 04:52:23] [DIAG] GET_STATUS requested via CTRL (bulk failed)
[2025-11-15 04:52:25] [DIAG] GET_STATUS requested via CTRL (bulk failed)
[2025-11-15 04:52:26] [DIAG] GET_STATUS requested via CTRL (bulk failed)
[2025-11-15 04:52:28] [DIAG] GET_STATUS requested via CTRL (bulk failed)
[2025-11-15 04:52:28] [WDG] Restart stream: idle_pair=2276.441652536392 consec_timeouts=0
[2025-11-15 04:52:28] [WDG] Restart failed: [Errno 2] Entity not found
[2025-11-15 04:52:29] [DIAG] GET_STATUS requested via CTRL (bulk failed)
[2025-11-15 04:52:31] [DIAG] GET_STATUS requested via CTRL (bulk failed)
[2025-11-15 04:52:32] [DIAG] GET_STATUS requested via CTRL (bulk failed)
[2025-11-15 04:52:33] [WDG] Restart stream: idle_pair=2281.4466919898987 consec_timeouts=0
[2025-11-15 04:52:33] [WDG] Restart failed: [Errno 2] Entity not found
[2025-11-15 04:52:34] [DIAG] GET_STATUS requested via CTRL (bulk failed)
[2025-11-15 04:52:35] [DIAG] GET_STATUS requested via CTRL (bulk failed)
[2025-11-15 04:52:37] [DIAG] GET_STATUS requested via CTRL (bulk failed)
[2025-11-15 04:52:38] [WDG] Restart stream: idle_pair=2286.454498052597 consec_timeouts=0
[2025-11-15 04:52:38] [WDG] Restart failed: [Errno 2] Entity not found
[2025-11-15 04:52:38] [DIAG] GET_STATUS requested via CTRL (bulk failed)
[2025-11-15 04:52:40] [DIAG] GET_STATUS requested via CTRL (bulk failed)
[2025-11-15 04:52:41] [DIAG] GET_STATUS requested via CTRL (bulk failed)
[2025-11-15 04:52:43] [DIAG] GET_STATUS requested via CTRL (bulk failed)
[2025-11-15 04:52:43] [WDG] Restart stream: idle_pair=2291.4616384506226 consec_timeouts=0
[2025-11-15 04:52:43] [WDG] Restart failed: [Errno 2] Entity not found
[2025-11-15 04:52:44] [DIAG] GET_STATUS requested via CTRL (bulk failed)
[2025-11-15 04:52:46] [DIAG] GET_STATUS requested via CTRL (bulk failed)
[2025-11-15 04:52:47] [DIAG] GET_STATUS requested via CTRL (bulk failed)
[2025-11-15 04:52:48] [WDG] Restart stream: idle_pair=2296.469340324402 consec_timeouts=0
[2025-11-15 04:52:48] [WDG] Restart failed: [Errno 2] Entity not found
[2025-11-15 04:52:49] [DIAG] GET_STATUS requested via CTRL (bulk failed)
[2025-11-15 04:52:50] [DIAG] GET_STATUS requested via CTRL (bulk failed)
[2025-11-15 04:52:52] [DIAG] GET_STATUS requested via CTRL (bulk failed)
[2025-11-15 04:52:53] [WDG] Restart stream: idle_pair=2301.47497010231 consec_timeouts=0
[2025-11-15 04:52:53] [WDG] Restart failed: [Errno 2] Entity not found
[2025-11-15 04:52:53] [DIAG] GET_STATUS requested via CTRL (bulk failed)
[2025-11-15 04:52:55] [DIAG] GET_STATUS requested via CTRL (bulk failed)
[2025-11-15 04:52:56] [DIAG] GET_STATUS requested via CTRL (bulk failed)
[2025-11-15 04:52:58] [DIAG] GET_STATUS requested via CTRL (bulk failed)
[2025-11-15 04:52:58] [WDG] Restart stream: idle_pair=2306.4806044101715 consec_timeouts=0
[2025-11-15 04:52:58] [WDG] Restart failed: [Errno 2] Entity not found
[2025-11-15 04:52:59] [DIAG] GET_STATUS requested via CTRL (bulk failed)
[2025-11-15 04:53:01] [DIAG] GET_STATUS requested via CTRL (bulk failed)
[2025-11-15 04:53:02] [DIAG] GET_STATUS requested via CTRL (bulk failed)
[2025-11-15 04:53:03] [WDG] Restart stream: idle_pair=2311.4869310855865 consec_timeouts=0
[2025-11-15 04:53:03] [WDG] Restart failed: [Errno 2] Entity not found
[2025-11-15 04:53:04] [DIAG] GET_STATUS requested via CTRL (bulk failed)
[2025-11-15 04:53:05] [DIAG] GET_STATUS requested via CTRL (bulk failed)
[2025-11-15 04:53:07] [DIAG] GET_STATUS requested via CTRL (bulk failed)
[2025-11-15 04:53:08] [WDG] Restart stream: idle_pair=2316.4935400485992 consec_timeouts=0
[2025-11-15 04:53:08] [WDG] Restart failed: [Errno 2] Entity not found
[2025-11-15 04:53:08] [DIAG] GET_STATUS requested via CTRL (bulk failed)
[2025-11-15 04:53:10] [DIAG] GET_STATUS requested via CTRL (bulk failed)
[2025-11-15 04:53:11] [DIAG] GET_STATUS requested via CTRL (bulk failed)
[2025-11-15 04:53:13] [DIAG] GET_STATUS requested via CTRL (bulk failed)
[2025-11-15 04:53:13] [WDG] Restart stream: idle_pair=2321.500149011612 consec_timeouts=0
[2025-11-15 04:53:13] [WDG] Restart failed: [Errno 2] Entity not found
[2025-11-15 04:53:14] [DIAG] GET_STATUS requested via CTRL (bulk failed)
[2025-11-15 04:53:16] [DIAG] GET_STATUS requested via CTRL (bulk failed)
[2025-11-15 04:53:17] [DIAG] GET_STATUS requested via CTRL (bulk failed)
[2025-11-15 04:53:18] [WDG] Restart stream: idle_pair=2326.505921125412 consec_timeouts=0
[2025-11-15 04:53:18] [WDG] Restart failed: [Errno 2] Entity not found
[2025-11-15 04:53:19] [DIAG] GET_STATUS requested via CTRL (bulk failed)
[2025-11-15 04:53:20] [DIAG] GET_STATUS requested via CTRL (bulk failed)
[2025-11-15 04:53:22] [DIAG] GET_STATUS requested via CTRL (bulk failed)
[2025-11-15 04:53:23] [WDG] Restart stream: idle_pair=2331.5106139183044 consec_timeouts=0
[2025-11-15 04:53:23] [WDG] Restart failed: [Errno 2] Entity not found
[2025-11-15 04:53:23] [DIAG] GET_STATUS requested via CTRL (bulk failed)
[2025-11-15 04:53:25] [DIAG] GET_STATUS requested via CTRL (bulk failed)
[2025-11-15 04:53:26] [DIAG] GET_STATUS requested via CTRL (bulk failed)
[2025-11-15 04:53:28] [DIAG] GET_STATUS requested via CTRL (bulk failed)
[2025-11-15 04:53:28] [WDG] Restart stream: idle_pair=2336.5151450634003 consec_timeouts=0
[2025-11-15 04:53:28] [WDG] Restart failed: [Errno 2] Entity not found
[2025-11-15 04:53:29] [DIAG] GET_STATUS requested via CTRL (bulk failed)
[2025-11-15 04:53:31] [DIAG] GET_STATUS requested via CTRL (bulk failed)
[2025-11-15 04:53:32] [DIAG] GET_STATUS requested via CTRL (bulk failed)
[2025-11-15 04:53:33] [WDG] Restart stream: idle_pair=2341.5201148986816 consec_timeouts=0
[2025-11-15 04:53:33] [WDG] Restart failed: [Errno 2] Entity not found
[2025-11-15 04:53:34] [DIAG] GET_STATUS requested via CTRL (bulk failed)
[2025-11-15 04:53:35] [DIAG] GET_STATUS requested via CTRL (bulk failed)
[2025-11-15 04:53:37] [DIAG] GET_STATUS requested via CTRL (bulk failed)
[2025-11-15 04:53:38] [WDG] Restart stream: idle_pair=2346.526485681534 consec_timeouts=0
[2025-11-15 04:53:38] [WDG] Restart failed: [Errno 2] Entity not found
[2025-11-15 04:53:39] [DIAG] GET_STATUS requested via CTRL (bulk failed)
[2025-11-15 04:53:40] [DIAG] GET_STATUS requested via CTRL (bulk failed)
[2025-11-15 04:53:42] [DIAG] GET_STATUS requested via CTRL (bulk failed)
[2025-11-15 04:53:43] [DIAG] GET_STATUS requested via CTRL (bulk failed)
[2025-11-15 04:53:43] [WDG] Restart stream: idle_pair=2351.5339262485504 consec_timeouts=0
[2025-11-15 04:53:43] [WDG] Restart failed: [Errno 2] Entity not found
[2025-11-15 04:53:45] [DIAG] GET_STATUS requested via CTRL (bulk failed)
[2025-11-15 04:53:46] [DIAG] GET_STATUS requested via CTRL (bulk failed)
[2025-11-15 04:53:48] [DIAG] GET_STATUS requested via CTRL (bulk failed)
[2025-11-15 04:53:48] [WDG] Restart stream: idle_pair=2356.539048433304 consec_timeouts=0
[2025-11-15 04:53:48] [WDG] Restart failed: [Errno 2] Entity not found
[2025-11-15 04:53:49] [DIAG] GET_STATUS requested via CTRL (bulk failed)
[2025-11-15 04:53:51] [DIAG] GET_STATUS requested via CTRL (bulk failed)
[2025-11-15 04:53:52] [DIAG] GET_STATUS requested via CTRL (bulk failed)
[2025-11-15 04:53:53] [WDG] Restart stream: idle_pair=2361.544798851013 consec_timeouts=0
[2025-11-15 04:53:53] [WDG] Restart failed: [Errno 2] Entity not found
[2025-11-15 04:53:54] [DIAG] GET_STATUS requested via CTRL (bulk failed)
[2025-11-15 04:53:55] [DIAG] GET_STATUS requested via CTRL (bulk failed)
[2025-11-15 04:53:57] [DIAG] GET_STATUS requested via CTRL (bulk failed)
[2025-11-15 04:53:58] [DIAG] GET_STATUS requested via CTRL (bulk failed)
[2025-11-15 04:53:58] [WDG] Restart stream: idle_pair=2366.55100774765 consec_timeouts=0
[2025-11-15 04:53:58] [WDG] Restart failed: [Errno 2] Entity not found
[2025-11-15 04:54:00] [DIAG] GET_STATUS requested via CTRL (bulk failed)
[2025-11-15 04:54:01] [DIAG] GET_STATUS requested via CTRL (bulk failed)
[2025-11-15 04:54:03] [DIAG] GET_STATUS requested via CTRL (bulk failed)
[2025-11-15 04:54:03] [WDG] Restart stream: idle_pair=2371.5559237003326 consec_timeouts=0
[2025-11-15 04:54:03] [WDG] Restart failed: [Errno 2] Entity not found
[2025-11-15 04:54:04] [DIAG] GET_STATUS requested via CTRL (bulk failed)
[2025-11-15 04:54:06] [DIAG] GET_STATUS requested via CTRL (bulk failed)
[2025-11-15 04:54:07] [DIAG] GET_STATUS requested via CTRL (bulk failed)
[2025-11-15 04:54:08] [WDG] Restart stream: idle_pair=2376.5611996650696 consec_timeouts=0
[2025-11-15 04:54:08] [WDG] Restart failed: [Errno 2] Entity not found
[2025-11-15 04:54:09] [DIAG] GET_STATUS requested via CTRL (bulk failed)
[2025-11-15 04:54:10] [DIAG] GET_STATUS requested via CTRL (bulk failed)
[2025-11-15 04:54:12] [DIAG] GET_STATUS requested via CTRL (bulk failed)
[2025-11-15 04:54:13] [DIAG] GET_STATUS requested via CTRL (bulk failed)
[2025-11-15 04:54:13] [WDG] Restart stream: idle_pair=2381.567561864853 consec_timeouts=0
[2025-11-15 04:54:13] [WDG] Restart failed: [Errno 2] Entity not found
[2025-11-15 04:54:15] [DIAG] GET_STATUS requested via CTRL (bulk failed)
[2025-11-15 04:54:16] [DIAG] GET_STATUS requested via CTRL (bulk failed)
[2025-11-15 04:54:18] [DIAG] GET_STATUS requested via CTRL (bulk failed)
[2025-11-15 04:54:18] [WDG] Restart stream: idle_pair=2386.5720493793488 consec_timeouts=0
[2025-11-15 04:54:18] [WDG] Restart failed: [Errno 2] Entity not found
[2025-11-15 04:54:19] [DIAG] GET_STATUS requested via CTRL (bulk failed)
[2025-11-15 04:54:21] [DIAG] GET_STATUS requested via CTRL (bulk failed)
[2025-11-15 04:54:22] [DIAG] GET_STATUS requested via CTRL (bulk failed)
[2025-11-15 04:54:23] [WDG] Restart stream: idle_pair=2391.5778448581696 consec_timeouts=0
[2025-11-15 04:54:23] [WDG] Restart failed: [Errno 2] Entity not found
[2025-11-15 04:54:24] [DIAG] GET_STATUS requested via CTRL (bulk failed)
[2025-11-15 04:54:25] [DIAG] GET_STATUS requested via CTRL (bulk failed)
[2025-11-15 04:54:27] [DIAG] GET_STATUS requested via CTRL (bulk failed)
[2025-11-15 04:54:28] [DIAG] GET_STATUS requested via CTRL (bulk failed)
[2025-11-15 04:54:28] [WDG] Restart stream: idle_pair=2396.584679365158 consec_timeouts=0
[2025-11-15 04:54:28] [WDG] Restart failed: [Errno 2] Entity not found
[2025-11-15 04:54:30] [DIAG] GET_STATUS requested via CTRL (bulk failed)
[2025-11-15 04:54:31] [DIAG] GET_STATUS requested via CTRL (bulk failed)
[2025-11-15 04:54:33] [DIAG] GET_STATUS requested via CTRL (bulk failed)
[2025-11-15 04:54:33] [WDG] Restart stream: idle_pair=2401.588761806488 consec_timeouts=0
[2025-11-15 04:54:33] [WDG] Restart failed: [Errno 2] Entity not found
[2025-11-15 04:54:34] [DIAG] GET_STATUS requested via CTRL (bulk failed)
[2025-11-15 04:54:36] [DIAG] GET_STATUS requested via CTRL (bulk failed)
[2025-11-15 04:54:37] [DIAG] GET_STATUS requested via CTRL (bulk failed)
[2025-11-15 04:54:38] [WDG] Restart stream: idle_pair=2406.594250679016 consec_timeouts=0
[2025-11-15 04:54:38] [WDG] Restart failed: [Errno 2] Entity not found
[2025-11-15 04:54:39] [DIAG] GET_STATUS requested via CTRL (bulk failed)
[2025-11-15 04:54:40] [DIAG] GET_STATUS requested via CTRL (bulk failed)
[2025-11-15 04:54:42] [DIAG] GET_STATUS requested via CTRL (bulk failed)
[2025-11-15 04:54:43] [DIAG] GET_STATUS requested via CTRL (bulk failed)
[2025-11-15 04:54:43] [WDG] Restart stream: idle_pair=2411.59903717041 consec_timeouts=0
[2025-11-15 04:54:43] [WDG] Restart failed: [Errno 2] Entity not found
[2025-11-15 04:54:45] [DIAG] GET_STATUS requested via CTRL (bulk failed)
[2025-11-15 04:54:46] [DIAG] GET_STATUS requested via CTRL (bulk failed)
[2025-11-15 04:54:48] [DIAG] GET_STATUS requested via CTRL (bulk failed)
[2025-11-15 04:54:48] [WDG] Restart stream: idle_pair=2416.6036677360535 consec_timeouts=0
[2025-11-15 04:54:48] [WDG] Restart failed: [Errno 2] Entity not found
[2025-11-15 04:54:49] [DIAG] GET_STATUS requested via CTRL (bulk failed)
[2025-11-15 04:54:51] [DIAG] GET_STATUS requested via CTRL (bulk failed)
[2025-11-15 04:54:52] [DIAG] GET_STATUS requested via CTRL (bulk failed)
[2025-11-15 04:54:53] [WDG] Restart stream: idle_pair=2421.609306573868 consec_timeouts=0
[2025-11-15 04:54:53] [WDG] Restart failed: [Errno 2] Entity not found
[2025-11-15 04:54:54] [DIAG] GET_STATUS requested via CTRL (bulk failed)
[2025-11-15 04:54:55] [DIAG] GET_STATUS requested via CTRL (bulk failed)
[2025-11-15 04:54:57] [DIAG] GET_STATUS requested via CTRL (bulk failed)
[2025-11-15 04:54:58] [DIAG] GET_STATUS requested via CTRL (bulk failed)
[2025-11-15 04:54:58] [WDG] Restart stream: idle_pair=2426.614382505417 consec_timeouts=0
[2025-11-15 04:54:58] [WDG] Restart failed: [Errno 2] Entity not found
[2025-11-15 04:55:00] [DIAG] GET_STATUS requested via CTRL (bulk failed)
[2025-11-15 04:55:01] [DIAG] GET_STATUS requested via CTRL (bulk failed)
[2025-11-15 04:55:03] [DIAG] GET_STATUS requested via CTRL (bulk failed)
[2025-11-15 04:55:03] [WDG] Restart stream: idle_pair=2431.621432542801 consec_timeouts=0
[2025-11-15 04:55:03] [WDG] Restart failed: [Errno 2] Entity not found
[2025-11-15 04:55:04] [DIAG] GET_STATUS requested via CTRL (bulk failed)
[2025-11-15 04:55:06] [DIAG] GET_STATUS requested via CTRL (bulk failed)
[2025-11-15 04:55:07] [DIAG] GET_STATUS requested via CTRL (bulk failed)
[2025-11-15 04:55:08] [WDG] Restart stream: idle_pair=2436.627163171768 consec_timeouts=0
[2025-11-15 04:55:08] [WDG] Restart failed: [Errno 2] Entity not found
[2025-11-15 04:55:09] [DIAG] GET_STATUS requested via CTRL (bulk failed)
[2025-11-15 04:55:10] [DIAG] GET_STATUS requested via CTRL (bulk failed)
[2025-11-15 04:55:12] [DIAG] GET_STATUS requested via CTRL (bulk failed)
[2025-11-15 04:55:13] [DIAG] GET_STATUS requested via CTRL (bulk failed)
[2025-11-15 04:55:13] [WDG] Restart stream: idle_pair=2441.632614135742 consec_timeouts=0
[2025-11-15 04:55:13] [WDG] Restart failed: [Errno 2] Entity not found
[2025-11-15 04:55:15] [DIAG] GET_STATUS requested via CTRL (bulk failed)
[2025-11-15 04:55:16] [DIAG] GET_STATUS requested via CTRL (bulk failed)
[2025-11-15 04:55:18] [DIAG] GET_STATUS requested via CTRL (bulk failed)
[2025-11-15 04:55:18] [WDG] Restart stream: idle_pair=2446.6371994018555 consec_timeouts=0
[2025-11-15 04:55:18] [WDG] Restart failed: [Errno 2] Entity not found
[2025-11-15 04:55:19] [DIAG] GET_STATUS requested via CTRL (bulk failed)
[2025-11-15 04:55:21] [DIAG] GET_STATUS requested via CTRL (bulk failed)
[2025-11-15 04:55:22] [DIAG] GET_STATUS requested via CTRL (bulk failed)
[2025-11-15 04:55:23] [WDG] Restart stream: idle_pair=2451.6426751613617 consec_timeouts=0
[2025-11-15 04:55:23] [WDG] Restart failed: [Errno 2] Entity not found
[2025-11-15 04:55:24] [DIAG] GET_STATUS requested via CTRL (bulk failed)
[2025-11-15 04:55:25] [DIAG] GET_STATUS requested via CTRL (bulk failed)
[2025-11-15 04:55:27] [DIAG] GET_STATUS requested via CTRL (bulk failed)
[2025-11-15 04:55:28] [DIAG] GET_STATUS requested via CTRL (bulk failed)
[2025-11-15 04:55:28] [WDG] Restart stream: idle_pair=2456.647130012512 consec_timeouts=0
[2025-11-15 04:55:28] [WDG] Restart failed: [Errno 2] Entity not found
[2025-11-15 04:55:30] [DIAG] GET_STATUS requested via CTRL (bulk failed)
[2025-11-15 04:55:31] [DIAG] GET_STATUS requested via CTRL (bulk failed)
[2025-11-15 04:55:33] [DIAG] GET_STATUS requested via CTRL (bulk failed)
[2025-11-15 04:55:33] [WDG] Restart stream: idle_pair=2461.6524708271027 consec_timeouts=0
[2025-11-15 04:55:33] [WDG] Restart failed: [Errno 2] Entity not found
[2025-11-15 04:55:34] [DIAG] GET_STATUS requested via CTRL (bulk failed)
[2025-11-15 04:55:36] [DIAG] GET_STATUS requested via CTRL (bulk failed)
[2025-11-15 04:55:37] [DIAG] GET_STATUS requested via CTRL (bulk failed)
[2025-11-15 04:55:38] [WDG] Restart stream: idle_pair=2466.657702445984 consec_timeouts=0
[2025-11-15 04:55:38] [WDG] Restart failed: [Errno 2] Entity not found
[2025-11-15 04:55:39] [DIAG] GET_STATUS requested via CTRL (bulk failed)
[2025-11-15 04:55:40] [DIAG] GET_STATUS requested via CTRL (bulk failed)
[2025-11-15 04:55:42] [DIAG] GET_STATUS requested via CTRL (bulk failed)
[2025-11-15 04:55:43] [DIAG] GET_STATUS requested via CTRL (bulk failed)
[2025-11-15 04:55:43] [WDG] Restart stream: idle_pair=2471.663100719452 consec_timeouts=0
[2025-11-15 04:55:43] [WDG] Restart failed: [Errno 2] Entity not found
[2025-11-15 04:55:45] [DIAG] GET_STATUS requested via CTRL (bulk failed)
[2025-11-15 04:55:46] [DIAG] GET_STATUS requested via CTRL (bulk failed)
[2025-11-15 04:55:48] [DIAG] GET_STATUS requested via CTRL (bulk failed)
[2025-11-15 04:55:48] [WDG] Restart stream: idle_pair=2476.669147014618 consec_timeouts=0
[2025-11-15 04:55:48] [WDG] Restart failed: [Errno 2] Entity not found
[2025-11-15 04:55:49] [DIAG] GET_STATUS requested via CTRL (bulk failed)
[2025-11-15 04:55:51] [DIAG] GET_STATUS requested via CTRL (bulk failed)
[2025-11-15 04:55:52] [DIAG] GET_STATUS requested via CTRL (bulk failed)
[2025-11-15 04:55:53] [WDG] Restart stream: idle_pair=2481.675628185272 consec_timeouts=0
[2025-11-15 04:55:53] [WDG] Restart failed: [Errno 2] Entity not found
[2025-11-15 04:55:54] [DIAG] GET_STATUS requested via CTRL (bulk failed)
[2025-11-15 04:55:55] [DIAG] GET_STATUS requested via CTRL (bulk failed)
[2025-11-15 04:55:57] [DIAG] GET_STATUS requested via CTRL (bulk failed)
[2025-11-15 04:55:58] [DIAG] GET_STATUS requested via CTRL (bulk failed)
[2025-11-15 04:55:58] [WDG] Restart stream: idle_pair=2486.68101644516 consec_timeouts=0
[2025-11-15 04:55:58] [WDG] Restart failed: [Errno 2] Entity not found
[2025-11-15 04:56:00] [DIAG] GET_STATUS requested via CTRL (bulk failed)
[2025-11-15 04:56:01] [DIAG] GET_STATUS requested via CTRL (bulk failed)
[2025-11-15 04:56:03] [DIAG] GET_STATUS requested via CTRL (bulk failed)
[2025-11-15 04:56:03] [WDG] Restart stream: idle_pair=2491.687818288803 consec_timeouts=0
[2025-11-15 04:56:03] [WDG] Restart failed: [Errno 2] Entity not found
[2025-11-15 04:56:04] [DIAG] GET_STATUS requested via CTRL (bulk failed)
[2025-11-15 04:56:06] [DIAG] GET_STATUS requested via CTRL (bulk failed)
[2025-11-15 04:56:07] [DIAG] GET_STATUS requested via CTRL (bulk failed)
[2025-11-15 04:56:08] [WDG] Restart stream: idle_pair=2496.6928820610046 consec_timeouts=0
[2025-11-15 04:56:08] [WDG] Restart failed: [Errno 2] Entity not found
[2025-11-15 04:56:09] [DIAG] GET_STATUS requested via CTRL (bulk failed)
[2025-11-15 04:56:10] [DIAG] GET_STATUS requested via CTRL (bulk failed)
[2025-11-15 04:56:12] [DIAG] GET_STATUS requested via CTRL (bulk failed)
[2025-11-15 04:56:13] [DIAG] GET_STATUS requested via CTRL (bulk failed)
[2025-11-15 04:56:13] [WDG] Restart stream: idle_pair=2501.7000093460083 consec_timeouts=0
[2025-11-15 04:56:13] [WDG] Restart failed: [Errno 2] Entity not found
[2025-11-15 04:56:15] [DIAG] GET_STATUS requested via CTRL (bulk failed)
[2025-11-15 04:56:16] [DIAG] GET_STATUS requested via CTRL (bulk failed)
[2025-11-15 04:56:18] [DIAG] GET_STATUS requested via CTRL (bulk failed)
[2025-11-15 04:56:18] [WDG] Restart stream: idle_pair=2506.7054800987244 consec_timeouts=0
[2025-11-15 04:56:18] [WDG] Restart failed: [Errno 2] Entity not found
[2025-11-15 04:56:19] [DIAG] GET_STATUS requested via CTRL (bulk failed)
[2025-11-15 04:56:21] [DIAG] GET_STATUS requested via CTRL (bulk failed)
[2025-11-15 04:56:22] [DIAG] GET_STATUS requested via CTRL (bulk failed)
[2025-11-15 04:56:23] [WDG] Restart stream: idle_pair=2511.711256504059 consec_timeouts=0
[2025-11-15 04:56:23] [WDG] Restart failed: [Errno 2] Entity not found
[2025-11-15 04:56:24] [DIAG] GET_STATUS requested via CTRL (bulk failed)
[2025-11-15 04:56:25] [DIAG] GET_STATUS requested via CTRL (bulk failed)
[2025-11-15 04:56:27] [DIAG] GET_STATUS requested via CTRL (bulk failed)
[2025-11-15 04:56:28] [DIAG] GET_STATUS requested via CTRL (bulk failed)
[2025-11-15 04:56:28] [WDG] Restart stream: idle_pair=2516.7173433303833 consec_timeouts=0
[2025-11-15 04:56:28] [WDG] Restart failed: [Errno 2] Entity not found
[2025-11-15 04:56:30] [DIAG] GET_STATUS requested via CTRL (bulk failed)
[2025-11-15 04:56:31] [DIAG] GET_STATUS requested via CTRL (bulk failed)
[2025-11-15 04:56:33] [DIAG] GET_STATUS requested via CTRL (bulk failed)
[2025-11-15 04:56:33] [WDG] Restart stream: idle_pair=2521.7221188545227 consec_timeouts=0
[2025-11-15 04:56:33] [WDG] Restart failed: [Errno 2] Entity not found
[2025-11-15 04:56:34] [DIAG] GET_STATUS requested via CTRL (bulk failed)
[2025-11-15 04:56:36] [DIAG] GET_STATUS requested via CTRL (bulk failed)
[2025-11-15 04:56:37] [DIAG] GET_STATUS requested via CTRL (bulk failed)
[2025-11-15 04:56:38] [WDG] Restart stream: idle_pair=2526.7279913425446 consec_timeouts=0
[2025-11-15 04:56:38] [WDG] Restart failed: [Errno 2] Entity not found
[2025-11-15 04:56:39] [DIAG] GET_STATUS requested via CTRL (bulk failed)
[2025-11-15 04:56:40] [DIAG] GET_STATUS requested via CTRL (bulk failed)
[2025-11-15 04:56:42] [DIAG] GET_STATUS requested via CTRL (bulk failed)
[2025-11-15 04:56:43] [DIAG] GET_STATUS requested via CTRL (bulk failed)
[2025-11-15 04:56:43] [WDG] Restart stream: idle_pair=2531.7355465888977 consec_timeouts=0
[2025-11-15 04:56:43] [WDG] Restart failed: [Errno 2] Entity not found
[2025-11-15 04:56:45] [DIAG] GET_STATUS requested via CTRL (bulk failed)
[2025-11-15 04:56:46] [DIAG] GET_STATUS requested via CTRL (bulk failed)
[2025-11-15 04:56:48] [DIAG] GET_STATUS requested via CTRL (bulk failed)
[2025-11-15 04:56:48] [WDG] Restart stream: idle_pair=2536.7424368858337 consec_timeouts=0
[2025-11-15 04:56:48] [WDG] Restart failed: [Errno 2] Entity not found
[2025-11-15 04:56:49] [DIAG] GET_STATUS requested via CTRL (bulk failed)
[2025-11-15 04:56:51] [DIAG] GET_STATUS requested via CTRL (bulk failed)
[2025-11-15 04:56:52] [DIAG] GET_STATUS requested via CTRL (bulk failed)
[2025-11-15 04:56:53] [WDG] Restart stream: idle_pair=2541.74876332283 consec_timeouts=0
[2025-11-15 04:56:53] [WDG] Restart failed: [Errno 2] Entity not found
[2025-11-15 04:56:54] [DIAG] GET_STATUS requested via CTRL (bulk failed)
[2025-11-15 04:56:55] [DIAG] GET_STATUS requested via CTRL (bulk failed)
[2025-11-15 04:56:57] [DIAG] GET_STATUS requested via CTRL (bulk failed)
[2025-11-15 04:56:58] [DIAG] GET_STATUS requested via CTRL (bulk failed)
[2025-11-15 04:56:58] [WDG] Restart stream: idle_pair=2546.7526445388794 consec_timeouts=0
[2025-11-15 04:56:58] [WDG] Restart failed: [Errno 2] Entity not found
[2025-11-15 04:57:00] [DIAG] GET_STATUS requested via CTRL (bulk failed)
[2025-11-15 04:57:01] [DIAG] GET_STATUS requested via CTRL (bulk failed)
[2025-11-15 04:57:03] [DIAG] GET_STATUS requested via CTRL (bulk failed)
[2025-11-15 04:57:03] [WDG] Restart stream: idle_pair=2551.757121324539 consec_timeouts=0
[2025-11-15 04:57:03] [WDG] Restart failed: [Errno 2] Entity not found
[2025-11-15 04:57:04] [DIAG] GET_STATUS requested via CTRL (bulk failed)
[2025-11-15 04:57:06] [DIAG] GET_STATUS requested via CTRL (bulk failed)
[2025-11-15 04:57:07] [DIAG] GET_STATUS requested via CTRL (bulk failed)
[2025-11-15 04:57:08] [WDG] Restart stream: idle_pair=2556.762185573578 consec_timeouts=0
[2025-11-15 04:57:08] [WDG] Restart failed: [Errno 2] Entity not found
[2025-11-15 04:57:09] [DIAG] GET_STATUS requested via CTRL (bulk failed)
[2025-11-15 04:57:10] [DIAG] GET_STATUS requested via CTRL (bulk failed)
[2025-11-15 04:57:12] [DIAG] GET_STATUS requested via CTRL (bulk failed)
[2025-11-15 04:57:13] [DIAG] GET_STATUS requested via CTRL (bulk failed)
[2025-11-15 04:57:13] [WDG] Restart stream: idle_pair=2561.767727136612 consec_timeouts=0
[2025-11-15 04:57:13] [WDG] Restart failed: [Errno 2] Entity not found
[2025-11-15 04:57:15] [DIAG] GET_STATUS requested via CTRL (bulk failed)
[2025-11-15 04:57:16] [DIAG] GET_STATUS requested via CTRL (bulk failed)
[2025-11-15 04:57:18] [DIAG] GET_STATUS requested via CTRL (bulk failed)
[2025-11-15 04:57:18] [WDG] Restart stream: idle_pair=2566.773686170578 consec_timeouts=0
[2025-11-15 04:57:18] [WDG] Restart failed: [Errno 2] Entity not found
[2025-11-15 04:57:19] [DIAG] GET_STATUS requested via CTRL (bulk failed)
[2025-11-15 04:57:21] [DIAG] GET_STATUS requested via CTRL (bulk failed)
[2025-11-15 04:57:22] [DIAG] GET_STATUS requested via CTRL (bulk failed)
[2025-11-15 04:57:23] [WDG] Restart stream: idle_pair=2571.780922651291 consec_timeouts=0
[2025-11-15 04:57:23] [WDG] Restart failed: [Errno 2] Entity not found
[2025-11-15 04:57:24] [DIAG] GET_STATUS requested via CTRL (bulk failed)
[2025-11-15 04:57:25] [DIAG] GET_STATUS requested via CTRL (bulk failed)
[2025-11-15 04:57:27] [DIAG] GET_STATUS requested via CTRL (bulk failed)
[2025-11-15 04:57:28] [DIAG] GET_STATUS requested via CTRL (bulk failed)
[2025-11-15 04:57:28] [WDG] Restart stream: idle_pair=2576.788196325302 consec_timeouts=0
[2025-11-15 04:57:28] [WDG] Restart failed: [Errno 2] Entity not found
[2025-11-15 04:57:30] [DIAG] GET_STATUS requested via CTRL (bulk failed)
[2025-11-15 04:57:31] [DIAG] GET_STATUS requested via CTRL (bulk failed)
[2025-11-15 04:57:33] [DIAG] GET_STATUS requested via CTRL (bulk failed)
[2025-11-15 04:57:33] [WDG] Restart stream: idle_pair=2581.7924435138702 consec_timeouts=0
[2025-11-15 04:57:33] [WDG] Restart failed: [Errno 2] Entity not found
[2025-11-15 04:57:34] [DIAG] GET_STATUS requested via CTRL (bulk failed)
[2025-11-15 04:57:36] [DIAG] GET_STATUS requested via CTRL (bulk failed)
[2025-11-15 04:57:37] [DIAG] GET_STATUS requested via CTRL (bulk failed)
[2025-11-15 04:57:38] [WDG] Restart stream: idle_pair=2586.797378063202 consec_timeouts=0
[2025-11-15 04:57:38] [WDG] Restart failed: [Errno 2] Entity not found
[2025-11-15 04:57:39] [DIAG] GET_STATUS requested via CTRL (bulk failed)
[2025-11-15 04:57:40] [DIAG] GET_STATUS requested via CTRL (bulk failed)
[2025-11-15 04:57:42] [DIAG] GET_STATUS requested via CTRL (bulk failed)
[2025-11-15 04:57:43] [DIAG] GET_STATUS requested via CTRL (bulk failed)
[2025-11-15 04:57:43] [WDG] Restart stream: idle_pair=2591.8017842769623 consec_timeouts=0
[2025-11-15 04:57:43] [WDG] Restart failed: [Errno 2] Entity not found
[2025-11-15 04:57:45] [DIAG] GET_STATUS requested via CTRL (bulk failed)
[2025-11-15 04:57:46] [DIAG] GET_STATUS requested via CTRL (bulk failed)
[2025-11-15 04:57:48] [DIAG] GET_STATUS requested via CTRL (bulk failed)
[2025-11-15 04:57:48] [WDG] Restart stream: idle_pair=2596.8057935237885 consec_timeouts=0
[2025-11-15 04:57:48] [WDG] Restart failed: [Errno 2] Entity not found
[2025-11-15 04:57:49] [DIAG] GET_STATUS requested via CTRL (bulk failed)
[2025-11-15 04:57:51] [DIAG] GET_STATUS requested via CTRL (bulk failed)
[2025-11-15 04:57:52] [DIAG] GET_STATUS requested via CTRL (bulk failed)
[2025-11-15 04:57:53] [WDG] Restart stream: idle_pair=2601.8110797405243 consec_timeouts=0
[2025-11-15 04:57:53] [WDG] Restart failed: [Errno 2] Entity not found
[2025-11-15 04:57:54] [DIAG] GET_STATUS requested via CTRL (bulk failed)
[2025-11-15 04:57:55] [DIAG] GET_STATUS requested via CTRL (bulk failed)
[2025-11-15 04:57:57] [DIAG] GET_STATUS requested via CTRL (bulk failed)
[2025-11-15 04:57:58] [DIAG] GET_STATUS requested via CTRL (bulk failed)
[2025-11-15 04:57:58] [WDG] Restart stream: idle_pair=2606.8162019252777 consec_timeouts=0
[2025-11-15 04:57:58] [WDG] Restart failed: [Errno 2] Entity not found
[2025-11-15 04:58:00] [DIAG] GET_STATUS requested via CTRL (bulk failed)
[2025-11-15 04:58:01] [DIAG] GET_STATUS requested via CTRL (bulk failed)
[2025-11-15 04:58:03] [DIAG] GET_STATUS requested via CTRL (bulk failed)
[2025-11-15 04:58:03] [WDG] Restart stream: idle_pair=2611.821254968643 consec_timeouts=0
[2025-11-15 04:58:03] [WDG] Restart failed: [Errno 2] Entity not found
[2025-11-15 04:58:04] [DIAG] GET_STATUS requested via CTRL (bulk failed)
[2025-11-15 04:58:06] [DIAG] GET_STATUS requested via CTRL (bulk failed)
[2025-11-15 04:58:07] [DIAG] GET_STATUS requested via CTRL (bulk failed)
[2025-11-15 04:58:08] [WDG] Restart stream: idle_pair=2616.8264997005463 consec_timeouts=0
[2025-11-15 04:58:08] [WDG] Restart failed: [Errno 2] Entity not found
[2025-11-15 04:58:09] [DIAG] GET_STATUS requested via CTRL (bulk failed)
[2025-11-15 04:58:10] [DIAG] GET_STATUS requested via CTRL (bulk failed)
[2025-11-15 04:58:12] [DIAG] GET_STATUS requested via CTRL (bulk failed)
[2025-11-15 04:58:13] [DIAG] GET_STATUS requested via CTRL (bulk failed)
[2025-11-15 04:58:13] [WDG] Restart stream: idle_pair=2621.831249475479 consec_timeouts=0
[2025-11-15 04:58:13] [WDG] Restart failed: [Errno 2] Entity not found
[2025-11-15 04:58:15] [DIAG] GET_STATUS requested via CTRL (bulk failed)
[2025-11-15 04:58:16] [DIAG] GET_STATUS requested via CTRL (bulk failed)
[2025-11-15 04:58:18] [DIAG] GET_STATUS requested via CTRL (bulk failed)
[2025-11-15 04:58:18] [WDG] Restart stream: idle_pair=2626.83691740036 consec_timeouts=0
[2025-11-15 04:58:18] [WDG] Restart failed: [Errno 2] Entity not found
[2025-11-15 04:58:19] [DIAG] GET_STATUS requested via CTRL (bulk failed)
[2025-11-15 04:58:21] [DIAG] GET_STATUS requested via CTRL (bulk failed)
[2025-11-15 04:58:22] [DIAG] GET_STATUS requested via CTRL (bulk failed)
[2025-11-15 04:58:23] [WDG] Restart stream: idle_pair=2631.842222213745 consec_timeouts=0
[2025-11-15 04:58:23] [WDG] Restart failed: [Errno 2] Entity not found
[2025-11-15 04:58:24] [DIAG] GET_STATUS requested via CTRL (bulk failed)
[2025-11-15 04:58:25] [DIAG] GET_STATUS requested via CTRL (bulk failed)
[2025-11-15 04:58:27] [DIAG] GET_STATUS requested via CTRL (bulk failed)
[2025-11-15 04:58:28] [DIAG] GET_STATUS requested via CTRL (bulk failed)
[2025-11-15 04:58:28] [WDG] Restart stream: idle_pair=2636.847428560257 consec_timeouts=0
[2025-11-15 04:58:28] [WDG] Restart failed: [Errno 2] Entity not found
[2025-11-15 04:58:30] [DIAG] GET_STATUS requested via CTRL (bulk failed)
[2025-11-15 04:58:31] [DIAG] GET_STATUS requested via CTRL (bulk failed)
[2025-11-15 04:58:33] [DIAG] GET_STATUS requested via CTRL (bulk failed)
[2025-11-15 04:58:33] [WDG] Restart stream: idle_pair=2641.852596282959 consec_timeouts=0
[2025-11-15 04:58:33] [WDG] Restart failed: [Errno 2] Entity not found
[2025-11-15 04:58:34] [DIAG] GET_STATUS requested via CTRL (bulk failed)
[2025-11-15 04:58:36] [DIAG] GET_STATUS requested via CTRL (bulk failed)
[2025-11-15 04:58:37] [DIAG] GET_STATUS requested via CTRL (bulk failed)
[2025-11-15 04:58:38] [WDG] Restart stream: idle_pair=2646.8572080135345 consec_timeouts=0
[2025-11-15 04:58:38] [WDG] Restart failed: [Errno 2] Entity not found
[2025-11-15 04:58:39] [DIAG] GET_STATUS requested via CTRL (bulk failed)
[2025-11-15 04:58:40] [DIAG] GET_STATUS requested via CTRL (bulk failed)
[2025-11-15 04:58:42] [DIAG] GET_STATUS requested via CTRL (bulk failed)
[2025-11-15 04:58:43] [DIAG] GET_STATUS requested via CTRL (bulk failed)
[2025-11-15 04:58:43] [WDG] Restart stream: idle_pair=2651.8621847629547 consec_timeouts=0
[2025-11-15 04:58:43] [WDG] Restart failed: [Errno 2] Entity not found
[2025-11-15 04:58:45] [DIAG] GET_STATUS requested via CTRL (bulk failed)
[2025-11-15 04:58:46] [DIAG] GET_STATUS requested via CTRL (bulk failed)
[2025-11-15 04:58:48] [DIAG] GET_STATUS requested via CTRL (bulk failed)
[2025-11-15 04:58:48] [WDG] Restart stream: idle_pair=2656.8666615486145 consec_timeouts=0
[2025-11-15 04:58:48] [WDG] Restart failed: [Errno 2] Entity not found
[2025-11-15 04:58:49] [DIAG] GET_STATUS requested via CTRL (bulk failed)
[2025-11-15 04:58:51] [DIAG] GET_STATUS requested via CTRL (bulk failed)
[2025-11-15 04:58:52] [DIAG] GET_STATUS requested via CTRL (bulk failed)
[2025-11-15 04:58:53] [WDG] Restart stream: idle_pair=2661.872570514679 consec_timeouts=0
[2025-11-15 04:58:53] [WDG] Restart failed: [Errno 2] Entity not found
[2025-11-15 04:58:54] [DIAG] GET_STATUS requested via CTRL (bulk failed)
[2025-11-15 04:58:55] [DIAG] GET_STATUS requested via CTRL (bulk failed)
[2025-11-15 04:58:57] [DIAG] GET_STATUS requested via CTRL (bulk failed)
[2025-11-15 04:58:58] [DIAG] GET_STATUS requested via CTRL (bulk failed)
[2025-11-15 04:58:58] [WDG] Restart stream: idle_pair=2666.878779411316 consec_timeouts=0
[2025-11-15 04:58:58] [WDG] Restart failed: [Errno 2] Entity not found
[2025-11-15 04:59:00] [DIAG] GET_STATUS requested via CTRL (bulk failed)
[2025-11-15 04:59:01] [DIAG] GET_STATUS requested via CTRL (bulk failed)
[2025-11-15 04:59:03] [DIAG] GET_STATUS requested via CTRL (bulk failed)
[2025-11-15 04:59:03] [WDG] Restart stream: idle_pair=2671.8859260082245 consec_timeouts=0
[2025-11-15 04:59:03] [WDG] Restart failed: [Errno 2] Entity not found
[2025-11-15 04:59:04] [DIAG] GET_STATUS requested via CTRL (bulk failed)
[2025-11-15 04:59:06] [DIAG] GET_STATUS requested via CTRL (bulk failed)
[2025-11-15 04:59:07] [DIAG] GET_STATUS requested via CTRL (bulk failed)
[2025-11-15 04:59:08] [WDG] Restart stream: idle_pair=2676.891939640045 consec_timeouts=0
[2025-11-15 04:59:08] [WDG] Restart failed: [Errno 2] Entity not found
[2025-11-15 04:59:09] [DIAG] GET_STATUS requested via CTRL (bulk failed)
[2025-11-15 04:59:10] [DIAG] GET_STATUS requested via CTRL (bulk failed)
[2025-11-15 04:59:12] [DIAG] GET_STATUS requested via CTRL (bulk failed)
[2025-11-15 04:59:13] [DIAG] GET_STATUS requested via CTRL (bulk failed)
[2025-11-15 04:59:13] [WDG] Restart stream: idle_pair=2681.8983266353607 consec_timeouts=0
[2025-11-15 04:59:13] [WDG] Restart failed: [Errno 2] Entity not found
[2025-11-15 04:59:15] [DIAG] GET_STATUS requested via CTRL (bulk failed)
[2025-11-15 04:59:16] [DIAG] GET_STATUS requested via CTRL (bulk failed)
[2025-11-15 04:59:18] [DIAG] GET_STATUS requested via CTRL (bulk failed)
[2025-11-15 04:59:18] [WDG] Restart stream: idle_pair=2686.905684232712 consec_timeouts=0
[2025-11-15 04:59:18] [WDG] Restart failed: [Errno 2] Entity not found
[2025-11-15 04:59:19] [DIAG] GET_STATUS requested via CTRL (bulk failed)
[2025-11-15 04:59:21] [DIAG] GET_STATUS requested via CTRL (bulk failed)
[2025-11-15 04:59:22] [DIAG] GET_STATUS requested via CTRL (bulk failed)
[2025-11-15 04:59:23] [WDG] Restart stream: idle_pair=2691.910125017166 consec_timeouts=0
[2025-11-15 04:59:23] [WDG] Restart failed: [Errno 2] Entity not found
[2025-11-15 04:59:24] [DIAG] GET_STATUS requested via CTRL (bulk failed)
[2025-11-15 04:59:25] [DIAG] GET_STATUS requested via CTRL (bulk failed)
[2025-11-15 04:59:27] [DIAG] GET_STATUS requested via CTRL (bulk failed)
[2025-11-15 04:59:28] [DIAG] GET_STATUS requested via CTRL (bulk failed)
[2025-11-15 04:59:28] [WDG] Restart stream: idle_pair=2696.915592432022 consec_timeouts=0
[2025-11-15 04:59:28] [WDG] Restart failed: [Errno 2] Entity not found
[2025-11-15 04:59:30] [DIAG] GET_STATUS requested via CTRL (bulk failed)
[2025-11-15 04:59:31] [DIAG] GET_STATUS requested via CTRL (bulk failed)
[2025-11-15 04:59:33] [DIAG] GET_STATUS requested via CTRL (bulk failed)
[2025-11-15 04:59:34] [WDG] Restart stream: idle_pair=2701.92160654068 consec_timeouts=0
[2025-11-15 04:59:34] [WDG] Restart failed: [Errno 2] Entity not found
[2025-11-15 04:59:34] [DIAG] GET_STATUS requested via CTRL (bulk failed)
[2025-11-15 04:59:36] [DIAG] GET_STATUS requested via CTRL (bulk failed)
[2025-11-15 04:59:37] [DIAG] GET_STATUS requested via CTRL (bulk failed)
[2025-11-15 04:59:39] [WDG] Restart stream: idle_pair=2706.928332090378 consec_timeouts=0
[2025-11-15 04:59:39] [WDG] Restart failed: [Errno 2] Entity not found
[2025-11-15 04:59:39] [DIAG] GET_STATUS requested via CTRL (bulk failed)
[2025-11-15 04:59:40] [DIAG] GET_STATUS requested via CTRL (bulk failed)
[2025-11-15 04:59:42] [DIAG] GET_STATUS requested via CTRL (bulk failed)
[2025-11-15 04:59:43] [DIAG] GET_STATUS requested via CTRL (bulk failed)
[2025-11-15 04:59:44] [WDG] Restart stream: idle_pair=2711.933358669281 consec_timeouts=0
[2025-11-15 04:59:44] [WDG] Restart failed: [Errno 2] Entity not found
[2025-11-15 04:59:45] [DIAG] GET_STATUS requested via CTRL (bulk failed)
[2025-11-15 04:59:46] [DIAG] GET_STATUS requested via CTRL (bulk failed)
[2025-11-15 04:59:48] [DIAG] GET_STATUS requested via CTRL (bulk failed)
[2025-11-15 04:59:49] [WDG] Restart stream: idle_pair=2716.9397718906403 consec_timeouts=0
[2025-11-15 04:59:49] [WDG] Restart failed: [Errno 2] Entity not found
[2025-11-15 04:59:49] [DIAG] GET_STATUS requested via CTRL (bulk failed)
[2025-11-15 04:59:51] [DIAG] GET_STATUS requested via CTRL (bulk failed)
[2025-11-15 04:59:52] [DIAG] GET_STATUS requested via CTRL (bulk failed)
[2025-11-15 04:59:54] [WDG] Restart stream: idle_pair=2721.9458503723145 consec_timeouts=0
[2025-11-15 04:59:54] [WDG] Restart failed: [Errno 2] Entity not found
[2025-11-15 04:59:54] [DIAG] GET_STATUS requested via CTRL (bulk failed)
[2025-11-15 04:59:55] [DIAG] GET_STATUS requested via CTRL (bulk failed)
[2025-11-15 04:59:57] [DIAG] GET_STATUS requested via CTRL (bulk failed)
[2025-11-15 04:59:58] [DIAG] GET_STATUS requested via CTRL (bulk failed)
[2025-11-15 04:59:59] [WDG] Restart stream: idle_pair=2726.951083421707 consec_timeouts=0
[2025-11-15 04:59:59] [WDG] Restart failed: [Errno 2] Entity not found
[2025-11-15 05:00:00] [DIAG] GET_STATUS requested via CTRL (bulk failed)
[2025-11-15 05:00:01] [DIAG] GET_STATUS requested via CTRL (bulk failed)
[2025-11-15 05:00:03] [DIAG] GET_STATUS requested via CTRL (bulk failed)
[2025-11-15 05:00:04] [WDG] Restart stream: idle_pair=2731.957784175873 consec_timeouts=0
[2025-11-15 05:00:04] [WDG] Restart failed: [Errno 2] Entity not found
[2025-11-15 05:00:04] [DIAG] GET_STATUS requested via CTRL (bulk failed)
[2025-11-15 05:00:06] [DIAG] GET_STATUS requested via CTRL (bulk failed)
[2025-11-15 05:00:07] [DIAG] GET_STATUS requested via CTRL (bulk failed)
[2025-11-15 05:00:09] [WDG] Restart stream: idle_pair=2736.9632902145386 consec_timeouts=0
[2025-11-15 05:00:09] [WDG] Restart failed: [Errno 2] Entity not found
[2025-11-15 05:00:09] [DIAG] GET_STATUS requested via CTRL (bulk failed)
[2025-11-15 05:00:10] [DIAG] GET_STATUS requested via CTRL (bulk failed)
[2025-11-15 05:00:12] [DIAG] GET_STATUS requested via CTRL (bulk failed)
[2025-11-15 05:00:13] [DIAG] GET_STATUS requested via CTRL (bulk failed)
[2025-11-15 05:00:14] [WDG] Restart stream: idle_pair=2741.9687530994415 consec_timeouts=0
[2025-11-15 05:00:14] [WDG] Restart failed: [Errno 2] Entity not found
[2025-11-15 05:00:15] [DIAG] GET_STATUS requested via CTRL (bulk failed)
[2025-11-15 05:00:16] [DIAG] GET_STATUS requested via CTRL (bulk failed)
[2025-11-15 05:00:18] [DIAG] GET_STATUS requested via CTRL (bulk failed)
[2025-11-15 05:00:19] [WDG] Restart stream: idle_pair=2746.9748616218567 consec_timeouts=0
[2025-11-15 05:00:19] [WDG] Restart failed: [Errno 2] Entity not found
[2025-11-15 05:00:19] [DIAG] GET_STATUS requested via CTRL (bulk failed)
[2025-11-15 05:00:21] [DIAG] GET_STATUS requested via CTRL (bulk failed)
[2025-11-15 05:00:22] [DIAG] GET_STATUS requested via CTRL (bulk failed)
[2025-11-15 05:00:24] [WDG] Restart stream: idle_pair=2751.980206012726 consec_timeouts=0
[2025-11-15 05:00:24] [WDG] Restart failed: [Errno 2] Entity not found
[2025-11-15 05:00:24] [DIAG] GET_STATUS requested via CTRL (bulk failed)
[2025-11-15 05:00:25] [DIAG] GET_STATUS requested via CTRL (bulk failed)
[2025-11-15 05:00:27] [DIAG] GET_STATUS requested via CTRL (bulk failed)
[2025-11-15 05:00:28] [DIAG] GET_STATUS requested via CTRL (bulk failed)
[2025-11-15 05:00:29] [WDG] Restart stream: idle_pair=2756.9868478775024 consec_timeouts=0
[2025-11-15 05:00:29] [WDG] Restart failed: [Errno 2] Entity not found
[2025-11-15 05:00:30] [DIAG] GET_STATUS requested via CTRL (bulk failed)
[2025-11-15 05:00:31] [DIAG] GET_STATUS requested via CTRL (bulk failed)
[2025-11-15 05:00:33] [DIAG] GET_STATUS requested via CTRL (bulk failed)
[2025-11-15 05:00:34] [WDG] Restart stream: idle_pair=2761.992591381073 consec_timeouts=0
[2025-11-15 05:00:34] [WDG] Restart failed: [Errno 2] Entity not found
[2025-11-15 05:00:34] [DIAG] GET_STATUS requested via CTRL (bulk failed)
[2025-11-15 05:00:36] [DIAG] GET_STATUS requested via CTRL (bulk failed)
[2025-11-15 05:00:37] [DIAG] GET_STATUS requested via CTRL (bulk failed)
[2025-11-15 05:00:39] [WDG] Restart stream: idle_pair=2766.997414827347 consec_timeouts=0
[2025-11-15 05:00:39] [WDG] Restart failed: [Errno 2] Entity not found
[2025-11-15 05:00:39] [DIAG] GET_STATUS requested via CTRL (bulk failed)
[2025-11-15 05:00:40] [DIAG] GET_STATUS requested via CTRL (bulk failed)
[2025-11-15 05:00:42] [DIAG] GET_STATUS requested via CTRL (bulk failed)
[2025-11-15 05:00:43] [DIAG] GET_STATUS requested via CTRL (bulk failed)
[2025-11-15 05:00:44] [WDG] Restart stream: idle_pair=2772.0029289722443 consec_timeouts=0
[2025-11-15 05:00:44] [WDG] Restart failed: [Errno 2] Entity not found
[2025-11-15 05:00:45] [DIAG] GET_STATUS requested via CTRL (bulk failed)
[2025-11-15 05:00:46] [DIAG] GET_STATUS requested via CTRL (bulk failed)
[2025-11-15 05:00:48] [DIAG] GET_STATUS requested via CTRL (bulk failed)
[2025-11-15 05:00:49] [WDG] Restart stream: idle_pair=2777.008088350296 consec_timeouts=0
[2025-11-15 05:00:49] [WDG] Restart failed: [Errno 2] Entity not found
[2025-11-15 05:00:49] [DIAG] GET_STATUS requested via CTRL (bulk failed)
[2025-11-15 05:00:51] [DIAG] GET_STATUS requested via CTRL (bulk failed)
[2025-11-15 05:00:53] [DIAG] GET_STATUS requested via CTRL (bulk failed)
[2025-11-15 05:00:54] [WDG] Restart stream: idle_pair=2782.013032913208 consec_timeouts=0
[2025-11-15 05:00:54] [WDG] Restart failed: [Errno 2] Entity not found
[2025-11-15 05:00:54] [DIAG] GET_STATUS requested via CTRL (bulk failed)
[2025-11-15 05:00:56] [DIAG] GET_STATUS requested via CTRL (bulk failed)
[2025-11-15 05:00:57] [DIAG] GET_STATUS requested via CTRL (bulk failed)
[2025-11-15 05:00:59] [DIAG] GET_STATUS requested via CTRL (bulk failed)
[2025-11-15 05:00:59] [WDG] Restart stream: idle_pair=2787.019565820694 consec_timeouts=0
[2025-11-15 05:00:59] [WDG] Restart failed: [Errno 2] Entity not found
[2025-11-15 05:01:00] [DIAG] GET_STATUS requested via CTRL (bulk failed)
[2025-11-15 05:01:02] [DIAG] GET_STATUS requested via CTRL (bulk failed)
[2025-11-15 05:01:03] [DIAG] GET_STATUS requested via CTRL (bulk failed)
[2025-11-15 05:01:04] [WDG] Restart stream: idle_pair=2792.025102853775 consec_timeouts=0
[2025-11-15 05:01:04] [WDG] Restart failed: [Errno 2] Entity not found
[2025-11-15 05:01:05] [DIAG] GET_STATUS requested via CTRL (bulk failed)
[2025-11-15 05:01:06] [DIAG] GET_STATUS requested via CTRL (bulk failed)
[2025-11-15 05:01:08] [DIAG] GET_STATUS requested via CTRL (bulk failed)
[2025-11-15 05:01:09] [WDG] Restart stream: idle_pair=2797.031334400177 consec_timeouts=0
[2025-11-15 05:01:09] [WDG] Restart failed: [Errno 2] Entity not found
[2025-11-15 05:01:09] [DIAG] GET_STATUS requested via CTRL (bulk failed)
[2025-11-15 05:01:11] [DIAG] GET_STATUS requested via CTRL (bulk failed)
[2025-11-15 05:01:12] [DIAG] GET_STATUS requested via CTRL (bulk failed)
[2025-11-15 05:01:14] [DIAG] GET_STATUS requested via CTRL (bulk failed)
[2025-11-15 05:01:14] [WDG] Restart stream: idle_pair=2802.0369231700897 consec_timeouts=0
[2025-11-15 05:01:14] [WDG] Restart failed: [Errno 2] Entity not found
[2025-11-15 05:01:15] [DIAG] GET_STATUS requested via CTRL (bulk failed)
[2025-11-15 05:01:17] [DIAG] GET_STATUS requested via CTRL (bulk failed)
[2025-11-15 05:01:18] [DIAG] GET_STATUS requested via CTRL (bulk failed)
[2025-11-15 05:01:19] [WDG] Restart stream: idle_pair=2807.040934562683 consec_timeouts=0
[2025-11-15 05:01:19] [WDG] Restart failed: [Errno 2] Entity not found
[2025-11-15 05:01:20] [DIAG] GET_STATUS requested via CTRL (bulk failed)
[2025-11-15 05:01:21] [DIAG] GET_STATUS requested via CTRL (bulk failed)
[2025-11-15 05:01:23] [DIAG] GET_STATUS requested via CTRL (bulk failed)
[2025-11-15 05:01:24] [WDG] Restart stream: idle_pair=2812.0468180179596 consec_timeouts=0
[2025-11-15 05:01:24] [WDG] Restart failed: [Errno 2] Entity not found
[2025-11-15 05:01:24] [DIAG] GET_STATUS requested via CTRL (bulk failed)
[2025-11-15 05:01:26] [DIAG] GET_STATUS requested via CTRL (bulk failed)
[2025-11-15 05:01:27] [DIAG] GET_STATUS requested via CTRL (bulk failed)
[2025-11-15 05:01:29] [DIAG] GET_STATUS requested via CTRL (bulk failed)
[2025-11-15 05:01:29] [WDG] Restart stream: idle_pair=2817.052470445633 consec_timeouts=0
[2025-11-15 05:01:29] [WDG] Restart failed: [Errno 2] Entity not found
[2025-11-15 05:01:30] [DIAG] GET_STATUS requested via CTRL (bulk failed)
[2025-11-15 05:01:32] [DIAG] GET_STATUS requested via CTRL (bulk failed)
[2025-11-15 05:01:33] [DIAG] GET_STATUS requested via CTRL (bulk failed)
[2025-11-15 05:01:34] [WDG] Restart stream: idle_pair=2822.057768344879 consec_timeouts=0
[2025-11-15 05:01:34] [WDG] Restart failed: [Errno 2] Entity not found
[2025-11-15 05:01:35] [DIAG] GET_STATUS requested via CTRL (bulk failed)
[2025-11-15 05:01:36] [DIAG] GET_STATUS requested via CTRL (bulk failed)
[2025-11-15 05:01:38] [DIAG] GET_STATUS requested via CTRL (bulk failed)
[2025-11-15 05:01:39] [WDG] Restart stream: idle_pair=2827.0625705718994 consec_timeouts=0
[2025-11-15 05:01:39] [WDG] Restart failed: [Errno 2] Entity not found
[2025-11-15 05:01:39] [DIAG] GET_STATUS requested via CTRL (bulk failed)
[2025-11-15 05:01:41] [DIAG] GET_STATUS requested via CTRL (bulk failed)
[2025-11-15 05:01:42] [DIAG] GET_STATUS requested via CTRL (bulk failed)
[2025-11-15 05:01:44] [DIAG] GET_STATUS requested via CTRL (bulk failed)
[2025-11-15 05:01:44] [WDG] Restart stream: idle_pair=2832.0673937797546 consec_timeouts=0
[2025-11-15 05:01:44] [WDG] Restart failed: [Errno 2] Entity not found
[2025-11-15 05:01:45] [DIAG] GET_STATUS requested via CTRL (bulk failed)
[2025-11-15 05:01:47] [DIAG] GET_STATUS requested via CTRL (bulk failed)
[2025-11-15 05:01:48] [DIAG] GET_STATUS requested via CTRL (bulk failed)
[2025-11-15 05:01:49] [WDG] Restart stream: idle_pair=2837.0730674266815 consec_timeouts=0
[2025-11-15 05:01:49] [WDG] Restart failed: [Errno 2] Entity not found
[2025-11-15 05:01:50] [DIAG] GET_STATUS requested via CTRL (bulk failed)
[2025-11-15 05:01:51] [DIAG] GET_STATUS requested via CTRL (bulk failed)
[2025-11-15 05:01:53] [DIAG] GET_STATUS requested via CTRL (bulk failed)
[2025-11-15 05:01:54] [WDG] Restart stream: idle_pair=2842.0773496627808 consec_timeouts=0
[2025-11-15 05:01:54] [WDG] Restart failed: [Errno 2] Entity not found
[2025-11-15 05:01:54] [DIAG] GET_STATUS requested via CTRL (bulk failed)
[2025-11-15 05:01:56] [DIAG] GET_STATUS requested via CTRL (bulk failed)
[2025-11-15 05:01:57] [DIAG] GET_STATUS requested via CTRL (bulk failed)
[2025-11-15 05:01:59] [DIAG] GET_STATUS requested via CTRL (bulk failed)
[2025-11-15 05:01:59] [WDG] Restart stream: idle_pair=2847.0831701755524 consec_timeouts=0
[2025-11-15 05:01:59] [WDG] Restart failed: [Errno 2] Entity not found
[2025-11-15 05:02:00] [DIAG] GET_STATUS requested via CTRL (bulk failed)
[2025-11-15 05:02:02] [DIAG] GET_STATUS requested via CTRL (bulk failed)
[2025-11-15 05:02:03] [DIAG] GET_STATUS requested via CTRL (bulk failed)
[2025-11-15 05:02:04] [WDG] Restart stream: idle_pair=2852.0891749858856 consec_timeouts=0
[2025-11-15 05:02:04] [WDG] Restart failed: [Errno 2] Entity not found
[2025-11-15 05:02:05] [DIAG] GET_STATUS requested via CTRL (bulk failed)
[2025-11-15 05:02:06] [DIAG] GET_STATUS requested via CTRL (bulk failed)
[2025-11-15 05:02:08] [DIAG] GET_STATUS requested via CTRL (bulk failed)
[2025-11-15 05:02:09] [WDG] Restart stream: idle_pair=2857.094717979431 consec_timeouts=0
[2025-11-15 05:02:09] [WDG] Restart failed: [Errno 2] Entity not found
[2025-11-15 05:02:09] [DIAG] GET_STATUS requested via CTRL (bulk failed)
[2025-11-15 05:02:11] [DIAG] GET_STATUS requested via CTRL (bulk failed)
[2025-11-15 05:02:12] [DIAG] GET_STATUS requested via CTRL (bulk failed)
[2025-11-15 05:02:14] [DIAG] GET_STATUS requested via CTRL (bulk failed)
[2025-11-15 05:02:14] [WDG] Restart stream: idle_pair=2862.1000230312347 consec_timeouts=0
[2025-11-15 05:02:14] [WDG] Restart failed: [Errno 2] Entity not found
[2025-11-15 05:02:15] [DIAG] GET_STATUS requested via CTRL (bulk failed)
[2025-11-15 05:02:17] [DIAG] GET_STATUS requested via CTRL (bulk failed)
[2025-11-15 05:02:18] [DIAG] GET_STATUS requested via CTRL (bulk failed)
[2025-11-15 05:02:19] [WDG] Restart stream: idle_pair=2867.105382680893 consec_timeouts=0
[2025-11-15 05:02:19] [WDG] Restart failed: [Errno 2] Entity not found
[2025-11-15 05:02:20] [DIAG] GET_STATUS requested via CTRL (bulk failed)
[2025-11-15 05:02:21] [DIAG] GET_STATUS requested via CTRL (bulk failed)
[2025-11-15 05:02:23] [DIAG] GET_STATUS requested via CTRL (bulk failed)
[2025-11-15 05:02:24] [WDG] Restart stream: idle_pair=2872.1110916137695 consec_timeouts=0
[2025-11-15 05:02:24] [WDG] Restart failed: [Errno 2] Entity not found
[2025-11-15 05:02:24] [DIAG] GET_STATUS requested via CTRL (bulk failed)
[2025-11-15 05:02:26] [DIAG] GET_STATUS requested via CTRL (bulk failed)
[2025-11-15 05:02:27] [DIAG] GET_STATUS requested via CTRL (bulk failed)
[2025-11-15 05:02:29] [DIAG] GET_STATUS requested via CTRL (bulk failed)
[2025-11-15 05:02:29] [WDG] Restart stream: idle_pair=2877.116225719452 consec_timeouts=0
[2025-11-15 05:02:29] [WDG] Restart failed: [Errno 2] Entity not found
[2025-11-15 05:02:30] [DIAG] GET_STATUS requested via CTRL (bulk failed)
[2025-11-15 05:02:32] [DIAG] GET_STATUS requested via CTRL (bulk failed)
[2025-11-15 05:02:33] [DIAG] GET_STATUS requested via CTRL (bulk failed)
[2025-11-15 05:02:34] [WDG] Restart stream: idle_pair=2882.1219761371613 consec_timeouts=0
[2025-11-15 05:02:34] [WDG] Restart failed: [Errno 2] Entity not found
[2025-11-15 05:02:35] [DIAG] GET_STATUS requested via CTRL (bulk failed)
[2025-11-15 05:02:36] [DIAG] GET_STATUS requested via CTRL (bulk failed)
[2025-11-15 05:02:38] [DIAG] GET_STATUS requested via CTRL (bulk failed)
[2025-11-15 05:02:39] [WDG] Restart stream: idle_pair=2887.1280364990234 consec_timeouts=0
[2025-11-15 05:02:39] [WDG] Restart failed: [Errno 2] Entity not found
[2025-11-15 05:02:39] [DIAG] GET_STATUS requested via CTRL (bulk failed)
[2025-11-15 05:02:41] [DIAG] GET_STATUS requested via CTRL (bulk failed)
[2025-11-15 05:02:42] [DIAG] GET_STATUS requested via CTRL (bulk failed)
[2025-11-15 05:02:44] [DIAG] GET_STATUS requested via CTRL (bulk failed)
[2025-11-15 05:02:44] [WDG] Restart stream: idle_pair=2892.1353907585144 consec_timeouts=0
[2025-11-15 05:02:44] [WDG] Restart failed: [Errno 2] Entity not found
[2025-11-15 05:02:45] [DIAG] GET_STATUS requested via CTRL (bulk failed)
[2025-11-15 05:02:47] [DIAG] GET_STATUS requested via CTRL (bulk failed)
[2025-11-15 05:02:48] [DIAG] GET_STATUS requested via CTRL (bulk failed)
[2025-11-15 05:02:49] [WDG] Restart stream: idle_pair=2897.140987634659 consec_timeouts=0
[2025-11-15 05:02:49] [WDG] Restart failed: [Errno 2] Entity not found
[2025-11-15 05:02:50] [DIAG] GET_STATUS requested via CTRL (bulk failed)
[2025-11-15 05:02:51] [DIAG] GET_STATUS requested via CTRL (bulk failed)
[2025-11-15 05:02:53] [DIAG] GET_STATUS requested via CTRL (bulk failed)
[2025-11-15 05:02:54] [WDG] Restart stream: idle_pair=2902.147271156311 consec_timeouts=0
[2025-11-15 05:02:54] [WDG] Restart failed: [Errno 2] Entity not found
[2025-11-15 05:02:54] [DIAG] GET_STATUS requested via CTRL (bulk failed)
[2025-11-15 05:02:56] [DIAG] GET_STATUS requested via CTRL (bulk failed)
[2025-11-15 05:02:57] [DIAG] GET_STATUS requested via CTRL (bulk failed)
[2025-11-15 05:02:59] [DIAG] GET_STATUS requested via CTRL (bulk failed)
[2025-11-15 05:02:59] [WDG] Restart stream: idle_pair=2907.1526277065277 consec_timeouts=0
[2025-11-15 05:02:59] [WDG] Restart failed: [Errno 2] Entity not found
[2025-11-15 05:03:00] [DIAG] GET_STATUS requested via CTRL (bulk failed)
[2025-11-15 05:03:02] [DIAG] GET_STATUS requested via CTRL (bulk failed)
[2025-11-15 05:03:03] [DIAG] GET_STATUS requested via CTRL (bulk failed)
[2025-11-15 05:03:04] [WDG] Restart stream: idle_pair=2912.159220933914 consec_timeouts=0
[2025-11-15 05:03:04] [WDG] Restart failed: [Errno 2] Entity not found
[2025-11-15 05:03:05] [DIAG] GET_STATUS requested via CTRL (bulk failed)
[2025-11-15 05:03:06] [DIAG] GET_STATUS requested via CTRL (bulk failed)
[2025-11-15 05:03:08] [DIAG] GET_STATUS requested via CTRL (bulk failed)
[2025-11-15 05:03:09] [WDG] Restart stream: idle_pair=2917.1649012565613 consec_timeouts=0
[2025-11-15 05:03:09] [WDG] Restart failed: [Errno 2] Entity not found
[2025-11-15 05:03:09] [DIAG] GET_STATUS requested via CTRL (bulk failed)
[2025-11-15 05:03:11] [DIAG] GET_STATUS requested via CTRL (bulk failed)
[2025-11-15 05:03:12] [DIAG] GET_STATUS requested via CTRL (bulk failed)
[2025-11-15 05:03:14] [DIAG] GET_STATUS requested via CTRL (bulk failed)
[2025-11-15 05:03:14] [WDG] Restart stream: idle_pair=2922.1701555252075 consec_timeouts=0
[2025-11-15 05:03:14] [WDG] Restart failed: [Errno 2] Entity not found
[2025-11-15 05:03:15] [DIAG] GET_STATUS requested via CTRL (bulk failed)
[2025-11-15 05:03:17] [DIAG] GET_STATUS requested via CTRL (bulk failed)
[2025-11-15 05:03:18] [DIAG] GET_STATUS requested via CTRL (bulk failed)
[2025-11-15 05:03:19] [WDG] Restart stream: idle_pair=2927.17555475235 consec_timeouts=0
[2025-11-15 05:03:19] [WDG] Restart failed: [Errno 2] Entity not found
[2025-11-15 05:03:20] [DIAG] GET_STATUS requested via CTRL (bulk failed)
[2025-11-15 05:03:21] [DIAG] GET_STATUS requested via CTRL (bulk failed)
[2025-11-15 05:03:23] [DIAG] GET_STATUS requested via CTRL (bulk failed)
[2025-11-15 05:03:24] [WDG] Restart stream: idle_pair=2932.1808817386627 consec_timeouts=0
[2025-11-15 05:03:24] [WDG] Restart failed: [Errno 2] Entity not found
[2025-11-15 05:03:24] [DIAG] GET_STATUS requested via CTRL (bulk failed)
[2025-11-15 05:03:26] [DIAG] GET_STATUS requested via CTRL (bulk failed)
[2025-11-15 05:03:27] [DIAG] GET_STATUS requested via CTRL (bulk failed)
[2025-11-15 05:03:29] [DIAG] GET_STATUS requested via CTRL (bulk failed)
[2025-11-15 05:03:29] [WDG] Restart stream: idle_pair=2937.185825586319 consec_timeouts=0
[2025-11-15 05:03:29] [WDG] Restart failed: [Errno 2] Entity not found
[2025-11-15 05:03:30] [DIAG] GET_STATUS requested via CTRL (bulk failed)
[2025-11-15 05:03:32] [DIAG] GET_STATUS requested via CTRL (bulk failed)
[2025-11-15 05:03:33] [DIAG] GET_STATUS requested via CTRL (bulk failed)
[2025-11-15 05:03:34] [WDG] Restart stream: idle_pair=2942.1910939216614 consec_timeouts=0
[2025-11-15 05:03:34] [WDG] Restart failed: [Errno 2] Entity not found
[2025-11-15 05:03:35] [DIAG] GET_STATUS requested via CTRL (bulk failed)
[2025-11-15 05:03:36] [DIAG] GET_STATUS requested via CTRL (bulk failed)
[2025-11-15 05:03:38] [DIAG] GET_STATUS requested via CTRL (bulk failed)
[2025-11-15 05:03:39] [WDG] Restart stream: idle_pair=2947.197068452835 consec_timeouts=0
[2025-11-15 05:03:39] [WDG] Restart failed: [Errno 2] Entity not found
[2025-11-15 05:03:39] [DIAG] GET_STATUS requested via CTRL (bulk failed)
[2025-11-15 05:03:41] [DIAG] GET_STATUS requested via CTRL (bulk failed)
[2025-11-15 05:03:42] [DIAG] GET_STATUS requested via CTRL (bulk failed)
[2025-11-15 05:03:44] [DIAG] GET_STATUS requested via CTRL (bulk failed)
[2025-11-15 05:03:44] [WDG] Restart stream: idle_pair=2952.2038185596466 consec_timeouts=0
[2025-11-15 05:03:44] [WDG] Restart failed: [Errno 2] Entity not found
[2025-11-15 05:03:45] [DIAG] GET_STATUS requested via CTRL (bulk failed)
[2025-11-15 05:03:47] [DIAG] GET_STATUS requested via CTRL (bulk failed)
[2025-11-15 05:03:48] [DIAG] GET_STATUS requested via CTRL (bulk failed)
[2025-11-15 05:03:49] [WDG] Restart stream: idle_pair=2957.209002017975 consec_timeouts=0
[2025-11-15 05:03:49] [WDG] Restart failed: [Errno 2] Entity not found
[2025-11-15 05:03:50] [DIAG] GET_STATUS requested via CTRL (bulk failed)
[2025-11-15 05:03:51] [DIAG] GET_STATUS requested via CTRL (bulk failed)
[2025-11-15 05:03:53] [DIAG] GET_STATUS requested via CTRL (bulk failed)
[2025-11-15 05:03:54] [WDG] Restart stream: idle_pair=2962.21444106102 consec_timeouts=0
[2025-11-15 05:03:54] [WDG] Restart failed: [Errno 2] Entity not found
[2025-11-15 05:03:54] [DIAG] GET_STATUS requested via CTRL (bulk failed)
[2025-11-15 05:03:56] [DIAG] GET_STATUS requested via CTRL (bulk failed)
[2025-11-15 05:03:57] [DIAG] GET_STATUS requested via CTRL (bulk failed)
[2025-11-15 05:03:59] [DIAG] GET_STATUS requested via CTRL (bulk failed)
[2025-11-15 05:03:59] [WDG] Restart stream: idle_pair=2967.2201108932495 consec_timeouts=0
[2025-11-15 05:03:59] [WDG] Restart failed: [Errno 2] Entity not found
[2025-11-15 05:04:00] [DIAG] GET_STATUS requested via CTRL (bulk failed)
[2025-11-15 05:04:02] [DIAG] GET_STATUS requested via CTRL (bulk failed)
[2025-11-15 05:04:03] [DIAG] GET_STATUS requested via CTRL (bulk failed)
[2025-11-15 05:04:04] [WDG] Restart stream: idle_pair=2972.227208375931 consec_timeouts=0
[2025-11-15 05:04:04] [WDG] Restart failed: [Errno 2] Entity not found
[2025-11-15 05:04:05] [DIAG] GET_STATUS requested via CTRL (bulk failed)
[2025-11-15 05:04:06] [DIAG] GET_STATUS requested via CTRL (bulk failed)
[2025-11-15 05:04:08] [DIAG] GET_STATUS requested via CTRL (bulk failed)
[2025-11-15 05:04:09] [WDG] Restart stream: idle_pair=2977.233795642853 consec_timeouts=0
[2025-11-15 05:04:09] [WDG] Restart failed: [Errno 2] Entity not found
[2025-11-15 05:04:09] [DIAG] GET_STATUS requested via CTRL (bulk failed)
[2025-11-15 05:04:11] [DIAG] GET_STATUS requested via CTRL (bulk failed)
[2025-11-15 05:04:12] [DIAG] GET_STATUS requested via CTRL (bulk failed)
[2025-11-15 05:04:14] [DIAG] GET_STATUS requested via CTRL (bulk failed)
[2025-11-15 05:04:14] [WDG] Restart stream: idle_pair=2982.240037918091 consec_timeouts=0
[2025-11-15 05:04:14] [WDG] Restart failed: [Errno 2] Entity not found
[2025-11-15 05:04:15] [DIAG] GET_STATUS requested via CTRL (bulk failed)
[2025-11-15 05:04:17] [DIAG] GET_STATUS requested via CTRL (bulk failed)
[2025-11-15 05:04:18] [DIAG] GET_STATUS requested via CTRL (bulk failed)
[2025-11-15 05:04:19] [WDG] Restart stream: idle_pair=2987.2451252937317 consec_timeouts=0
[2025-11-15 05:04:19] [WDG] Restart failed: [Errno 2] Entity not found
[2025-11-15 05:04:20] [DIAG] GET_STATUS requested via CTRL (bulk failed)
[2025-11-15 05:04:21] [DIAG] GET_STATUS requested via CTRL (bulk failed)
[2025-11-15 05:04:23] [DIAG] GET_STATUS requested via CTRL (bulk failed)
[2025-11-15 05:04:24] [WDG] Restart stream: idle_pair=2992.251859664917 consec_timeouts=0
[2025-11-15 05:04:24] [WDG] Restart failed: [Errno 2] Entity not found
[2025-11-15 05:04:24] [DIAG] GET_STATUS requested via CTRL (bulk failed)
[2025-11-15 05:04:26] [DIAG] GET_STATUS requested via CTRL (bulk failed)
[2025-11-15 05:04:27] [DIAG] GET_STATUS requested via CTRL (bulk failed)
[2025-11-15 05:04:29] [DIAG] GET_STATUS requested via CTRL (bulk failed)
[2025-11-15 05:04:29] [WDG] Restart stream: idle_pair=2997.25777387619 consec_timeouts=0
[2025-11-15 05:04:29] [WDG] Restart failed: [Errno 2] Entity not found
[2025-11-15 05:04:30] [DIAG] GET_STATUS requested via CTRL (bulk failed)
[2025-11-15 05:04:32] [DIAG] GET_STATUS requested via CTRL (bulk failed)
[2025-11-15 05:04:33] [DIAG] GET_STATUS requested via CTRL (bulk failed)
[2025-11-15 05:04:34] [WDG] Restart stream: idle_pair=3002.2639951705933 consec_timeouts=0
[2025-11-15 05:04:34] [WDG] Restart failed: [Errno 2] Entity not found
[2025-11-15 05:04:35] [DIAG] GET_STATUS requested via CTRL (bulk failed)
[2025-11-15 05:04:36] [DIAG] GET_STATUS requested via CTRL (bulk failed)
[2025-11-15 05:04:38] [DIAG] GET_STATUS requested via CTRL (bulk failed)
[2025-11-15 05:04:39] [WDG] Restart stream: idle_pair=3007.268821954727 consec_timeouts=0
[2025-11-15 05:04:39] [WDG] Restart failed: [Errno 2] Entity not found
[2025-11-15 05:04:39] [DIAG] GET_STATUS requested via CTRL (bulk failed)
[2025-11-15 05:04:41] [DIAG] GET_STATUS requested via CTRL (bulk failed)
[2025-11-15 05:04:42] [DIAG] GET_STATUS requested via CTRL (bulk failed)
[2025-11-15 05:04:44] [DIAG] GET_STATUS requested via CTRL (bulk failed)
[2025-11-15 05:04:44] [WDG] Restart stream: idle_pair=3012.2752499580383 consec_timeouts=0
[2025-11-15 05:04:44] [WDG] Restart failed: [Errno 2] Entity not found
[2025-11-15 05:04:45] [DIAG] GET_STATUS requested via CTRL (bulk failed)
[2025-11-15 05:04:47] [DIAG] GET_STATUS requested via CTRL (bulk failed)
[2025-11-15 05:04:48] [DIAG] GET_STATUS requested via CTRL (bulk failed)
[2025-11-15 05:04:49] [WDG] Restart stream: idle_pair=3017.281234025955 consec_timeouts=0
[2025-11-15 05:04:49] [WDG] Restart failed: [Errno 2] Entity not found
[2025-11-15 05:04:50] [DIAG] GET_STATUS requested via CTRL (bulk failed)
[2025-11-15 05:04:51] [DIAG] GET_STATUS requested via CTRL (bulk failed)
[2025-11-15 05:04:53] [DIAG] GET_STATUS requested via CTRL (bulk failed)
[2025-11-15 05:04:54] [WDG] Restart stream: idle_pair=3022.286698102951 consec_timeouts=0
[2025-11-15 05:04:54] [WDG] Restart failed: [Errno 2] Entity not found
[2025-11-15 05:04:54] [DIAG] GET_STATUS requested via CTRL (bulk failed)
[2025-11-15 05:04:56] [DIAG] GET_STATUS requested via CTRL (bulk failed)
[2025-11-15 05:04:57] [DIAG] GET_STATUS requested via CTRL (bulk failed)
[2025-11-15 05:04:59] [DIAG] GET_STATUS requested via CTRL (bulk failed)
[2025-11-15 05:04:59] [WDG] Restart stream: idle_pair=3027.2923245429993 consec_timeouts=0
[2025-11-15 05:04:59] [WDG] Restart failed: [Errno 2] Entity not found
[2025-11-15 05:05:00] [DIAG] GET_STATUS requested via CTRL (bulk failed)
[2025-11-15 05:05:02] [DIAG] GET_STATUS requested via CTRL (bulk failed)
[2025-11-15 05:05:03] [DIAG] GET_STATUS requested via CTRL (bulk failed)
[2025-11-15 05:05:04] [WDG] Restart stream: idle_pair=3032.2984001636505 consec_timeouts=0
[2025-11-15 05:05:04] [WDG] Restart failed: [Errno 2] Entity not found
[2025-11-15 05:05:05] [DIAG] GET_STATUS requested via CTRL (bulk failed)
[2025-11-15 05:05:06] [DIAG] GET_STATUS requested via CTRL (bulk failed)
[2025-11-15 05:05:08] [DIAG] GET_STATUS requested via CTRL (bulk failed)
[2025-11-15 05:05:09] [WDG] Restart stream: idle_pair=3037.3041682243347 consec_timeouts=0
[2025-11-15 05:05:09] [WDG] Restart failed: [Errno 2] Entity not found
[2025-11-15 05:05:09] [DIAG] GET_STATUS requested via CTRL (bulk failed)
[2025-11-15 05:05:11] [DIAG] GET_STATUS requested via CTRL (bulk failed)
[2025-11-15 05:05:12] [DIAG] GET_STATUS requested via CTRL (bulk failed)
[2025-11-15 05:05:14] [DIAG] GET_STATUS requested via CTRL (bulk failed)
[2025-11-15 05:05:14] [WDG] Restart stream: idle_pair=3042.30846452713 consec_timeouts=0
[2025-11-15 05:05:14] [WDG] Restart failed: [Errno 2] Entity not found
[2025-11-15 05:05:15] [DIAG] GET_STATUS requested via CTRL (bulk failed)
[2025-11-15 10:12:43] [START] gui_oscilloscope.py C:\Users\TEST\AppData\Local\Programs\Python\Python312\python.exe 3.12.3 args: {'ns': 0, 'profile': 0, 'pairs': 400, 'single': False, 'no_reset_first': False, 'watchdog': True, 'wdg_idle_sec': 2.5, 'wdg_timeouts': 8, 'log': 'c:\\Users\\TEST\\Documents\\Work\\BMI20\\STM32\\BMI30.stm32h7\\HostTools\\gui_oscilloscope.log', 'status_log_interval': 10.0, 'pkt_log_interval': 0.0, 'fps': 60}
[2025-11-15 10:12:45] [INIT] reset_device_and_reopen(no_reset= False )
[2025-11-15 10:12:45] [USB] Using altsetting=1 (endpoints OK)
[2025-11-15 10:12:52] [USB] Using altsetting=1 (endpoints OK)
[2025-11-15 10:12:52] [INIT] device opened
[2025-11-15 10:12:52] [CFG] SET_FULL_MODE=1
[2025-11-15 10:12:52] [CFG] profile 0 mapped to 1 (A @200Hz)
[2025-11-15 10:12:52] [CFG] SET_PROFILE= 1
[2025-11-15 10:12:53] [CFG] SET_CHMODE= 2
[2025-11-15 10:12:53] [CFG] SET_ASYNC_MODE=1
[2025-11-15 10:12:53] [CFG] SET_BLOCK_HZ= 200
[2025-11-15 10:12:53] [RUN] START stream (bulk + ctrl fallback + GET_STATUS)
[2025-11-15 10:12:53] [WARN] BULK GET_STATUS after START failed: [Errno 10060] Operation timed out
[2025-11-15 10:12:54] [WARN] GET_STATUS after START (CTRL) failed: [Errno 10060] Operation timed out
[2025-11-15 10:12:54] [WARN] GET_STATUS after START (CTRL) failed: [Errno 10060] Operation timed out
[2025-11-15 10:13:03] [WDG] Restart stream: idle_pair=None consec_timeouts=8
[2025-11-15 10:13:03] [WDG] Restart failed: [Errno 10060] Operation timed out
[2025-11-15 10:13:08] [WDG] Restart stream: idle_pair=None consec_timeouts=13
[2025-11-15 10:13:09] [WDG] Restart failed: [Errno 10060] Operation timed out
[2025-11-15 10:13:13] [WDG] Restart stream: idle_pair=None consec_timeouts=18
[2025-11-15 10:13:14] [WDG] Restart failed: [Errno 10060] Operation timed out
[2025-11-15 10:13:19] [WDG] Restart stream: idle_pair=None consec_timeouts=24
[2025-11-15 10:13:19] [WDG] Restart failed: [Errno 10060] Operation timed out
[2025-11-15 10:13:24] [WDG] Restart stream: idle_pair=None consec_timeouts=29
[2025-11-15 10:13:25] [WDG] Restart failed: [Errno 10060] Operation timed out
[2025-11-15 10:13:29] [WDG] Restart stream: idle_pair=None consec_timeouts=34
[2025-11-15 10:13:30] [WDG] Restart failed: [Errno 10060] Operation timed out
[2025-11-15 10:13:35] [WDG] Restart stream: idle_pair=None consec_timeouts=39
[2025-11-15 10:13:35] [WDG] Restart failed: [Errno 10060] Operation timed out
[2025-11-15 10:14:07] [START] gui_oscilloscope.py C:\Users\TEST\AppData\Local\Programs\Python\Python312\python.exe 3.12.3 args: {'ns': 0, 'profile': 0, 'pairs': 400, 'single': False, 'no_reset_first': False, 'watchdog': True, 'wdg_idle_sec': 2.5, 'wdg_timeouts': 8, 'log': 'c:\\Users\\TEST\\Documents\\Work\\BMI20\\STM32\\BMI30.stm32h7\\HostTools\\gui_oscilloscope.log', 'status_log_interval': 10.0, 'pkt_log_interval': 0.0, 'fps': 60}
[2025-11-15 10:14:07] [INIT] reset_device_and_reopen(no_reset= False )
[2025-11-15 10:14:07] [USB] Using altsetting=1 (endpoints OK)
[2025-11-15 10:14:15] [USB] Using altsetting=1 (endpoints OK)
[2025-11-15 10:14:15] [INIT] device opened
[2025-11-15 10:14:15] [CFG] SET_FULL_MODE=1
[2025-11-15 10:14:15] [CFG] profile 0 mapped to 1 (A @200Hz)
[2025-11-15 10:14:15] [CFG] SET_PROFILE= 1
[2025-11-15 10:14:15] [CFG] SET_CHMODE= 2
[2025-11-15 10:14:15] [CFG] SET_ASYNC_MODE=1
[2025-11-15 10:14:15] [CFG] SET_BLOCK_HZ= 200
[2025-11-15 10:14:15] [RUN] START stream (bulk + ctrl fallback + GET_STATUS)
[2025-11-15 10:14:16] [WARN] BULK GET_STATUS after START failed: [Errno 10060] Operation timed out
[2025-11-15 10:14:16] [WARN] GET_STATUS after START (CTRL) failed: [Errno 10060] Operation timed out
[2025-11-15 10:14:17] [WARN] GET_STATUS after START (CTRL) failed: [Errno 10060] Operation timed out
[2025-11-15 10:14:26] [WDG] Restart stream: idle_pair=None consec_timeouts=8
[2025-11-15 10:14:26] [WDG] Restart failed: [Errno 10060] Operation timed out
[2025-11-15 10:14:31] [WDG] Restart stream: idle_pair=None consec_timeouts=13
[2025-11-15 10:14:32] [WDG] Restart failed: [Errno 10060] Operation timed out
[2025-11-15 10:14:36] [WDG] Restart stream: idle_pair=None consec_timeouts=19
[2025-11-15 10:14:37] [WDG] Restart failed: [Errno 10060] Operation timed out
[2025-11-15 10:14:42] [WDG] Restart stream: idle_pair=None consec_timeouts=24
[2025-11-15 10:14:42] [WDG] Restart failed: [Errno 10060] Operation timed out
[2025-11-15 10:14:47] [WDG] Restart stream: idle_pair=None consec_timeouts=29
[2025-11-15 10:14:48] [WDG] Restart failed: [Errno 10060] Operation timed out
[2025-11-15 10:14:52] [WDG] Restart stream: idle_pair=None consec_timeouts=34
[2025-11-15 10:14:53] [WDG] Restart failed: [Errno 10060] Operation timed out
[2025-11-15 10:14:58] [WDG] Restart stream: idle_pair=None consec_timeouts=40
[2025-11-15 10:14:58] [WDG] Restart failed: [Errno 10060] Operation timed out
[2025-11-15 10:15:03] [WDG] Restart stream: idle_pair=None consec_timeouts=45
[2025-11-15 10:15:04] [WDG] Restart failed: [Errno 10060] Operation timed out
[2025-11-15 10:15:08] [WDG] Restart stream: idle_pair=None consec_timeouts=50
[2025-11-15 10:15:09] [WDG] Restart failed: [Errno 10060] Operation timed out
[2025-11-15 10:15:14] [WDG] Restart stream: idle_pair=None consec_timeouts=56
[2025-11-15 10:15:14] [WDG] Restart failed: [Errno 10060] Operation timed out
[2025-11-15 10:15:19] [WDG] Restart stream: idle_pair=None consec_timeouts=61
[2025-11-15 10:15:20] [WDG] Restart failed: [Errno 10060] Operation timed out
[2025-11-15 10:15:24] [WDG] Restart stream: idle_pair=None consec_timeouts=66
[2025-11-15 10:15:25] [WDG] Restart failed: [Errno 32] Pipe error
[2025-11-15 10:15:30] [WDG] Restart stream: idle_pair=None consec_timeouts=67
[2025-11-15 10:15:30] [WDG] Restart failed: [Errno 5] Input/Output Error
[2025-11-15 10:15:35] [WDG] Restart stream: idle_pair=None consec_timeouts=67
[2025-11-15 10:15:35] [WDG] Restart failed: [Errno 5] Input/Output Error
