[USB_IF2] SET_INTERFACE alt=1 (OPEN) speed=FS
[USB_IF2] EP#3 and EP#83 opened, receiving enabled
[CMD] 0x20 len=1
[VND_RCV] #12 CMD 0x20 len=1
[CMD] 0x31 len=1
[VND_RCV] #13 CMD 0x31 len=1
[CMD] 0x31 len=1
[VND_RCV] #14 CMD 0x31 len=1
[CMD] 0x31 len=1
[VND_RCV] #15 CMD 0x31 len=1
[CMD] 0x31 len=1
[VND_RCV] #16 CMD 0x31 len=1
[CMD] 0x31 len=1
[VND_RCV] #17 CMD 0x31 len=1
[CMD] 0x31 len=1
[VND_RCV] #18 CMD 0x31 len=1
[CMD] 0x31 len=1
[VND_RCV] #19 CMD 0x31 len=1
[CMD] 0x31 len=1
[VND_RCV] #20 CMD 0x31 len=1
[USB_IF2] SET_INTERFACE alt=1 (OPEN) speed=FS
[USB_IF2] EP#3 and EP#83 opened, receiving enabled
[USB_IF2] SET_INTERFACE alt=0 (CLOSE)
[USB_IF2] SET_INTERFACE alt=1 (OPEN) speed=FS
[USB_IF2] EP#3 and EP#83 opened, receiving enabled
[CMD] 0x20 len=1
[VND_RCV] #21 CMD 0x20 len=1
[CMD] 0x31 len=1
[VND_RCV] #22 CMD 0x31 len=1
[CMD] 0x31 len=1
[VND_RCV] #23 CMD 0x31 len=1
[CMD] 0x31 len=1
[VND_RCV] #24 CMD 0x31 len=1
[CMD] 0x31 len=1
[VND_RCV] #25 CMD 0x31 len=1
[CMD] 0x31 len=1
[VND_RCV] #26 CMD 0x31 len=1
[CMD] 0x31 len=1
[VND_RCV] #27 CMD 0x31 len=1
[CMD] 0x31 len=1
[VND_RCV] #28 CMD 0x31 len=1
[CMD] 0x31 len=1
[VND_RCV] #29 CMD 0x31 len=1
[CMD] 0x31 len=1
[VND_RCV] #30 CMD 0x31 len=1
[CMD] 0x31 len=1
[VND_RCV] #31 CMD 0x31 len=1
[CMD] 0x31 len=1
[VND_RCV] #32 CMD 0x31 len=1
[CMD] 0x31 len=1
[VND_RCV] #33 CMD 0x31 len=1
[CMD] 0x31 len=1
[VND_RCV] #34 CMD 0x31 len=1
[CMD] 0x31 len=1
[VND_RCV] #35 CMD 0x31 len=1
[CMD] 0x31 len=1
[VND_RCV] #36 CMD 0x31 len=1
[CMD] 0x31 len=1
[VND_RCV] #37 CMD 0x31 len=1
[CMD] 0x31 len=1
[VND_RCV] #38 CMD 0x31 len=1
[CMD] 0x31 len=1
[VND_RCV] #39 CMD 0x31 len=1
[CMD] 0x31 len=1
[VND_RCV] #40 CMD 0x31 len=1
[CMD] 0x31 len=1
[VND_RCV] #41 CMD 0x31 len=1
[CMD] 0x31 len=1
[VND_RCV] #42 CMD 0x31 len=1
[CMD] 0x31 len=1
[VND_RCV] #43 CMD 0x31 len=1
[CMD] 0x31 len=1
[VND_RCV] #44 CMD 0x31 len=1
[CMD] 0x31 len=1
[VND_RCV] #45 CMD 0x31 len=1
[CMD] 0x31 len=1
[VND_RCV] #46 CMD 0x31 len=1
[CMD] 0x31 len=1
[VND_RCV] #47 CMD 0x31 len=1
[CMD] 0x31 len=1
[VND_RCV] #48 CMD 0x31 len=1
[CMD] 0x31 len=1
[VND_RCV] #49 CMD 0x31 len=1
[CMD] 0x31 len=1
[VND_RCV] #50 CMD 0x31 len=1
[CMD] 0x31 len=1
[VND_RCV] #51 CMD 0x31 len=1
[CMD] 0x31 len=1
[VND_RCV] #52 CMD 0x31 len=1
[CMD] 0x31 len=1
[VND_RCV] #53 CMD 0x31 len=1
[CMD] 0x31 len=1
[VND_RCV] #54 CMD 0x31 len=1
[CMD] 0x31 len=1
[VND_RCV] #55 CMD 0x31 len=1
[CMD] 0x31 len=1
[VND_RCV] #56 CMD 0x31 len=1
[CMD] 0x31 len=1
[VND_RCV] #57 CMD 0x31 len=1
[CMD] 0x31 len=1
[VND_RCV] #58 CMD 0x31 len=1
[CMD] 0x31 len=1
[VND_RCV] #59 CMD 0x31 len=1
[CMD] 0x31 len=1
[VND_RCV] #60 CMD 0x31 len=1
[CMD] 0x31 len=1
[VND_RCV] #61 CMD 0x31 len=1
[CMD] 0x31 len=1
[VND_RCV] #62 CMD 0x31 len=1
[CMD] 0x31 len=1
[VND_RCV] #63 CMD 0x31 len=1
[CMD] 0x31 len=1
[VND_RCV] #64 CMD 0x31 len=1
[CMD] 0x31 len=1
[VND_RCV] #65 CMD 0x31 len=1
[CMD] 0x31 len=1
[VND_RCV] #66 CMD 0x31 len=1
[CMD] 0x31 len=1
[VND_RCV] #67 CMD 0x31 len=1
[CMD] 0x31 len=1
[VND_RCV] #68 CMD 0x31 len=1
[CMD] 0x31 len=1
[VND_RCV] #69 CMD 0x31 len=1
[CMD] 0x31 len=1
[VND_RCV] #70 CMD 0x31 len=1
[CMD] 0x31 len=1
[VND_RCV] #71 CMD 0x31 len=1
[CMD] 0x31 len=1
[VND_RCV] #72 CMD 0x31 len=1
[CMD] 0x31 len=1
[VND_RCV] #73 CMD 0x31 len=1
[CMD] 0x31 len=1
[VND_RCV] #74 CMD 0x31 len=1
[CMD] 0x31 len=1
[VND_RCV] #75 CMD 0x31 len=1
[CMD] 0x31 len=1
[VND_RCV] #76 CMD 0x31 len=1
[CMD] 0x31 len=1
[VND_RCV] #77 CMD 0x31 len=1
[CMD] 0x31 len=1
[VND_RCV] #78 CMD 0x31 len=1
[CMD] 0x31 len=1
[VND_RCV] #79 CMD 0x31 len=1
[CMD] 0x31 len=1
[VND_RCV] #80 CMD 0x31 len=1
[CMD] 0x31 len=1
[VND_RCV] #81 CMD 0x31 len=1
[CMD] 0x31 len=1
[VND_RCV] #82 CMD 0x31 len=1
[CMD] 0x31 len=1
[VND_RCV] #83 CMD 0x31 len=1
[CMD] 0x31 len=1
[VND_RCV] #84 CMD 0x31 len=1
[CMD] 0x31 len=1
[VND_RCV] #85 CMD 0x31 len=1
[CMD] 0x31 len=1
[VND_RCV] #86 CMD 0x31 len=1
[CMD] 0x31 len=1
[VND_RCV] #87 CMD 0x31 len=1
[CMD] 0x31 len=1
[VND_RCV] #88 CMD 0x31 len=1
[CMD] 0x31 len=1
[VND_RCV] #89 CMD 0x31 len=1
[CMD] 0x31 len=1
[VND_RCV] #90 CMD 0x31 len=1
[CMD] 0x31 len=1
[VND_RCV] #91 CMD 0x31 len=1
[CMD] 0x31 len=1
[VND_RCV] #92 CMD 0x31 len=1
[CMD] 0x31 len=1
[VND_RCV] #93 CMD 0x31 len=1
[CMD] 0x31 len=1
[VND_RCV] #94 CMD 0x31 len=1
[CMD] 0x31 len=1
[VND_RCV] #95 CMD 0x31 len=1
[CMD] 0x31 len=1
[VND_RCV] #96 CMD 0x31 len=1
[CMD] 0x31 len=1
[VND_RCV] #97 CMD 0x31 len=1
[CMD] 0x31 len=1
[VND_RCV] #98 CMD 0x31 len=1
[CMD] 0x31 len=1
[VND_RCV] #99 CMD 0x31 len=1
[CMD] 0x31 len=1
[VND_RCV] #100 CMD 0x31 len=1
[CMD] 0x31 len=1
[VND_RCV] #101 CMD 0x31 len=1
[CMD] 0x31 len=1
[VND_RCV] #102 CMD 0x31 len=1
[CMD] 0x31 len=1
[VND_RCV] #103 CMD 0x31 len=1
[CMD] 0x31 len=1
[VND_RCV] #104 CMD 0x31 len=1
[CMD] 0x31 len=1
[VND_RCV] #105 CMD 0x31 len=1
[CMD] 0x31 len=1
[VND_RCV] #106 CMD 0x31 len=1
[CMD] 0x31 len=1
[VND_RCV] #107 CMD 0x31 len=1
[CMD] 0x31 len=1
[VND_RCV] #108 CMD 0x31 len=1
[CMD] 0x31 len=1
[VND_RCV] #109 CMD 0x31 len=1
[CMD] 0x31 len=1
[VND_RCV] #110 CMD 0x31 len=1
[CMD] 0x31 len=1
[VND_RCV] #111 CMD 0x31 len=1
[CMD] 0x31 len=1
[VND_RCV] #112 CMD 0x31 len=1
[CMD] 0x31 len=1
[VND_RCV] #113 CMD 0x31 len=1
[CMD] 0x31 len=1
[VND_RCV] #114 CMD 0x31 len=1
[CMD] 0x31 len=1
[VND_RCV] #115 CMD 0x31 len=1
[CMD] 0x31 len=1
[VND_RCV] #116 CMD 0x31 len=1
[CMD] 0x31 len=1
[VND_RCV] #117 CMD 0x31 len=1
[CMD] 0x31 len=1
[VND_RCV] #118 CMD 0x31 len=1
[CMD] 0x31 len=1
[VND_RCV] #119 CMD 0x31 len=1
[CMD] 0x31 len=1
[VND_RCV] #120 CMD 0x31 len=1
[CMD] 0x31 len=1
[VND_RCV] #121 CMD 0x31 len=1
[CMD] 0x31 len=1
[VND_RCV] #122 CMD 0x31 len=1
[CMD] 0x31 len=1
[VND_RCV] #123 CMD 0x31 len=1
[CMD] 0x31 len=1
[VND_RCV] #124 CMD 0x31 len=1
[CMD] 0x31 len=1
[VND_RCV] #125 CMD 0x31 len=1
[CMD] 0x31 len=1
[VND_RCV] #126 CMD 0x31 len=1
[CMD] 0x31 len=1
[VND_RCV] #127 CMD 0x31 len=1
[CMD] 0x31 len=1
[VND_RCV] #128 CMD 0x31 len=1
[CMD] 0x31 len=1
[VND_RCV] #129 CMD 0x31 len=1
[CMD] 0x31 len=1
[VND_RCV] #130 CMD 0x31 len=1
[CMD] 0x31 len=1
[VND_RCV] #131 CMD 0x31 len=1
[CMD] 0x31 len=1
[VND_RCV] #132 CMD 0x31 len=1
[CMD] 0x31 len=1
[VND_RCV] #133 CMD 0x31 len=1
[CMD] 0x31 len=1
[VND_RCV] #134 CMD 0x31 len=1
[CMD] 0x31 len=1
[VND_RCV] #135 CMD 0x31 len=1
[CMD] 0x31 len=1
[VND_RCV] #136 CMD 0x31 len=1
[CMD] 0x31 len=1
[VND_RCV] #137 CMD 0x31 len=1
[CMD] 0x31 len=1
[VND_RCV] #138 CMD 0x31 len=1
[CMD] 0x31 len=1
[VND_RCV] #139 CMD 0x31 len=1
[CMD] 0x31 len=1
[VND_RCV] #140 CMD 0x31 len=1
[CMD] 0x31 len=1
[VND_RCV] #141 CMD 0x31 len=1
[CMD] 0x31 len=1
[VND_RCV] #142 CMD 0x31 len=1
[CMD] 0x31 len=1
[VND_RCV] #143 CMD 0x31 len=1
[CMD] 0x31 len=1
[VND_RCV] #144 CMD 0x31 len=1
[CMD] 0x31 len=1
[VND_RCV] #145 CMD 0x31 len=1
[CMD] 0x31 len=1
[VND_RCV] #146 CMD 0x31 len=1
[CMD] 0x31 len=1
[VND_RCV] #147 CMD 0x31 len=1
[CMD] 0x31 len=1
[VND_RCV] #148 CMD 0x31 len=1
[CMD] 0x31 len=1
[VND_RCV] #149 CMD 0x31 len=1
[CMD] 0x31 len=1
[VND_RCV] #150 CMD 0x31 len=1
[CMD] 0x31 len=1
[VND_RCV] #151 CMD 0x31 len=1
[CMD] 0x31 len=1
[VND_RCV] #152 CMD 0x31 len=1
[CMD] 0x31 len=1
[VND_RCV] #153 CMD 0x31 len=1
[CMD] 0x31 len=1
[VND_RCV] #154 CMD 0x31 len=1
[CMD] 0x31 len=1
[VND_RCV] #155 CMD 0x31 len=1
[CMD] 0x31 len=1
[VND_RCV] #156 CMD 0x31 len=1
[CMD] 0x31 len=1
[VND_RCV] #157 CMD 0x31 len=1
[CMD] 0x31 len=1
[VND_RCV] #158 CMD 0x31 len=1
[CMD] 0x31 len=1
[VND_RCV] #159 CMD 0x31 len=1
[CMD] 0x31 len=1
[VND_RCV] #160 CMD 0x31 len=1
[CMD] 0x31 len=1
[VND_RCV] #161 CMD 0x31 len=1
[CMD] 0x31 len=1
[VND_RCV] #162 CMD 0x31 len=1
[CMD] 0x31 len=1
[VND_RCV] #163 CMD 0x31 len=1
[CMD] 0x31 len=1
[VND_RCV] #164 CMD 0x31 len=1
[CMD] 0x31 len=1
[VND_RCV] #165 CMD 0x31 len=1
[CMD] 0x31 len=1
[VND_RCV] #166 CMD 0x31 len=1
[CMD] 0x31 len=1
[VND_RCV] #167 CMD 0x31 len=1
[CMD] 0x31 len=1
[VND_RCV] #168 CMD 0x31 len=1
[CMD] 0x31 len=1
[VND_RCV] #169 CMD 0x31 len=1
[CMD] 0x31 len=1
[VND_RCV] #170 CMD 0x31 len=1
[CMD] 0x31 len=1
[VND_RCV] #171 CMD 0x31 len=1
[CMD] 0x31 len=1
[VND_RCV] #172 CMD 0x31 len=1
[CMD] 0x31 len=1
[VND_RCV] #173 CMD 0x31 len=1
[CMD] 0x31 len=1
[VND_RCV] #174 CMD 0x31 len=1
[CMD] 0x31 len=1
[VND_RCV] #175 CMD 0x31 len=1
[CMD] 0x31 len=1
[VND_RCV] #176 CMD 0x31 len=1
[CMD] 0x31 len=1
[VND_RCV] #177 CMD 0x31 len=1
[CMD] 0x31 len=1
[VND_RCV] #178 CMD 0x31 len=1
[CMD] 0x31 len=1
[VND_RCV] #179 CMD 0x31 len=1
[CMD] 0x31 len=1
[VND_RCV] #180 CMD 0x31 len=1
[CMD] 0x31 len=1
[VND_RCV] #181 CMD 0x31 len=1
[CMD] 0x31 len=1
[VND_RCV] #182 CMD 0x31 len=1
[CMD] 0x31 len=1
[VND_RCV] #183 CMD 0x31 len=1
[CMD] 0x31 len=1
[VND_RCV] #184 CMD 0x31 len=1
[CMD] 0x31 len=1
[VND_RCV] #185 CMD 0x31 len=1
[CMD] 0x31 len=1
[VND_RCV] #186 CMD 0x31 len=1
[CMD] 0x31 len=1
[VND_RCV] #187 CMD 0x31 len=1
[CMD] 0x31 len=1
[VND_RCV] #188 CMD 0x31 len=1
[CMD] 0x31 len=1
[VND_RCV] #189 CMD 0x31 len=1
[CMD] 0x31 len=1
[VND_RCV] #190 CMD 0x31 len=1
[CMD] 0x31 len=1
[VND_RCV] #191 CMD 0x31 len=1
[CMD] 0x31 len=1
[VND_RCV] #192 CMD 0x31 len=1
[CMD] 0x31 len=1
[VND_RCV] #193 CMD 0x31 len=1
[USB_IF2] SET_INTERFACE alt=0 (CLOSE)
[USB_IF2] SET_INTERFACE alt=0 (CLOSE)
[CMD] 0x10 len=9
[VND_RCV] #33 CMD 0x10 len=9
[CMD] 0x11 len=3
[VND_RCV] #34 CMD 0x11 len=3
[CMD] 0x13 len=2
[VND_RCV] #35 CMD 0x13 len=2
[CMD] 0x14 len=2
[VND_RCV] #36 CMD 0x14 len=2
[CMD] 0x18 len=2
[VND_RCV] #37 CMD 0x18 len=2
[CMD] 0x19 len=2
[VND_RCV] #38 CMD 0x19 len=2
[CMD] 0x20 len=1
[VND_RCV] #39 CMD 0x20 len=1
[CMD] 0x30 len=1
[VND_RCV] #40 CMD 0x30 len=1
[CMD] 0x21 len=1
[VND_RCV] #41 CMD 0x21 len=1
[USB_IF2] SET_INTERFACE alt=0 (CLOSE)
[USB_IF2] SET_INTERFACE alt=1 (OPEN) speed=FS
[USB_IF2] EP#3 and EP#83 opened, receiving enabled
[CMD] 0x10 len=9
[VND_RCV] #42 CMD 0x10 len=9
[CMD] 0x11 len=3
[VND_RCV] #43 CMD 0x11 len=3
[CMD] 0x13 len=2
[VND_RCV] #44 CMD 0x13 len=2
[CMD] 0x14 len=2
[VND_RCV] #45 CMD 0x14 len=2
[CMD] 0x18 len=2
[VND_RCV] #46 CMD 0x18 len=2
[CMD] 0x19 len=2
[VND_RCV] #47 CMD 0x19 len=2
[CMD] 0x20 len=1
[VND_RCV] #48 CMD 0x20 len=1
[CMD] 0x30 len=1
[VND_RCV] #49 CMD 0x30 len=1
[CMD] 0x21 len=1
[VND_RCV] #50 CMD 0x21 len=1
[USB_IF2] SET_INTERFACE alt=0 (CLOSE)
[USB_IF2] SET_INTERFACE alt=1 (OPEN) speed=FS
[USB_IF2] EP#3 and EP#83 opened, receiving enabled
E_PAIR slotA[UART1] RX interrupt armed
[BOOT] BUILD_TS=Nov  9 2025-16:02:44 COUNT=1836212527 SIGN=0xA5B6C7D8
[BOOT] DIAG_REV=4
[EARLY] RSR=0x01420000 (pre-HAL_Init snapshot)
[BOOT] RSR=0x01420000 FLAGS=PIN,SOFT PRIMARY=PIN SIGN=0xA5B6C7D8
[BOOT] RSR_TRACE idx=15: 0x01420000,0x01420000,0x00420000,0x01420000,0x01420000,0x01420000,0x01420000,0x01420000
[BOOT] FW_VERSION=1.2.3 DATE=2025-11-09 TIME=16:33:09 HASH=nogit
[BOOT] FW 1.2.3 (GCC) built 2025-11-09 16:33:09 (nogit)
[UART] USART1=115200 8N1 ready
[BOOT] DBG:DHCSR=0x00010000 C_DEBUGEN=0 S_SLEEP=0 S_LOCKUP=0 CR=0x0070003F OPTSR=0x00000000
[BOOT] IWDG_CFG=DISABLED (compile-time macro)
[BOOT] LAST_UPTIMES(ms): 0,0,0,0,0,0,0,340861
[BOOT] LAST_PROGRESS: 0x00,0x00,0x00,0x00
[PWM] TIM1 initialized: ARR=2499, PSC=274
[UART1] RX interrupt armed
[INIT] Before USB_DEVICE_Init
[00:00.097][USB_INIT] Starting MX_USB_DEVICE_Init...
[00:00.097][USB_INIT] USBD_Init OK
[00:00.097][USB_INIT] USBD_RegisterClass OK
[00:00.097][USB_INIT] USBD_CDC_RegisterInterface OK
[00:00.097][USB_INIT] USBD_Start OK - device should enumerate now
[DIAG] IWDG hard-disabled (no init call)
[USB] DEVICE_INIT
[USB_IF2] SET_INTERFACE alt=0 (CLOSE)
[PWM] PWM disabled by DISABLE_PWM_TEST or FORCE_BL_GPIO
[INIT] Starting common initialization...
[INIT] USB voltage detector enabled
[USB] VID=0xCAFE PID=0x4001 LANGID=1033
[USB] MFG="AM Security" PROD="BMI30 TagIT"
[INIT] USB initialization completed
[ADC][CALIB] Starting ADC1 calibration...
[ADC][CALIB] ADC1 calibration OK
[ADC][CALIB] Starting ADC2 calibration...
[ADC][CALIB] ADC2 calibration OK
[ADC][START] profile=0 samples=1360
[ADC][APPLY_PROFILE] profile=0 samples=1360
[ADC][APPLY_PROFILE] DMA ????????????????????, ???????????????????? ?? ??????????????
[ADC][APPLY_PROFILE] HAL_ADC_Start_DMA ADC1 rc=0
[ADC][APPLY_PROFILE] HAL_ADC_Start_DMA ADC2 rc=0
[ADC][DMA1S0] CR=0x00002D17 NDTR=1359 PAR=0x40022040 M0AR=0x24000300 FCR=0x00000020 single=0
[ADC][START] adc_stream_apply_profile rc=0
[TIM15] Pre-Start: CR1=0x00000080 CR2=0x00000020 SMCR=0x00000014 SR=0x00000041 DIER=0x00000000 PSC=0 ARR=999 CNT=0
[TIM15] Started: CR1=0x00000081 SR=0x00000041 CNT=59
[INIT] ADC and TIM15 initialization completed
[INIT] Entering main loop...
[USB_IF2] SET_INTERFACE alt=1 (OPEN) speed=FS
[USB_IF2] EP#3 and EP#83 opened, receiving enabled
[CMD] 0x21 len=1
[VND_RCV] #1 CMD 0x21 len=1
[VND] CMD 0x21 len=1
[CMD_IND] STOP received #1 (at t=25010 ms, 0 sec ago)
[VND] STOP_STREAM (full mode)
[CMD] 0x20 len=1
[VND_RCV] #2 CMD 0x20 len=1
[VND] CMD 0x20 len=1
[CMD_IND] START received #1 (at t=25577 ms, 0 sec ago)
[VND] START_STREAM received
[VND] PAIR_TIMING(info): samples=300 buf_rate=200 -> period???1000 ms
[VND] START_STREAM: transmission enabled (ADC already running)
[VND] START_STREAM
[ADC][DIAG] CH1: zero buffer detected! seq=1724 idx=28 zeros_total=1
[VND] META_PUSH fl=0x01 seq=0 depth=1
[VND] SEND tag=ADC0-ASY2 hdr.seq=0 flags=0x01 cur_stream_seq=0 len=632
[VND] HDR sz=32 off.magic=0 off.seq=4 off.timestamp=8 off.total=12
[VND] PREPARE_PAIR slot=0
[VND] BUILD_FRAME cf_seq=1 flags=0x01 samples=300
[VND] BUILD_FRAME cf_seq=1 flags=0x02 samples=300
[VND] TXCPLT len=632 dt=1ms depth=1 push=25 pop=24 empty=0 ovf=0
[VND] TXCPLT_CLASS is_frame=1 fl=0x01 seq=11 depth_now=0 (meta_have=1)
[VND] META_PUSH fl=0x02 seq=12 depth=1
[VND] SEND tag=ADC1-ASY2 hdr.seq=12 flags=0x02 cur_stream_seq=12 len=632
[VND] TXCPLT len=632 dt=1ms depth=1 push=26 pop=25 empty=0 ovf=0
[VND] TXCPLT_CLASS is_frame=1 fl=0x02 seq=12 depth_now=0 (meta_have=1)
[ADC][DIAG] CH1: zero buffer detected! seq=1737 idx=9 zeros_total=13
[VND] META_PUSH fl=0x01 seq=12 depth=1
[VND] SEND tag=ADC0-ASY2 hdr.seq=12 flags=0x01 cur_stream_seq=13 len=632
[VND] TXCPLT len=632 dt=1ms depth=1 push=27 pop=26 empty=0 ovf=0
[VND] TXCPLT_CLASS is_frame=1 fl=0x01 seq=12 depth_now=0 (meta_have=1)
[VND] META_PUSH fl=0x02 seq=13 depth=1
[VND] SEND tag=ADC1-ASY2 hdr.seq=13 flags=0x02 cur_stream_seq=13 len=632
[VND] TXCPLT len=632 dt=1ms depth=1 push=28 pop=27 empty=0 ovf=0
[VND] TXCPLT_CLASS is_frame=1 fl=0x02 seq=13 depth_now=0 (meta_have=1)
[ADC][DIAG] CH1: zero buffer detected! seq=1738 idx=10 zeros_total=14
[VND] META_PUSH fl=0x01 seq=13 depth=1
[VND] SEND tag=ADC0-ASY2 hdr.seq=13 flags=0x01 cur_stream_seq=14 len=632
[VND] TXCPLT len=632 dt=2ms depth=1 push=29 pop=28 empty=0 ovf=0
[VND] TXCPLT_CLASS is_frame=1 fl=0x01 seq=13 depth_now=0 (meta_have=1)
[VND] META_PUSH fl=0x02 seq=14 depth=1
[VND] SEND tag=ADC1-ASY2 hdr.seq=14 flags=0x02 cur_stream_seq=14 len=632
[VND] TXCPLT len=632 dt=1ms depth=1 push=30 pop=29 empty=0 ovf=0
[VND] TXCPLT_CLASS is_frame=1 fl=0x02 seq=14 depth_now=0 (meta_have=1)
[ADC][DIAG] CH1: zero buffer detected! seq=1739 idx=11 zeros_total=15
[VND] META_PUSH fl=0x01 seq=14 depth=1
[VND] SEND tag=ADC0-ASY2 hdr.seq=14 flags=0x01 cur_stream_seq=15 len=632
[VND] TXCPLT len=632 dt=2ms depth=1 push=31 pop=30 empty=0 ovf=0
[VND] TXCPLT_CLASS is_frame=1 fl=0x01 seq=14 depth_now=0 (meta_have=1)
[VND] META_PUSH fl=0x02 seq=15 depth=1
[VND] SEND tag=ADC1-ASY2 hdr.seq=15 flags=0x02 cur_stream_seq=15 len=632
[VND] TXCPLT len=632 dt=1ms depth=1 push=32 pop=31 empty=0 ovf=0
[VND] TXCPLT_CLASS is_frame=1 fl=0x02 seq=15 depth_now=0 (meta_have=1)
[ADC][DIAG] CH1: zero buffer detected! seq=1740 idx=12 zeros_total=16
[VND] META_PUSH fl=0x01 seq=15 depth=1
[VND] SEND tag=ADC0-ASY2 hdr.seq=15 flags=0x01 cur_stream_seq=16 len=632
[VND] TXCPLT len=632 dt=1ms depth=1 push=33 pop=32 empty=0 ovf=0
[VND] TXCPLT_CLASS is_frame=1 fl=0x01 seq=15 depth_now=0 (meta_have=1)
[VND] META_PUSH fl=0x02 seq=16 depth=1
[VND] SEND tag=ADC1-ASY2 hdr.seq=16 flags=0x02 cur_stream_seq=16 len=632
[VND] TXCPLT len=632 dt=1ms depth=1 push=34 pop=33 empty=0 ovf=0
[VND] TXCPLT_CLASS is_frame=1 fl=0x02 seq=16 depth_now=0 (meta_have=1)
[ADC][DIAG] CH1: zero buffer detected! seq=1741 idx=13 zeros_total=17
[VND] META_PUSH fl=0x01 seq=16 depth=1
[VND] SEND tag=ADC0-ASY2 hdr.seq=16 flags=0x01 cur_stream_seq=17 len=632
[VND] TXCPLT len=632 dt=1ms depth=1 push=35 pop=34 empty=0 ovf=0
[VND] TXCPLT_CLASS is_frame=1 fl=0x01 seq=16 depth_now=0 (meta_have=1)
[VND] META_PUSH fl=0x02 seq=17 depth=1
[VND] SEND tag=ADC1-ASY2 hdr.seq=17 flags=0x02 cur_stream_seq=17 len=632
[VND] TXCPLT len=632 dt=1ms depth=1 push=36 pop=35 empty=0 ovf=0
[VND] TXCPLT_CLASS is_frame=1 fl=0x02 seq=17 depth_now=0 (meta_have=1)
[ADC][DIAG] CH1: zero buffer detected! seq=1743 idx=15 zeros_total=18
[VND] META_PUSH fl=0x01 seq=17 depth=1
[VND] SEND tag=ADC0-ASY2 hdr.seq=17 flags=0x01 cur_stream_seq=18 len=632
[VND] TXCPLT len=632 dt=1ms depth=1 push=37 pop=36 empty=0 ovf=0
[VND] TXCPLT_CLASS is_frame=1 fl=0x01 seq=17 depth_now=0 (meta_have=1)
[VND] META_PUSH fl=0x02 seq=18 depth=1
[VND] SEND tag=ADC1-ASY2 hdr.seq=18 flags=0x02 cur_stream_seq=18 len=632
[VND] TXCPLT len=632 dt=1ms depth=1 push=38 pop=37 empty=0 ovf=0
[VND] TXCPLT_CLASS is_frame=1 fl=0x02 seq=18 depth_now=0 (meta_have=1)
[ADC][DIAG] CH1: zero buffer detected! seq=1745 idx=17 zeros_total=19
[VND] META_PUSH fl=0x01 seq=18 depth=1
[VND] SEND tag=ADC0-ASY2 hdr.seq=18 flags=0x01 cur_stream_seq=19 len=632
[VND] TXCPLT len=632 dt=1ms depth=1 push=39 pop=38 empty=0 ovf=0
[VND] TXCPLT_CLASS is_frame=1 fl=0x01 seq=18 depth_now=0 (meta_have=1)
[VND] META_PUSH fl=0x02 seq=19 depth=1
[VND] SEND tag=ADC1-ASY2 hdr.seq=19 flags=0x02 cur_stream_seq=19 len=632
[VND] TXCPLT len=632 dt=2ms depth=1 push=40 pop=39 empty=0 ovf=0
[VND] TXCPLT_CLASS is_frame=1 fl=0x02 seq=19 depth_now=0 (meta_have=1)
[ADC][DIAG] CH1: zero buffer detected! seq=1747 idx=19 zeros_total=20
[VND] META_PUSH fl=0x01 seq=19 depth=1
[VND] SEND tag=ADC0-ASY2 hdr.seq=19 flags=0x01 cur_stream_seq=20 len=632
[VND] TXCPLT len=632 dt=1ms depth=1 push=41 pop=40 empty=0 ovf=0
[VND] TXCPLT_CLASS is_frame=1 fl=0x01 seq=19 depth_now=0 (meta_have=1)
[VND] META_PUSH fl=0x02 seq=20 depth=1
[VND] SEND tag=ADC1-ASY2 hdr.seq=20 flags=0x02 cur_stream_seq=20 len=632
[VND] TXCPLT len=632 dt=2ms depth=1 push=42 pop=41 empty=0 ovf=0
[VND] TXCPLT_CLASS is_frame=1 fl=0x02 seq=20 depth_now=0 (meta_have=1)
[ADC][DIAG] CH1: zero buffer detected! seq=1749 idx=21 zeros_total=21
[VND] META_PUSH fl=0x01 seq=20 depth=1
[VND] SEND tag=ADC0-ASY2 hdr.seq=20 flags=0x01 cur_stream_seq=21 len=632
[VND] TXCPLT len=632 dt=2ms depth=1 push=43 pop=42 empty=0 ovf=0
[VND] TXCPLT_CLASS is_frame=1 fl=0x01 seq=20 depth_now=0 (meta_have=1)
[VND] META_PUSH fl=0x02 seq=21 depth=1
[VND] SEND tag=ADC1-ASY2 hdr.seq=21 flags=0x02 cur_stream_seq=21 len=632
[VND] TXCPLT len=632 dt=1ms depth=1 push=44 pop=43 empty=0 ovf=0
[VND] TXCPLT_CLASS is_frame=1 fl=0x02 seq=21 depth_now=0 (meta_have=1)
[ADC][DIAG] CH1: zero buffer detected! seq=1751 idx=23 zeros_total=22
[VND] META_PUSH fl=0x01 seq=21 depth=1
[VND] SEND tag=ADC0-ASY2 hdr.seq=21 flags=0x01 cur_stream_seq=22 len=632
[VND] TXCPLT len=632 dt=2ms depth=1 push=45 pop=44 empty=0 ovf=0
[VND] TXCPLT_CLASS is_frame=1 fl=0x01 seq=21 depth_now=0 (meta_have=1)
[VND] META_PUSH fl=0x02 seq=22 depth=1
[VND] SEND tag=ADC1-ASY2 hdr.seq=22 flags=0x02 cur_stream_seq=22 len=632
[VND] TXCPLT len=632 dt=1ms depth=1 push=46 pop=45 empty=0 ovf=0
[VND] TXCPLT_CLASS is_frame=1 fl=0x02 seq=22 depth_now=0 (meta_have=1)
[ADC][DIAG] CH1: zero buffer detected! seq=1753 idx=25 zeros_total=23
[VND] META_PUSH fl=0x01 seq=22 depth=1
[VND] SEND tag=ADC0-ASY2 hdr.seq=22 flags=0x01 cur_stream_seq=23 len=632
[VND] TXCPLT len=632 dt=1ms depth=1 push=47 pop=46 empty=0 ovf=0
[VND] TXCPLT_CLASS is_frame=1 fl=0x01 seq=22 depth_now=0 (meta_have=1)
[VND] META_PUSH fl=0x02 seq=23 depth=1
[VND] SEND tag=ADC1-ASY2 hdr.seq=23 flags=0x02 cur_stream_seq=23 len=632
[VND] TXCPLT len=632 dt=1ms depth=1 push=48 pop=47 empty=0 ovf=0
[VND] TXCPLT_CLASS is_frame=1 fl=0x02 seq=23 depth_now=0 (meta_have=1)
[ADC][DIAG] CH1: zero buffer detected! seq=1755 idx=27 zeros_total=24
[VND] META_PUSH fl=0x01 seq=23 depth=1
[VND] SEND tag=ADC0-ASY2 hdr.seq=23 flags=0x01 cur_stream_seq=24 len=632
[VND] TXCPLT len=632 dt=1ms depth=1 push=49 pop=48 empty=0 ovf=0
[VND] TXCPLT_CLASS is_frame=1 fl=0x01 seq=23 depth_now=0 (meta_have=1)
[VND] META_PUSH fl=0x02 seq=24 depth=1
[VND] SEND tag=ADC1-ASY2 hdr.seq=24 flags=0x02 cur_stream_seq=24 len=632
[VND] TXCPLT len=632 dt=1ms depth=1 push=50 pop=49 empty=0 ovf=0
[VND] TXCPLT_CLASS is_frame=1 fl=0x02 seq=24 depth_now=0 (meta_have=1)
[ADC][DIAG] CH1: zero buffer detected! seq=1757 idx=29 zeros_total=25
[VND] META_PUSH fl=0x01 seq=24 depth=1
[VND] SEND tag=ADC0-ASY2 hdr.seq=24 flags=0x01 cur_stream_seq=25 len=632
[VND] TXCPLT len=632 dt=1ms depth=1 push=51 pop=50 empty=0 ovf=0
[VND] TXCPLT_CLASS is_frame=1 fl=0x01 seq=24 depth_now=0 (meta_have=1)
[VND] META_PUSH fl=0x02 seq=25 depth=1
[VND] SEND tag=ADC1-ASY2 hdr.seq=25 flags=0x02 cur_stream_seq=25 len=632
[VND] TXCPLT len=632 dt=1ms depth=1 push=52 pop=51 empty=0 ovf=0
[VND] TXCPLT_CLASS is_frame=1 fl=0x02 seq=25 depth_now=0 (meta_have=1)
[ADC][DIAG] CH1: zero buffer detected! seq=1759 idx=31 zeros_total=26
[VND] META_PUSH fl=0x01 seq=25 depth=1
[VND] SEND tag=ADC0-ASY2 hdr.seq=25 flags=0x01 cur_stream_seq=26 len=632
[VND] TXCPLT len=632 dt=1ms depth=1 push=53 pop=52 empty=0 ovf=0
[VND] TXCPLT_CLASS is_frame=1 fl=0x01 seq=25 depth_now=0 (meta_have=1)
[VND] META_PUSH fl=0x02 seq=26 depth=1
[VND] SEND tag=ADC1-ASY2 hdr.seq=26 flags=0x02 cur_stream_seq=26 len=632
[VND] TXCPLT len=632 dt=2ms depth=1 push=54 pop=53 empty=0 ovf=0
[VND] TXCPLT_CLASS is_frame=1 fl=0x02 seq=26 depth_now=0 (meta_have=1)
[ADC][DIAG] CH1: zero buffer detected! seq=1761 idx=1 zeros_total=27
[VND] META_PUSH fl=0x01 seq=26 depth=1
[VND] SEND tag=ADC0-ASY2 hdr.seq=26 flags=0x01 cur_stream_seq=27 len=632
[VND] TXCPLT len=632 dt=2ms depth=1 push=55 pop=54 empty=0 ovf=0
[VND] TXCPLT_CLASS is_frame=1 fl=0x01 seq=26 depth_now=0 (meta_have=1)
[VND] META_PUSH fl=0x02 seq=27 depth=1
[VND] SEND tag=ADC1-ASY2 hdr.seq=27 flags=0x02 cur_stream_seq=27 len=632
[VND] TXCPLT len=632 dt=1ms depth=1 push=56 pop=55 empty=0 ovf=0
[VND] TXCPLT_CLASS is_frame=1 fl=0x02 seq=27 depth_now=0 (meta_have=1)
[ADC][DIAG] CH1: zero buffer detected! seq=1763 idx=3 zeros_total=28
[VND] META_PUSH fl=0x01 seq=27 depth=1
[VND] SEND tag=ADC0-ASY2 hdr.seq=27 flags=0x01 cur_stream_seq=28 len=632
[VND] TXCPLT len=632 dt=2ms depth=1 push=57 pop=56 empty=0 ovf=0
[VND] TXCPLT_CLASS is_frame=1 fl=0x01 seq=27 depth_now=0 (meta_have=1)
[VND] META_PUSH fl=0x02 seq=28 depth=1
[VND] SEND tag=ADC1-ASY2 hdr.seq=28 flags=0x02 cur_stream_seq=28 len=632
[VND] TXCPLT len=632 dt=1ms depth=1 push=58 pop=57 empty=0 ovf=0
[VND] TXCPLT_CLASS is_frame=1 fl=0x02 seq=28 depth_now=0 (meta_have=1)
[ADC][DIAG] CH1: zero buffer detected! seq=1765 idx=5 zeros_total=29
[VND] META_PUSH fl=0x01 seq=28 depth=1
[VND] SEND tag=ADC0-ASY2 hdr.seq=28 flags=0x01 cur_stream_seq=29 len=632
[VND] TXCPLT len=632 dt=1ms depth=1 push=59 pop=58 empty=0 ovf=0
[VND] TXCPLT_CLASS is_frame=1 fl=0x01 seq=28 depth_now=0 (meta_have=1)
[VND] META_PUSH fl=0x02 seq=29 depth=1
[VND] SEND tag=ADC1-ASY2 hdr.seq=29 flags=0x02 cur_stream_seq=29 len=632
[VND] TXCPLT len=632 dt=1ms depth=1 push=60 pop=59 empty=0 ovf=0
[VND] TXCPLT_CLASS is_frame=1 fl=0x02 seq=29 depth_now=0 (meta_have=1)
[ADC][DIAG] CH1: zero buffer detected! seq=1767 idx=7 zeros_total=30
[VND] META_PUSH fl=0x01 seq=29 depth=1
[VND] SEND tag=ADC0-ASY2 hdr.seq=29 flags=0x01 cur_stream_seq=30 len=632
[VND] TXCPLT len=632 dt=1ms depth=1 push=61 pop=60 empty=0 ovf=0
[VND] TXCPLT_CLASS is_frame=1 fl=0x01 seq=29 depth_now=0 (meta_have=1)
[VND] META_PUSH fl=0x02 seq=30 depth=1
[VND] SEND tag=ADC1-ASY2 hdr.seq=30 flags=0x02 cur_stream_seq=30 len=632
[VND] TXCPLT len=632 dt=1ms depth=1 push=62 pop=61 empty=0 ovf=0
[VND] TXCPLT_CLASS is_frame=1 fl=0x02 seq=30 depth_now=0 (meta_have=1)
[ADC][DIAG] CH1: zero buffer detected! seq=1769 idx=9 zeros_total=31
[VND] META_PUSH fl=0x01 seq=30 depth=1
[VND] SEND tag=ADC0-ASY2 hdr.seq=30 flags=0x01 cur_stream_seq=31 len=632
[VND] TXCPLT len=632 dt=1ms depth=1 push=63 pop=62 empty=0 ovf=0
[VND] TXCPLT_CLASS is_frame=1 fl=0x01 seq=30 depth_now=0 (meta_have=1)
[VND] META_PUSH fl=0x02 seq=31 depth=1
[VND] SEND tag=ADC1-ASY2 hdr.seq=31 flags=0x02 cur_stream_seq=31 len=632
[VND] TXCPLT len=632 dt=1ms depth=1 push=64 pop=63 empty=0 ovf=0
[VND] TXCPLT_CLASS is_frame=1 fl=0x02 seq=31 depth_now=0 (meta_have=1)
[ADC][DIAG] CH1: zero buffer detected! seq=1771 idx=11 zeros_total=32
[VND] META_PUSH fl=0x01 seq=31 depth=1
[VND] SEND tag=ADC0-ASY2 hdr.seq=31 flags=0x01 cur_stream_seq=32 len=632
[VND] TXCPLT len=632 dt=2ms depth=1 push=65 pop=64 empty=0 ovf=0
[VND] TXCPLT_CLASS is_frame=1 fl=0x01 seq=31 depth_now=0 (meta_have=1)
[VND] META_PUSH fl=0x02 seq=32 depth=1
[VND] SEND tag=ADC1-ASY2 hdr.seq=32 flags=0x02 cur_stream_seq=32 len=632
[VND] TXCPLT len=632 dt=1ms depth=1 push=66 pop=65 empty=0 ovf=0
[VND] TXCPLT_CLASS is_frame=1 fl=0x02 seq=32 depth_now=0 (meta_have=1)
[ADC][DIAG] CH1: zero buffer detected! seq=1773 idx=13 zeros_total=33
[VND] META_PUSH fl=0x01 seq=32 depth=1
[VND] SEND tag=ADC0-ASY2 hdr.seq=32 flags=0x01 cur_stream_seq=33 len=632
[VND] TXCPLT len=632 dt=2ms depth=1 push=67 pop=66 empty=0 ovf=0
[VND] TXCPLT_CLASS is_frame=1 fl=0x01 seq=32 depth_now=0 (meta_have=1)
[VND] META_PUSH fl=0x02 seq=33 depth=1
[VND] SEND tag=ADC1-ASY2 hdr.seq=33 flags=0x02 cur_stream_seq=33 len=632
[VND] TXCPLT len=632 dt=1ms depth=1 push=68 pop=67 empty=0 ovf=0
[VND] TXCPLT_CLASS is_frame=1 fl=0x02 seq=33 depth_now=0 (meta_have=1)
[ADC][DIAG] CH1: zero buffer detected! seq=1775 idx=15 zeros_total=34
[VND] META_PUSH fl=0x01 seq=33 depth=1
[VND] SEND tag=ADC0-ASY2 hdr.seq=33 flags=0x01 cur_stream_seq=34 len=632
[VND] TXCPLT len=632 dt=1ms depth=1 push=69 pop=68 empty=0 ovf=0
[VND] TXCPLT_CLASS is_frame=1 fl=0x01 seq=33 depth_now=0 (meta_have=1)
[VND] META_PUSH fl=0x02 seq=34 depth=1
[VND] SEND tag=ADC1-ASY2 hdr.seq=34 flags=0x02 cur_stream_seq=34 len=632
[VND] TXCPLT len=632 dt=1ms depth=1 push=70 pop=69 empty=0 ovf=0
[VND] TXCPLT_CLASS is_frame=1 fl=0x02 seq=34 depth_now=0 (meta_have=1)
[ADC][DIAG] CH1: zero buffer detected! seq=1777 idx=17 zeros_total=35
[VND] META_PUSH fl=0x01 seq=34 depth=1
[VND] SEND tag=ADC0-ASY2 hdr.seq=34 flags=0x01 cur_stream_seq=35 len=632
[VND] TXCPLT len=632 dt=1ms depth=1 push=71 pop=70 empty=0 ovf=0
[VND] TXCPLT_CLASS is_frame=1 fl=0x01 seq=34 depth_now=0 (meta_have=1)
[VND] META_PUSH fl=0x02 seq=35 depth=1
[VND] SEND tag=ADC1-ASY2 hdr.seq=35 flags=0x02 cur_stream_seq=35 len=632
[VND] TXCPLT len=632 dt=1ms depth=1 push=72 pop=71 empty=0 ovf=0
[VND] TXCPLT_CLASS is_frame=1 fl=0x02 seq=35 depth_now=0 (meta_have=1)
[ADC][DIAG] CH1: zero buffer detected! seq=1779 idx=19 zeros_total=36
[VND] META_PUSH fl=0x01 seq=35 depth=1
[VND] SEND tag=ADC0-ASY2 hdr.seq=35 flags=0x01 cur_stream_seq=36 len=632
[VND] TXCPLT len=632 dt=1ms depth=1 push=73 pop=72 empty=0 ovf=0
[VND] TXCPLT_CLASS is_frame=1 fl=0x01 seq=35 depth_now=0 (meta_have=1)
[VND] META_PUSH fl=0x02 seq=36 depth=1
[VND] SEND tag=ADC1-ASY2 hdr.seq=36 flags=0x02 cur_stream_seq=36 len=632
[VND] TXCPLT len=632 dt=1ms depth=1 push=74 pop=73 empty=0 ovf=0
[VND] TXCPLT_CLASS is_frame=1 fl=0x02 seq=36 depth_now=0 (meta_have=1)
[ADC][DIAG] CH1: zero buffer detected! seq=1781 idx=21 zeros_total=37
[VND] META_PUSH fl=0x01 seq=36 depth=1
[VND] SEND tag=ADC0-ASY2 hdr.seq=36 flags=0x01 cur_stream_seq=37 len=632
[VND] TXCPLT len=632 dt=1ms depth=1 push=75 pop=74 empty=0 ovf=0
[VND] TXCPLT_CLASS is_frame=1 fl=0x01 seq=36 depth_now=0 (meta_have=1)
[VND] META_PUSH fl=0x02 seq=37 depth=1
[VND] SEND tag=ADC1-ASY2 hdr.seq=37 flags=0x02 cur_stream_seq=37 len=632
[VND] TXCPLT len=632 dt=1ms depth=1 push=76 pop=75 empty=0 ovf=0
[VND] TXCPLT_CLASS is_frame=1 fl=0x02 seq=37 depth_now=0 (meta_have=1)
[ADC][DIAG] CH1: zero buffer detected! seq=1783 idx=23 zeros_total=38
[VND] META_PUSH fl=0x01 seq=37 depth=1
[VND] SEND tag=ADC0-ASY2 hdr.seq=37 flags=0x01 cur_stream_seq=38 len=632
[VND] TXCPLT len=632 dt=1ms depth=1 push=77 pop=76 empty=0 ovf=0
[VND] TXCPLT_CLASS is_frame=1 fl=0x01 seq=37 depth_now=0 (meta_have=1)
[VND] META_PUSH fl=0x02 seq=38 depth=1
[VND] SEND tag=ADC1-ASY2 hdr.seq=38 flags=0x02 cur_stream_seq=38 len=632
[VND] TXCPLT len=632 dt=2ms depth=1 push=78 pop=77 empty=0 ovf=0
[VND] TXCPLT_CLASS is_frame=1 fl=0x02 seq=38 depth_now=0 (meta_have=1)
[ADC][DIAG] CH1: zero buffer detected! seq=1785 idx=25 zeros_total=39
[VND] META_PUSH fl=0x01 seq=38 depth=1
[VND] SEND tag=ADC0-ASY2 hdr.seq=38 flags=0x01 cur_stream_seq=39 len=632
[VND] TXCPLT len=632 dt=1ms depth=1 push=79 pop=78 empty=0 ovf=0
[VND] TXCPLT_CLASS is_frame=1 fl=0x01 seq=38 depth_now=0 (meta_have=1)
[VND] META_PUSH fl=0x02 seq=39 depth=1
[VND] SEND tag=ADC1-ASY2 hdr.seq=39 flags=0x02 cur_stream_seq=39 len=632
[VND] TXCPLT len=632 dt=2ms depth=1 push=80 pop=79 empty=0 ovf=0
[VND] TXCPLT_CLASS is_frame=1 fl=0x02 seq=39 depth_now=0 (meta_have=1)
[ADC][DIAG] CH1: zero buffer detected! seq=1787 idx=27 zeros_total=40
[VND] META_PUSH fl=0x01 seq=39 depth=1
[VND] SEND tag=ADC0-ASY2 hdr.seq=39 flags=0x01 cur_stream_seq=40 len=632
[VND] TXCPLT len=632 dt=2ms depth=1 push=81 pop=80 empty=0 ovf=0
[VND] TXCPLT_CLASS is_frame=1 fl=0x01 seq=39 depth_now=0 (meta_have=1)
[VND] META_PUSH fl=0x02 seq=40 depth=1
[VND] SEND tag=ADC1-ASY2 hdr.seq=40 flags=0x02 cur_stream_seq=40 len=632
[VND] TXCPLT len=632 dt=1ms depth=1 push=82 pop=81 empty=0 ovf=0
[VND] TXCPLT_CLASS is_frame=1 fl=0x02 seq=40 depth_now=0 (meta_have=1)
[ADC][DIAG] CH1: zero buffer detected! seq=1789 idx=29 zeros_total=41
[VND] META_PUSH fl=0x01 seq=40 depth=1
[VND] SEND tag=ADC0-ASY2 hdr.seq=40 flags=0x01 cur_stream_seq=41 len=632
[VND] TXCPLT len=632 dt=2ms depth=1 push=83 pop=82 empty=0 ovf=0
[VND] TXCPLT_CLASS is_frame=1 fl=0x01 seq=40 depth_now=0 (meta_have=1)
[VND] META_PUSH fl=0x02 seq=41 depth=1
[VND] SEND tag=ADC1-ASY2 hdr.seq=41 flags=0x02 cur_stream_seq=41 len=632
[VND] TXCPLT len=632 dt=1ms depth=1 push=84 pop=83 empty=0 ovf=0
[VND] TXCPLT_CLASS is_frame=1 fl=0x02 seq=41 depth_now=0 (meta_have=1)
[ADC][DIAG] CH1: zero buffer detected! seq=1791 idx=31 zeros_total=42
[VND] META_PUSH fl=0x01 seq=41 depth=1
[VND] SEND tag=ADC0-ASY2 hdr.seq=41 flags=0x01 cur_stream_seq=42 len=632
[VND] TXCPLT len=632 dt=1ms depth=1 push=85 pop=84 empty=0 ovf=0
[VND] TXCPLT_CLASS is_frame=1 fl=0x01 seq=41 depth_now=0 (meta_have=1)
[VND] META_PUSH fl=0x02 seq=42 depth=1
[VND] SEND tag=ADC1-ASY2 hdr.seq=42 flags=0x02 cur_stream_seq=42 len=632
[VND] TXCPLT len=632 dt=1ms depth=1 push=86 pop=85 empty=0 ovf=0
[VND] TXCPLT_CLASS is_frame=1 fl=0x02 seq=42 depth_now=0 (meta_have=1)
[ADC][DIAG] CH1: zero buffer detected! seq=1793 idx=1 zeros_total=43
[VND] META_PUSH fl=0x01 seq=42 depth=1
[VND] SEND tag=ADC0-ASY2 hdr.seq=42 flags=0x01 cur_stream_seq=43 len=632
[VND] TXCPLT len=632 dt=1ms depth=1 push=87 pop=86 empty=0 ovf=0
[VND] TXCPLT_CLASS is_frame=1 fl=0x01 seq=42 depth_now=0 (meta_have=1)
[VND] META_PUSH fl=0x02 seq=43 depth=1
[VND] SEND tag=ADC1-ASY2 hdr.seq=43 flags=0x02 cur_stream_seq=43 len=632
[VND] TXCPLT len=632 dt=1ms depth=1 push=88 pop=87 empty=0 ovf=0
[VND] TXCPLT_CLASS is_frame=1 fl=0x02 seq=43 depth_now=0 (meta_have=1)
[ADC][DIAG] CH1: zero buffer detected! seq=1795 idx=3 zeros_total=44
[VND] META_PUSH fl=0x01 seq=43 depth=1
[VND] SEND tag=ADC0-ASY2 hdr.seq=43 flags=0x01 cur_stream_seq=44 len=632
[VND] TXCPLT len=632 dt=1ms depth=1 push=89 pop=88 empty=0 ovf=0
[VND] TXCPLT_CLASS is_frame=1 fl=0x01 seq=43 depth_now=0 (meta_have=1)
[VND] META_PUSH fl=0x02 seq=44 depth=1
[VND] SEND tag=ADC1-ASY2 hdr.seq=44 flags=0x02 cur_stream_seq=44 len=632
[VND] TXCPLT len=632 dt=2ms depth=1 push=90 pop=89 empty=0 ovf=0
[VND] TXCPLT_CLASS is_frame=1 fl=0x02 seq=44 depth_now=0 (meta_have=1)
[ADC][DIAG] CH1: zero buffer detected! seq=1797 idx=5 zeros_total=45
[VND] META_PUSH fl=0x01 seq=44 depth=1
[VND] SEND tag=ADC0-ASY2 hdr.seq=44 flags=0x01 cur_stream_seq=45 len=632
[VND] TXCPLT len=632 dt=1ms depth=1 push=91 pop=90 empty=0 ovf=0
[VND] TXCPLT_CLASS is_frame=1 fl=0x01 seq=44 depth_now=0 (meta_have=1)
[VND] META_PUSH fl=0x02 seq=45 depth=1
[VND] SEND tag=ADC1-ASY2 hdr.seq=45 flags=0x02 cur_stream_seq=45 len=632
[VND] TXCPLT len=632 dt=1ms depth=1 push=92 pop=91 empty=0 ovf=0
[VND] TXCPLT_CLASS is_frame=1 fl=0x02 seq=45 depth_now=0 (meta_have=1)
[ADC][DIAG] CH1: zero buffer detected! seq=1799 idx=7 zeros_total=46
[VND] META_PUSH fl=0x01 seq=45 depth=1
[VND] SEND tag=ADC0-ASY2 hdr.seq=45 flags=0x01 cur_stream_seq=46 len=632
[VND] TXCPLT len=632 dt=2ms depth=1 push=93 pop=92 empty=0 ovf=0
[VND] TXCPLT_CLASS is_frame=1 fl=0x01 seq=45 depth_now=0 (meta_have=1)
[VND] META_PUSH fl=0x02 seq=46 depth=1
[VND] SEND tag=ADC1-ASY2 hdr.seq=46 flags=0x02 cur_stream_seq=46 len=632
[VND] TXCPLT len=632 dt=1ms depth=1 push=94 pop=93 empty=0 ovf=0
[VND] TXCPLT_CLASS is_frame=1 fl=0x02 seq=46 depth_now=0 (meta_have=1)
[ADC][DIAG] CH1: zero buffer detected! seq=1801 idx=9 zeros_total=47
[VND] META_PUSH fl=0x01 seq=46 depth=1
[VND] SEND tag=ADC0-ASY2 hdr.seq=46 flags=0x01 cur_stream_seq=47 len=632
[VND] TXCPLT len=632 dt=1ms depth=1 push=95 pop=94 empty=0 ovf=0
[VND] TXCPLT_CLASS is_frame=1 fl=0x01 seq=46 depth_now=0 (meta_have=1)
[VND] META_PUSH fl=0x02 seq=47 depth=1
[VND] SEND tag=ADC1-ASY2 hdr.seq=47 flags=0x02 cur_stream_seq=47 len=632
[VND] TXCPLT len=632 dt=1ms depth=1 push=96 pop=95 empty=0 ovf=0
[VND] TXCPLT_CLASS is_frame=1 fl=0x02 seq=47 depth_now=0 (meta_have=1)
[ADC][DIAG] CH1: zero buffer detected! seq=1803 idx=11 zeros_total=48
[VND] META_PUSH fl=0x01 seq=47 depth=1
[VND] SEND tag=ADC0-ASY2 hdr.seq=47 flags=0x01 cur_stream_seq=48 len=632
[VND] TXCPLT len=632 dt=1ms depth=1 push=97 pop=96 empty=0 ovf=0
[VND] TXCPLT_CLASS is_frame=1 fl=0x01 seq=47 depth_now=0 (meta_have=1)
[VND] META_PUSH fl=0x02 seq=48 depth=1
[VND] SEND tag=ADC1-ASY2 hdr.seq=48 flags=0x02 cur_stream_seq=48 len=632
[VND] TXCPLT len=632 dt=1ms depth=1 push=98 pop=97 empty=0 ovf=0
[VND] TXCPLT_CLASS is_frame=1 fl=0x02 seq=48 depth_now=0 (meta_have=1)
[ADC][DIAG] CH1: zero buffer detected! seq=1805 idx=13 zeros_total=49
[VND] META_PUSH fl=0x01 seq=48 depth=1
[VND] SEND tag=ADC0-ASY2 hdr.seq=48 flags=0x01 cur_stream_seq=49 len=632
[VND] TXCPLT len=632 dt=1ms depth=1 push=99 pop=98 empty=0 ovf=0
[VND] TXCPLT_CLASS is_frame=1 fl=0x01 seq=48 depth_now=0 (meta_have=1)
[VND] META_PUSH fl=0x02 seq=49 depth=1
[VND] SEND tag=ADC1-ASY2 hdr.seq=49 flags=0x02 cur_stream_seq=49 len=632
[VND] TXCPLT len=632 dt=2ms depth=1 push=100 pop=99 empty=0 ovf=0
[VND] TXCPLT_CLASS is_frame=1 fl=0x02 seq=49 depth_now=0 (meta_have=1)
[ADC][DIAG] CH1: zero buffer detected! seq=1807 idx=15 zeros_total=50
[VND] META_PUSH fl=0x01 seq=49 depth=1
[VND] SEND tag=ADC0-ASY2 hdr.seq=49 flags=0x01 cur_stream_seq=50 len=632
[VND] TXCPLT len=632 dt=1ms depth=1 push=101 pop=100 empty=0 ovf=0
[VND] TXCPLT_CLASS is_frame=1 fl=0x01 seq=49 depth_now=0 (meta_have=1)
[VND] META_PUSH fl=0x02 seq=50 depth=1
[VND] SEND tag=ADC1-ASY2 hdr.seq=50 flags=0x02 cur_stream_seq=50 len=632
[VND] TXCPLT len=632 dt=1ms depth=1 push=102 pop=101 empty=0 ovf=0
[VND] TXCPLT_CLASS is_frame=1 fl=0x02 seq=50 depth_now=0 (meta_have=1)
[ADC][DIAG] CH1: zero buffer detected! seq=1809 idx=17 zeros_total=51
[VND] META_PUSH fl=0x01 seq=50 depth=1
[VND] SEND tag=ADC0-ASY2 hdr.seq=50 flags=0x01 cur_stream_seq=51 len=632
[VND] TXCPLT len=632 dt=1ms depth=1 push=103 pop=102 empty=0 ovf=0
[VND] TXCPLT_CLASS is_frame=1 fl=0x01 seq=50 depth_now=0 (meta_have=1)
[VND] META_PUSH fl=0x02 seq=51 depth=1
[VND] SEND tag=ADC1-ASY2 hdr.seq=51 flags=0x02 cur_stream_seq=51 len=632
[VND] TXCPLT len=632 dt=1ms depth=1 push=104 pop=103 empty=0 ovf=0
[VND] TXCPLT_CLASS is_frame=1 fl=0x02 seq=51 depth_now=0 (meta_have=1)
[ADC][DIAG] CH1: zero buffer detected! seq=1811 idx=19 zeros_total=52
[VND] META_PUSH fl=0x01 seq=51 depth=1
[VND] SEND tag=ADC0-ASY2 hdr.seq=51 flags=0x01 cur_stream_seq=52 len=632
[VND] TXCPLT len=632 dt=1ms depth=1 push=105 pop=104 empty=0 ovf=0
[VND] TXCPLT_CLASS is_frame=1 fl=0x01 seq=51 depth_now=0 (meta_have=1)
[VND] META_PUSH fl=0x02 seq=52 depth=1
[VND] SEND tag=ADC1-ASY2 hdr.seq=52 flags=0x02 cur_stream_seq=52 len=632
[VND] TXCPLT len=632 dt=1ms depth=1 push=106 pop=105 empty=0 ovf=0
[VND] TXCPLT_CLASS is_frame=1 fl=0x02 seq=52 depth_now=0 (meta_have=1)
[ADC][DIAG] CH1: zero buffer detected! seq=1813 idx=21 zeros_total=53
[VND] META_PUSH fl=0x01 seq=52 depth=1
[VND] SEND tag=ADC0-ASY2 hdr.seq=52 flags=0x01 cur_stream_seq=53 len=632
[VND] TXCPLT len=632 dt=2ms depth=1 push=107 pop=106 empty=0 ovf=0
[VND] TXCPLT_CLASS is_frame=1 fl=0x01 seq=52 depth_now=0 (meta_have=1)
[VND] META_PUSH fl=0x02 seq=53 depth=1
[VND] SEND tag=ADC1-ASY2 hdr.seq=53 flags=0x02 cur_stream_seq=53 len=632
[VND] TXCPLT len=632 dt=2ms depth=1 push=108 pop=107 empty=0 ovf=0
[VND] TXCPLT_CLASS is_frame=1 fl=0x02 seq=53 depth_now=0 (meta_have=1)
[ADC][DIAG] CH1: zero buffer detected! seq=1815 idx=23 zeros_total=54
[VND] META_PUSH fl=0x01 seq=53 depth=1
[VND] SEND tag=ADC0-ASY2 hdr.seq=53 flags=0x01 cur_stream_seq=54 len=632
[VND] TXCPLT len=632 dt=1ms depth=1 push=109 pop=108 empty=0 ovf=0
[VND] TXCPLT_CLASS is_frame=1 fl=0x01 seq=53 depth_now=0 (meta_have=1)
[VND] META_PUSH fl=0x02 seq=54 depth=1
[VND] SEND tag=ADC1-ASY2 hdr.seq=54 flags=0x02 cur_stream_seq=54 len=632
[VND] TXCPLT len=632 dt=2ms depth=1 push=110 pop=109 empty=0 ovf=0
[VND] TXCPLT_CLASS is_frame=1 fl=0x02 seq=54 depth_now=0 (meta_have=1)
[ADC][DIAG] CH1: zero buffer detected! seq=1817 idx=25 zeros_total=55
[VND] META_PUSH fl=0x01 seq=54 depth=1
[VND] SEND tag=ADC0-ASY2 hdr.seq=54 flags=0x01 cur_stream_seq=55 len=632
[VND] TXCPLT len=632 dt=1ms depth=1 push=111 pop=110 empty=0 ovf=0
[VND] TXCPLT_CLASS is_frame=1 fl=0x01 seq=54 depth_now=0 (meta_have=1)
[VND] META_PUSH fl=0x02 seq=55 depth=1
[VND] SEND tag=ADC1-ASY2 hdr.seq=55 flags=0x02 cur_stream_seq=55 len=632
[VND] TXCPLT len=632 dt=1ms depth=1 push=112 pop=111 empty=0 ovf=0
[VND] TXCPLT_CLASS is_frame=1 fl=0x02 seq=55 depth_now=0 (meta_have=1)
[ADC][DIAG] CH1: zero buffer detected! seq=1819 idx=27 zeros_total=56
[VND] META_PUSH fl=0x01 seq=55 depth=1
[VND] SEND tag=ADC0-ASY2 hdr.seq=55 flags=0x01 cur_stream_seq=56 len=632
[VND] TXCPLT len=632 dt=1ms depth=1 push=113 pop=112 empty=0 ovf=0
[VND] TXCPLT_CLASS is_frame=1 fl=0x01 seq=55 depth_now=0 (meta_have=1)
[VND] META_PUSH fl=0x02 seq=56 depth=1
[VND] SEND tag=ADC1-ASY2 hdr.seq=56 flags=0x02 cur_stream_seq=56 len=632
[VND] TXCPLT len=632 dt=1ms depth=1 push=114 pop=113 empty=0 ovf=0
[VND] TXCPLT_CLASS is_frame=1 fl=0x02 seq=56 depth_now=0 (meta_have=1)
[ADC][DIAG] CH1: zero buffer detected! seq=1821 idx=29 zeros_total=57
[VND] META_PUSH fl=0x01 seq=56 depth=1
[VND] SEND tag=ADC0-ASY2 hdr.seq=56 flags=0x01 cur_stream_seq=57 len=632
[VND] TXCPLT len=632 dt=2ms depth=1 push=115 pop=114 empty=0 ovf=0
[VND] TXCPLT_CLASS is_frame=1 fl=0x01 seq=56 depth_now=0 (meta_have=1)
[VND] META_PUSH fl=0x02 seq=57 depth=1
[VND] SEND tag=ADC1-ASY2 hdr.seq=57 flags=0x02 cur_stream_seq=57 len=632
[VND] TXCPLT len=632 dt=1ms depth=1 push=116 pop=115 empty=0 ovf=0
[VND] TXCPLT_CLASS is_frame=1 fl=0x02 seq=57 depth_now=0 (meta_have=1)
[ADC][DIAG] CH1: zero buffer detected! seq=1823 idx=31 zeros_total=58
[VND] META_PUSH fl=0x01 seq=57 depth=1
[VND] SEND tag=ADC0-ASY2 hdr.seq=57 flags=0x01 cur_stream_seq=58 len=632
[VND] TXCPLT len=632 dt=1ms depth=1 push=117 pop=116 empty=0 ovf=0
[VND] TXCPLT_CLASS is_frame=1 fl=0x01 seq=57 depth_now=0 (meta_have=1)
[VND] META_PUSH fl=0x02 seq=58 depth=1
[VND] SEND tag=ADC1-ASY2 hdr.seq=58 flags=0x02 cur_stream_seq=58 len=632
[VND] TXCPLT len=632 dt=2ms depth=1 push=118 pop=117 empty=0 ovf=0
[VND] TXCPLT_CLASS is_frame=1 fl=0x02 seq=58 depth_now=0 (meta_have=1)
[ADC][DIAG] CH1: zero buffer detected! seq=1825 idx=1 zeros_total=59
[VND] META_PUSH fl=0x01 seq=58 depth=1
[VND] SEND tag=ADC0-ASY2 hdr.seq=58 flags=0x01 cur_stream_seq=59 len=632
[VND] TXCPLT len=632 dt=1ms depth=1 push=119 pop=118 empty=0 ovf=0
[VND] TXCPLT_CLASS is_frame=1 fl=0x01 seq=58 depth_now=0 (meta_have=1)
[VND] META_PUSH fl=0x02 seq=59 depth=1
[VND] SEND tag=ADC1-ASY2 hdr.seq=59 flags=0x02 cur_stream_seq=59 len=632
[VND] TXCPLT len=632 dt=1ms depth=1 push=120 pop=119 empty=0 ovf=0
[VND] TXCPLT_CLASS is_frame=1 fl=0x02 seq=59 depth_now=0 (meta_have=1)
[ADC][DIAG] CH1: zero buffer detected! seq=1827 idx=3 zeros_total=60
[VND] META_PUSH fl=0x01 seq=59 depth=1
[VND] SEND tag=ADC0-ASY2 hdr.seq=59 flags=0x01 cur_stream_seq=60 len=632
[VND] TXCPLT len=632 dt=1ms depth=1 push=121 pop=120 empty=0 ovf=0
[VND] TXCPLT_CLASS is_frame=1 fl=0x01 seq=59 depth_now=0 (meta_have=1)
[VND] META_PUSH fl=0x02 seq=60 depth=1
[VND] SEND tag=ADC1-ASY2 hdr.seq=60 flags=0x02 cur_stream_seq=60 len=632
[VND] TXCPLT len=632 dt=1ms depth=1 push=122 pop=121 empty=0 ovf=0
[VND] TXCPLT_CLASS is_frame=1 fl=0x02 seq=60 depth_now=0 (meta_have=1)
[ADC][DIAG] CH1: zero buffer detected! seq=1829 idx=5 zeros_total=61
[VND] META_PUSH fl=0x01 seq=60 depth=1
[VND] SEND tag=ADC0-ASY2 hdr.seq=60 flags=0x01 cur_stream_seq=61 len=632
[VND] TXCPLT len=632 dt=1ms depth=1 push=123 pop=122 empty=0 ovf=0
[VND] TXCPLT_CLASS is_frame=1 fl=0x01 seq=60 depth_now=0 (meta_have=1)
[VND] META_PUSH fl=0x02 seq=61 depth=1
[VND] SEND tag=ADC1-ASY2 hdr.seq=61 flags=0x02 cur_stream_seq=61 len=632
[VND] TXCPLT len=632 dt=1ms depth=1 push=124 pop=123 empty=0 ovf=0
[VND] TXCPLT_CLASS is_frame=1 fl=0x02 seq=61 depth_now=0 (meta_have=1)
[ADC][DIAG] CH1: zero buffer detected! seq=1831 idx=7 zeros_total=62
[VND] META_PUSH fl=0x01 seq=61 depth=1
[VND] SEND tag=ADC0-ASY2 hdr.seq=61 flags=0x01 cur_stream_seq=62 len=632
[VND] TXCPLT len=632 dt=1ms depth=1 push=125 pop=124 empty=0 ovf=0
[VND] TXCPLT_CLASS is_frame=1 fl=0x01 seq=61 depth_now=0 (meta_have=1)
[VND] META_PUSH fl=0x02 seq=62 depth=1
[VND] SEND tag=ADC1-ASY2 hdr.seq=62 flags=0x02 cur_stream_seq=62 len=632
[VND] TXCPLT len=632 dt=1ms depth=1 push=126 pop=125 empty=0 ovf=0
[VND] TXCPLT_CLASS is_frame=1 fl=0x02 seq=62 depth_now=0 (meta_have=1)
[ADC][DIAG] CH1: zero buffer detected! seq=1833 idx=9 zeros_total=63
[VND] META_PUSH fl=0x01 seq=62 depth=1
[VND] SEND tag=ADC0-ASY2 hdr.seq=62 flags=0x01 cur_stream_seq=63 len=632
[VND] TXCPLT len=632 dt=2ms depth=1 push=127 pop=126 empty=0 ovf=0
[VND] TXCPLT_CLASS is_frame=1 fl=0x01 seq=62 depth_now=0 (meta_have=1)
[VND] META_PUSH fl=0x02 seq=63 depth=1
[VND] SEND tag=ADC1-ASY2 hdr.seq=63 flags=0x02 cur_stream_seq=63 len=632
[VND] TXCPLT len=632 dt=1ms depth=1 push=128 pop=127 empty=0 ovf=0
[VND] TXCPLT_CLASS is_frame=1 fl=0x02 seq=63 depth_now=0 (meta_have=1)
[ADC][DIAG] CH1: zero buffer detected! seq=1835 idx=11 zeros_total=64
[VND] META_PUSH fl=0x01 seq=63 depth=1
[VND] SEND tag=ADC0-ASY2 hdr.seq=63 flags=0x01 cur_stream_seq=64 len=632
[VND] TXCPLT len=632 dt=1ms depth=1 push=129 pop=128 empty=0 ovf=0
[VND] TXCPLT_CLASS is_frame=1 fl=0x01 seq=63 depth_now=0 (meta_have=1)
[VND] META_PUSH fl=0x02 seq=64 depth=1
[VND] SEND tag=ADC1-ASY2 hdr.seq=64 flags=0x02 cur_stream_seq=64 len=632
[VND] TXCPLT len=632 dt=2ms depth=1 push=130 pop=129 empty=0 ovf=0
[VND] TXCPLT_CLASS is_frame=1 fl=0x02 seq=64 depth_now=0 (meta_have=1)
[ADC][DIAG] CH1: zero buffer detected! seq=1837 idx=13 zeros_total=65
[VND] META_PUSH fl=0x01 seq=64 depth=1
[VND] SEND tag=ADC0-ASY2 hdr.seq=64 flags=0x01 cur_stream_seq=65 len=632
[VND] TXCPLT len=632 dt=1ms depth=1 push=131 pop=130 empty=0 ovf=0
[VND] TXCPLT_CLASS is_frame=1 fl=0x01 seq=64 depth_now=0 (meta_have=1)
[VND] META_PUSH fl=0x02 seq=65 depth=1
[VND] SEND tag=ADC1-ASY2 hdr.seq=65 flags=0x02 cur_stream_seq=65 len=632
[VND] TXCPLT len=632 dt=1ms depth=1 push=132 pop=131 empty=0 ovf=0
[VND] TXCPLT_CLASS is_frame=1 fl=0x02 seq=65 depth_now=0 (meta_have=1)
[ADC][DIAG] CH1: zero buffer detected! seq=1839 idx=15 zeros_total=66
[VND] META_PUSH fl=0x01 seq=65 depth=1
[VND] SEND tag=ADC0-ASY2 hdr.seq=65 flags=0x01 cur_stream_seq=66 len=632
[VND] TXCPLT len=632 dt=1ms depth=1 push=133 pop=132 empty=0 ovf=0
[VND] TXCPLT_CLASS is_frame=1 fl=0x01 seq=65 depth_now=0 (meta_have=1)
[VND] META_PUSH fl=0x02 seq=66 depth=1
[VND] SEND tag=ADC1-ASY2 hdr.seq=66 flags=0x02 cur_stream_seq=66 len=632
[VND] TXCPLT len=632 dt=1ms depth=1 push=134 pop=133 empty=0 ovf=0
[VND] TXCPLT_CLASS is_frame=1 fl=0x02 seq=66 depth_now=0 (meta_have=1)
[ADC][DIAG] CH1: zero buffer detected! seq=1841 idx=17 zeros_total=67
[VND] META_PUSH fl=0x01 seq=66 depth=1
[VND] SEND tag=ADC0-ASY2 hdr.seq=66 flags=0x01 cur_stream_seq=67 len=632
[VND] TXCPLT len=632 dt=1ms depth=1 push=135 pop=134 empty=0 ovf=0
[VND] TXCPLT_CLASS is_frame=1 fl=0x01 seq=66 depth_now=0 (meta_have=1)
[VND] META_PUSH fl=0x02 seq=67 depth=1
[VND] SEND tag=ADC1-ASY2 hdr.seq=67 flags=0x02 cur_stream_seq=67 len=632
[VND] TXCPLT len=632 dt=1ms depth=1 push=136 pop=135 empty=0 ovf=0
[VND] TXCPLT_CLASS is_frame=1 fl=0x02 seq=67 depth_now=0 (meta_have=1)
[ADC][DIAG] CH1: zero buffer detected! seq=1843 idx=19 zeros_total=68
[VND] META_PUSH fl=0x01 seq=67 depth=1
[VND] SEND tag=ADC0-ASY2 hdr.seq=67 flags=0x01 cur_stream_seq=68 len=632
[VND] TXCPLT len=632 dt=2ms depth=1 push=137 pop=136 empty=0 ovf=0
[VND] TXCPLT_CLASS is_frame=1 fl=0x01 seq=67 depth_now=0 (meta_have=1)
[VND] META_PUSH fl=0x02 seq=68 depth=1
[VND] SEND tag=ADC1-ASY2 hdr.seq=68 flags=0x02 cur_stream_seq=68 len=632
[VND] TXCPLT len=632 dt=1ms depth=1 push=138 pop=137 empty=0 ovf=0
[VND] TXCPLT_CLASS is_frame=1 fl=0x02 seq=68 depth_now=0 (meta_have=1)
[ADC][DIAG] CH1: zero buffer detected! seq=1845 idx=21 zeros_total=69
[VND] META_PUSH fl=0x01 seq=68 depth=1
[VND] SEND tag=ADC0-ASY2 hdr.seq=68 flags=0x01 cur_stream_seq=69 len=632
[VND] TXCPLT len=632 dt=1ms depth=1 push=139 pop=138 empty=0 ovf=0
[VND] TXCPLT_CLASS is_frame=1 fl=0x01 seq=68 depth_now=0 (meta_have=1)
[VND] META_PUSH fl=0x02 seq=69 depth=1
[VND] SEND tag=ADC1-ASY2 hdr.seq=69 flags=0x02 cur_stream_seq=69 len=632
[VND] TXCPLT len=632 dt=2ms depth=1 push=140 pop=139 empty=0 ovf=0
[VND] TXCPLT_CLASS is_frame=1 fl=0x02 seq=69 depth_now=0 (meta_have=1)
[ADC][DIAG] CH1: zero buffer detected! seq=1847 idx=23 zeros_total=70
[VND] META_PUSH fl=0x01 seq=69 depth=1
[VND] SEND tag=ADC0-ASY2 hdr.seq=69 flags=0x01 cur_stream_seq=70 len=632
[VND] TXCPLT len=632 dt=1ms depth=1 push=141 pop=140 empty=0 ovf=0
[VND] TXCPLT_CLASS is_frame=1 fl=0x01 seq=69 depth_now=0 (meta_have=1)
[VND] META_PUSH fl=0x02 seq=70 depth=1
[VND] SEND tag=ADC1-ASY2 hdr.seq=70 flags=0x02 cur_stream_seq=70 len=632
[VND] TXCPLT len=632 dt=1ms depth=1 push=142 pop=141 empty=0 ovf=0
[VND] TXCPLT_CLASS is_frame=1 fl=0x02 seq=70 depth_now=0 (meta_have=1)
[ADC][DIAG] CH1: zero buffer detected! seq=1849 idx=25 zeros_total=71
[VND] META_PUSH fl=0x01 seq=70 depth=1
[VND] SEND tag=ADC0-ASY2 hdr.seq=70 flags=0x01 cur_stream_seq=71 len=632
[VND] TXCPLT len=632 dt=1ms depth=1 push=143 pop=142 empty=0 ovf=0
[VND] TXCPLT_CLASS is_frame=1 fl=0x01 seq=70 depth_now=0 (meta_have=1)
[VND] META_PUSH fl=0x02 seq=71 depth=1
[VND] SEND tag=ADC1-ASY2 hdr.seq=71 flags=0x02 cur_stream_seq=71 len=632
[VND] TXCPLT len=632 dt=1ms depth=1 push=144 pop=143 empty=0 ovf=0
[VND] TXCPLT_CLASS is_frame=1 fl=0x02 seq=71 depth_now=0 (meta_have=1)
[ADC][DIAG] CH1: zero buffer detected! seq=1851 idx=27 zeros_total=72
[VND] META_PUSH fl=0x01 seq=71 depth=1
[VND] SEND tag=ADC0-ASY2 hdr.seq=71 flags=0x01 cur_stream_seq=72 len=632
[VND] TXCPLT len=632 dt=1ms depth=1 push=145 pop=144 empty=0 ovf=0
[VND] TXCPLT_CLASS is_frame=1 fl=0x01 seq=71 depth_now=0 (meta_have=1)
[VND] META_PUSH fl=0x02 seq=72 depth=1
[VND] SEND tag=ADC1-ASY2 hdr.seq=72 flags=0x02 cur_stream_seq=72 len=632
[VND] TXCPLT len=632 dt=1ms depth=1 push=146 pop=145 empty=0 ovf=0
[VND] TXCPLT_CLASS is_frame=1 fl=0x02 seq=72 depth_now=0 (meta_have=1)
[ADC][DIAG] CH1: zero buffer detected! seq=1853 idx=29 zeros_total=73
[VND] META_PUSH fl=0x01 seq=72 depth=1
[VND] SEND tag=ADC0-ASY2 hdr.seq=72 flags=0x01 cur_stream_seq=73 len=632
[VND] TXCPLT len=632 dt=2ms depth=1 push=147 pop=146 empty=0 ovf=0
[VND] TXCPLT_CLASS is_frame=1 fl=0x01 seq=72 depth_now=0 (meta_have=1)
[VND] META_PUSH fl=0x02 seq=73 depth=1
[VND] SEND tag=ADC1-ASY2 hdr.seq=73 flags=0x02 cur_stream_seq=73 len=632
[VND] TXCPLT len=632 dt=2ms depth=1 push=148 pop=147 empty=0 ovf=0
[VND] TXCPLT_CLASS is_frame=1 fl=0x02 seq=73 depth_now=0 (meta_have=1)
[ADC][DIAG] CH1: zero buffer detected! seq=1855 idx=31 zeros_total=74
[VND] META_PUSH fl=0x01 seq=73 depth=1
[VND] SEND tag=ADC0-ASY2 hdr.seq=73 flags=0x01 cur_stream_seq=74 len=632
[VND] TXCPLT len=632 dt=1ms depth=1 push=149 pop=148 empty=0 ovf=0
[VND] TXCPLT_CLASS is_frame=1 fl=0x01 seq=73 depth_now=0 (meta_have=1)
[VND] META_PUSH fl=0x02 seq=74 depth=1
[VND] SEND tag=ADC1-ASY2 hdr.seq=74 flags=0x02 cur_stream_seq=74 len=632
[VND] TXCPLT len=632 dt=2ms depth=1 push=150 pop=149 empty=0 ovf=0
[VND] TXCPLT_CLASS is_frame=1 fl=0x02 seq=74 depth_now=0 (meta_have=1)
[ADC][DIAG] CH1: zero buffer detected! seq=1857 idx=1 zeros_total=75
[VND] META_PUSH fl=0x01 seq=74 depth=1
[VND] SEND tag=ADC0-ASY2 hdr.seq=74 flags=0x01 cur_stream_seq=75 len=632
[VND] TXCPLT len=632 dt=1ms depth=1 push=151 pop=150 empty=0 ovf=0
[VND] TXCPLT_CLASS is_frame=1 fl=0x01 seq=74 depth_now=0 (meta_have=1)
[VND] META_PUSH fl=0x02 seq=75 depth=1
[VND] SEND tag=ADC1-ASY2 hdr.seq=75 flags=0x02 cur_stream_seq=75 len=632
[VND] TXCPLT len=632 dt=1ms depth=1 push=152 pop=151 empty=0 ovf=0
[VND] TXCPLT_CLASS is_frame=1 fl=0x02 seq=75 depth_now=0 (meta_have=1)
[ADC][DIAG] CH1: zero buffer detected! seq=1859 idx=3 zeros_total=76
[VND] META_PUSH fl=0x01 seq=75 depth=1
[VND] SEND tag=ADC0-ASY2 hdr.seq=75 flags=0x01 cur_stream_seq=76 len=632
[VND] TXCPLT len=632 dt=1ms depth=1 push=153 pop=152 empty=0 ovf=0
[VND] TXCPLT_CLASS is_frame=1 fl=0x01 seq=75 depth_now=0 (meta_have=1)
[VND] META_PUSH fl=0x02 seq=76 depth=1
[VND] SEND tag=ADC1-ASY2 hdr.seq=76 flags=0x02 cur_stream_seq=76 len=632
[VND] TXCPLT len=632 dt=1ms depth=1 push=154 pop=153 empty=0 ovf=0
[VND] TXCPLT_CLASS is_frame=1 fl=0x02 seq=76 depth_now=0 (meta_have=1)
[ADC][DIAG] CH1: zero buffer detected! seq=1861 idx=5 zeros_total=77
[VND] META_PUSH fl=0x01 seq=76 depth=1
[VND] SEND tag=ADC0-ASY2 hdr.seq=76 flags=0x01 cur_stream_seq=77 len=632
[VND] TXCPLT len=632 dt=1ms depth=1 push=155 pop=154 empty=0 ovf=0
[VND] TXCPLT_CLASS is_frame=1 fl=0x01 seq=76 depth_now=0 (meta_have=1)
[VND] META_PUSH fl=0x02 seq=77 depth=1
[VND] SEND tag=ADC1-ASY2 hdr.seq=77 flags=0x02 cur_stream_seq=77 len=632
[VND] TXCPLT len=632 dt=1ms depth=1 push=156 pop=155 empty=0 ovf=0
[VND] TXCPLT_CLASS is_frame=1 fl=0x02 seq=77 depth_now=0 (meta_have=1)
[ADC][DIAG] CH1: zero buffer detected! seq=1863 idx=7 zeros_total=78
[VND] META_PUSH fl=0x01 seq=77 depth=1
[VND] SEND tag=ADC0-ASY2 hdr.seq=77 flags=0x01 cur_stream_seq=78 len=632
[VND] TXCPLT len=632 dt=1ms depth=1 push=157 pop=156 empty=0 ovf=0
[VND] TXCPLT_CLASS is_frame=1 fl=0x01 seq=77 depth_now=0 (meta_have=1)
[VND] META_PUSH fl=0x02 seq=78 depth=1
[VND] SEND tag=ADC1-ASY2 hdr.seq=78 flags=0x02 cur_stream_seq=78 len=632
[VND] TXCPLT len=632 dt=1ms depth=1 push=158 pop=157 empty=0 ovf=0
[VND] TXCPLT_CLASS is_frame=1 fl=0x02 seq=78 depth_now=0 (meta_have=1)
[ADC][DIAG] CH1: zero buffer detected! seq=1865 idx=9 zeros_total=79
[VND] META_PUSH fl=0x01 seq=78 depth=1
[VND] SEND tag=ADC0-ASY2 hdr.seq=78 flags=0x01 cur_stream_seq=79 len=632
[VND] TXCPLT len=632 dt=2ms depth=1 push=159 pop=158 empty=0 ovf=0
[VND] TXCPLT_CLASS is_frame=1 fl=0x01 seq=78 depth_now=0 (meta_have=1)
[VND] META_PUSH fl=0x02 seq=79 depth=1
[VND] SEND tag=ADC1-ASY2 hdr.seq=79 flags=0x02 cur_stream_seq=79 len=632
[VND] TXCPLT len=632 dt=1ms depth=1 push=160 pop=159 empty=0 ovf=0
[VND] TXCPLT_CLASS is_frame=1 fl=0x02 seq=79 depth_now=0 (meta_have=1)
[ADC][DIAG] CH1: zero buffer detected! seq=1867 idx=11 zeros_total=80
[VND] META_PUSH fl=0x01 seq=79 depth=1
[VND] SEND tag=ADC0-ASY2 hdr.seq=79 flags=0x01 cur_stream_seq=80 len=632
[VND] TXCPLT len=632 dt=1ms depth=1 push=161 pop=160 empty=0 ovf=0
[VND] TXCPLT_CLASS is_frame=1 fl=0x01 seq=79 depth_now=0 (meta_have=1)
[VND] META_PUSH fl=0x02 seq=80 depth=1
[VND] SEND tag=ADC1-ASY2 hdr.seq=80 flags=0x02 cur_stream_seq=80 len=632
[VND] TXCPLT len=632 dt=2ms depth=1 push=162 pop=161 empty=0 ovf=0
[VND] TXCPLT_CLASS is_frame=1 fl=0x02 seq=80 depth_now=0 (meta_have=1)
[ADC][DIAG] CH1: zero buffer detected! seq=1869 idx=13 zeros_total=81
[VND] META_PUSH fl=0x01 seq=80 depth=1
[VND] SEND tag=ADC0-ASY2 hdr.seq=80 flags=0x01 cur_stream_seq=81 len=632
[VND] TXCPLT len=632 dt=1ms depth=1 push=163 pop=162 empty=0 ovf=0
[VND] TXCPLT_CLASS is_frame=1 fl=0x01 seq=80 depth_now=0 (meta_have=1)
[VND] META_PUSH fl=0x02 seq=81 depth=1
[VND] SEND tag=ADC1-ASY2 hdr.seq=81 flags=0x02 cur_stream_seq=81 len=632
[VND] TXCPLT len=632 dt=2ms depth=1 push=164 pop=163 empty=0 ovf=0
[VND] TXCPLT_CLASS is_frame=1 fl=0x02 seq=81 depth_now=0 (meta_have=1)
[ADC][DIAG] CH1: zero buffer detected! seq=1871 idx=15 zeros_total=82
[VND] META_PUSH fl=0x01 seq=81 depth=1
[VND] SEND tag=ADC0-ASY2 hdr.seq=81 flags=0x01 cur_stream_seq=82 len=632
[VND] TXCPLT len=632 dt=1ms depth=1 push=165 pop=164 empty=0 ovf=0
[VND] TXCPLT_CLASS is_frame=1 fl=0x01 seq=81 depth_now=0 (meta_have=1)
[VND] META_PUSH fl=0x02 seq=82 depth=1
[VND] SEND tag=ADC1-ASY2 hdr.seq=82 flags=0x02 cur_stream_seq=82 len=632
[VND] TXCPLT len=632 dt=1ms depth=1 push=166 pop=165 empty=0 ovf=0
[VND] TXCPLT_CLASS is_frame=1 fl=0x02 seq=82 depth_now=0 (meta_have=1)
[ADC][DIAG] CH1: zero buffer detected! seq=1873 idx=17 zeros_total=83
[VND] META_PUSH fl=0x01 seq=82 depth=1
[VND] SEND tag=ADC0-ASY2 hdr.seq=82 flags=0x01 cur_stream_seq=83 len=632
[VND] TXCPLT len=632 dt=1ms depth=1 push=167 pop=166 empty=0 ovf=0
[VND] TXCPLT_CLASS is_frame=1 fl=0x01 seq=82 depth_now=0 (meta_have=1)
[VND] META_PUSH fl=0x02 seq=83 depth=1
[VND] SEND tag=ADC1-ASY2 hdr.seq=83 flags=0x02 cur_stream_seq=83 len=632
[VND] TXCPLT len=632 dt=1ms depth=1 push=168 pop=167 empty=0 ovf=0
[VND] TXCPLT_CLASS is_frame=1 fl=0x02 seq=83 depth_now=0 (meta_have=1)
[ADC][DIAG] CH1: zero buffer detected! seq=1875 idx=19 zeros_total=84
[VND] META_PUSH fl=0x01 seq=83 depth=1
[VND] SEND tag=ADC0-ASY2 hdr.seq=83 flags=0x01 cur_stream_seq=84 len=632
[VND] TXCPLT len=632 dt=2ms depth=1 push=169 pop=168 empty=0 ovf=0
[VND] TXCPLT_CLASS is_frame=1 fl=0x01 seq=83 depth_now=0 (meta_have=1)
[VND] META_PUSH fl=0x02 seq=84 depth=1
[VND] SEND tag=ADC1-ASY2 hdr.seq=84 flags=0x02 cur_stream_seq=84 len=632
[VND] TXCPLT len=632 dt=1ms depth=1 push=170 pop=169 empty=0 ovf=0
[VND] TXCPLT_CLASS is_frame=1 fl=0x02 seq=84 depth_now=0 (meta_have=1)
[ADC][DIAG] CH1: zero buffer detected! seq=1877 idx=21 zeros_total=85
[VND] META_PUSH fl=0x01 seq=84 depth=1
[VND] SEND tag=ADC0-ASY2 hdr.seq=84 flags=0x01 cur_stream_seq=85 len=632
[VND] TXCPLT len=632 dt=1ms depth=1 push=171 pop=170 empty=0 ovf=0
[VND] TXCPLT_CLASS is_frame=1 fl=0x01 seq=84 depth_now=0 (meta_have=1)
[VND] META_PUSH fl=0x02 seq=85 depth=1
[VND] SEND tag=ADC1-ASY2 hdr.seq=85 flags=0x02 cur_stream_seq=85 len=632
[VND] TXCPLT len=632 dt=2ms depth=1 push=172 pop=171 empty=0 ovf=0
[VND] TXCPLT_CLASS is_frame=1 fl=0x02 seq=85 depth_now=0 (meta_have=1)
[ADC][DIAG] CH1: zero buffer detected! seq=1879 idx=23 zeros_total=86
[VND] META_PUSH fl=0x01 seq=85 depth=1
[VND] SEND tag=ADC0-ASY2 hdr.seq=85 flags=0x01 cur_stream_seq=86 len=632
[VND] TXCPLT len=632 dt=1ms depth=1 push=173 pop=172 empty=0 ovf=0
[VND] TXCPLT_CLASS is_frame=1 fl=0x01 seq=85 depth_now=0 (meta_have=1)
[VND] META_PUSH fl=0x02 seq=86 depth=1
[VND] SEND tag=ADC1-ASY2 hdr.seq=86 flags=0x02 cur_stream_seq=86 len=632
[VND] TXCPLT len=632 dt=1ms depth=1 push=174 pop=173 empty=0 ovf=0
[VND] TXCPLT_CLASS is_frame=1 fl=0x02 seq=86 depth_now=0 (meta_have=1)
[ADC][DIAG] CH1: zero buffer detected! seq=1881 idx=25 zeros_total=87
[VND] META_PUSH fl=0x01 seq=86 depth=1
[VND] SEND tag=ADC0-ASY2 hdr.seq=86 flags=0x01 cur_stream_seq=87 len=632
[VND] TXCPLT len=632 dt=1ms depth=1 push=175 pop=174 empty=0 ovf=0
[VND] TXCPLT_CLASS is_frame=1 fl=0x01 seq=86 depth_now=0 (meta_have=1)
[VND] META_PUSH fl=0x02 seq=87 depth=1
[VND] SEND tag=ADC1-ASY2 hdr.seq=87 flags=0x02 cur_stream_seq=87 len=632
[VND] TXCPLT len=632 dt=1ms depth=1 push=176 pop=175 empty=0 ovf=0
[VND] TXCPLT_CLASS is_frame=1 fl=0x02 seq=87 depth_now=0 (meta_have=1)
[ADC][DIAG] CH1: zero buffer detected! seq=1883 idx=27 zeros_total=88
[VND] META_PUSH fl=0x01 seq=87 depth=1
[VND] SEND tag=ADC0-ASY2 hdr.seq=87 flags=0x01 cur_stream_seq=88 len=632
[VND] TXCPLT len=632 dt=2ms depth=1 push=177 pop=176 empty=0 ovf=0
[VND] TXCPLT_CLASS is_frame=1 fl=0x01 seq=87 depth_now=0 (meta_have=1)
[VND] META_PUSH fl=0x02 seq=88 depth=1
[VND] SEND tag=ADC1-ASY2 hdr.seq=88 flags=0x02 cur_stream_seq=88 len=632
[VND] TXCPLT len=632 dt=1ms depth=1 push=178 pop=177 empty=0 ovf=0
[VND] TXCPLT_CLASS is_frame=1 fl=0x02 seq=88 depth_now=0 (meta_have=1)
[ADC][DIAG] CH1: zero buffer detected! seq=1885 idx=29 zeros_total=89
[VND] META_PUSH fl=0x01 seq=88 depth=1
[VND] SEND tag=ADC0-ASY2 hdr.seq=88 flags=0x01 cur_stream_seq=89 len=632
[VND] TXCPLT len=632 dt=1ms depth=1 push=179 pop=178 empty=0 ovf=0
[VND] TXCPLT_CLASS is_frame=1 fl=0x01 seq=88 depth_now=0 (meta_have=1)
[VND] META_PUSH fl=0x02 seq=89 depth=1
[VND] SEND tag=ADC1-ASY2 hdr.seq=89 flags=0x02 cur_stream_seq=89 len=632
[VND] TXCPLT len=632 dt=2ms depth=1 push=180 pop=179 empty=0 ovf=0
[VND] TXCPLT_CLASS is_frame=1 fl=0x02 seq=89 depth_now=0 (meta_have=1)
[ADC][DIAG] CH1: zero buffer detected! seq=1887 idx=31 zeros_total=90
[VND] META_PUSH fl=0x01 seq=89 depth=1
[VND] SEND tag=ADC0-ASY2 hdr.seq=89 flags=0x01 cur_stream_seq=90 len=632
[VND] TXCPLT len=632 dt=1ms depth=1 push=181 pop=180 empty=0 ovf=0
[VND] TXCPLT_CLASS is_frame=1 fl=0x01 seq=89 depth_now=0 (meta_have=1)
[VND] META_PUSH fl=0x02 seq=90 depth=1
[VND] SEND tag=ADC1-ASY2 hdr.seq=90 flags=0x02 cur_stream_seq=90 len=632
[VND] TXCPLT len=632 dt=1ms depth=1 push=182 pop=181 empty=0 ovf=0
[VND] TXCPLT_CLASS is_frame=1 fl=0x02 seq=90 depth_now=0 (meta_have=1)
[ADC][DIAG] CH1: zero buffer detected! seq=1889 idx=1 zeros_total=91
[VND] META_PUSH fl=0x01 seq=90 depth=1
[VND] SEND tag=ADC0-ASY2 hdr.seq=90 flags=0x01 cur_stream_seq=91 len=632
[VND] TXCPLT len=632 dt=1ms depth=1 push=183 pop=182 empty=0 ovf=0
[VND] TXCPLT_CLASS is_frame=1 fl=0x01 seq=90 depth_now=0 (meta_have=1)
[VND] META_PUSH fl=0x02 seq=91 depth=1
[VND] SEND tag=ADC1-ASY2 hdr.seq=91 flags=0x02 cur_stream_seq=91 len=632
[VND] TXCPLT len=632 dt=1ms depth=1 push=184 pop=183 empty=0 ovf=0
[VND] TXCPLT_CLASS is_frame=1 fl=0x02 seq=91 depth_now=0 (meta_have=1)
[ADC][DIAG] CH1: zero buffer detected! seq=1891 idx=3 zeros_total=92
[VND] META_PUSH fl=0x01 seq=91 depth=1
[VND] SEND tag=ADC0-ASY2 hdr.seq=91 flags=0x01 cur_stream_seq=92 len=632
[VND] TXCPLT len=632 dt=1ms depth=1 push=185 pop=184 empty=0 ovf=0
[VND] TXCPLT_CLASS is_frame=1 fl=0x01 seq=91 depth_now=0 (meta_have=1)
[VND] META_PUSH fl=0x02 seq=92 depth=1
[VND] SEND tag=ADC1-ASY2 hdr.seq=92 flags=0x02 cur_stream_seq=92 len=632
[VND] TXCPLT len=632 dt=1ms depth=1 push=186 pop=185 empty=0 ovf=0
[VND] TXCPLT_CLASS is_frame=1 fl=0x02 seq=92 depth_now=0 (meta_have=1)
[ADC][DIAG] CH1: zero buffer detected! seq=1893 idx=5 zeros_total=93
[VND] META_PUSH fl=0x01 seq=92 depth=1
[VND] SEND tag=ADC0-ASY2 hdr.seq=92 flags=0x01 cur_stream_seq=93 len=632
[VND] TXCPLT len=632 dt=1ms depth=1 push=187 pop=186 empty=0 ovf=0
[VND] TXCPLT_CLASS is_frame=1 fl=0x01 seq=92 depth_now=0 (meta_have=1)
[VND] META_PUSH fl=0x02 seq=93 depth=1
[VND] SEND tag=ADC1-ASY2 hdr.seq=93 flags=0x02 cur_stream_seq=93 len=632
[VND] TXCPLT len=632 dt=1ms depth=1 push=188 pop=187 empty=0 ovf=0
[VND] TXCPLT_CLASS is_frame=1 fl=0x02 seq=93 depth_now=0 (meta_have=1)
[ADC][DIAG] CH1: zero buffer detected! seq=1895 idx=7 zeros_total=94
[VND] META_PUSH fl=0x01 seq=93 depth=1
[VND] SEND tag=ADC0-ASY2 hdr.seq=93 flags=0x01 cur_stream_seq=94 len=632
[VND] TXCPLT len=632 dt=2ms depth=1 push=189 pop=188 empty=0 ovf=0
[VND] TXCPLT_CLASS is_frame=1 fl=0x01 seq=93 depth_now=0 (meta_have=1)
[VND] META_PUSH fl=0x02 seq=94 depth=1
[VND] SEND tag=ADC1-ASY2 hdr.seq=94 flags=0x02 cur_stream_seq=94 len=632
[VND] TXCPLT len=632 dt=1ms depth=1 push=190 pop=189 empty=0 ovf=0
[VND] TXCPLT_CLASS is_frame=1 fl=0x02 seq=94 depth_now=0 (meta_have=1)
[ADC][DIAG] CH1: zero buffer detected! seq=1897 idx=9 zeros_total=95
[VND] META_PUSH fl=0x01 seq=94 depth=1
[VND] SEND tag=ADC0-ASY2 hdr.seq=94 flags=0x01 cur_stream_seq=95 len=632
[VND] TXCPLT len=632 dt=2ms depth=1 push=191 pop=190 empty=0 ovf=0
[VND] TXCPLT_CLASS is_frame=1 fl=0x01 seq=94 depth_now=0 (meta_have=1)
[VND] META_PUSH fl=0x02 seq=95 depth=1
[VND] SEND tag=ADC1-ASY2 hdr.seq=95 flags=0x02 cur_stream_seq=95 len=632
[VND] TXCPLT len=632 dt=2ms depth=1 push=192 pop=191 empty=0 ovf=0
[VND] TXCPLT_CLASS is_frame=1 fl=0x02 seq=95 depth_now=0 (meta_have=1)
[ADC][DIAG] CH1: zero buffer detected! seq=1899 idx=11 zeros_total=96
[VND] META_PUSH fl=0x01 seq=95 depth=1
[VND] SEND tag=ADC0-ASY2 hdr.seq=95 flags=0x01 cur_stream_seq=96 len=632
[VND] TXCPLT len=632 dt=1ms depth=1 push=193 pop=192 empty=0 ovf=0
[VND] TXCPLT_CLASS is_frame=1 fl=0x01 seq=95 depth_now=0 (meta_have=1)
[VND] META_PUSH fl=0x02 seq=96 depth=1
[VND] SEND tag=ADC1-ASY2 hdr.seq=96 flags=0x02 cur_stream_seq=96 len=632
[VND] TXCPLT len=632 dt=2ms depth=1 push=194 pop=193 empty=0 ovf=0
[VND] TXCPLT_CLASS is_frame=1 fl=0x02 seq=96 depth_now=0 (meta_have=1)
[ADC][DIAG] CH1: zero buffer detected! seq=1901 idx=13 zeros_total=97
[VND] META_PUSH fl=0x01 seq=96 depth=1
[VND] SEND tag=ADC0-ASY2 hdr.seq=96 flags=0x01 cur_stream_seq=97 len=632
[VND] TXCPLT len=632 dt=1ms depth=1 push=195 pop=194 empty=0 ovf=0
[VND] TXCPLT_CLASS is_frame=1 fl=0x01 seq=96 depth_now=0 (meta_have=1)
[VND] META_PUSH fl=0x02 seq=97 depth=1
[VND] SEND tag=ADC1-ASY2 hdr.seq=97 flags=0x02 cur_stream_seq=97 len=632
[VND] TXCPLT len=632 dt=1ms depth=1 push=196 pop=195 empty=0 ovf=0
[VND] TXCPLT_CLASS is_frame=1 fl=0x02 seq=97 depth_now=0 (meta_have=1)
[ADC][DIAG] CH1: zero buffer detected! seq=1903 idx=15 zeros_total=98
[VND] META_PUSH fl=0x01 seq=97 depth=1
[VND] SEND tag=ADC0-ASY2 hdr.seq=97 flags=0x01 cur_stream_seq=98 len=632
[VND] TXCPLT len=632 dt=1ms depth=1 push=197 pop=196 empty=0 ovf=0
[VND] TXCPLT_CLASS is_frame=1 fl=0x01 seq=97 depth_now=0 (meta_have=1)
[VND] META_PUSH fl=0x02 seq=98 depth=1
[VND] SEND tag=ADC1-ASY2 hdr.seq=98 flags=0x02 cur_stream_seq=98 len=632
[VND] TXCPLT len=632 dt=1ms depth=1 push=198 pop=197 empty=0 ovf=0
[VND] TXCPLT_CLASS is_frame=1 fl=0x02 seq=98 depth_now=0 (meta_have=1)
[ADC][DIAG] CH1: zero buffer detected! seq=1905 idx=17 zeros_total=99
[VND] META_PUSH fl=0x01 seq=98 depth=1
[VND] SEND tag=ADC0-ASY2 hdr.seq=98 flags=0x01 cur_stream_seq=99 len=632
[VND] TXCPLT len=632 dt=1ms depth=1 push=199 pop=198 empty=0 ovf=0
[VND] TXCPLT_CLASS is_frame=1 fl=0x01 seq=98 depth_now=0 (meta_have=1)
[VND] META_PUSH fl=0x02 seq=99 depth=1
[VND] SEND tag=ADC1-ASY2 hdr.seq=99 flags=0x02 cur_stream_seq=99 len=632
[VND] TXCPLT len=632 dt=1ms depth=1 push=200 pop=199 empty=0 ovf=0
[VND] TXCPLT_CLASS is_frame=1 fl=0x02 seq=99 depth_now=0 (meta_have=1)
[ADC][DIAG] CH1: zero buffer detected! seq=1907 idx=19 zeros_total=100
[VND] META_PUSH fl=0x01 seq=99 depth=1
[VND] SEND tag=ADC0-ASY2 hdr.seq=99 flags=0x01 cur_stream_seq=100 len=632
[VND] TXCPLT len=632 dt=1ms depth=1 push=201 pop=200 empty=0 ovf=0
[VND] TXCPLT_CLASS is_frame=1 fl=0x01 seq=99 depth_now=0 (meta_have=1)
[VND] META_PUSH fl=0x02 seq=100 depth=1
[VND] SEND tag=ADC1-ASY2 hdr.seq=100 flags=0x02 cur_stream_seq=100 len=632
[VND] TXCPLT len=632 dt=1ms depth=1 push=202 pop=201 empty=0 ovf=0
[VND] TXCPLT_CLASS is_frame=1 fl=0x02 seq=100 depth_now=0 (meta_have=1)
[ADC][DIAG] CH1: zero buffer detected! seq=1909 idx=21 zeros_total=101
[VND] META_PUSH fl=0x01 seq=100 depth=1
[VND] SEND tag=ADC0-ASY2 hdr.seq=100 flags=0x01 cur_stream_seq=101 len=632
[VND] TXCPLT len=632 dt=1ms depth=1 push=203 pop=202 empty=0 ovf=0
[VND] TXCPLT_CLASS is_frame=1 fl=0x01 seq=100 depth_now=0 (meta_have=1)
[VND] META_PUSH fl=0x02 seq=101 depth=1
[VND] SEND tag=ADC1-ASY2 hdr.seq=101 flags=0x02 cur_stream_seq=101 len=632
[VND] TXCPLT len=632 dt=1ms depth=1 push=204 pop=203 empty=0 ovf=0
[VND] TXCPLT_CLASS is_frame=1 fl=0x02 seq=101 depth_now=0 (meta_have=1)
[ADC][DIAG] CH1: zero buffer detected! seq=1911 idx=23 zeros_total=102
[VND] META_PUSH fl=0x01 seq=101 depth=1
[VND] SEND tag=ADC0-ASY2 hdr.seq=101 flags=0x01 cur_stream_seq=102 len=632
[VND] TXCPLT len=632 dt=1ms depth=1 push=205 pop=204 empty=0 ovf=0
[VND] TXCPLT_CLASS is_frame=1 fl=0x01 seq=101 depth_now=0 (meta_have=1)
[VND] META_PUSH fl=0x02 seq=102 depth=1
[VND] SEND tag=ADC1-ASY2 hdr.seq=102 flags=0x02 cur_stream_seq=102 len=632
[VND] TXCPLT len=632 dt=1ms depth=1 push=206 pop=205 empty=0 ovf=0
[VND] TXCPLT_CLASS is_frame=1 fl=0x02 seq=102 depth_now=0 (meta_have=1)
[ADC][DIAG] CH1: zero buffer detected! seq=1913 idx=25 zeros_total=103
[VND] META_PUSH fl=0x01 seq=102 depth=1
[VND] SEND tag=ADC0-ASY2 hdr.seq=102 flags=0x01 cur_stream_seq=103 len=632
[CMD] 0x21 len=1
[VND_RCV] #3 CMD 0x21 len=1
[VND] CMD 0x21 len=1
[CMD_IND] STOP received #2 (at t=25838 ms, 0 sec ago)
[VND] STOP_STREAM (full mode)
[CMD] 0x21 len=1
[VND_RCV] #4 CMD 0x21 len=1
[VND] CMD 0x21 len=1
[CMD_IND] STOP received #3 (at t=27995 ms, 0 sec ago)
[VND] STOP_STREAM (full mode)
[VND] TXCPLT len=632 dt=2619ms depth=1 push=207 pop=206 empty=0 ovf=0
[VND] TXCPLT_CLASS is_frame=1 fl=0x01 seq=102 depth_now=0 (meta_have=1)
[CMD] 0x20 len=1
[VND_RCV] #5 CMD 0x20 len=1
[VND] CMD 0x20 len=1
[CMD_IND] START received #1 (at t=28561 ms, 0 sec ago)
[VND] START_STREAM received
[VND] PAIR_TIMING(info): samples=300 buf_rate=200 -> period???1000 ms
[VND] START_STREAM: transmission enabled (ADC already running)
[VND] START_STREAM
[VND] META_PUSH fl=0x02 seq=103 depth=1
[VND] SEND tag=ADC1-ASY2 hdr.seq=103 flags=0x02 cur_stream_seq=0 len=632
[VND] PREPARE_PAIR slot=0
[VND] PREPARE_PAIR slot=0
[[VND] TXCPLT len=632 dt=2ms depth=1 push=8 pop=7 empty=0 ovf=0
[VND] TXCPLT_CLASS is_frame=1 fl=0x01 seq=3 depth_now=0 (meta_have=1)
[VND] META_PUSH fl=0x02 seq=4 depth=1
[VND] SEND tag=ADC1-ASY2 hdr.seq=4 flags=0x02 cur_stream_seq=4 len=632
VND] PREPARE_PAIR slot=0
[VND] PREPARE_PAIR slot=0
[VND] PREPARE_PAIR slo[VND] TXCPLT len=632 dt=1ms depth=1 push=22 pop=21 empty=0 ovf=0
[VND] TXCPLT_CLASS is_frame=1 fl=0x01 seq=10 depth_now=0 (meta_have=1)
[VND] META_PUSH fl=0x02 seq=11 depth=1
[VND] SEND tag=ADC1-ASY2 hdr.seq=11 flags=0x02 cur_stream_seq=11 len=632
t=0
[VND] PREPARE_PAIR slot=0
[VND] [VND] TXCPLT len=632 dt=1ms depth=1 push=29 pop=28 empty=0 ovf=0
[VND] TXCPLT_CLASS is_frame=1 fl=0x02 seq=14 depth_now=0 (meta_have=1)
[ADC][DIAG] CH1: zero buffer detected! seq=2474 idx=10 zeros_total=117
[VND] META_PUSH fl=0x01 seq=14 depth=1
[VND] SEND tag=ADC0-ASY2 hdr.seq=14 flags=0x01 cur_stream_seq=15 len=632
PREPARE_PAIR slot=0
[VND] PREPARE_PAIR slot=0
[VND] PREPARE_PAIR slot=0
[VND] PREPARE_PAIR slot=0
[VND] PREPARE_PAIR slot=0
[VND] PREPARE_PAIR slot=0
[VND] PREPARE_PAIR slot=0
[VND] PREPARE_PAIR slot=0
[VND] PREPARE_PAIR slot=0
[VND] PREPARE_PAIR slot=0
[VND] PREPARE_PAIR slot=0
[VND] PREPARE_PAIR slot=0
[VND] PREPARE_PAIR slot=0
[VND[VND] TXCPLT len=632 dt=1ms depth=1 push=90 pop=89 empty=0 ovf=0
[VND] TXCPLT_CLASS is_frame=1 fl=0x01 seq=44 depth_now=0 (meta_have=1)
[VND] META_PUSH fl=0x02 seq=45 depth=1
[VND] SEND tag=ADC1-ASY2 hdr.seq=45 flags=0x02 cur_stream_seq=45 len=632
] PREPARE_PAIR slot=0
[VND] PREPARE_PAIR slot=0
[VND] PREPARE_PAIR slot=0[VND] TXCPLT len=632 dt=1ms depth=1 push=104 pop=103 empty=0 ovf=0
[VND] TXCPLT_CLASS is_frame=1 fl=0x01 seq=51 depth_now=0 (meta_have=1)
[VND] META_PUSH fl=0x02 seq=52 depth=1
[VND] SEND tag=ADC1-ASY2 hdr.seq=52 flags=0x02 cur_stream_seq=52 len=632

[VND] PREPARE_PAIR slot=0
[VND] PREPARE_PAIR slot=0
[VND] PREPARE_PAIR slot=0
[VND] PREPARE_PAIR slot=0
[VND] PREPARE_PAIR slot=0
[VND] PREPARE_PAIR slot=0
[VND] PREPARE_PAIR slot=0
[VND] PREPARE_PAIR slot=0
[VND] PREPARE_PAIR slot=0
[VND] PREPARE_PAIR slot=0
[VND] PREPARE_PAIR slot=0
[VND] PREPARE_PAIR slot=0
[VND] TXCPLT len=632 dt=1ms depth=1 push=144 pop=143 empty=0 ovf=0
[VND] TXCPLT_CLASS is_frame=1 fl=0x01 seq=71 depth_now=0 (meta_have=1)
[VND] META_PUSH fl=0x02 seq=72 depth=1
[VND] SEND tag=ADC1-ASY2 hdr.seq=72 flags=0x02 cur_stream_seq=72 len=632
[VND] PREPARE_PAIR slot=0
[VND] PREPARE_PAIR slot=0
[VND] PREPARE_PAIR slot=0
[VND] PREPARE_PAIR slot=0
[VND] PREPARE_PAIR slot=0
[VND] PREPARE_PAIR slot=0
[ADC][DIAG] CH1: zero buffer detected! seq=2539 idx=11 zeros_total=180
[VND] META_PUSH fl=0x02 seq=80 depth=1
[VND] SEND tag=[VND] TXCPLT len=632 dt=1ms depth=1 push=169 pop=168 empty=0 ovf=0
[VND] TXCPLT_CLASS is_frame=1 fl=0x01 seq=83 depth_now=0 (meta_have=1)
[VND] META_PUSH fl=0x02 seq=84 depth=1
[VND] SEND tag=ADC1-ASY2 hdr.seq=84 flags=0x02 cur_stream_seq=84 len=632
ADC1-ASY2 hdr.seq=83 flags=0x02 cur_stream_seq=83 len=632
[VND] PREPARE_PAIR slot=0
[VND] PREPARE_PAIR slot=0
[ADC][DIAG] CH1: zero buffer detected! seq=2546 idx=18 zeros_total=187
[VND] META_PUSH fl=0x01 seq=88 depth=1
[VND] SEND tag=ADC0-ASY2 hdr.seq=88 flags=0x01 cur_stream_seq=89 len=632
[[VND] TXCPLT len=632 dt=1ms depth=1 push=189 pop=188 empty=0 ovf=0
[VND] TXCPLT_CLASS is_frame=1 fl=0x01 seq=93 depth_now=0 (meta_have=1)
[VND] META_PUSH fl=0x02 seq=94 depth=1
[VND] SEND tag=ADC1-ASY2 hdr.seq=94 flags=0x02 cur_stream_seq=94 len=632
VND] PREPARE_PAIR sl[VND] TXCPLT len=632 dt=1ms depth=1 push=193 pop=192 empty=0 ovf=0
[VND] TXCPLT_CLASS is_frame=1 fl=0x01 seq=95 depth_now=0 (meta_have=1)
[VND] META_PUSH fl=0x02 seq=96 depth=1
[VND] SEND tag=ADC1-ASY2 hdr.seq=96 flags=0x02 cur_stream_seq=96 len=632

t=0
[VND] PREPARE_PAIR slot=0
[VND] PREPARE_PAIR slot=0
[VND] PREPARE_PAIR slot=0
[ADC][DIAG] CH1: zero buffer detected! seq=2558 idx=30 zeros_total=199
[VND] META_PUSH fl=0x01 seq=100 depth=1
[VND] SEND tag=ADC0-ASY2 hdr.seq=101 flags=0x01 cur_stream_s[VND] TXCPLT len=632 dt=2ms depth=1 push=213 pop=212 empty=0 ovf=0
[VND] TXCPLT_CLASS is_frame=1 fl=0x02 seq=105 depth_now=0 (meta_have=1)
[ADC][DIAG] CH1: zero buffer detected! seq=2564 idx=4 zeros_total=204
[VND] META_PUSH fl=0x01 seq=105 depth=1
[VND] SEND tag=ADC0-ASY2 hdr.seq=105 flags=0x01 cur_stream_seq=106 len=632
eq=102 len=632
[VND] PREPARE_PAIR slot=0
[VND] PREPARE_PAIR slot=0
[ADC][DIAG] CH1: zero buffer detected! seq=2567 idx=7 zeros_total=207
[VND] META_PUSH fl=0x01 seq=109 depth=1
[VND] SEND tag=ADC0-ASY2 hdr.seq=111 flags=0x01 cur_stream_seq=112 len=632
[VND] PREPARE_PAIR slot=0
[VND] PREPARE_PAIR slot=0
[ADC][DIAG] CH1: zero buffer detected! seq=2571 idx=11 zeros_total=211
[VND] META_PUSH fl=0x02 seq=113 depth=1
[VND] SEND tag=ADC1-ASY2 hdr.seq=116 flags=0x02 cur_stream_seq=117 len=632
[VND] PREPARE_PAIR slot=0
[VND] PREPARE_PAIR slot=0
[ADC][DIAG] CH1: zero buffer detected! seq=2580 idx=20 zeros_total=220
[VND] META_PUSH fl=0x01 seq=123 depth=1
[VND] SEND tag=ADC0-ASY2 hdr.seq=124 flags=0x01 cur_stream_seq=125 len=632
[VND] TXCPLT len=632 dt=3ms depth=1 push=256 pop=255 empty=0 ovf=0
[VND] TXCPLT_CLASS is_frame=1 fl=0x02 seq=126 depth_now=0 (meta_have=1)
[ADC][DIAG] CH1: zero buffer detected! seq=2584 idx=24 zeros_total=224
[VND] META_PUSH fl=0x02 seq=127 depth=1
[VND] SEND tag=ADC1-ASY2 hdr.seq=127 flags=0x02 cur_stream_seq=127 len=632
[VND] TXCPLT len=632 dt=1ms depth=1 push=257 pop=256 empty=0 ovf=0
[VND] TXCPLT_CLASS is_frame=1 fl=0x02 seq=127 depth_now=0 (meta_have=1)
[ADC][DIAG] CH1: zero buffer detected! seq=2585 idx=25 zeros_total=225
[VND] META_PUSH fl=0x01 seq=127 depth=1
[VND] SEND tag=ADC0-ASY2 hdr.seq=127 flags=0x01 cur_stream_seq=128 len=632
[VND] TXCPLT len=632 dt=1ms depth=1 push=258 pop=257 empty=0 ovf=0
[VND] TXCPLT_CLASS is_frame=1 fl=0x01 seq=127 depth_now=0 (meta_have=1)
[VND] META_PUSH fl=0x02 seq=128 depth=1
[VND] SEND tag=ADC1-ASY2 hdr.seq=128 flags=0x02 cur_stream_seq=128 len=632
[VND] TXCPLT len=632 dt=1ms depth=1 push=259 pop=258 empty=0 ovf=0
[VND] TXCPLT_CLASS is_frame=1 fl=0x02 seq=128 depth_now=0 (meta_have=1)
[ADC][DIAG] CH1: zero buffer detected! seq=2586 idx=26 zeros_total=226
[VND] META_PUSH fl=0x01 seq=128 depth=1
[VND] SEND tag=ADC0-ASY2 hdr.seq=128 flags=0x01 cur_stream_seq=129 len=632
[VND] TXCPLT len=632 dt=1ms depth=1 push=260 pop=259 empty=0 ovf=0
[VND] TXCPLT_CLASS is_frame=1 fl=0x01 seq=128 depth_now=0 (meta_have=1)
[VND] META_PUSH fl=0x02 seq=129 depth=1
[VND] SEND tag=ADC1-ASY2 hdr.seq=129 flags=0x02 cur_stream_seq=129 len=632
[VND] TXCPLT len=632 dt=1ms depth=1 push=261 pop=260 empty=0 ovf=0
[VND] TXCPLT_CLASS is_frame=1 fl=0x02 seq=129 depth_now=0 (meta_have=1)
[ADC][DIAG] CH1: zero buffer detected! seq=2587 idx=27 zeros_total=227
[VND] META_PUSH fl=0x01 seq=129 depth=1
[VND] SEND tag=ADC0-ASY2 hdr.seq=129 flags=0x01 cur_stream_seq=130 len=632
[VND] TXCPLT len=632 dt=1ms depth=1 push=262 pop=261 empty=0 ovf=0
[VND] TXCPLT_CLASS is_frame=1 fl=0x01 seq=129 depth_now=0 (meta_have=1)
[VND] META_PUSH fl=0x02 seq=130 depth=1
[VND] SEND tag=ADC1-ASY2 hdr.seq=130 flags=0x02 cur_stream_seq=130 len=632
[VND] TXCPLT len=632 dt=1ms depth=1 push=263 pop=262 empty=0 ovf=0
[VND] TXCPLT_CLASS is_frame=1 fl=0x02 seq=130 depth_now=0 (meta_have=1)
[ADC][DIAG] CH1: zero buffer detected! seq=2588 idx=28 zeros_total=228
[VND] META_PUSH fl=0x01 seq=130 depth=1
[VND] SEND tag=ADC0-ASY2 hdr.seq=130 flags=0x01 cur_stream_seq=131 len=632
[VND] TXCPLT len=632 dt=1ms depth=1 push=264 pop=263 empty=0 ovf=0
[VND] TXCPLT_CLASS is_frame=1 fl=0x01 seq=130 depth_now=0 (meta_have=1)
[VND] META_PUSH fl=0x02 seq=131 depth=1
[VND] SEND tag=ADC1-ASY2 hdr.seq=131 flags=0x02 cur_stream_seq=131 len=632
[VND] TXCPLT len=632 dt=1ms depth=1 push=265 pop=264 empty=0 ovf=0
[VND] TXCPLT_CLASS is_frame=1 fl=0x02 seq=131 depth_now=0 (meta_have=1)
[ADC][DIAG] CH1: zero buffer detected! seq=2589 idx=29 zeros_total=229
[VND] META_PUSH fl=0x01 seq=131 depth=1
[VND] SEND tag=ADC0-ASY2 hdr.seq=131 flags=0x01 cur_stream_seq=132 len=632
[VND] TXCPLT len=632 dt=1ms depth=1 push=266 pop=265 empty=0 ovf=0
[VND] TXCPLT_CLASS is_frame=1 fl=0x01 seq=131 depth_now=0 (meta_have=1)
[VND] META_PUSH fl=0x02 seq=132 depth=1
[VND] SEND tag=ADC1-ASY2 hdr.seq=132 flags=0x02 cur_stream_seq=132 len=632
[VND] TXCPLT len=632 dt=1ms depth=1 push=267 pop=266 empty=0 ovf=0
[VND] TXCPLT_CLASS is_frame=1 fl=0x02 seq=132 depth_now=0 (meta_have=1)
[ADC][DIAG] CH1: zero buffer detected! seq=2590 idx=30 zeros_total=230
[VND] META_PUSH fl=0x01 seq=132 depth=1
[VND] SEND tag=ADC0-ASY2 hdr.seq=132 flags=0x01 cur_stream_seq=133 len=632
[VND] TXCPLT len=632 dt=1ms depth=1 push=268 pop=267 empty=0 ovf=0
[VND] TXCPLT_CLASS is_frame=1 fl=0x01 seq=132 depth_now=0 (meta_have=1)
[VND] META_PUSH fl=0x02 seq=133 depth=1
[VND] SEND tag=ADC1-ASY2 hdr.seq=133 flags=0x02 cur_stream_seq=133 len=632
[VND] TXCPLT len=632 dt=1ms depth=1 push=269 pop=268 empty=0 ovf=0
[VND] TXCPLT_CLASS is_frame=1 fl=0x02 seq=133 depth_now=0 (meta_have=1)
[ADC][DIAG] CH1: zero buffer detected! seq=2591 idx=31 zeros_total=231
[VND] META_PUSH fl=0x01 seq=133 depth=1
[VND] SEND tag=ADC0-ASY2 hdr.seq=133 flags=0x01 cur_stream_seq=134 len=632
[VND] TXCPLT len=632 dt=1ms depth=1 push=270 pop=269 empty=0 ovf=0
[VND] TXCPLT_CLASS is_frame=1 fl=0x01 seq=133 depth_now=0 (meta_have=1)
[VND] META_PUSH fl=0x02 seq=134 depth=1
[VND] SEND tag=ADC1-ASY2 hdr.seq=134 flags=0x02 cur_stream_seq=134 len=632
[VND] TXCPLT len=632 dt=1ms depth=1 push=271 pop=270 empty=0 ovf=0
[VND] TXCPLT_CLASS is_frame=1 fl=0x02 seq=134 depth_now=0 (meta_have=1)
[VND] META_PUSH fl=0x01 seq=134 depth=1
[VND] SEND tag=ADC0-ASY2 hdr.seq=134 flags=0x01 cur_stream_seq=135 len=632
[VND] TXCPLT len=632 dt=2ms depth=1 push=272 pop=271 empty=0 ovf=0
[VND] TXCPLT_CLASS is_frame=1 fl=0x01 seq=134 depth_now=0 (meta_have=1)
[VND] META_PUSH fl=0x02 seq=135 depth=1
[VND] SEND tag=ADC1-ASY2 hdr.seq=135 flags=0x02 cur_stream_seq=135 len=632
[VND] TXCPLT len=632 dt=1ms depth=1 push=273 pop=272 empty=0 ovf=0
[VND] TXCPLT_CLASS is_frame=1 fl=0x02 seq=135 depth_now=0 (meta_have=1)
[ADC][DIAG] CH1: zero buffer detected! seq=2593 idx=1 zeros_total=232
[VND] META_PUSH fl=0x01 seq=135 depth=1
[VND] SEND tag=ADC0-ASY2 hdr.seq=135 flags=0x01 cur_stream_seq=136 len=632
[VND] TXCPLT len=632 dt=2ms depth=1 push=274 pop=273 empty=0 ovf=0
[VND] TXCPLT_CLASS is_frame=1 fl=0x01 seq=135 depth_now=0 (meta_have=1)
[VND] META_PUSH fl=0x02 seq=136 depth=1
[VND] SEND tag=ADC1-ASY2 hdr.seq=136 flags=0x02 cur_stream_seq=136 len=632
[VND] TXCPLT len=632 dt=2ms depth=1 push=275 pop=274 empty=0 ovf=0
[VND] TXCPLT_CLASS is_frame=1 fl=0x02 seq=136 depth_now=0 (meta_have=1)
[ADC][DIAG] CH1: zero buffer detected! seq=2594 idx=2 zeros_total=233
[VND] META_PUSH fl=0x01 seq=136 depth=1
[VND] SEND tag=ADC0-ASY2 hdr.seq=136 flags=0x01 cur_stream_seq=137 len=632
[VND] TXCPLT len=632 dt=2ms depth=1 push=276 pop=275 empty=0 ovf=0
[VND] TXCPLT_CLASS is_frame=1 fl=0x01 seq=136 depth_now=0 (meta_have=1)
[VND] META_PUSH fl=0x02 seq=137 depth=1
[VND] SEND tag=ADC1-ASY2 hdr.seq=137 flags=0x02 cur_stream_seq=137 len=632
[VND] TXCPLT len=632 dt=2ms depth=1 push=277 pop=276 empty=0 ovf=0
[VND] TXCPLT_CLASS is_frame=1 fl=0x02 seq=137 depth_now=0 (meta_have=1)
[ADC][DIAG] CH1: zero buffer detected! seq=2595 idx=3 zeros_total=234
[VND] META_PUSH fl=0x01 seq=137 depth=1
[VND] SEND tag=ADC0-ASY2 hdr.seq=137 flags=0x01 cur_stream_seq=138 len=632
[VND] TXCPLT len=632 dt=1ms depth=1 push=278 pop=277 empty=0 ovf=0
[VND] TXCPLT_CLASS is_frame=1 fl=0x01 seq=137 depth_now=0 (meta_have=1)
[VND] META_PUSH fl=0x02 seq=138 depth=1
[VND] SEND tag=ADC1-ASY2 hdr.seq=138 flags=0x02 cur_stream_seq=138 len=632
[VND] TXCPLT len=632 dt=2ms depth=1 push=279 pop=278 empty=0 ovf=0
[VND] TXCPLT_CLASS is_frame=1 fl=0x02 seq=138 depth_now=0 (meta_have=1)
[ADC][DIAG] CH1: zero buffer detected! seq=2596 idx=4 zeros_total=235
[VND] META_PUSH fl=0x01 seq=138 depth=1
[VND] SEND tag=ADC0-ASY2 hdr.seq=138 flags=0x01 cur_stream_seq=139 len=632
[VND] TXCPLT len=632 dt=1ms depth=1 push=280 pop=279 empty=0 ovf=0
[VND] TXCPLT_CLASS is_frame=1 fl=0x01 seq=138 depth_now=0 (meta_have=1)
[VND] META_PUSH fl=0x02 seq=139 depth=1
[VND] SEND tag=ADC1-ASY2 hdr.seq=139 flags=0x02 cur_stream_seq=139 len=632
[VND] TXCPLT len=632 dt=2ms depth=1 push=281 pop=280 empty=0 ovf=0
[VND] TXCPLT_CLASS is_frame=1 fl=0x02 seq=139 depth_now=0 (meta_have=1)
[ADC][DIAG] CH1: zero buffer detected! seq=2597 idx=5 zeros_total=236
[VND] META_PUSH fl=0x01 seq=139 depth=1
[VND] SEND tag=ADC0-ASY2 hdr.seq=139 flags=0x01 cur_stream_seq=140 len=632
[VND] TXCPLT len=632 dt=1ms depth=1 push=282 pop=281 empty=0 ovf=0
[VND] TXCPLT_CLASS is_frame=1 fl=0x01 seq=139 depth_now=0 (meta_have=1)
[VND] META_PUSH fl=0x02 seq=140 depth=1
[VND] SEND tag=ADC1-ASY2 hdr.seq=140 flags=0x02 cur_stream_seq=140 len=632
[VND] TXCPLT len=632 dt=2ms depth=1 push=283 pop=282 empty=0 ovf=0
[VND] TXCPLT_CLASS is_frame=1 fl=0x02 seq=140 depth_now=0 (meta_have=1)
[ADC][DIAG] CH1: zero buffer detected! seq=2598 idx=6 zeros_total=237
[VND] META_PUSH fl=0x01 seq=140 depth=1
[VND] SEND tag=ADC0-ASY2 hdr.seq=140 flags=0x01 cur_stream_seq=141 len=632
[VND] TXCPLT len=632 dt=1ms depth=1 push=284 pop=283 empty=0 ovf=0
[VND] TXCPLT_CLASS is_frame=1 fl=0x01 seq=140 depth_now=0 (meta_have=1)
[VND] META_PUSH fl=0x02 seq=141 depth=1
[VND] SEND tag=ADC1-ASY2 hdr.seq=141 flags=0x02 cur_stream_seq=141 len=632
[VND] TXCPLT len=632 dt=1ms depth=1 push=285 pop=284 empty=0 ovf=0
[VND] TXCPLT_CLASS is_frame=1 fl=0x02 seq=141 depth_now=0 (meta_have=1)
[ADC][DIAG] CH1: zero buffer detected! seq=2599 idx=7 zeros_total=238
[VND] META_PUSH fl=0x01 seq=141 depth=1
[VND] SEND tag=ADC0-ASY2 hdr.seq=141 flags=0x01 cur_stream_seq=142 len=632
[VND] TXCPLT len=632 dt=1ms depth=1 push=286 pop=285 empty=0 ovf=0
[VND] TXCPLT_CLASS is_frame=1 fl=0x01 seq=141 depth_now=0 (meta_have=1)
[VND] META_PUSH fl=0x02 seq=142 depth=1
[VND] SEND tag=ADC1-ASY2 hdr.seq=142 flags=0x02 cur_stream_seq=142 len=632
[VND] TXCPLT len=632 dt=1ms depth=1 push=287 pop=286 empty=0 ovf=0
[VND] TXCPLT_CLASS is_frame=1 fl=0x02 seq=142 depth_now=0 (meta_have=1)
[ADC][DIAG] CH1: zero buffer detected! seq=2600 idx=8 zeros_total=239
[VND] META_PUSH fl=0x01 seq=142 depth=1
[VND] SEND tag=ADC0-ASY2 hdr.seq=142 flags=0x01 cur_stream_seq=143 len=632
[VND] TXCPLT len=632 dt=1ms depth=1 push=288 pop=287 empty=0 ovf=0
[VND] TXCPLT_CLASS is_frame=1 fl=0x01 seq=142 depth_now=0 (meta_have=1)
[VND] META_PUSH fl=0x02 seq=143 depth=1
[VND] SEND tag=ADC1-ASY2 hdr.seq=143 flags=0x02 cur_stream_seq=143 len=632
[VND] TXCPLT len=632 dt=1ms depth=1 push=289 pop=288 empty=0 ovf=0
[VND] TXCPLT_CLASS is_frame=1 fl=0x02 seq=143 depth_now=0 (meta_have=1)
[ADC][DIAG] CH1: zero buffer detected! seq=2601 idx=9 zeros_total=240
[VND] META_PUSH fl=0x01 seq=143 depth=1
[VND] SEND tag=ADC0-ASY2 hdr.seq=143 flags=0x01 cur_stream_seq=144 len=632
[VND] TXCPLT len=632 dt=1ms depth=1 push=290 pop=289 empty=0 ovf=0
[VND] TXCPLT_CLASS is_frame=1 fl=0x01 seq=143 depth_now=0 (meta_have=1)
[VND] META_PUSH fl=0x02 seq=144 depth=1
[VND] SEND tag=ADC1-ASY2 hdr.seq=144 flags=0x02 cur_stream_seq=144 len=632
[VND] TXCPLT len=632 dt=1ms depth=1 push=291 pop=290 empty=0 ovf=0
[VND] TXCPLT_CLASS is_frame=1 fl=0x02 seq=144 depth_now=0 (meta_have=1)
[ADC][DIAG] CH1: zero buffer detected! seq=2602 idx=10 zeros_total=241
[VND] META_PUSH fl=0x01 seq=144 depth=1
[VND] SEND tag=ADC0-ASY2 hdr.seq=144 flags=0x01 cur_stream_seq=145 len=632
[VND] TXCPLT len=632 dt=1ms depth=1 push=292 pop=291 empty=0 ovf=0
[VND] TXCPLT_CLASS is_frame=1 fl=0x01 seq=144 depth_now=0 (meta_have=1)
[VND] META_PUSH fl=0x02 seq=145 depth=1
[VND] SEND tag=ADC1-ASY2 hdr.seq=145 flags=0x02 cur_stream_seq=145 len=632
[VND] TXCPLT len=632 dt=2ms depth=1 push=293 pop=292 empty=0 ovf=0
[VND] TXCPLT_CLASS is_frame=1 fl=0x02 seq=145 depth_now=0 (meta_have=1)
[ADC][DIAG] CH1: zero buffer detected! seq=2603 idx=11 zeros_total=242
[VND] META_PUSH fl=0x01 seq=145 depth=1
[VND] SEND tag=ADC0-ASY2 hdr.seq=145 flags=0x01 cur_stream_seq=146 len=632
[VND] TXCPLT len=632 dt=1ms depth=1 push=294 pop=293 empty=0 ovf=0
[VND] TXCPLT_CLASS is_frame=1 fl=0x01 seq=145 depth_now=0 (meta_have=1)
[VND] META_PUSH fl=0x02 seq=146 depth=1
[VND] SEND tag=ADC1-ASY2 hdr.seq=146 flags=0x02 cur_stream_seq=146 len=632
[VND] TXCPLT len=632 dt=2ms depth=1 push=295 pop=294 empty=0 ovf=0
[VND] TXCPLT_CLASS is_frame=1 fl=0x02 seq=146 depth_now=0 (meta_have=1)
[ADC][DIAG] CH1: zero buffer detected! seq=2604 idx=12 zeros_total=243
[VND] META_PUSH fl=0x01 seq=146 depth=1
[VND] SEND tag=ADC0-ASY2 hdr.seq=146 flags=0x01 cur_stream_seq=147 len=632
[VND] TXCPLT len=632 dt=1ms depth=1 push=296 pop=295 empty=0 ovf=0
[VND] TXCPLT_CLASS is_frame=1 fl=0x01 seq=146 depth_now=0 (meta_have=1)
[VND] META_PUSH fl=0x02 seq=147 depth=1
[VND] SEND tag=ADC1-ASY2 hdr.seq=147 flags=0x02 cur_stream_seq=147 len=632
[VND] TXCPLT len=632 dt=2ms depth=1 push=297 pop=296 empty=0 ovf=0
[VND] TXCPLT_CLASS is_frame=1 fl=0x02 seq=147 depth_now=0 (meta_have=1)
[ADC][DIAG] CH1: zero buffer detected! seq=2605 idx=13 zeros_total=244
[VND] META_PUSH fl=0x01 seq=147 depth=1
[VND] SEND tag=ADC0-ASY2 hdr.seq=147 flags=0x01 cur_stream_seq=148 len=632
[VND] TXCPLT len=632 dt=1ms depth=1 push=298 pop=297 empty=0 ovf=0
[VND] TXCPLT_CLASS is_frame=1 fl=0x01 seq=147 depth_now=0 (meta_have=1)
[VND] META_PUSH fl=0x02 seq=148 depth=1
[VND] SEND tag=ADC1-ASY2 hdr.seq=148 flags=0x02 cur_stream_seq=148 len=632
[VND] TXCPLT len=632 dt=2ms depth=1 push=299 pop=298 empty=0 ovf=0
[VND] TXCPLT_CLASS is_frame=1 fl=0x02 seq=148 depth_now=0 (meta_have=1)
[ADC][DIAG] CH1: zero buffer detected! seq=2606 idx=14 zeros_total=245
[VND] META_PUSH fl=0x01 seq=148 depth=1
[VND] SEND tag=ADC0-ASY2 hdr.seq=148 flags=0x01 cur_stream_seq=149 len=632
[VND] TXCPLT len=632 dt=1ms depth=1 push=300 pop=299 empty=0 ovf=0
[VND] TXCPLT_CLASS is_frame=1 fl=0x01 seq=148 depth_now=0 (meta_have=1)
[VND] META_PUSH fl=0x02 seq=149 depth=1
[VND] SEND tag=ADC1-ASY2 hdr.seq=149 flags=0x02 cur_stream_seq=149 len=632
[VND] TXCPLT len=632 dt=2ms depth=1 push=301 pop=300 empty=0 ovf=0
[VND] TXCPLT_CLASS is_frame=1 fl=0x02 seq=149 depth_now=0 (meta_have=1)
[ADC][DIAG] CH1: zero buffer detected! seq=2607 idx=15 zeros_total=246
[VND] META_PUSH fl=0x01 seq=149 depth=1
[VND] SEND tag=ADC0-ASY2 hdr.seq=149 flags=0x01 cur_stream_seq=150 len=632
[VND] TXCPLT len=632 dt=2ms depth=1 push=302 pop=301 empty=0 ovf=0
[VND] TXCPLT_CLASS is_frame=1 fl=0x01 seq=149 depth_now=0 (meta_have=1)
[VND] META_PUSH fl=0x02 seq=150 depth=1
[VND] SEND tag=ADC1-ASY2 hdr.seq=150 flags=0x02 cur_stream_seq=150 len=632
[VND] TXCPLT len=632 dt=2ms depth=1 push=303 pop=302 empty=0 ovf=0
[VND] TXCPLT_CLASS is_frame=1 fl=0x02 seq=150 depth_now=0 (meta_have=1)
[ADC][DIAG] CH1: zero buffer detected! seq=2608 idx=16 zeros_total=247
[VND] META_PUSH fl=0x01 seq=150 depth=1
[VND] SEND tag=ADC0-ASY2 hdr.seq=150 flags=0x01 cur_stream_seq=151 len=632
[VND] TXCPLT len=632 dt=1ms depth=1 push=304 pop=303 empty=0 ovf=0
[VND] TXCPLT_CLASS is_frame=1 fl=0x01 seq=150 depth_now=0 (meta_have=1)
[VND] META_PUSH fl=0x02 seq=151 depth=1
[VND] SEND tag=ADC1-ASY2 hdr.seq=151 flags=0x02 cur_stream_seq=151 len=632
[VND] TXCPLT len=632 dt=2ms depth=1 push=305 pop=304 empty=0 ovf=0
[VND] TXCPLT_CLASS is_frame=1 fl=0x02 seq=151 depth_now=0 (meta_have=1)
[ADC][DIAG] CH1: zero buffer detected! seq=2609 idx=17 zeros_total=248
[VND] META_PUSH fl=0x01 seq=151 depth=1
[VND] SEND tag=ADC0-ASY2 hdr.seq=151 flags=0x01 cur_stream_seq=152 len=632
[VND] TXCPLT len=632 dt=1ms depth=1 push=306 pop=305 empty=0 ovf=0
[VND] TXCPLT_CLASS is_frame=1 fl=0x01 seq=151 depth_now=0 (meta_have=1)
[VND] META_PUSH fl=0x02 seq=152 depth=1
[VND] SEND tag=ADC1-ASY2 hdr.seq=152 flags=0x02 cur_stream_seq=152 len=632
[VND] TXCPLT len=632 dt=2ms depth=1 push=307 pop=306 empty=0 ovf=0
[VND] TXCPLT_CLASS is_frame=1 fl=0x02 seq=152 depth_now=0 (meta_have=1)
[ADC][DIAG] CH1: zero buffer detected! seq=2610 idx=18 zeros_total=249
[VND] META_PUSH fl=0x01 seq=152 depth=1
[VND] SEND tag=ADC0-ASY2 hdr.seq=152 flags=0x01 cur_stream_seq=153 len=632
[VND] TXCPLT len=632 dt=2ms depth=1 push=308 pop=307 empty=0 ovf=0
[VND] TXCPLT_CLASS is_frame=1 fl=0x01 seq=152 depth_now=0 (meta_have=1)
[VND] META_PUSH fl=0x02 seq=153 depth=1
[VND] SEND tag=ADC1-ASY2 hdr.seq=153 flags=0x02 cur_stream_seq=153 len=632
[VND] TXCPLT len=632 dt=2ms depth=1 push=309 pop=308 empty=0 ovf=0
[VND] TXCPLT_CLASS is_frame=1 fl=0x02 seq=153 depth_now=0 (meta_have=1)
[ADC][DIAG] CH1: zero buffer detected! seq=2611 idx=19 zeros_total=250
[VND] META_PUSH fl=0x01 seq=153 depth=1
[VND] SEND tag=ADC0-ASY2 hdr.seq=153 flags=0x01 cur_stream_seq=154 len=632
[VND] TXCPLT len=632 dt=2ms depth=1 push=310 pop=309 empty=0 ovf=0
[VND] TXCPLT_CLASS is_frame=1 fl=0x01 seq=153 depth_now=0 (meta_have=1)
[VND] META_PUSH fl=0x02 seq=154 depth=1
[VND] SEND tag=ADC1-ASY2 hdr.seq=154 flags=0x02 cur_stream_seq=154 len=632
[VND] TXCPLT len=632 dt=2ms depth=1 push=311 pop=310 empty=0 ovf=0
[VND] TXCPLT_CLASS is_frame=1 fl=0x02 seq=154 depth_now=0 (meta_have=1)
[ADC][DIAG] CH1: zero buffer detected! seq=2612 idx=20 zeros_total=251
[VND] META_PUSH fl=0x01 seq=154 depth=1
[VND] SEND tag=ADC0-ASY2 hdr.seq=154 flags=0x01 cur_stream_seq=155 len=632
[VND] TXCPLT len=632 dt=2ms depth=1 push=312 pop=311 empty=0 ovf=0
[VND] TXCPLT_CLASS is_frame=1 fl=0x01 seq=154 depth_now=0 (meta_have=1)
[VND] META_PUSH fl=0x02 seq=155 depth=1
[VND] SEND tag=ADC1-ASY2 hdr.seq=155 flags=0x02 cur_stream_seq=155 len=632
[VND] TXCPLT len=632 dt=2ms depth=1 push=313 pop=312 empty=0 ovf=0
[VND] TXCPLT_CLASS is_frame=1 fl=0x02 seq=155 depth_now=0 (meta_have=1)
[ADC][DIAG] CH1: zero buffer detected! seq=2613 idx=21 zeros_total=252
[VND] META_PUSH fl=0x01 seq=155 depth=1
[VND] SEND tag=ADC0-ASY2 hdr.seq=155 flags=0x01 cur_stream_seq=156 len=632
[VND] TXCPLT len=632 dt=2ms depth=1 push=314 pop=313 empty=0 ovf=0
[VND] TXCPLT_CLASS is_frame=1 fl=0x01 seq=155 depth_now=0 (meta_have=1)
[VND] META_PUSH fl=0x02 seq=156 depth=1
[VND] SEND tag=ADC1-ASY2 hdr.seq=156 flags=0x02 cur_stream_seq=156 len=632
[VND] TXCPLT len=632 dt=2ms depth=1 push=315 pop=314 empty=0 ovf=0
[VND] TXCPLT_CLASS is_frame=1 fl=0x02 seq=156 depth_now=0 (meta_have=1)
[ADC][DIAG] CH1: zero buffer detected! seq=2614 idx=22 zeros_total=253
[VND] META_PUSH fl=0x01 seq=156 depth=1
[VND] SEND tag=ADC0-ASY2 hdr.seq=156 flags=0x01 cur_stream_seq=157 len=632
[VND] TXCPLT len=632 dt=2ms depth=1 push=316 pop=315 empty=0 ovf=0
[VND] TXCPLT_CLASS is_frame=1 fl=0x01 seq=156 depth_now=0 (meta_have=1)
[VND] META_PUSH fl=0x02 seq=157 depth=1
[VND] SEND tag=ADC1-ASY2 hdr.seq=157 flags=0x02 cur_stream_seq=157 len=632
[VND] TXCPLT len=632 dt=2ms depth=1 push=317 pop=316 empty=0 ovf=0
[VND] TXCPLT_CLASS is_frame=1 fl=0x02 seq=157 depth_now=0 (meta_have=1)
[ADC][DIAG] CH1: zero buffer detected! seq=2616 idx=24 zeros_total=254
[VND] META_PUSH fl=0x01 seq=157 depth=1
[VND] SEND tag=ADC0-ASY2 hdr.seq=157 flags=0x01 cur_stream_seq=158 len=632
[VND] TXCPLT len=632 dt=2ms depth=1 push=318 pop=317 empty=0 ovf=0
[VND] TXCPLT_CLASS is_frame=1 fl=0x01 seq=157 depth_now=0 (meta_have=1)
[VND] META_PUSH fl=0x02 seq=158 depth=1
[VND] SEND tag=ADC1-ASY2 hdr.seq=158 flags=0x02 cur_stream_seq=158 len=632
[VND] TXCPLT len=632 dt=2ms depth=1 push=319 pop=318 empty=0 ovf=0
[VND] TXCPLT_CLASS is_frame=1 fl=0x02 seq=158 depth_now=0 (meta_have=1)
[ADC][DIAG] CH1: zero buffer detected! seq=2618 idx=26 zeros_total=255
[VND] META_PUSH fl=0x01 seq=158 depth=1
[VND] SEND tag=ADC0-ASY2 hdr.seq=158 flags=0x01 cur_stream_seq=159 len=632
[VND] TXCPLT len=632 dt=2ms depth=1 push=320 pop=319 empty=0 ovf=0
[VND] TXCPLT_CLASS is_frame=1 fl=0x01 seq=158 depth_now=0 (meta_have=1)
[VND] META_PUSH fl=0x02 seq=159 depth=1
[VND] SEND tag=ADC1-ASY2 hdr.seq=159 flags=0x02 cur_stream_seq=159 len=632
[VND] TXCPLT len=632 dt=2ms depth=1 push=321 pop=320 empty=0 ovf=0
[VND] TXCPLT_CLASS is_frame=1 fl=0x02 seq=159 depth_now=0 (meta_have=1)
[ADC][DIAG] CH1: zero buffer detected! seq=2620 idx=28 zeros_total=256
[VND] META_PUSH fl=0x01 seq=159 depth=1
[VND] SEND tag=ADC0-ASY2 hdr.seq=159 flags=0x01 cur_stream_seq=160 len=632
[VND] TXCPLT len=632 dt=1ms depth=1 push=322 pop=321 empty=0 ovf=0
[VND] TXCPLT_CLASS is_frame=1 fl=0x01 seq=159 depth_now=0 (meta_have=1)
[VND] META_PUSH fl=0x02 seq=160 depth=1
[VND] SEND tag=ADC1-ASY2 hdr.seq=160 flags=0x02 cur_stream_seq=160 len=632
[VND] TXCPLT len=632 dt=2ms depth=1 push=323 pop=322 empty=0 ovf=0
[VND] TXCPLT_CLASS is_frame=1 fl=0x02 seq=160 depth_now=0 (meta_have=1)
[ADC][DIAG] CH1: zero buffer detected! seq=2622 idx=30 zeros_total=257
[VND] META_PUSH fl=0x01 seq=160 depth=1
[VND] SEND tag=ADC0-ASY2 hdr.seq=160 flags=0x01 cur_stream_seq=161 len=632
[VND] TXCPLT len=632 dt=1ms depth=1 push=324 pop=323 empty=0 ovf=0
[VND] TXCPLT_CLASS is_frame=1 fl=0x01 seq=160 depth_now=0 (meta_have=1)
[VND] META_PUSH fl=0x02 seq=161 depth=1
[VND] SEND tag=ADC1-ASY2 hdr.seq=161 flags=0x02 cur_stream_seq=161 len=632
[VND] TXCPLT len=632 dt=3ms depth=1 push=325 pop=324 empty=0 ovf=0
[VND] TXCPLT_CLASS is_frame=1 fl=0x02 seq=161 depth_now=0 (meta_have=1)
[VND] META_PUSH fl=0x01 seq=161 depth=1
[VND] SEND tag=ADC0-ASY2 hdr.seq=161 flags=0x01 cur_stream_seq=162 len=632
[VND] TXCPLT len=632 dt=1ms depth=1 push=326 pop=325 empty=0 ovf=0
[VND] TXCPLT_CLASS is_frame=1 fl=0x01 seq=161 depth_now=0 (meta_have=1)
[VND] META_PUSH fl=0x02 seq=162 depth=1
[VND] SEND tag=ADC1-ASY2 hdr.seq=162 flags=0x02 cur_stream_seq=162 len=632
[VND] TXCPLT len=632 dt=1ms depth=1 push=327 pop=326 empty=0 ovf=0
[VND] TXCPLT_CLASS is_frame=1 fl=0x02 seq=162 depth_now=0 (meta_have=1)
[ADC][DIAG] CH1: zero buffer detected! seq=2626 idx=2 zeros_total=258
[VND] META_PUSH fl=0x01 seq=162 depth=1
[VND] SEND tag=ADC0-ASY2 hdr.seq=162 flags=0x01 cur_stream_seq=163 len=632
[VND] TXCPLT len=632 dt=1ms depth=1 push=328 pop=327 empty=0 ovf=0
[VND] TXCPLT_CLASS is_frame=1 fl=0x01 seq=162 depth_now=0 (meta_have=1)
[VND] META_PUSH fl=0x02 seq=163 depth=1
[VND] SEND tag=ADC1-ASY2 hdr.seq=163 flags=0x02 cur_stream_seq=163 len=632
[VND] TXCPLT len=632 dt=1ms depth=1 push=329 pop=328 empty=0 ovf=0
[VND] TXCPLT_CLASS is_frame=1 fl=0x02 seq=163 depth_now=0 (meta_have=1)
[ADC][DIAG] CH1: zero buffer detected! seq=2628 idx=4 zeros_total=259
[VND] META_PUSH fl=0x01 seq=163 depth=1
[VND] SEND tag=ADC0-ASY2 hdr.seq=163 flags=0x01 cur_stream_seq=164 len=632
[VND] TXCPLT len=632 dt=2ms depth=1 push=330 pop=329 empty=0 ovf=0
[VND] TXCPLT_CLASS is_frame=1 fl=0x01 seq=163 depth_now=0 (meta_have=1)
[VND] META_PUSH fl=0x02 seq=164 depth=1
[VND] SEND tag=ADC1-ASY2 hdr.seq=164 flags=0x02 cur_stream_seq=164 len=632
[VND] TXCPLT len=632 dt=1ms depth=1 push=331 pop=330 empty=0 ovf=0
[VND] TXCPLT_CLASS is_frame=1 fl=0x02 seq=164 depth_now=0 (meta_have=1)
[ADC][DIAG] CH1: zero buffer detected! seq=2630 idx=6 zeros_total=260
[VND] META_PUSH fl=0x01 seq=164 depth=1
[VND] SEND tag=ADC0-ASY2 hdr.seq=164 flags=0x01 cur_stream_seq=165 len=632
[VND] TXCPLT len=632 dt=2ms depth=1 push=332 pop=331 empty=0 ovf=0
[VND] TXCPLT_CLASS is_frame=1 fl=0x01 seq=164 depth_now=0 (meta_have=1)
[VND] META_PUSH fl=0x02 seq=165 depth=1
[VND] SEND tag=ADC1-ASY2 hdr.seq=165 flags=0x02 cur_stream_seq=165 len=632
[VND] TXCPLT len=632 dt=1ms depth=1 push=333 pop=332 empty=0 ovf=0
[VND] TXCPLT_CLASS is_frame=1 fl=0x02 seq=165 depth_now=0 (meta_have=1)
[ADC][DIAG] CH1: zero buffer detected! seq=2632 idx=8 zeros_total=261
[VND] META_PUSH fl=0x01 seq=165 depth=1
[VND] SEND tag=ADC0-ASY2 hdr.seq=165 flags=0x01 cur_stream_seq=166 len=632
[VND] TXCPLT len=632 dt=2ms depth=1 push=334 pop=333 empty=0 ovf=0
[VND] TXCPLT_CLASS is_frame=1 fl=0x01 seq=165 depth_now=0 (meta_have=1)
[VND] META_PUSH fl=0x02 seq=166 depth=1
[VND] SEND tag=ADC1-ASY2 hdr.seq=166 flags=0x02 cur_stream_seq=166 len=632
[VND] TXCPLT len=632 dt=1ms depth=1 push=335 pop=334 empty=0 ovf=0
[VND] TXCPLT_CLASS is_frame=1 fl=0x02 seq=166 depth_now=0 (meta_have=1)
[ADC][DIAG] CH1: zero buffer detected! seq=2634 idx=10 zeros_total=262
[VND] META_PUSH fl=0x01 seq=166 depth=1
[VND] SEND tag=ADC0-ASY2 hdr.seq=166 flags=0x01 cur_stream_seq=167 len=632
[VND] TXCPLT len=632 dt=2ms depth=1 push=336 pop=335 empty=0 ovf=0
[VND] TXCPLT_CLASS is_frame=1 fl=0x01 seq=166 depth_now=0 (meta_have=1)
[VND] META_PUSH fl=0x02 seq=167 depth=1
[VND] SEND tag=ADC1-ASY2 hdr.seq=167 flags=0x02 cur_stream_seq=167 len=632
[VND] TXCPLT len=632 dt=1ms depth=1 push=337 pop=336 empty=0 ovf=0
[VND] TXCPLT_CLASS is_frame=1 fl=0x02 seq=167 depth_now=0 (meta_have=1)
[ADC][DIAG] CH1: zero buffer detected! seq=2636 idx=12 zeros_total=263
[VND] META_PUSH fl=0x01 seq=167 depth=1
[VND] SEND tag=ADC0-ASY2 hdr.seq=167 flags=0x01 cur_stream_seq=168 len=632
[VND] TXCPLT len=632 dt=2ms depth=1 push=338 pop=337 empty=0 ovf=0
[VND] TXCPLT_CLASS is_frame=1 fl=0x01 seq=167 depth_now=0 (meta_have=1)
[VND] META_PUSH fl=0x02 seq=168 depth=1
[VND] SEND tag=ADC1-ASY2 hdr.seq=168 flags=0x02 cur_stream_seq=168 len=632
[VND] TXCPLT len=632 dt=1ms depth=1 push=339 pop=338 empty=0 ovf=0
[VND] TXCPLT_CLASS is_frame=1 fl=0x02 seq=168 depth_now=0 (meta_have=1)
[ADC][DIAG] CH1: zero buffer detected! seq=2638 idx=14 zeros_total=264
[VND] META_PUSH fl=0x01 seq=168 depth=1
[VND] SEND tag=ADC0-ASY2 hdr.seq=168 flags=0x01 cur_stream_seq=169 len=632
[VND] TXCPLT len=632 dt=2ms depth=1 push=340 pop=339 empty=0 ovf=0
[VND] TXCPLT_CLASS is_frame=1 fl=0x01 seq=168 depth_now=0 (meta_have=1)
[VND] META_PUSH fl=0x02 seq=169 depth=1
[VND] SEND tag=ADC1-ASY2 hdr.seq=169 flags=0x02 cur_stream_seq=169 len=632
[VND] TXCPLT len=632 dt=1ms depth=1 push=341 pop=340 empty=0 ovf=0
[VND] TXCPLT_CLASS is_frame=1 fl=0x02 seq=169 depth_now=0 (meta_have=1)
[ADC][DIAG] CH1: zero buffer detected! seq=2640 idx=16 zeros_total=265
[VND] META_PUSH fl=0x01 seq=169 depth=1
[VND] SEND tag=ADC0-ASY2 hdr.seq=169 flags=0x01 cur_stream_seq=170 len=632
[VND] TXCPLT len=632 dt=2ms depth=1 push=342 pop=341 empty=0 ovf=0
[VND] TXCPLT_CLASS is_frame=1 fl=0x01 seq=169 depth_now=0 (meta_have=1)
[VND] META_PUSH fl=0x02 seq=170 depth=1
[VND] SEND tag=ADC1-ASY2 hdr.seq=170 flags=0x02 cur_stream_seq=170 len=632
[VND] TXCPLT len=632 dt=1ms depth=1 push=343 pop=342 empty=0 ovf=0
[VND] TXCPLT_CLASS is_frame=1 fl=0x02 seq=170 depth_now=0 (meta_have=1)
[ADC][DIAG] CH1: zero buffer detected! seq=2642 idx=18 zeros_total=266
[VND] META_PUSH fl=0x01 seq=170 depth=1
[VND] SEND tag=ADC0-ASY2 hdr.seq=170 flags=0x01 cur_stream_seq=171 len=632
[VND] TXCPLT len=632 dt=2ms depth=1 push=344 pop=343 empty=0 ovf=0
[VND] TXCPLT_CLASS is_frame=1 fl=0x01 seq=170 depth_now=0 (meta_have=1)
[VND] META_PUSH fl=0x02 seq=171 depth=1
[VND] SEND tag=ADC1-ASY2 hdr.seq=171 flags=0x02 cur_stream_seq=171 len=632
[VND] TXCPLT len=632 dt=1ms depth=1 push=345 pop=344 empty=0 ovf=0
[VND] TXCPLT_CLASS is_frame=1 fl=0x02 seq=171 depth_now=0 (meta_have=1)
[ADC][DIAG] CH1: zero buffer detected! seq=2644 idx=20 zeros_total=267
[VND] META_PUSH fl=0x01 seq=171 depth=1
[VND] SEND tag=ADC0-ASY2 hdr.seq=171 flags=0x01 cur_stream_seq=172 len=632
[VND] TXCPLT len=632 dt=2ms depth=1 push=346 pop=345 empty=0 ovf=0
[VND] TXCPLT_CLASS is_frame=1 fl=0x01 seq=171 depth_now=0 (meta_have=1)
[VND] META_PUSH fl=0x02 seq=172 depth=1
[VND] SEND tag=ADC1-ASY2 hdr.seq=172 flags=0x02 cur_stream_seq=172 len=632
[VND] TXCPLT len=632 dt=1ms depth=1 push=347 pop=346 empty=0 ovf=0
[VND] TXCPLT_CLASS is_frame=1 fl=0x02 seq=172 depth_now=0 (meta_have=1)
[ADC][DIAG] CH1: zero buffer detected! seq=2646 idx=22 zeros_total=268
[VND] META_PUSH fl=0x01 seq=172 depth=1
[VND] SEND tag=ADC0-ASY2 hdr.seq=172 flags=0x01 cur_stream_seq=173 len=632
[VND] TXCPLT len=632 dt=2ms depth=1 push=348 pop=347 empty=0 ovf=0
[VND] TXCPLT_CLASS is_frame=1 fl=0x01 seq=172 depth_now=0 (meta_have=1)
[VND] META_PUSH fl=0x02 seq=173 depth=1
[VND] SEND tag=ADC1-ASY2 hdr.seq=173 flags=0x02 cur_stream_seq=173 len=632
[VND] TXCPLT len=632 dt=1ms depth=1 push=349 pop=348 empty=0 ovf=0
[VND] TXCPLT_CLASS is_frame=1 fl=0x02 seq=173 depth_now=0 (meta_have=1)
[ADC][DIAG] CH1: zero buffer detected! seq=2648 idx=24 zeros_total=269
[VND] META_PUSH fl=0x01 seq=173 depth=1
[VND] SEND tag=ADC0-ASY2 hdr.seq=173 flags=0x01 cur_stream_seq=174 len=632
[VND] TXCPLT len=632 dt=2ms depth=1 push=350 pop=349 empty=0 ovf=0
[VND] TXCPLT_CLASS is_frame=1 fl=0x01 seq=173 depth_now=0 (meta_have=1)
[VND] META_PUSH fl=0x02 seq=174 depth=1
[VND] SEND tag=ADC1-ASY2 hdr.seq=174 flags=0x02 cur_stream_seq=174 len=632
[VND] TXCPLT len=632 dt=1ms depth=1 push=351 pop=350 empty=0 ovf=0
[VND] TXCPLT_CLASS is_frame=1 fl=0x02 seq=174 depth_now=0 (meta_have=1)
[ADC][DIAG] CH1: zero buffer detected! seq=2650 idx=26 zeros_total=270
[VND] META_PUSH fl=0x01 seq=174 depth=1
[VND] SEND tag=ADC0-ASY2 hdr.seq=174 flags=0x01 cur_stream_seq=175 len=632
[VND] TXCPLT len=632 dt=2ms depth=1 push=352 pop=351 empty=0 ovf=0
[VND] TXCPLT_CLASS is_frame=1 fl=0x01 seq=174 depth_now=0 (meta_have=1)
[VND] META_PUSH fl=0x02 seq=175 depth=1
[VND] SEND tag=ADC1-ASY2 hdr.seq=175 flags=0x02 cur_stream_seq=175 len=632
[VND] TXCPLT len=632 dt=1ms depth=1 push=353 pop=352 empty=0 ovf=0
[VND] TXCPLT_CLASS is_frame=1 fl=0x02 seq=175 depth_now=0 (meta_have=1)
[ADC][DIAG] CH1: zero buffer detected! seq=2652 idx=28 zeros_total=271
[VND] META_PUSH fl=0x01 seq=175 depth=1
[VND] SEND tag=ADC0-ASY2 hdr.seq=175 flags=0x01 cur_stream_seq=176 len=632
[VND] TXCPLT len=632 dt=2ms depth=1 push=354 pop=353 empty=0 ovf=0
[VND] TXCPLT_CLASS is_frame=1 fl=0x01 seq=175 depth_now=0 (meta_have=1)
[VND] META_PUSH fl=0x02 seq=176 depth=1
[VND] SEND tag=ADC1-ASY2 hdr.seq=176 flags=0x02 cur_stream_seq=176 len=632
[VND] TXCPLT len=632 dt=1ms depth=1 push=355 pop=354 empty=0 ovf=0
[VND] TXCPLT_CLASS is_frame=1 fl=0x02 seq=176 depth_now=0 (meta_have=1)
[ADC][DIAG] CH1: zero buffer detected! seq=2654 idx=30 zeros_total=272
[VND] META_PUSH fl=0x01 seq=176 depth=1
[VND] SEND tag=ADC0-ASY2 hdr.seq=176 flags=0x01 cur_stream_seq=177 len=632
[VND] TXCPLT len=632 dt=2ms depth=1 push=356 pop=355 empty=0 ovf=0
[VND] TXCPLT_CLASS is_frame=1 fl=0x01 seq=176 depth_now=0 (meta_have=1)
[VND] META_PUSH fl=0x02 seq=177 depth=1
[VND] SEND tag=ADC1-ASY2 hdr.seq=177 flags=0x02 cur_stream_seq=177 len=632
[VND] TXCPLT len=632 dt=1ms depth=1 push=357 pop=356 empty=0 ovf=0
[VND] TXCPLT_CLASS is_frame=1 fl=0x02 seq=177 depth_now=0 (meta_have=1)
[VND] META_PUSH fl=0x01 seq=177 depth=1
[VND] SEND tag=ADC0-ASY2 hdr.seq=177 flags=0x01 cur_stream_seq=178 len=632
[VND] TXCPLT len=632 dt=1ms depth=1 push=358 pop=357 empty=0 ovf=0
[VND] TXCPLT_CLASS is_frame=1 fl=0x01 seq=177 depth_now=0 (meta_have=1)
[VND] META_PUSH fl=0x02 seq=178 depth=1
[VND] SEND tag=ADC1-ASY2 hdr.seq=178 flags=0x02 cur_stream_seq=178 len=632
[VND] TXCPLT len=632 dt=1ms depth=1 push=359 pop=358 empty=0 ovf=0
[VND] TXCPLT_CLASS is_frame=1 fl=0x02 seq=178 depth_now=0 (meta_have=1)
[ADC][DIAG] CH1: zero buffer detected! seq=2658 idx=2 zeros_total=273
[VND] META_PUSH fl=0x01 seq=178 depth=1
[VND] SEND tag=ADC0-ASY2 hdr.seq=178 flags=0x01 cur_stream_seq=179 len=632
[VND] TXCPLT len=632 dt=1ms depth=1 push=360 pop=359 empty=0 ovf=0
[VND] TXCPLT_CLASS is_frame=1 fl=0x01 seq=178 depth_now=0 (meta_have=1)
[VND] META_PUSH fl=0x02 seq=179 depth=1
[VND] SEND tag=ADC1-ASY2 hdr.seq=179 flags=0x02 cur_stream_seq=179 len=632
[VND] TXCPLT len=632 dt=1ms depth=1 push=361 pop=360 empty=0 ovf=0
[VND] TXCPLT_CLASS is_frame=1 fl=0x02 seq=179 depth_now=0 (meta_have=1)
[ADC][DIAG] CH1: zero buffer detected! seq=2660 idx=4 zeros_total=274
[VND] META_PUSH fl=0x01 seq=179 depth=1
[VND] SEND tag=ADC0-ASY2 hdr.seq=179 flags=0x01 cur_stream_seq=180 len=632
[VND] TXCPLT len=632 dt=1ms depth=1 push=362 pop=361 empty=0 ovf=0
[VND] TXCPLT_CLASS is_frame=1 fl=0x01 seq=179 depth_now=0 (meta_have=1)
[VND] META_PUSH fl=0x02 seq=180 depth=1
[VND] SEND tag=ADC1-ASY2 hdr.seq=180 flags=0x02 cur_stream_seq=180 len=632
[VND] TXCPLT len=632 dt=1ms depth=1 push=363 pop=362 empty=0 ovf=0
[VND] TXCPLT_CLASS is_frame=1 fl=0x02 seq=180 depth_now=0 (meta_have=1)
[ADC][DIAG] CH1: zero buffer detected! seq=2662 idx=6 zeros_total=275
[VND] META_PUSH fl=0x01 seq=180 depth=1
[VND] SEND tag=ADC0-ASY2 hdr.seq=180 flags=0x01 cur_stream_seq=181 len=632
[VND] TXCPLT len=632 dt=1ms depth=1 push=364 pop=363 empty=0 ovf=0
[VND] TXCPLT_CLASS is_frame=1 fl=0x01 seq=180 depth_now=0 (meta_have=1)
[VND] META_PUSH fl=0x02 seq=181 depth=1
[VND] SEND tag=ADC1-ASY2 hdr.seq=181 flags=0x02 cur_stream_seq=181 len=632
[VND] TXCPLT len=632 dt=1ms depth=1 push=365 pop=364 empty=0 ovf=0
[VND] TXCPLT_CLASS is_frame=1 fl=0x02 seq=181 depth_now=0 (meta_have=1)
[ADC][DIAG] CH1: zero buffer detected! seq=2664 idx=8 zeros_total=276
[VND] META_PUSH fl=0x01 seq=181 depth=1
[VND] SEND tag=ADC0-ASY2 hdr.seq=181 flags=0x01 cur_stream_seq=182 len=632
[VND] TXCPLT len=632 dt=1ms depth=1 push=366 pop=365 empty=0 ovf=0
[VND] TXCPLT_CLASS is_frame=1 fl=0x01 seq=181 depth_now=0 (meta_have=1)
[VND] META_PUSH fl=0x02 seq=182 depth=1
[VND] SEND tag=ADC1-ASY2 hdr.seq=182 flags=0x02 cur_stream_seq=182 len=632
[VND] TXCPLT len=632 dt=1ms depth=1 push=367 pop=366 empty=0 ovf=0
[VND] TXCPLT_CLASS is_frame=1 fl=0x02 seq=182 depth_now=0 (meta_have=1)
[ADC][DIAG] CH1: zero buffer detected! seq=2666 idx=10 zeros_total=277
[VND] META_PUSH fl=0x01 seq=182 depth=1
[VND] SEND tag=ADC0-ASY2 hdr.seq=182 flags=0x01 cur_stream_seq=183 len=632
[VND] TXCPLT len=632 dt=2ms depth=1 push=368 pop=367 empty=0 ovf=0
[VND] TXCPLT_CLASS is_frame=1 fl=0x01 seq=182 depth_now=0 (meta_have=1)
[VND] META_PUSH fl=0x02 seq=183 depth=1
[VND] SEND tag=ADC1-ASY2 hdr.seq=183 flags=0x02 cur_stream_seq=183 len=632
[VND] TXCPLT len=632 dt=1ms depth=1 push=369 pop=368 empty=0 ovf=0
[VND] TXCPLT_CLASS is_frame=1 fl=0x02 seq=183 depth_now=0 (meta_have=1)
[ADC][DIAG] CH1: zero buffer detected! seq=2668 idx=12 zeros_total=278
[VND] META_PUSH fl=0x01 seq=183 depth=1
[VND] SEND tag=ADC0-ASY2 hdr.seq=183 flags=0x01 cur_stream_seq=184 len=632
[VND] TXCPLT len=632 dt=1ms depth=1 push=370 pop=369 empty=0 ovf=0
[VND] TXCPLT_CLASS is_frame=1 fl=0x01 seq=183 depth_now=0 (meta_have=1)
[VND] META_PUSH fl=0x02 seq=184 depth=1
[VND] SEND tag=ADC1-ASY2 hdr.seq=184 flags=0x02 cur_stream_seq=184 len=632
[VND] TXCPLT len=632 dt=41ms depth=1 push=371 pop=370 empty=0 ovf=0
[VND] TXCPLT_CLASS is_frame=1 fl=0x02 seq=184 depth_now=0 (meta_have=1)
[ADC][DIAG] CH1: zero buffer detected! seq=2678 idx=22 zeros_total=279
[VND] META_PUSH fl=0x01 seq=184 depth=1
[VND] SEND tag=ADC0-ASY2 hdr.seq=184 flags=0x01 cur_stream_seq=185 len=632
[VND] TXCPLT len=632 dt=1ms depth=1 push=372 pop=371 empty=0 ovf=0
[VND] TXCPLT_CLASS is_frame=1 fl=0x01 seq=184 depth_now=0 (meta_have=1)
[VND] META_PUSH fl=0x02 seq=185 depth=1
[VND] SEND tag=ADC1-ASY2 hdr.seq=185 flags=0x02 cur_stream_seq=185 len=632
[VND] TXCPLT len=632 dt=1ms depth=1 push=373 pop=372 empty=0 ovf=0
[VND] TXCPLT_CLASS is_frame=1 fl=0x02 seq=185 depth_now=0 (meta_have=1)
[ADC][DIAG] CH1: zero buffer detected! seq=2680 idx=24 zeros_total=280
[VND] META_PUSH fl=0x01 seq=185 depth=1
[VND] SEND tag=ADC0-ASY2 hdr.seq=185 flags=0x01 cur_stream_seq=186 len=632
[VND] TXCPLT len=632 dt=1ms depth=1 push=374 pop=373 empty=0 ovf=0
[VND] TXCPLT_CLASS is_frame=1 fl=0x01 seq=185 depth_now=0 (meta_have=1)
[VND] META_PUSH fl=0x02 seq=186 depth=1
[VND] SEND tag=ADC1-ASY2 hdr.seq=186 flags=0x02 cur_stream_seq=186 len=632
[VND] TXCPLT len=632 dt=2ms depth=1 push=375 pop=374 empty=0 ovf=0
[VND] TXCPLT_CLASS is_frame=1 fl=0x02 seq=186 depth_now=0 (meta_have=1)
[ADC][DIAG] CH1: zero buffer detected! seq=2682 idx=26 zeros_total=281
[VND] META_PUSH fl=0x01 seq=186 depth=1
[VND] SEND tag=ADC0-ASY2 hdr.seq=186 flags=0x01 cur_stream_seq=187 len=632
[VND] TXCPLT len=632 dt=1ms depth=1 push=376 pop=375 empty=0 ovf=0
[VND] TXCPLT_CLASS is_frame=1 fl=0x01 seq=186 depth_now=0 (meta_have=1)
[VND] META_PUSH fl=0x02 seq=187 depth=1
[VND] SEND tag=ADC1-ASY2 hdr.seq=187 flags=0x02 cur_stream_seq=187 len=632
[VND] TXCPLT len=632 dt=2ms depth=1 push=377 pop=376 empty=0 ovf=0
[VND] TXCPLT_CLASS is_frame=1 fl=0x02 seq=187 depth_now=0 (meta_have=1)
[ADC][DIAG] CH1: zero buffer detected! seq=2684 idx=28 zeros_total=282
[VND] META_PUSH fl=0x01 seq=187 depth=1
[VND] SEND tag=ADC0-ASY2 hdr.seq=187 flags=0x01 cur_stream_seq=188 len=632
[VND] TXCPLT len=632 dt=1ms depth=1 push=378 pop=377 empty=0 ovf=0
[VND] TXCPLT_CLASS is_frame=1 fl=0x01 seq=187 depth_now=0 (meta_have=1)
[VND] META_PUSH fl=0x02 seq=188 depth=1
[VND] SEND tag=ADC1-ASY2 hdr.seq=188 flags=0x02 cur_stream_seq=188 len=632
[VND] TXCPLT len=632 dt=2ms depth=1 push=379 pop=378 empty=0 ovf=0
[VND] TXCPLT_CLASS is_frame=1 fl=0x02 seq=188 depth_now=0 (meta_have=1)
[ADC][DIAG] CH1: zero buffer detected! seq=2686 idx=30 zeros_total=283
[VND] META_PUSH fl=0x01 seq=188 depth=1
[VND] SEND tag=ADC0-ASY2 hdr.seq=188 flags=0x01 cur_stream_seq=189 len=632
[VND] TXCPLT len=632 dt=1ms depth=1 push=380 pop=379 empty=0 ovf=0
[VND] TXCPLT_CLASS is_frame=1 fl=0x01 seq=188 depth_now=0 (meta_have=1)
[VND] META_PUSH fl=0x02 seq=189 depth=1
[VND] SEND tag=ADC1-ASY2 hdr.seq=189 flags=0x02 cur_stream_seq=189 len=632
[VND] TXCPLT len=632 dt=2ms depth=1 push=381 pop=380 empty=0 ovf=0
[VND] TXCPLT_CLASS is_frame=1 fl=0x02 seq=189 depth_now=0 (meta_have=1)
[VND] META_PUSH fl=0x01 seq=189 depth=1
[VND] SEND tag=ADC0-ASY2 hdr.seq=189 flags=0x01 cur_stream_seq=190 len=632
[VND] TXCPLT len=632 dt=1ms depth=1 push=382 pop=381 empty=0 ovf=0
[VND] TXCPLT_CLASS is_frame=1 fl=0x01 seq=189 depth_now=0 (meta_have=1)
[VND] META_PUSH fl=0x02 seq=190 depth=1
[VND] SEND tag=ADC1-ASY2 hdr.seq=190 flags=0x02 cur_stream_seq=190 len=632
[VND] TXCPLT len=632 dt=1ms depth=1 push=383 pop=382 empty=0 ovf=0
[VND] TXCPLT_CLASS is_frame=1 fl=0x02 seq=190 depth_now=0 (meta_have=1)
[ADC][DIAG] CH1: zero buffer detected! seq=2690 idx=2 zeros_total=284
[VND] META_PUSH fl=0x01 seq=190 depth=1
[VND] SEND tag=ADC0-ASY2 hdr.seq=190 flags=0x01 cur_stream_seq=191 len=632
[VND] TXCPLT len=632 dt=1ms depth=1 push=384 pop=383 empty=0 ovf=0
[VND] TXCPLT_CLASS is_frame=1 fl=0x01 seq=190 depth_now=0 (meta_have=1)
[VND] META_PUSH fl=0x02 seq=191 depth=1
[VND] SEND tag=ADC1-ASY2 hdr.seq=191 flags=0x02 cur_stream_seq=191 len=632
[VND] TXCPLT len=632 dt=1ms depth=1 push=385 pop=384 empty=0 ovf=0
[VND] TXCPLT_CLASS is_frame=1 fl=0x02 seq=191 depth_now=0 (meta_have=1)
[ADC][DIAG] CH1: zero buffer detected! seq=2692 idx=4 zeros_total=285
[VND] META_PUSH fl=0x01 seq=191 depth=1
[VND] SEND tag=ADC0-ASY2 hdr.seq=191 flags=0x01 cur_stream_seq=192 len=632
[VND] TXCPLT len=632 dt=2ms depth=1 push=386 pop=385 empty=0 ovf=0
[VND] TXCPLT_CLASS is_frame=1 fl=0x01 seq=191 depth_now=0 (meta_have=1)
[VND] META_PUSH fl=0x02 seq=192 depth=1
[VND] SEND tag=ADC1-ASY2 hdr.seq=192 flags=0x02 cur_stream_seq=192 len=632
[VND] TXCPLT len=632 dt=1ms depth=1 push=387 pop=386 empty=0 ovf=0
[VND] TXCPLT_CLASS is_frame=1 fl=0x02 seq=192 depth_now=0 (meta_have=1)
[ADC][DIAG] CH1: zero buffer detected! seq=2694 idx=6 zeros_total=286
[VND] META_PUSH fl=0x01 seq=192 depth=1
[VND] SEND tag=ADC0-ASY2 hdr.seq=192 flags=0x01 cur_stream_seq=193 len=632
[VND] TXCPLT len=632 dt=2ms depth=1 push=388 pop=387 empty=0 ovf=0
[VND] TXCPLT_CLASS is_frame=1 fl=0x01 seq=192 depth_now=0 (meta_have=1)
[VND] META_PUSH fl=0x02 seq=193 depth=1
[VND] SEND tag=ADC1-ASY2 hdr.seq=193 flags=0x02 cur_stream_seq=193 len=632
[VND] TXCPLT len=632 dt=1ms depth=1 push=389 pop=388 empty=0 ovf=0
[VND] TXCPLT_CLASS is_frame=1 fl=0x02 seq=193 depth_now=0 (meta_have=1)
[ADC][DIAG] CH1: zero buffer detected! seq=2696 idx=8 zeros_total=287
[VND] META_PUSH fl=0x01 seq=193 depth=1
[VND] SEND tag=ADC0-ASY2 hdr.seq=193 flags=0x01 cur_stream_seq=194 len=632
[VND] TXCPLT len=632 dt=2ms depth=1 push=390 pop=389 empty=0 ovf=0
[VND] TXCPLT_CLASS is_frame=1 fl=0x01 seq=193 depth_now=0 (meta_have=1)
[VND] META_PUSH fl=0x02 seq=194 depth=1
[VND] SEND tag=ADC1-ASY2 hdr.seq=194 flags=0x02 cur_stream_seq=194 len=632
[VND] TXCPLT len=632 dt=2ms depth=1 push=391 pop=390 empty=0 ovf=0
[VND] TXCPLT_CLASS is_frame=1 fl=0x02 seq=194 depth_now=0 (meta_have=1)
[ADC][DIAG] CH1: zero buffer detected! seq=2698 idx=10 zeros_total=288
[VND] META_PUSH fl=0x01 seq=194 depth=1
[VND] SEND tag=ADC0-ASY2 hdr.seq=194 flags=0x01 cur_stream_seq=195 len=632
[VND] TXCPLT len=632 dt=2ms depth=1 push=392 pop=391 empty=0 ovf=0
[VND] TXCPLT_CLASS is_frame=1 fl=0x01 seq=194 depth_now=0 (meta_have=1)
[VND] META_PUSH fl=0x02 seq=195 depth=1
[VND] SEND tag=ADC1-ASY2 hdr.seq=195 flags=0x02 cur_stream_seq=195 len=632
[VND] TXCPLT len=632 dt=2ms depth=1 push=393 pop=392 empty=0 ovf=0
[VND] TXCPLT_CLASS is_frame=1 fl=0x02 seq=195 depth_now=0 (meta_have=1)
[ADC][DIAG] CH1: zero buffer detected! seq=2700 idx=12 zeros_total=289
[VND] META_PUSH fl=0x01 seq=195 depth=1
[VND] SEND tag=ADC0-ASY2 hdr.seq=195 flags=0x01 cur_stream_seq=196 len=632
[VND] TXCPLT len=632 dt=2ms depth=1 push=394 pop=393 empty=0 ovf=0
[VND] TXCPLT_CLASS is_frame=1 fl=0x01 seq=195 depth_now=0 (meta_have=1)
[VND] META_PUSH fl=0x02 seq=196 depth=1
[VND] SEND tag=ADC1-ASY2 hdr.seq=196 flags=0x02 cur_stream_seq=196 len=632
[VND] TXCPLT len=632 dt=2ms depth=1 push=395 pop=394 empty=0 ovf=0
[VND] TXCPLT_CLASS is_frame=1 fl=0x02 seq=196 depth_now=0 (meta_have=1)
[ADC][DIAG] CH1: zero buffer detected! seq=2702 idx=14 zeros_total=290
[VND] META_PUSH fl=0x01 seq=196 depth=1
[VND] SEND tag=ADC0-ASY2 hdr.seq=196 flags=0x01 cur_stream_seq=197 len=632
[VND] TXCPLT len=632 dt=2ms depth=1 push=396 pop=395 empty=0 ovf=0
[VND] TXCPLT_CLASS is_frame=1 fl=0x01 seq=196 depth_now=0 (meta_have=1)
[VND] META_PUSH fl=0x02 seq=197 depth=1
[VND] SEND tag=ADC1-ASY2 hdr.seq=197 flags=0x02 cur_stream_seq=197 len=632
[VND] TXCPLT len=632 dt=2ms depth=1 push=397 pop=396 empty=0 ovf=0
[VND] TXCPLT_CLASS is_frame=1 fl=0x02 seq=197 depth_now=0 (meta_have=1)
[ADC][DIAG] CH1: zero buffer detected! seq=2704 idx=16 zeros_total=291
[VND] META_PUSH fl=0x01 seq=197 depth=1
[VND] SEND tag=ADC0-ASY2 hdr.seq=197 flags=0x01 cur_stream_seq=198 len=632
[VND] TXCPLT len=632 dt=1ms depth=1 push=398 pop=397 empty=0 ovf=0
[VND] TXCPLT_CLASS is_frame=1 fl=0x01 seq=197 depth_now=0 (meta_have=1)
[VND] META_PUSH fl=0x02 seq=198 depth=1
[VND] SEND tag=ADC1-ASY2 hdr.seq=198 flags=0x02 cur_stream_seq=198 len=632
[VND] TXCPLT len=632 dt=2ms depth=1 push=399 pop=398 empty=0 ovf=0
[VND] TXCPLT_CLASS is_frame=1 fl=0x02 seq=198 depth_now=0 (meta_have=1)
[ADC][DIAG] CH1: zero buffer detected! seq=2706 idx=18 zeros_total=292
[VND] META_PUSH fl=0x01 seq=198 depth=1
[VND] SEND tag=ADC0-ASY2 hdr.seq=198 flags=0x01 cur_stream_seq=199 len=632
[VND] TXCPLT len=632 dt=1ms depth=1 push=400 pop=399 empty=0 ovf=0
[VND] TXCPLT_CLASS is_frame=1 fl=0x01 seq=198 depth_now=0 (meta_have=1)
[VND] META_PUSH fl=0x02 seq=199 depth=1
[VND] SEND tag=ADC1-ASY2 hdr.seq=199 flags=0x02 cur_stream_seq=199 len=632
[VND] TXCPLT len=632 dt=2ms depth=1 push=401 pop=400 empty=0 ovf=0
[VND] TXCPLT_CLASS is_frame=1 fl=0x02 seq=199 depth_now=0 (meta_have=1)
[ADC][DIAG] CH1: zero buffer detected! seq=2708 idx=20 zeros_total=293
[VND] META_PUSH fl=0x01 seq=199 depth=1
[VND] SEND tag=ADC0-ASY2 hdr.seq=199 flags=0x01 cur_stream_seq=200 len=632
[VND] TXCPLT len=632 dt=1ms depth=1 push=402 pop=401 empty=0 ovf=0
[VND] TXCPLT_CLASS is_frame=1 fl=0x01 seq=199 depth_now=0 (meta_have=1)
[VND] META_PUSH fl=0x02 seq=200 depth=1
[VND] SEND tag=ADC1-ASY2 hdr.seq=200 flags=0x02 cur_stream_seq=200 len=632
[VND] TXCPLT len=632 dt=2ms depth=1 push=403 pop=402 empty=0 ovf=0
[VND] TXCPLT_CLASS is_frame=1 fl=0x02 seq=200 depth_now=0 (meta_have=1)
[ADC][DIAG] CH1: zero buffer detected! seq=2710 idx=22 zeros_total=294
[VND] META_PUSH fl=0x01 seq=200 depth=1
[VND] SEND tag=ADC0-ASY2 hdr.seq=200 flags=0x01 cur_stream_seq=201 len=632
[VND] TXCPLT len=632 dt=1ms depth=1 push=404 pop=403 empty=0 ovf=0
[VND] TXCPLT_CLASS is_frame=1 fl=0x01 seq=200 depth_now=0 (meta_have=1)
[VND] META_PUSH fl=0x02 seq=201 depth=1
[VND] SEND tag=ADC1-ASY2 hdr.seq=201 flags=0x02 cur_stream_seq=201 len=632
[VND] TXCPLT len=632 dt=2ms depth=1 push=405 pop=404 empty=0 ovf=0
[VND] TXCPLT_CLASS is_frame=1 fl=0x02 seq=201 depth_now=0 (meta_have=1)
[ADC][DIAG] CH1: zero buffer detected! seq=2712 idx=24 zeros_total=295
[VND] META_PUSH fl=0x01 seq=201 depth=1
[VND] SEND tag=ADC0-ASY2 hdr.seq=201 flags=0x01 cur_stream_seq=202 len=632
[VND] TXCPLT len=632 dt=1ms depth=1 push=406 pop=405 empty=0 ovf=0
[VND] TXCPLT_CLASS is_frame=1 fl=0x01 seq=201 depth_now=0 (meta_have=1)
[VND] META_PUSH fl=0x02 seq=202 depth=1
[VND] SEND tag=ADC1-ASY2 hdr.seq=202 flags=0x02 cur_stream_seq=202 len=632
[VND] TXCPLT len=632 dt=2ms depth=1 push=407 pop=406 empty=0 ovf=0
[VND] TXCPLT_CLASS is_frame=1 fl=0x02 seq=202 depth_now=0 (meta_have=1)
[ADC][DIAG] CH1: zero buffer detected! seq=2714 idx=26 zeros_total=296
[VND] META_PUSH fl=0x01 seq=202 depth=1
[VND] SEND tag=ADC0-ASY2 hdr.seq=202 flags=0x01 cur_stream_seq=203 len=632
[VND] TXCPLT len=632 dt=2ms depth=1 push=408 pop=407 empty=0 ovf=0
[VND] TXCPLT_CLASS is_frame=1 fl=0x01 seq=202 depth_now=0 (meta_have=1)
[VND] META_PUSH fl=0x02 seq=203 depth=1
[VND] SEND tag=ADC1-ASY2 hdr.seq=203 flags=0x02 cur_stream_seq=203 len=632
[VND] TXCPLT len=632 dt=2ms depth=1 push=409 pop=408 empty=0 ovf=0
[VND] TXCPLT_CLASS is_frame=1 fl=0x02 seq=203 depth_now=0 (meta_have=1)
[ADC][DIAG] CH1: zero buffer detected! seq=2716 idx=28 zeros_total=297
[VND] META_PUSH fl=0x01 seq=203 depth=1
[VND] SEND tag=ADC0-ASY2 hdr.seq=203 flags=0x01 cur_stream_seq=204 len=632
[CMD] 0x21 len=1
[VND_RCV] #6 CMD 0x21 len=1
[VND] CMD 0x21 len=1
[CMD_IND] STOP received #4 (at t=29282 ms, 0 sec ago)
[VND] STOP_STREAM (full mode)
[CMD] 0x21 len=1
[VND_RCV] #7 CMD 0x21 len=1
[VND] CMD 0x21 len=1
[CMD_IND] STOP received #5 (at t=92930 ms, 0 sec ago)
[VND] STOP_STREAM (full mode)
[VND] TXCPLT len=632 dt=64109ms depth=1 push=410 pop=409 empty=0 ovf=0
[VND] TXCPLT_CLASS is_frame=1 fl=0x01 seq=203 depth_now=0 (meta_have=1)
[CMD] 0x20 len=1
[VND_RCV] #8 CMD 0x20 len=1
[VND] CMD 0x20 len=1
[CMD_IND] START receive[USB_IF2] SET_INTERFACE alt=1 (OPEN) speed=FS
[USB_IF2] EP#3 and EP#83 opened, receiving enabled
[VND_RCV] #1 CMD 0x13 len=2
[VND] CMD 0x13 len=2
[VND] SET_FULL_MODE 1
[VND] PAIR_TIMING(info): samples=300 buf_rate=200 -> period???1000 ms
[VND_RCV] #2 CMD 0x14 len=2
[VND] CMD 0x14 len=2
[ADC][APPLY_PROFILE] profile=1 samples=912
[ADC][APPLY_PROFILE] DMA ????????????????????, ???????????????????? ?? ??????????????
[ADC][APPLY_PROFILE] HAL_ADC_Start_DMA ADC1 rc=0
[ADC][APPLY_PROFILE] HAL_ADC_Start_DMA ADC2 rc=0
[ADC][DMA1S0] CR=0x00002D17 NDTR=222 PAR=0x40022040 M0AR=0x24000300 FCR=0x00000020 single=0
[VND] SET_PROFILE 2 -> prof_id=1 rc=0
[VND_RCV] #3 CMD 0x18 len=2
[VND] CMD 0x18 len=2
[VND] SET_ASYNC_MODE 1
[VND_RCV] #4 CMD 0x19 len=2
[VND] CMD 0x19 len=2
[VND] SET_CHMODE 0
[VND_RCV] #5 CMD 0x20 len=1
[VND] CMD 0x20 len=1
[CMD_IND] START received #1 (at t=112273 ms, 0 sec ago)
[VND] START_STREAM received
[VND] PAIR_TIMING(info): samples=300 buf_rate=300 -> period???1000 ms
[VND] START_STREAM: transmission enabled (ADC already running)
[VND] START_STREAM
[VND] META_PUSH fl=0x01 seq=0 depth=1
[VND] SEND tag=ADC0-ASY2 hdr.seq=0 flags=0x01 cur_stream_seq=0 len=632
[VND] HDR sz=32 off.magic=0 off.seq=4 off.timestamp=8 off.total=12
[VND] PREPARE_PAIR slot=0
[VND] BUILD_FRAME cf_seq=1 flags=0x01 samples=300
[VND] BUILD_FRAME cf_seq=1 flags=0x02 samples=300
[VND] META_PUSH fl=0x01 seq=7 depth=1
[VND] S[VND] TXCPLT len=632 dt=2ms depth=1 push=10 pop=9 empty=0 ovf=0
[VND] TXCPLT_CLASS is_frame=1 fl=0x01 seq=8 depth_now=0 (meta_have=1)
[VND] META_PUSH fl=0x01 seq=9 depth=1
[VND] SEND tag=ADC0-ASY2 hdr.seq=9 flags=0x01 cur_stream_seq=9 len=632
END tag=ADC0-ASY2 hdr.seq=8 flags=0x01 cur_stream_seq=9[VND] TXCPLT len=632 dt=2ms depth=1 push=15 pop=14 empty=0 ovf=0
[VND] TXCPLT_CLASS is_frame=1 fl=0x01 seq=13 depth_now=0 (meta_have=1)
[VND] META_PUSH fl=0x01 seq=14 depth=1
[VND] SEND tag=ADC0-ASY2 hdr.seq=14 flags=0x01 cur_stream_seq=14 len=632

len=632
[VND] TXCPLT len=632 dt=3ms depth=1 push=16 pop=15 empty=0 ovf=0
[VND] TXCPLT_CLASS is_frame=1 fl=0x01 seq=14 depth_now=0 (meta_have=1)
[VND] META_PUSH fl=0x01 seq=16 depth=1
[VND] SEND tag=ADC0-ASY2 hdr.seq=16 flags=0x01 cur_stream_seq=16 len=632
[VND] TXCPLT len=632 dt=4ms depth=1 push=17 pop=16 empty=0 ovf=0
[VND] TXCPLT_CLASS is_frame=1 fl=0x01 seq=16 depth_now=0 (meta_have=1)
[VND] META_PUSH fl=0x01 seq=17 depth=1
[VND] SEND tag=ADC0-ASY2 hdr.seq=17 flags=0x01 cur_stream_seq=17 len=632
[VND] TXCPLT len=632 dt=2ms depth=1 push=18 pop=17 empty=0 ovf=0
[VND] TXCPLT_CLASS is_frame=1 fl=0x01 seq=17 depth_now=0 (meta_have=1)
[VND] META_PUSH fl=0x01 seq=18 depth=1
[VND] SEND tag=ADC0-ASY2 hdr.seq=18 flags=0x01 cur_stream_seq=18 len=632
[VND] TXCPLT len=632 dt=2ms depth=1 push=19 pop=18 empty=0 ovf=0
[VND] TXCPLT_CLASS is_frame=1 fl=0x01 seq=18 depth_now=0 (meta_have=1)
[VND] META_PUSH fl=0x01 seq=19 depth=1
[VND] SEND tag=ADC0-ASY2 hdr.seq=19 flags=0x01 cur_stream_seq=19 len=632
[VND] TXCPLT len=632 dt=2ms depth=1 push=20 pop=19 empty=0 ovf=0
[VND] TXCPLT_CLASS is_frame=1 fl=0x01 seq=19 depth_now=0 (meta_have=1)
[VND] META_PUSH fl=0x01 seq=20 depth=1
[VND] SEND tag=ADC0-ASY2 hdr.seq=20 flags=0x01 cur_stream_seq=20 len=632
[VND] TXCPLT len=632 dt=2ms depth=1 push=21 pop=20 empty=0 ovf=0
[VND] TXCPLT_CLASS is_frame=1 fl=0x01 seq=20 depth_now=0 (meta_have=1)
[VND] META_PUSH fl=0x01 seq=21 depth=1
[VND] SEND tag=ADC0-ASY2 hdr.seq=21 flags=0x01 cur_stream_seq=21 len=632
[VND] TXCPLT len=632 dt=2ms depth=1 push=22 pop=21 empty=0 ovf=0
[VND] TXCPLT_CLASS is_frame=1 fl=0x01 seq=21 depth_now=0 (meta_have=1)
[VND] META_PUSH fl=0x01 seq=22 depth=1
[VND] SEND tag=ADC0-ASY2 hdr.seq=22 flags=0x01 cur_stream_seq=22 len=632
[VND] TXCPLT len=632 dt=2ms depth=1 push=23 pop=22 empty=0 ovf=0
[VND] TXCPLT_CLASS is_frame=1 fl=0x01 seq=22 depth_now=0 (meta_have=1)
[VND] META_PUSH fl=0x01 seq=23 depth=1
[VND] SEND tag=ADC0-ASY2 hdr.seq=23 flags=0x01 cur_stream_seq=23 len=632
[VND] TXCPLT len=632 dt=1ms depth=1 push=24 pop=23 empty=0 ovf=0
[VND] TXCPLT_CLASS is_frame=1 fl=0x01 seq=23 depth_now=0 (meta_have=1)
[VND] META_PUSH fl=0x01 seq=24 depth=1
[VND] SEND tag=ADC0-ASY2 hdr.seq=24 flags=0x01 cur_stream_seq=24 len=632
[VND] TXCPLT len=632 dt=2ms depth=1 push=25 pop=24 empty=0 ovf=0
[VND] TXCPLT_CLASS is_frame=1 fl=0x01 seq=24 depth_now=0 (meta_have=1)
[VND] META_PUSH fl=0x01 seq=25 depth=1
[VND] SEND tag=ADC0-ASY2 hdr.seq=25 flags=0x01 cur_stream_seq=25 len=632
[VND] TXCPLT len=632 dt=2ms depth=1 push=26 pop=25 empty=0 ovf=0
[VND] TXCPLT_CLASS is_frame=1 fl=0x01 seq=25 depth_now=0 (meta_have=1)
[VND] META_PUSH fl=0x01 seq=26 depth=1
[VND] SEND tag=ADC0-ASY2 hdr.seq=26 flags=0x01 cur_stream_seq=26 len=632
[VND] TXCPLT len=632 dt=2ms depth=1 push=27 pop=26 empty=0 ovf=0
[VND] TXCPLT_CLASS is_frame=1 fl=0x01 seq=26 depth_now=0 (meta_have=1)
[VND] META_PUSH fl=0x01 seq=27 depth=1
[VND] SEND tag=ADC0-ASY2 hdr.seq=27 flags=0x01 cur_stream_seq=27 len=632
[VND] TXCPLT len=632 dt=1ms depth=1 push=28 pop=27 empty=0 ovf=0
[VND] TXCPLT_CLASS is_frame=1 fl=0x01 seq=27 depth_now=0 (meta_have=1)
[VND] META_PUSH fl=0x01 seq=28 depth=1
[VND] SEND tag=ADC0-ASY2 hdr.seq=28 flags=0x01 cur_stream_seq=28 len=632
[VND] TXCPLT len=632 dt=1ms depth=1 push=29 pop=28 empty=0 ovf=0
[VND] TXCPLT_CLASS is_frame=1 fl=0x01 seq=28 depth_now=0 (meta_have=1)
[VND] META_PUSH fl=0x01 seq=29 depth=1
[VND] SEND tag=ADC0-ASY2 hdr.seq=29 flags=0x01 cur_stream_seq=29 len=632
[VND] TXCPLT len=632 dt=2ms depth=1 push=30 pop=29 empty=0 ovf=0
[VND] TXCPLT_CLASS is_frame=1 fl=0x01 seq=29 depth_now=0 (meta_have=1)
[VND] META_PUSH fl=0x01 seq=30 depth=1
[VND] SEND tag=ADC0-ASY2 hdr.seq=30 flags=0x01 cur_stream_seq=30 len=632
[VND] TXCPLT len=632 dt=2ms depth=1 push=31 pop=30 empty=0 ovf=0
[VND] TXCPLT_CLASS is_frame=1 fl=0x01 seq=30 depth_now=0 (meta_have=1)
[VND] META_PUSH fl=0x01 seq=31 depth=1
[VND] SEND tag=ADC0-ASY2 hdr.seq=31 flags=0x01 cur_stream_seq=31 len=632
[VND] TXCPLT len=632 dt=2ms depth=1 push=32 pop=31 empty=0 ovf=0
[VND] TXCPLT_CLASS is_frame=1 fl=0x01 seq=31 depth_now=0 (meta_have=1)
[VND] META_PUSH fl=0x01 seq=32 depth=1
[VND] SEND tag=ADC0-ASY2 hdr.seq=32 flags=0x01 cur_stream_seq=32 len=632
[VND] TXCPLT len=632 dt=1ms depth=1 push=33 pop=32 empty=0 ovf=0
[VND] TXCPLT_CLASS is_frame=1 fl=0x01 seq=32 depth_now=0 (meta_have=1)
[VND] META_PUSH fl=0x01 seq=33 depth=1
[VND] SEND tag=ADC0-ASY2 hdr.seq=33 flags=0x01 cur_stream_seq=33 len=632
[VND] TXCPLT len=632 dt=1ms depth=1 push=34 pop=33 empty=0 ovf=0
[VND] TXCPLT_CLASS is_frame=1 fl=0x01 seq=33 depth_now=0 (meta_have=1)
[VND] META_PUSH fl=0x01 seq=34 depth=1
[VND] SEND tag=ADC0-ASY2 hdr.seq=34 flags=0x01 cur_stream_seq=34 len=632
[VND] TXCPLT len=632 dt=1ms depth=1 push=35 pop=34 empty=0 ovf=0
[VND] TXCPLT_CLASS is_frame=1 fl=0x01 seq=34 depth_now=0 (meta_have=1)
[VND] META_PUSH fl=0x01 seq=35 depth=1
[VND] SEND tag=ADC0-ASY2 hdr.seq=35 flags=0x01 cur_stream_seq=35 len=632
[VND] TXCPLT len=632 dt=1ms depth=1 push=36 pop=35 empty=0 ovf=0
[VND] TXCPLT_CLASS is_frame=1 fl=0x01 seq=35 depth_now=0 (meta_have=1)
[VND] META_PUSH fl=0x01 seq=36 depth=1
[VND] SEND tag=ADC0-ASY2 hdr.seq=36 flags=0x01 cur_stream_seq=36 len=632
[VND] TXCPLT len=632 dt=2ms depth=1 push=37 pop=36 empty=0 ovf=0
[VND] TXCPLT_CLASS is_frame=1 fl=0x01 seq=36 depth_now=0 (meta_have=1)
[VND] META_PUSH fl=0x01 seq=37 depth=1
[VND] SEND tag=ADC0-ASY2 hdr.seq=37 flags=0x01 cur_stream_seq=37 len=632
[VND] TXCPLT len=632 dt=6ms depth=1 push=38 pop=37 empty=0 ovf=0
[VND] TXCPLT_CLASS is_frame=1 fl=0x01 seq=37 depth_now=0 (meta_have=1)
[VND] META_PUSH fl=0x01 seq=38 depth=1
[VND] SEND tag=ADC0-ASY2 hdr.seq=38 flags=0x01 cur_stream_seq=38 len=632
[VND] TXCPLT len=632 dt=1ms depth=1 push=39 pop=38 empty=0 ovf=0
[VND] TXCPLT_CLASS is_frame=1 fl=0x01 seq=38 depth_now=0 (meta_have=1)
[VND] META_PUSH fl=0x01 seq=39 depth=1
[VND] SEND tag=ADC0-ASY2 hdr.seq=39 flags=0x01 cur_stream_seq=39 len=632
[VND] TXCPLT len=632 dt=3ms depth=1 push=40 pop=39 empty=0 ovf=0
[VND] TXCPLT_CLASS is_frame=1 fl=0x01 seq=39 depth_now=0 (meta_have=1)
[VND] META_PUSH fl=0x01 seq=40 depth=1
[VND] SEND tag=ADC0-ASY2 hdr.seq=40 flags=0x01 cur_stream_seq=40 len=632
[VND] TXCPLT len=632 dt=2ms depth=1 push=41 pop=40 empty=0 ovf=0
[VND] TXCPLT_CLASS is_frame=1 fl=0x01 seq=40 depth_now=0 (meta_have=1)
[VND] META_PUSH fl=0x01 seq=41 depth=1
[VND] SEND tag=ADC0-ASY2 hdr.seq=41 flags=0x01 cur_stream_seq=41 len=632
[VND] TXCPLT len=632 dt=2ms depth=1 push=42 pop=41 empty=0 ovf=0
[VND] TXCPLT_CLASS is_frame=1 fl=0x01 seq=41 depth_now=0 (meta_have=1)
[VND] META_PUSH fl=0x01 seq=42 depth=1
[VND] SEND tag=ADC0-ASY2 hdr.seq=42 flags=0x01 cur_stream_seq=42 len=632
[VND] TXCPLT len=632 dt=2ms depth=1 push=43 pop=42 empty=0 ovf=0
[VND] TXCPLT_CLASS is_frame=1 fl=0x01 seq=42 depth_now=0 (meta_have=1)
[VND] META_PUSH fl=0x01 seq=43 depth=1
[VND] SEND tag=ADC0-ASY2 hdr.seq=43 flags=0x01 cur_stream_seq=43 len=632
[VND] TXCPLT len=632 dt=2ms depth=1 push=44 pop=43 empty=0 ovf=0
[VND] TXCPLT_CLASS is_frame=1 fl=0x01 seq=43 depth_now=0 (meta_have=1)
[VND] META_PUSH fl=0x01 seq=44 depth=1
[VND] SEND tag=ADC0-ASY2 hdr.seq=44 flags=0x01 cur_stream_seq=44 len=632
[VND] TXCPLT len=632 dt=2ms depth=1 push=45 pop=44 empty=0 ovf=0
[VND] TXCPLT_CLASS is_frame=1 fl=0x01 seq=44 depth_now=0 (meta_have=1)
[VND] META_PUSH fl=0x01 seq=45 depth=1
[VND] SEND tag=ADC0-ASY2 hdr.seq=45 flags=0x01 cur_stream_seq=45 len=632
[VND] TXCPLT len=632 dt=2ms depth=1 push=46 pop=45 empty=0 ovf=0
[VND] TXCPLT_CLASS is_frame=1 fl=0x01 seq=45 depth_now=0 (meta_have=1)
[VND] META_PUSH fl=0x01 seq=46 depth=1
[VND] SEND tag=ADC0-ASY2 hdr.seq=46 flags=0x01 cur_stream_seq=46 len=632
[VND] TXCPLT len=632 dt=2ms depth=1 push=47 pop=46 empty=0 ovf=0
[VND] TXCPLT_CLASS is_frame=1 fl=0x01 seq=46 depth_now=0 (meta_have=1)
[VND] META_PUSH fl=0x01 seq=47 depth=1
[VND] SEND tag=ADC0-ASY2 hdr.seq=47 flags=0x01 cur_stream_seq=47 len=632
[VND] TXCPLT len=632 dt=6ms depth=1 push=48 pop=47 empty=0 ovf=0
[VND] TXCPLT_CLASS is_frame=1 fl=0x01 seq=47 depth_now=0 (meta_have=1)
[VND] META_PUSH fl=0x01 seq=48 depth=1
[VND] SEND tag=ADC0-ASY2 hdr.seq=48 flags=0x01 cur_stream_seq=48 len=632
[VND] TXCPLT len=632 dt=2ms depth=1 push=49 pop=48 empty=0 ovf=0
[VND] TXCPLT_CLASS is_frame=1 fl=0x01 seq=48 depth_now=0 (meta_have=1)
[VND] META_PUSH fl=0x01 seq=49 depth=1
[VND] SEND tag=ADC0-ASY2 hdr.seq=49 flags=0x01 cur_stream_seq=49 len=632
[VND] TXCPLT len=632 dt=2ms depth=1 push=50 pop=49 empty=0 ovf=0
[VND] TXCPLT_CLASS is_frame=1 fl=0x01 seq=49 depth_now=0 (meta_have=1)
[VND] META_PUSH fl=0x01 seq=50 depth=1
[VND] SEND tag=ADC0-ASY2 hdr.seq=50 flags=0x01 cur_stream_seq=50 len=632
[VND] TXCPLT len=632 dt=2ms depth=1 push=51 pop=50 empty=0 ovf=0
[VND] TXCPLT_CLASS is_frame=1 fl=0x01 seq=50 depth_now=0 (meta_have=1)
[VND] META_PUSH fl=0x01 seq=51 depth=1
[VND] SEND tag=ADC0-ASY2 hdr.seq=51 flags=0x01 cur_stream_seq=51 len=632
[VND] TXCPLT len=632 dt=2ms depth=1 push=52 pop=51 empty=0 ovf=0
[VND] TXCPLT_CLASS is_frame=1 fl=0x01 seq=51 depth_now=0 (meta_have=1)
[VND] META_PUSH fl=0x01 seq=52 depth=1
[VND] SEND tag=ADC0-ASY2 hdr.seq=52 flags=0x01 cur_stream_seq=52 len=632
[VND] TXCPLT len=632 dt=2ms depth=1 push=53 pop=52 empty=0 ovf=0
[VND] TXCPLT_CLASS is_frame=1 fl=0x01 seq=52 depth_now=0 (meta_have=1)
[VND] META_PUSH fl=0x01 seq=53 depth=1
[VND] SEND tag=ADC0-ASY2 hdr.seq=53 flags=0x01 cur_stream_seq=53 len=632
[VND] TXCPLT len=632 dt=2ms depth=1 push=54 pop=53 empty=0 ovf=0
[VND] TXCPLT_CLASS is_frame=1 fl=0x01 seq=53 depth_now=0 (meta_have=1)
[VND] META_PUSH fl=0x01 seq=54 depth=1
[VND] SEND tag=ADC0-ASY2 hdr.seq=54 flags=0x01 cur_stream_seq=54 len=632
[VND] TXCPLT len=632 dt=2ms depth=1 push=55 pop=54 empty=0 ovf=0
[VND] TXCPLT_CLASS is_frame=1 fl=0x01 seq=54 depth_now=0 (meta_have=1)
[VND] META_PUSH fl=0x01 seq=55 depth=1
[VND] SEND tag=ADC0-ASY2 hdr.seq=55 flags=0x01 cur_stream_seq=55 len=632
[VND] TXCPLT len=632 dt=3ms depth=1 push=56 pop=55 empty=0 ovf=0
[VND] TXCPLT_CLASS is_frame=1 fl=0x01 seq=55 depth_now=0 (meta_have=1)
[VND] META_PUSH fl=0x01 seq=56 depth=1
[VND] SEND tag=ADC0-ASY2 hdr.seq=56 flags=0x01 cur_stream_seq=56 len=632
[VND] TXCPLT len=632 dt=2ms depth=1 push=57 pop=56 empty=0 ovf=0
[VND] TXCPLT_CLASS is_frame=1 fl=0x01 seq=56 depth_now=0 (meta_have=1)
[VND] META_PUSH fl=0x01 seq=57 depth=1
[VND] SEND tag=ADC0-ASY2 hdr.seq=57 flags=0x01 cur_stream_seq=57 len=632
[VND] TXCPLT len=632 dt=2ms depth=1 push=58 pop=57 empty=0 ovf=0
[VND] TXCPLT_CLASS is_frame=1 fl=0x01 seq=57 depth_now=0 (meta_have=1)
[VND] META_PUSH fl=0x01 seq=58 depth=1
[VND] SEND tag=ADC0-ASY2 hdr.seq=58 flags=0x01 cur_stream_seq=58 len=632
[VND] TXCPLT len=632 dt=2ms depth=1 push=59 pop=58 empty=0 ovf=0
[VND] TXCPLT_CLASS is_frame=1 fl=0x01 seq=58 depth_now=0 (meta_have=1)
[VND] META_PUSH fl=0x01 seq=59 depth=1
[VND] SEND tag=ADC0-ASY2 hdr.seq=59 flags=0x01 cur_stream_seq=59 len=632
[VND] TXCPLT len=632 dt=2ms depth=1 push=60 pop=59 empty=0 ovf=0
[VND] TXCPLT_CLASS is_frame=1 fl=0x01 seq=59 depth_now=0 (meta_have=1)
[VND] META_PUSH fl=0x01 seq=60 depth=1
[VND] SEND tag=ADC0-ASY2 hdr.seq=60 flags=0x01 cur_stream_seq=60 len=632
[VND] TXCPLT len=632 dt=2ms depth=1 push=61 pop=60 empty=0 ovf=0
[VND] TXCPLT_CLASS is_frame=1 fl=0x01 seq=60 depth_now=0 (meta_have=1)
[VND] META_PUSH fl=0x01 seq=61 depth=1
[VND] SEND tag=ADC0-ASY2 hdr.seq=61 flags=0x01 cur_stream_seq=61 len=632
[VND] TXCPLT len=632 dt=2ms depth=1 push=62 pop=61 empty=0 ovf=0
[VND] TXCPLT_CLASS is_frame=1 fl=0x01 seq=61 depth_now=0 (meta_have=1)
[VND] META_PUSH fl=0x01 seq=62 depth=1
[VND] SEND tag=ADC0-ASY2 hdr.seq=62 flags=0x01 cur_stream_seq=62 len=632
[VND] TXCPLT len=632 dt=2ms depth=1 push=63 pop=62 empty=0 ovf=0
[VND] TXCPLT_CLASS is_frame=1 fl=0x01 seq=62 depth_now=0 (meta_have=1)
[VND] META_PUSH fl=0x01 seq=63 depth=1
[VND] SEND tag=ADC0-ASY2 hdr.seq=63 flags=0x01 cur_stream_seq=63 len=632
[VND] TXCPLT len=632 dt=2ms depth=1 push=64 pop=63 empty=0 ovf=0
[VND] TXCPLT_CLASS is_frame=1 fl=0x01 seq=63 depth_now=0 (meta_have=1)
[VND] META_PUSH fl=0x01 seq=64 depth=1
[VND] SEND tag=ADC0-ASY2 hdr.seq=64 flags=0x01 cur_stream_seq=64 len=632
[VND] TXCPLT len=632 dt=3ms depth=1 push=65 pop=64 empty=0 ovf=0
[VND] TXCPLT_CLASS is_frame=1 fl=0x01 seq=64 depth_now=0 (meta_have=1)
[VND] META_PUSH fl=0x01 seq=65 depth=1
[VND] SEND tag=ADC0-ASY2 hdr.seq=65 flags=0x01 cur_stream_seq=65 len=632
[VND] TXCPLT len=632 dt=2ms depth=1 push=66 pop=65 empty=0 ovf=0
[VND] TXCPLT_CLASS is_frame=1 fl=0x01 seq=65 depth_now=0 (meta_have=1)
[VND] META_PUSH fl=0x01 seq=66 depth=1
[VND] SEND tag=ADC0-ASY2 hdr.seq=66 flags=0x01 cur_stream_seq=66 len=632
[VND] TXCPLT len=632 dt=1ms depth=1 push=67 pop=66 empty=0 ovf=0
[VND] TXCPLT_CLASS is_frame=1 fl=0x01 seq=66 depth_now=0 (meta_have=1)
[VND] META_PUSH fl=0x01 seq=67 depth=1
[VND] SEND tag=ADC0-ASY2 hdr.seq=67 flags=0x01 cur_stream_seq=67 len=632
[VND] TXCPLT len=632 dt=1ms depth=1 push=68 pop=67 empty=0 ovf=0
[VND] TXCPLT_CLASS is_frame=1 fl=0x01 seq=67 depth_now=0 (meta_have=1)
[VND] META_PUSH fl=0x01 seq=68 depth=1
[VND] SEND tag=ADC0-ASY2 hdr.seq=68 flags=0x01 cur_stream_seq=68 len=632
[VND] TXCPLT len=632 dt=1ms depth=1 push=69 pop=68 empty=0 ovf=0
[VND] TXCPLT_CLASS is_frame=1 fl=0x01 seq=68 depth_now=0 (meta_have=1)
[VND] META_PUSH fl=0x01 seq=69 depth=1
[VND] SEND tag=ADC0-ASY2 hdr.seq=69 flags=0x01 cur_stream_seq=69 len=632
[VND] TXCPLT len=632 dt=2ms depth=1 push=70 pop=69 empty=0 ovf=0
[VND] TXCPLT_CLASS is_frame=1 fl=0x01 seq=69 depth_now=0 (meta_have=1)
[VND] META_PUSH fl=0x01 seq=70 depth=1
[VND] SEND tag=ADC0-ASY2 hdr.seq=70 flags=0x01 cur_stream_seq=70 len=632
[VND] TXCPLT len=632 dt=2ms depth=1 push=71 pop=70 empty=0 ovf=0
[VND] TXCPLT_CLASS is_frame=1 fl=0x01 seq=70 depth_now=0 (meta_have=1)
[VND] META_PUSH fl=0x01 seq=71 depth=1
[VND] SEND tag=ADC0-ASY2 hdr.seq=71 flags=0x01 cur_stream_seq=71 len=632
[VND] TXCPLT len=632 dt=2ms depth=1 push=72 pop=71 empty=0 ovf=0
[VND] TXCPLT_CLASS is_frame=1 fl=0x01 seq=71 depth_now=0 (meta_have=1)
[VND] META_PUSH fl=0x01 seq=72 depth=1
[VND] SEND tag=ADC0-ASY2 hdr.seq=72 flags=0x01 cur_stream_seq=72 len=632
[VND] TXCPLT len=632 dt=2ms depth=1 push=73 pop=72 empty=0 ovf=0
[VND] TXCPLT_CLASS is_frame=1 fl=0x01 seq=72 depth_now=0 (meta_have=1)
[VND] META_PUSH fl=0x01 seq=73 depth=1
[VND] SEND tag=ADC0-ASY2 hdr.seq=73 flags=0x01 cur_stream_seq=73 len=632
[VND] TXCPLT len=632 dt=1ms depth=1 push=74 pop=73 empty=0 ovf=0
[VND] TXCPLT_CLASS is_frame=1 fl=0x01 seq=73 depth_now=0 (meta_have=1)
[VND] META_PUSH fl=0x01 seq=74 depth=1
[VND] SEND tag=ADC0-ASY2 hdr.seq=74 flags=0x01 cur_stream_seq=74 len=632
[VND] TXCPLT len=632 dt=1ms depth=1 push=75 pop=74 empty=0 ovf=0
[VND] TXCPLT_CLASS is_frame=1 fl=0x01 seq=74 depth_now=0 (meta_have=1)
[VND] META_PUSH fl=0x01 seq=75 depth=1
[VND] SEND tag=ADC0-ASY2 hdr.seq=75 flags=0x01 cur_stream_seq=75 len=632
[VND] TXCPLT len=632 dt=1ms depth=1 push=76 pop=75 empty=0 ovf=0
[VND] TXCPLT_CLASS is_frame=1 fl=0x01 seq=75 depth_now=0 (meta_have=1)
[VND] META_PUSH fl=0x01 seq=76 depth=1
[VND] SEND tag=ADC0-ASY2 hdr.seq=76 flags=0x01 cur_stream_seq=76 len=632
[VND] TXCPLT len=632 dt=1ms depth=1 push=77 pop=76 empty=0 ovf=0
[VND] TXCPLT_CLASS is_frame=1 fl=0x01 seq=76 depth_now=0 (meta_have=1)
[VND] META_PUSH fl=0x01 seq=77 depth=1
[VND] SEND tag=ADC0-ASY2 hdr.seq=77 flags=0x01 cur_stream_seq=77 len=632
[VND] TXCPLT len=632 dt=1ms depth=1 push=78 pop=77 empty=0 ovf=0
[VND] TXCPLT_CLASS is_frame=1 fl=0x01 seq=77 depth_now=0 (meta_have=1)
[VND] META_PUSH fl=0x01 seq=78 depth=1
[VND] SEND tag=ADC0-ASY2 hdr.seq=78 flags=0x01 cur_stream_seq=78 len=632
[VND] TXCPLT len=632 dt=1ms depth=1 push=79 pop=78 empty=0 ovf=0
[VND] TXCPLT_CLASS is_frame=1 fl=0x01 seq=78 depth_now=0 (meta_have=1)
[VND] META_PUSH fl=0x01 seq=79 depth=1
[VND] SEND tag=ADC0-ASY2 hdr.seq=79 flags=0x01 cur_stream_seq=79 len=632
[VND] TXCPLT len=632 dt=1ms depth=1 push=80 pop=79 empty=0 ovf=0
[VND] TXCPLT_CLASS is_frame=1 fl=0x01 seq=79 depth_now=0 (meta_have=1)
[VND] META_PUSH fl=0x01 seq=80 depth=1
[VND] SEND tag=ADC0-ASY2 hdr.seq=80 flags=0x01 cur_stream_seq=80 len=632
[VND] TXCPLT len=632 dt=1ms depth=1 push=81 pop=80 empty=0 ovf=0
[VND] TXCPLT_CLASS is_frame=1 fl=0x01 seq=80 depth_now=0 (meta_have=1)
[VND] META_PUSH fl=0x01 seq=81 depth=1
[VND] SEND tag=ADC0-ASY2 hdr.seq=81 flags=0x01 cur_stream_seq=81 len=632
[VND] TXCPLT len=632 dt=1ms depth=1 push=82 pop=81 empty=0 ovf=0
[VND] TXCPLT_CLASS is_frame=1 fl=0x01 seq=81 depth_now=0 (meta_have=1)
[VND] META_PUSH fl=0x01 seq=82 depth=1
[VND] SEND tag=ADC0-ASY2 hdr.seq=82 flags=0x01 cur_stream_seq=82 len=632
[VND] TXCPLT len=632 dt=1ms depth=1 push=83 pop=82 empty=0 ovf=0
[VND] TXCPLT_CLASS is_frame=1 fl=0x01 seq=82 depth_now=0 (meta_have=1)
[VND] META_PUSH fl=0x01 seq=83 depth=1
[VND] SEND tag=ADC0-ASY2 hdr.seq=83 flags=0x01 cur_stream_seq=83 len=632
[VND] TXCPLT len=632 dt=1ms depth=1 push=84 pop=83 empty=0 ovf=0
[VND] TXCPLT_CLASS is_frame=1 fl=0x01 seq=83 depth_now=0 (meta_have=1)
[VND] META_PUSH fl=0x01 seq=84 depth=1
[VND] SEND tag=ADC0-ASY2 hdr.seq=84 flags=0x01 cur_stream_seq=84 len=632
[VND] TXCPLT len=632 dt=1ms depth=1 push=85 pop=84 empty=0 ovf=0
[VND] TXCPLT_CLASS is_frame=1 fl=0x01 seq=84 depth_now=0 (meta_have=1)
[VND] META_PUSH fl=0x01 seq=85 depth=1
[VND] SEND tag=ADC0-ASY2 hdr.seq=85 flags=0x01 cur_stream_seq=85 len=632
[VND] TXCPLT len=632 dt=4ms depth=1 push=86 pop=85 empty=0 ovf=0
[VND] TXCPLT_CLASS is_frame=1 fl=0x01 seq=85 depth_now=0 (meta_have=1)
[VND] META_PUSH fl=0x01 seq=86 depth=1
[VND] SEND tag=ADC0-ASY2 hdr.seq=86 flags=0x01 cur_stream_seq=86 len=632
[VND] TXCPLT len=632 dt=2ms depth=1 push=87 pop=86 empty=0 ovf=0
[VND] TXCPLT_CLASS is_frame=1 fl=0x01 seq=86 depth_now=0 (meta_have=1)
[VND] META_PUSH fl=0x01 seq=87 depth=1
[VND] SEND tag=ADC0-ASY2 hdr.seq=87 flags=0x01 cur_stream_seq=87 len=632
[VND] TXCPLT len=632 dt=2ms depth=1 push=88 pop=87 empty=0 ovf=0
[VND] TXCPLT_CLASS is_frame=1 fl=0x01 seq=87 depth_now=0 (meta_have=1)
[VND] META_PUSH fl=0x01 seq=88 depth=1
[VND] SEND tag=ADC0-ASY2 hdr.seq=88 flags=0x01 cur_stream_seq=88 len=632
[VND] TXCPLT len=632 dt=2ms depth=1 push=89 pop=88 empty=0 ovf=0
[VND] TXCPLT_CLASS is_frame=1 fl=0x01 seq=88 depth_now=0 (meta_have=1)
[VND] META_PUSH fl=0x01 seq=89 depth=1
[VND] SEND tag=ADC0-ASY2 hdr.seq=89 flags=0x01 cur_stream_seq=89 len=632
[VND] TXCPLT len=632 dt=2ms depth=1 push=90 pop=89 empty=0 ovf=0
[VND] TXCPLT_CLASS is_frame=1 fl=0x01 seq=89 depth_now=0 (meta_have=1)
[VND] META_PUSH fl=0x01 seq=90 depth=1
[VND] SEND tag=ADC0-ASY2 hdr.seq=90 flags=0x01 cur_stream_seq=90 len=632
[VND] TXCPLT len=632 dt=2ms depth=1 push=91 pop=90 empty=0 ovf=0
[VND] TXCPLT_CLASS is_frame=1 fl=0x01 seq=90 depth_now=0 (meta_have=1)
[VND] META_PUSH fl=0x01 seq=91 depth=1
[VND] SEND tag=ADC0-ASY2 hdr.seq=91 flags=0x01 cur_stream_seq=91 len=632
[VND] TXCPLT len=632 dt=1ms depth=1 push=92 pop=91 empty=0 ovf=0
[VND] TXCPLT_CLASS is_frame=1 fl=0x01 seq=91 depth_now=0 (meta_have=1)
[VND] META_PUSH fl=0x01 seq=92 depth=1
[VND] SEND tag=ADC0-ASY2 hdr.seq=92 flags=0x01 cur_stream_seq=92 len=632
[VND] TXCPLT len=632 dt=1ms depth=1 push=93 pop=92 empty=0 ovf=0
[VND] TXCPLT_CLASS is_frame=1 fl=0x01 seq=92 depth_now=0 (meta_have=1)
[VND] META_PUSH fl=0x01 seq=93 depth=1
[VND] SEND tag=ADC0-ASY2 hdr.seq=93 flags=0x01 cur_stream_seq=93 len=632
[VND] TXCPLT len=632 dt=1ms depth=1 push=94 pop=93 empty=0 ovf=0
[VND] TXCPLT_CLASS is_frame=1 fl=0x01 seq=93 depth_now=0 (meta_have=1)
[VND] META_PUSH fl=0x01 seq=94 depth=1
[VND] SEND tag=ADC0-ASY2 hdr.seq=94 flags=0x01 cur_stream_seq=94 len=632
[VND] TXCPLT len=632 dt=1ms depth=1 push=95 pop=94 empty=0 ovf=0
[VND] TXCPLT_CLASS is_frame=1 fl=0x01 seq=94 depth_now=0 (meta_have=1)
[VND] META_PUSH fl=0x01 seq=95 depth=1
[VND] SEND tag=ADC0-ASY2 hdr.seq=95 flags=0x01 cur_stream_seq=95 len=632
[VND] TXCPLT len=632 dt=1ms depth=1 push=96 pop=95 empty=0 ovf=0
[VND] TXCPLT_CLASS is_frame=1 fl=0x01 seq=95 depth_now=0 (meta_have=1)
[VND] META_PUSH fl=0x01 seq=96 depth=1
[VND] SEND tag=ADC0-ASY2 hdr.seq=96 flags=0x01 cur_stream_seq=96 len=632
[VND] TXCPLT len=632 dt=3ms depth=1 push=97 pop=96 empty=0 ovf=0
[VND] TXCPLT_CLASS is_frame=1 fl=0x01 seq=96 depth_now=0 (meta_have=1)
[VND] META_PUSH fl=0x01 seq=97 depth=1
[VND] SEND tag=ADC0-ASY2 hdr.seq=97 flags=0x01 cur_stream_seq=97 len=632
[VND] TXCPLT len=632 dt=2ms depth=1 push=98 pop=97 empty=0 ovf=0
[VND] TXCPLT_CLASS is_frame=1 fl=0x01 seq=97 depth_now=0 (meta_have=1)
[VND] META_PUSH fl=0x01 seq=98 depth=1
[VND] SEND tag=ADC0-ASY2 hdr.seq=98 flags=0x01 cur_stream_seq=98 len=632
[VND] TXCPLT len=632 dt=2ms depth=1 push=99 pop=98 empty=0 ovf=0
[VND] TXCPLT_CLASS is_frame=1 fl=0x01 seq=98 depth_now=0 (meta_have=1)
[VND] META_PUSH fl=0x01 seq=99 depth=1
[VND] SEND tag=ADC0-ASY2 hdr.seq=99 flags=0x01 cur_stream_seq=99 len=632
[VND] TXCPLT len=632 dt=2ms depth=1 push=100 pop=99 empty=0 ovf=0
[VND] TXCPLT_CLASS is_frame=1 fl=0x01 seq=99 depth_now=0 (meta_have=1)
[VND] META_PUSH fl=0x01 seq=100 depth=1
[VND] SEND tag=ADC0-ASY2 hdr.seq=100 flags=0x01 cur_stream_seq=100 len=632
[VND] TXCPLT len=632 dt=1ms depth=1 push=101 pop=100 empty=0 ovf=0
[VND] TXCPLT_CLASS is_frame=1 fl=0x01 seq=100 depth_now=0 (meta_have=1)
[VND] META_PUSH fl=0x01 seq=101 depth=1
[VND] SEND tag=ADC0-ASY2 hdr.seq=101 flags=0x01 cur_stream_seq=101 len=632
[VND] TXCPLT len=632 dt=2ms depth=1 push=102 pop=101 empty=0 ovf=0
[VND] TXCPLT_CLASS is_frame=1 fl=0x01 seq=101 depth_now=0 (meta_have=1)
[VND] META_PUSH fl=0x01 seq=102 depth=1
[VND] SEND tag=ADC0-ASY2 hdr.seq=102 flags=0x01 cur_stream_seq=102 len=632
[VND] TXCPLT len=632 dt=2ms depth=1 push=103 pop=102 empty=0 ovf=0
[VND] TXCPLT_CLASS is_frame=1 fl=0x01 seq=102 depth_now=0 (meta_have=1)
[VND] META_PUSH fl=0x01 seq=103 depth=1
[VND] SEND tag=ADC0-ASY2 hdr.seq=103 flags=0x01 cur_stream_seq=103 len=632
[VND] TXCPLT len=632 dt=1ms depth=1 push=104 pop=103 empty=0 ovf=0
[VND] TXCPLT_CLASS is_frame=1 fl=0x01 seq=103 depth_now=0 (meta_have=1)
[VND] META_PUSH fl=0x01 seq=104 depth=1
[VND] SEND tag=ADC0-ASY2 hdr.seq=104 flags=0x01 cur_stream_seq=104 len=632
[VND] TXCPLT len=632 dt=2ms depth=1 push=105 pop=104 empty=0 ovf=0
[VND] TXCPLT_CLASS is_frame=1 fl=0x01 seq=104 depth_now=0 (meta_have=1)
[VND] META_PUSH fl=0x01 seq=105 depth=1
[VND] SEND tag=ADC0-ASY2 hdr.seq=105 flags=0x01 cur_stream_seq=105 len=632
[VND] TXCPLT len=632 dt=1ms depth=1 push=106 pop=105 empty=0 ovf=0
[VND] TXCPLT_CLASS is_frame=1 fl=0x01 seq=105 depth_now=0 (meta_have=1)
[VND] META_PUSH fl=0x01 seq=106 depth=1
[VND] SEND tag=ADC0-ASY2 hdr.seq=106 flags=0x01 cur_stream_seq=106 len=632
[VND] TXCPLT len=632 dt=2ms depth=1 push=107 pop=106 empty=0 ovf=0
[VND] TXCPLT_CLASS is_frame=1 fl=0x01 seq=106 depth_now=0 (meta_have=1)
[VND] META_PUSH fl=0x01 seq=107 depth=1
[VND] SEND tag=ADC0-ASY2 hdr.seq=107 flags=0x01 cur_stream_seq=107 len=632
[VND] TXCPLT len=632 dt=1ms depth=1 push=108 pop=107 empty=0 ovf=0
[VND] TXCPLT_CLASS is_frame=1 fl=0x01 seq=107 depth_now=0 (meta_have=1)
[VND] META_PUSH fl=0x01 seq=108 depth=1
[VND] SEND tag=ADC0-ASY2 hdr.seq=108 flags=0x01 cur_stream_seq=108 len=632
[VND] TXCPLT len=632 dt=2ms depth=1 push=109 pop=108 empty=0 ovf=0
[VND] TXCPLT_CLASS is_frame=1 fl=0x01 seq=108 depth_now=0 (meta_have=1)
[VND] META_PUSH fl=0x01 seq=109 depth=1
[VND] SEND tag=ADC0-ASY2 hdr.seq=109 flags=0x01 cur_stream_seq=109 len=632
[VND] TXCPLT len=632 dt=1ms depth=1 push=110 pop=109 empty=0 ovf=0
[VND] TXCPLT_CLASS is_frame=1 fl=0x01 seq=109 depth_now=0 (meta_have=1)
[VND] META_PUSH fl=0x01 seq=110 depth=1
[VND] SEND tag=ADC0-ASY2 hdr.seq=110 flags=0x01 cur_stream_seq=110 len=632
[VND] TXCPLT len=632 dt=2ms depth=1 push=111 pop=110 empty=0 ovf=0
[VND] TXCPLT_CLASS is_frame=1 fl=0x01 seq=110 depth_now=0 (meta_have=1)
[VND] META_PUSH fl=0x01 seq=111 depth=1
[VND] SEND tag=ADC0-ASY2 hdr.seq=111 flags=0x01 cur_stream_seq=111 len=632
[VND] TXCPLT len=632 dt=1ms depth=1 push=112 pop=111 empty=0 ovf=0
[VND] TXCPLT_CLASS is_frame=1 fl=0x01 seq=111 depth_now=0 (meta_have=1)
[VND] META_PUSH fl=0x01 seq=112 depth=1
[VND] SEND tag=ADC0-ASY2 hdr.seq=112 flags=0x01 cur_stream_seq=112 len=632
[VND] TXCPLT len=632 dt=2ms depth=1 push=113 pop=112 empty=0 ovf=0
[VND] TXCPLT_CLASS is_frame=1 fl=0x01 seq=112 depth_now=0 (meta_have=1)
[VND] META_PUSH fl=0x01 seq=113 depth=1
[VND] SEND tag=ADC0-ASY2 hdr.seq=113 flags=0x01 cur_stream_seq=113 len=632
[VND] TXCPLT len=632 dt=2ms depth=1 push=114 pop=113 empty=0 ovf=0
[VND] TXCPLT_CLASS is_frame=1 fl=0x01 seq=113 depth_now=0 (meta_have=1)
[VND] META_PUSH fl=0x01 seq=114 depth=1
[VND] SEND tag=ADC0-ASY2 hdr.seq=114 flags=0x01 cur_stream_seq=114 len=632
[VND] TXCPLT len=632 dt=2ms depth=1 push=115 pop=114 empty=0 ovf=0
[VND] TXCPLT_CLASS is_frame=1 fl=0x01 seq=114 depth_now=0 (meta_have=1)
[VND] META_PUSH fl=0x01 seq=115 depth=1
[VND] SEND tag=ADC0-ASY2 hdr.seq=115 flags=0x01 cur_stream_seq=115 len=632
[VND] TXCPLT len=632 dt=2ms depth=1 push=116 pop=115 empty=0 ovf=0
[VND] TXCPLT_CLASS is_frame=1 fl=0x01 seq=115 depth_now=0 (meta_have=1)
[VND] META_PUSH fl=0x01 seq=116 depth=1
[VND] SEND tag=ADC0-ASY2 hdr.seq=116 flags=0x01 cur_stream_seq=116 len=632
[VND] TXCPLT len=632 dt=1ms depth=1 push=117 pop=116 empty=0 ovf=0
[VND] TXCPLT_CLASS is_frame=1 fl=0x01 seq=116 depth_now=0 (meta_have=1)
[VND] META_PUSH fl=0x01 seq=117 depth=1
[VND] SEND tag=ADC0-ASY2 hdr.seq=117 flags=0x01 cur_stream_seq=117 len=632
[VND] TXCPLT len=632 dt=2ms depth=1 push=118 pop=117 empty=0 ovf=0
[VND] TXCPLT_CLASS is_frame=1 fl=0x01 seq=117 depth_now=0 (meta_have=1)
[VND] META_PUSH fl=0x01 seq=118 depth=1
[VND] SEND tag=ADC0-ASY2 hdr.seq=118 flags=0x01 cur_stream_seq=118 len=632
[VND] TXCPLT len=632 dt=1ms depth=1 push=119 pop=118 empty=0 ovf=0
[VND] TXCPLT_CLASS is_frame=1 fl=0x01 seq=118 depth_now=0 (meta_have=1)
[VND] META_PUSH fl=0x01 seq=119 depth=1
[VND] SEND tag=ADC0-ASY2 hdr.seq=119 flags=0x01 cur_stream_seq=119 len=632
[VND] TXCPLT len=632 dt=2ms depth=1 push=120 pop=119 empty=0 ovf=0
[VND] TXCPLT_CLASS is_frame=1 fl=0x01 seq=119 depth_now=0 (meta_have=1)
[VND] META_PUSH fl=0x01 seq=120 depth=1
[VND] SEND tag=ADC0-ASY2 hdr.seq=120 flags=0x01 cur_stream_seq=120 len=632
[VND] TXCPLT len=632 dt=1ms depth=1 push=121 pop=120 empty=0 ovf=0
[VND] TXCPLT_CLASS is_frame=1 fl=0x01 seq=120 depth_now=0 (meta_have=1)
[VND] META_PUSH fl=0x01 seq=121 depth=1
[VND] SEND tag=ADC0-ASY2 hdr.seq=121 flags=0x01 cur_stream_seq=121 len=632
[VND] TXCPLT len=632 dt=2ms depth=1 push=122 pop=121 empty=0 ovf=0
[VND] TXCPLT_CLASS is_frame=1 fl=0x01 seq=121 depth_now=0 (meta_have=1)
[VND] META_PUSH fl=0x01 seq=122 depth=1
[VND] SEND tag=ADC0-ASY2 hdr.seq=122 flags=0x01 cur_stream_seq=122 len=632
[VND] TXCPLT len=632 dt=2ms depth=1 push=123 pop=122 empty=0 ovf=0
[VND] TXCPLT_CLASS is_frame=1 fl=0x01 seq=122 depth_now=0 (meta_have=1)
[VND] META_PUSH fl=0x01 seq=123 depth=1
[VND] SEND tag=ADC0-ASY2 hdr.seq=123 flags=0x01 cur_stream_seq=123 len=632
[VND] TXCPLT len=632 dt=2ms depth=1 push=124 pop=123 empty=0 ovf=0
[VND] TXCPLT_CLASS is_frame=1 fl=0x01 seq=123 depth_now=0 (meta_have=1)
[VND] META_PUSH fl=0x01 seq=124 depth=1
[VND] SEND tag=ADC0-ASY2 hdr.seq=124 flags=0x01 cur_stream_seq=124 len=632
[VND] TXCPLT len=632 dt=1ms depth=1 push=125 pop=124 empty=0 ovf=0
[VND] TXCPLT_CLASS is_frame=1 fl=0x01 seq=124 depth_now=0 (meta_have=1)
[VND] META_PUSH fl=0x01 seq=125 depth=1
[VND] SEND tag=ADC0-ASY2 hdr.seq=125 flags=0x01 cur_stream_seq=125 len=632
[VND] TXCPLT len=632 dt=2ms depth=1 push=126 pop=125 empty=0 ovf=0
[VND] TXCPLT_CLASS is_frame=1 fl=0x01 seq=125 depth_now=0 (meta_have=1)
[VND] META_PUSH fl=0x01 seq=126 depth=1
[VND] SEND tag=ADC0-ASY2 hdr.seq=126 flags=0x01 cur_stream_seq=126 len=632
[VND] TXCPLT len=632 dt=2ms depth=1 push=127 pop=126 empty=0 ovf=0
[VND] TXCPLT_CLASS is_frame=1 fl=0x01 seq=126 depth_now=0 (meta_have=1)
[VND] META_PUSH fl=0x01 seq=127 depth=1
[VND] SEND tag=ADC0-ASY2 hdr.seq=127 flags=0x01 cur_stream_seq=127 len=632
[VND] TXCPLT len=632 dt=1ms depth=1 push=128 pop=127 empty=0 ovf=0
[VND] TXCPLT_CLASS is_frame=1 fl=0x01 seq=127 depth_now=0 (meta_have=1)
[VND] META_PUSH fl=0x01 seq=128 depth=1
[VND] SEND tag=ADC0-ASY2 hdr.seq=128 flags=0x01 cur_stream_seq=128 len=632
[VND] TXCPLT len=632 dt=2ms depth=1 push=129 pop=128 empty=0 ovf=0
[VND] TXCPLT_CLASS is_frame=1 fl=0x01 seq=128 depth_now=0 (meta_have=1)
[VND] META_PUSH fl=0x01 seq=129 depth=1
[VND] SEND tag=ADC0-ASY2 hdr.seq=129 flags=0x01 cur_stream_seq=129 len=632
[VND] TXCPLT len=632 dt=2ms depth=1 push=130 pop=129 empty=0 ovf=0
[VND] TXCPLT_CLASS is_frame=1 fl=0x01 seq=129 depth_now=0 (meta_have=1)
[VND] META_PUSH fl=0x01 seq=130 depth=1
[VND] SEND tag=ADC0-ASY2 hdr.seq=130 flags=0x01 cur_stream_seq=130 len=632
[VND] TXCPLT len=632 dt=1ms depth=1 push=131 pop=130 empty=0 ovf=0
[VND] TXCPLT_CLASS is_frame=1 fl=0x01 seq=130 depth_now=0 (meta_have=1)
[VND] META_PUSH fl=0x01 seq=131 depth=1
[VND] SEND tag=ADC0-ASY2 hdr.seq=131 flags=0x01 cur_stream_seq=131 len=632
[VND] TXCPLT len=632 dt=2ms depth=1 push=132 pop=131 empty=0 ovf=0
[VND] TXCPLT_CLASS is_frame=1 fl=0x01 seq=131 depth_now=0 (meta_have=1)
[VND] META_PUSH fl=0x01 seq=132 depth=1
[VND] SEND tag=ADC0-ASY2 hdr.seq=132 flags=0x01 cur_stream_seq=132 len=632
[VND] TXCPLT len=632 dt=2ms depth=1 push=133 pop=132 empty=0 ovf=0
[VND] TXCPLT_CLASS is_frame=1 fl=0x01 seq=132 depth_now=0 (meta_have=1)
[VND] META_PUSH fl=0x01 seq=133 depth=1
[VND] SEND tag=ADC0-ASY2 hdr.seq=133 flags=0x01 cur_stream_seq=133 len=632
[VND] TXCPLT len=632 dt=1ms depth=1 push=134 pop=133 empty=0 ovf=0
[VND] TXCPLT_CLASS is_frame=1 fl=0x01 seq=133 depth_now=0 (meta_have=1)
[VND] META_PUSH fl=0x01 seq=134 depth=1
[VND] SEND tag=ADC0-ASY2 hdr.seq=134 flags=0x01 cur_stream_seq=134 len=632
[VND] TXCPLT len=632 dt=2ms depth=1 push=135 pop=134 empty=0 ovf=0
[VND] TXCPLT_CLASS is_frame=1 fl=0x01 seq=134 depth_now=0 (meta_have=1)
[VND] META_PUSH fl=0x01 seq=135 depth=1
[VND] SEND tag=ADC0-ASY2 hdr.seq=135 flags=0x01 cur_stream_seq=135 len=632
[VND] TXCPLT len=632 dt=1ms depth=1 push=136 pop=135 empty=0 ovf=0
[VND] TXCPLT_CLASS is_frame=1 fl=0x01 seq=135 depth_now=0 (meta_have=1)
[VND] META_PUSH fl=0x01 seq=136 depth=1
[VND] SEND tag=ADC0-ASY2 hdr.seq=136 flags=0x01 cur_stream_seq=136 len=632
[VND] TXCPLT len=632 dt=2ms depth=1 push=137 pop=136 empty=0 ovf=0
[VND] TXCPLT_CLASS is_frame=1 fl=0x01 seq=136 depth_now=0 (meta_have=1)
[VND] META_PUSH fl=0x01 seq=137 depth=1
[VND] SEND tag=ADC0-ASY2 hdr.seq=137 flags=0x01 cur_stream_seq=137 len=632
[VND] TXCPLT len=632 dt=2ms depth=1 push=138 pop=137 empty=0 ovf=0
[VND] TXCPLT_CLASS is_frame=1 fl=0x01 seq=137 depth_now=0 (meta_have=1)
[VND] META_PUSH fl=0x01 seq=138 depth=1
[VND] SEND tag=ADC0-ASY2 hdr.seq=138 flags=0x01 cur_stream_seq=138 len=632
[VND] TXCPLT len=632 dt=1ms depth=1 push=139 pop=138 empty=0 ovf=0
[VND] TXCPLT_CLASS is_frame=1 fl=0x01 seq=138 depth_now=0 (meta_have=1)
[VND] META_PUSH fl=0x01 seq=139 depth=1
[VND] SEND tag=ADC0-ASY2 hdr.seq=139 flags=0x01 cur_stream_seq=139 len=632
[VND] TXCPLT len=632 dt=2ms depth=1 push=140 pop=139 empty=0 ovf=0
[VND] TXCPLT_CLASS is_frame=1 fl=0x01 seq=139 depth_now=0 (meta_have=1)
[VND] META_PUSH fl=0x01 seq=140 depth=1
[VND] SEND tag=ADC0-ASY2 hdr.seq=140 flags=0x01 cur_stream_seq=140 len=632
[VND] TXCPLT len=632 dt=1ms depth=1 push=141 pop=140 empty=0 ovf=0
[VND] TXCPLT_CLASS is_frame=1 fl=0x01 seq=140 depth_now=0 (meta_have=1)
[VND] META_PUSH fl=0x01 seq=141 depth=1
[VND] SEND tag=ADC0-ASY2 hdr.seq=141 flags=0x01 cur_stream_seq=141 len=632
[VND] TXCPLT len=632 dt=2ms depth=1 push=142 pop=141 empty=0 ovf=0
[VND] TXCPLT_CLASS is_frame=1 fl=0x01 seq=141 depth_now=0 (meta_have=1)
[VND] META_PUSH fl=0x01 seq=142 depth=1
[VND] SEND tag=ADC0-ASY2 hdr.seq=142 flags=0x01 cur_stream_seq=142 len=632
[VND] TXCPLT len=632 dt=2ms depth=1 push=143 pop=142 empty=0 ovf=0
[VND] TXCPLT_CLASS is_frame=1 fl=0x01 seq=142 depth_now=0 (meta_have=1)
[VND] META_PUSH fl=0x01 seq=143 depth=1
[VND] SEND tag=ADC0-ASY2 hdr.seq=143 flags=0x01 cur_stream_seq=143 len=632
[VND] TXCPLT len=632 dt=2ms depth=1 push=144 pop=143 empty=0 ovf=0
[VND] TXCPLT_CLASS is_frame=1 fl=0x01 seq=143 depth_now=0 (meta_have=1)
[VND] META_PUSH fl=0x01 seq=144 depth=1
[VND] SEND tag=ADC0-ASY2 hdr.seq=144 flags=0x01 cur_stream_seq=144 len=632
[VND] TXCPLT len=632 dt=2ms depth=1 push=145 pop=144 empty=0 ovf=0
[VND] TXCPLT_CLASS is_frame=1 fl=0x01 seq=144 depth_now=0 (meta_have=1)
[VND] META_PUSH fl=0x01 seq=145 depth=1
[VND] SEND tag=ADC0-ASY2 hdr.seq=145 flags=0x01 cur_stream_seq=145 len=632
[VND] TXCPLT len=632 dt=1ms depth=1 push=146 pop=145 empty=0 ovf=0
[VND] TXCPLT_CLASS is_frame=1 fl=0x01 seq=145 depth_now=0 (meta_have=1)
[VND] META_PUSH fl=0x01 seq=146 depth=1
[VND] SEND tag=ADC0-ASY2 hdr.seq=146 flags=0x01 cur_stream_seq=146 len=632
[VND] TXCPLT len=632 dt=2ms depth=1 push=147 pop=146 empty=0 ovf=0
[VND] TXCPLT_CLASS is_frame=1 fl=0x01 seq=146 depth_now=0 (meta_have=1)
[VND] META_PUSH fl=0x01 seq=147 depth=1
[VND] SEND tag=ADC0-ASY2 hdr.seq=147 flags=0x01 cur_stream_seq=147 len=632
[VND] TXCPLT len=632 dt=1ms depth=1 push=148 pop=147 empty=0 ovf=0
[VND] TXCPLT_CLASS is_frame=1 fl=0x01 seq=147 depth_now=0 (meta_have=1)
[VND] META_PUSH fl=0x01 seq=148 depth=1
[VND] SEND tag=ADC0-ASY2 hdr.seq=148 flags=0x01 cur_stream_seq=148 len=632
[VND] TXCPLT len=632 dt=2ms depth=1 push=149 pop=148 empty=0 ovf=0
[VND] TXCPLT_CLASS is_frame=1 fl=0x01 seq=148 depth_now=0 (meta_have=1)
[VND] META_PUSH fl=0x01 seq=149 depth=1
[VND] SEND tag=ADC0-ASY2 hdr.seq=149 flags=0x01 cur_stream_seq=149 len=632
[VND] TXCPLT len=632 dt=1ms depth=1 push=150 pop=149 empty=0 ovf=0
[VND] TXCPLT_CLASS is_frame=1 fl=0x01 seq=149 depth_now=0 (meta_have=1)
[VND] META_PUSH fl=0x01 seq=150 depth=1
[VND] SEND tag=ADC0-ASY2 hdr.seq=150 flags=0x01 cur_stream_seq=150 len=632
[VND] TXCPLT len=632 dt=2ms depth=1 push=151 pop=150 empty=0 ovf=0
[VND] TXCPLT_CLASS is_frame=1 fl=0x01 seq=150 depth_now=0 (meta_have=1)
[VND] META_PUSH fl=0x01 seq=151 depth=1
[VND] SEND tag=ADC0-ASY2 hdr.seq=151 flags=0x01 cur_stream_seq=151 len=632
[VND] TXCPLT len=632 dt=1ms depth=1 push=152 pop=151 empty=0 ovf=0
[VND] TXCPLT_CLASS is_frame=1 fl=0x01 seq=151 depth_now=0 (meta_have=1)
[VND] META_PUSH fl=0x01 seq=152 depth=1
[VND] SEND tag=ADC0-ASY2 hdr.seq=152 flags=0x01 cur_stream_seq=152 len=632
[VND] TXCPLT len=632 dt=2ms depth=1 push=153 pop=152 empty=0 ovf=0
[VND] TXCPLT_CLASS is_frame=1 fl=0x01 seq=152 depth_now=0 (meta_have=1)
[VND] META_PUSH fl=0x01 seq=153 depth=1
[VND] SEND tag=ADC0-ASY2 hdr.seq=153 flags=0x01 cur_stream_seq=153 len=632
[VND] TXCPLT len=632 dt=2ms depth=1 push=154 pop=153 empty=0 ovf=0
[VND] TXCPLT_CLASS is_frame=1 fl=0x01 seq=153 depth_now=0 (meta_have=1)
[VND] META_PUSH fl=0x01 seq=154 depth=1
[VND] SEND tag=ADC0-ASY2 hdr.seq=154 flags=0x01 cur_stream_seq=154 len=632
[VND] TXCPLT len=632 dt=1ms depth=1 push=155 pop=154 empty=0 ovf=0
[VND] TXCPLT_CLASS is_frame=1 fl=0x01 seq=154 depth_now=0 (meta_have=1)
[VND] META_PUSH fl=0x01 seq=155 depth=1
[VND] SEND tag=ADC0-ASY2 hdr.seq=155 flags=0x01 cur_stream_seq=155 len=632
[VND] TXCPLT len=632 dt=2ms depth=1 push=156 pop=155 empty=0 ovf=0
[VND] TXCPLT_CLASS is_frame=1 fl=0x01 seq=155 depth_now=0 (meta_have=1)
[VND] META_PUSH fl=0x01 seq=156 depth=1
[VND] SEND tag=ADC0-ASY2 hdr.seq=156 flags=0x01 cur_stream_seq=156 len=632
[VND] TXCPLT len=632 dt=5ms depth=1 push=157 pop=156 empty=0 ovf=0
[VND] TXCPLT_CLASS is_frame=1 fl=0x01 seq=156 depth_now=0 (meta_have=1)
[VND] META_PUSH fl=0x01 seq=157 depth=1
[VND] SEND tag=ADC0-ASY2 hdr.seq=157 flags=0x01 cur_stream_seq=157 len=632
[VND] TXCPLT len=632 dt=1ms depth=1 push=158 pop=157 empty=0 ovf=0
[VND] TXCPLT_CLASS is_frame=1 fl=0x01 seq=157 depth_now=0 (meta_have=1)
[VND] META_PUSH fl=0x01 seq=158 depth=1
[VND] SEND tag=ADC0-ASY2 hdr.seq=158 flags=0x01 cur_stream_seq=158 len=632
[VND] TXCPLT len=632 dt=1ms depth=1 push=159 pop=158 empty=0 ovf=0
[VND] TXCPLT_CLASS is_frame=1 fl=0x01 seq=158 depth_now=0 (meta_have=1)
[VND] META_PUSH fl=0x01 seq=159 depth=1
[VND] SEND tag=ADC0-ASY2 hdr.seq=159 flags=0x01 cur_stream_seq=159 len=632
[VND] TXCPLT len=632 dt=1ms depth=1 push=160 pop=159 empty=0 ovf=0
[VND] TXCPLT_CLASS is_frame=1 fl=0x01 seq=159 depth_now=0 (meta_have=1)
[VND] META_PUSH fl=0x01 seq=160 depth=1
[VND] SEND tag=ADC0-ASY2 hdr.seq=160 flags=0x01 cur_stream_seq=160 len=632
[VND] TXCPLT len=632 dt=1ms depth=1 push=161 pop=160 empty=0 ovf=0
[VND] TXCPLT_CLASS is_frame=1 fl=0x01 seq=160 depth_now=0 (meta_have=1)
[VND] META_PUSH fl=0x01 seq=161 depth=1
[VND] SEND tag=ADC0-ASY2 hdr.seq=161 flags=0x01 cur_stream_seq=161 len=632
[VND] TXCPLT len=632 dt=3ms depth=1 push=162 pop=161 empty=0 ovf=0
[VND] TXCPLT_CLASS is_frame=1 fl=0x01 seq=161 depth_now=0 (meta_have=1)
[VND] META_PUSH fl=0x01 seq=162 depth=1
[VND] SEND tag=ADC0-ASY2 hdr.seq=162 flags=0x01 cur_stream_seq=162 len=632
[VND] TXCPLT len=632 dt=1ms depth=1 push=163 pop=162 empty=0 ovf=0
[VND] TXCPLT_CLASS is_frame=1 fl=0x01 seq=162 depth_now=0 (meta_have=1)
[VND] META_PUSH fl=0x01 seq=163 depth=1
[VND] SEND tag=ADC0-ASY2 hdr.seq=163 flags=0x01 cur_stream_seq=163 len=632
[VND] TXCPLT len=632 dt=2ms depth=1 push=164 pop=163 empty=0 ovf=0
[VND] TXCPLT_CLASS is_frame=1 fl=0x01 seq=163 depth_now=0 (meta_have=1)
[VND] META_PUSH fl=0x01 seq=164 depth=1
[VND] SEND tag=ADC0-ASY2 hdr.seq=164 flags=0x01 cur_stream_seq=164 len=632
[VND] TXCPLT len=632 dt=1ms depth=1 push=165 pop=164 empty=0 ovf=0
[VND] TXCPLT_CLASS is_frame=1 fl=0x01 seq=164 depth_now=0 (meta_have=1)
[VND] META_PUSH fl=0x01 seq=165 depth=1
[VND] SEND tag=ADC0-ASY2 hdr.seq=165 flags=0x01 cur_stream_seq=165 len=632
[VND] TXCPLT len=632 dt=2ms depth=1 push=166 pop=165 empty=0 ovf=0
[VND] TXCPLT_CLASS is_frame=1 fl=0x01 seq=165 depth_now=0 (meta_have=1)
[VND] META_PUSH fl=0x01 seq=166 depth=1
[VND] SEND tag=ADC0-ASY2 hdr.seq=166 flags=0x01 cur_stream_seq=166 len=632
[VND] TXCPLT len=632 dt=2ms depth=1 push=167 pop=166 empty=0 ovf=0
[VND] TXCPLT_CLASS is_frame=1 fl=0x01 seq=166 depth_now=0 (meta_have=1)
[VND] META_PUSH fl=0x01 seq=167 depth=1
[VND] SEND tag=ADC0-ASY2 hdr.seq=167 flags=0x01 cur_stream_seq=167 len=632
[VND] TXCPLT len=632 dt=2ms depth=1 push=168 pop=167 empty=0 ovf=0
[VND] TXCPLT_CLASS is_frame=1 fl=0x01 seq=167 depth_now=0 (meta_have=1)
[VND] META_PUSH fl=0x01 seq=168 depth=1
[VND] SEND tag=ADC0-ASY2 hdr.seq=168 flags=0x01 cur_stream_seq=168 len=632
[VND] TXCPLT len=632 dt=2ms depth=1 push=169 pop=168 empty=0 ovf=0
[VND] TXCPLT_CLASS is_frame=1 fl=0x01 seq=168 depth_now=0 (meta_have=1)
[VND] META_PUSH fl=0x01 seq=169 depth=1
[VND] SEND tag=ADC0-ASY2 hdr.seq=169 flags=0x01 cur_stream_seq=169 len=632
[VND] TXCPLT len=632 dt=2ms depth=1 push=170 pop=169 empty=0 ovf=0
[VND] TXCPLT_CLASS is_frame=1 fl=0x01 seq=169 depth_now=0 (meta_have=1)
[VND] META_PUSH fl=0x01 seq=170 depth=1
[VND] SEND tag=ADC0-ASY2 hdr.seq=170 flags=0x01 cur_stream_seq=170 len=632
[VND] TXCPLT len=632 dt=1ms depth=1 push=171 pop=170 empty=0 ovf=0
[VND] TXCPLT_CLASS is_frame=1 fl=0x01 seq=170 depth_now=0 (meta_have=1)
[VND] META_PUSH fl=0x01 seq=171 depth=1
[VND] SEND tag=ADC0-ASY2 hdr.seq=171 flags=0x01 cur_stream_seq=171 len=632
[VND] TXCPLT len=632 dt=2ms depth=1 push=172 pop=171 empty=0 ovf=0
[VND] TXCPLT_CLASS is_frame=1 fl=0x01 seq=171 depth_now=0 (meta_have=1)
[VND] META_PUSH fl=0x01 seq=172 depth=1
[VND] SEND tag=ADC0-ASY2 hdr.seq=172 flags=0x01 cur_stream_seq=172 len=632
[VND] TXCPLT len=632 dt=1ms depth=1 push=173 pop=172 empty=0 ovf=0
[VND] TXCPLT_CLASS is_frame=1 fl=0x01 seq=172 depth_now=0 (meta_have=1)
[VND] META_PUSH fl=0x01 seq=173 depth=1
[VND] SEND tag=ADC0-ASY2 hdr.seq=173 flags=0x01 cur_stream_seq=173 len=632
[VND] TXCPLT len=632 dt=2ms depth=1 push=174 pop=173 empty=0 ovf=0
[VND] TXCPLT_CLASS is_frame=1 fl=0x01 seq=173 depth_now=0 (meta_have=1)
[VND] META_PUSH fl=0x01 seq=174 depth=1
[VND] SEND tag=ADC0-ASY2 hdr.seq=174 flags=0x01 cur_stream_seq=174 len=632
[VND] TXCPLT len=632 dt=1ms depth=1 push=175 pop=174 empty=0 ovf=0
[VND] TXCPLT_CLASS is_frame=1 fl=0x01 seq=174 depth_now=0 (meta_have=1)
[VND] META_PUSH fl=0x01 seq=175 depth=1
[VND] SEND tag=ADC0-ASY2 hdr.seq=175 flags=0x01 cur_stream_seq=175 len=632
[VND] TXCPLT len=632 dt=2ms depth=1 push=176 pop=175 empty=0 ovf=0
[VND] TXCPLT_CLASS is_frame=1 fl=0x01 seq=175 depth_now=0 (meta_have=1)
[VND] META_PUSH fl=0x01 seq=176 depth=1
[VND] SEND tag=ADC0-ASY2 hdr.seq=176 flags=0x01 cur_stream_seq=176 len=632
[VND] TXCPLT len=632 dt=1ms depth=1 push=177 pop=176 empty=0 ovf=0
[VND] TXCPLT_CLASS is_frame=1 fl=0x01 seq=176 depth_now=0 (meta_have=1)
[VND] META_PUSH fl=0x01 seq=177 depth=1
[VND] SEND tag=ADC0-ASY2 hdr.seq=177 flags=0x01 cur_stream_seq=177 len=632
[VND] TXCPLT len=632 dt=2ms depth=1 push=178 pop=177 empty=0 ovf=0
[VND] TXCPLT_CLASS is_frame=1 fl=0x01 seq=177 depth_now=0 (meta_have=1)
[VND] META_PUSH fl=0x01 seq=178 depth=1
[VND] SEND tag=ADC0-ASY2 hdr.seq=178 flags=0x01 cur_stream_seq=178 len=632
[VND] TXCPLT len=632 dt=1ms depth=1 push=179 pop=178 empty=0 ovf=0
[VND] TXCPLT_CLASS is_frame=1 fl=0x01 seq=178 depth_now=0 (meta_have=1)
[VND] META_PUSH fl=0x01 seq=179 depth=1
[VND] SEND tag=ADC0-ASY2 hdr.seq=179 flags=0x01 cur_stream_seq=179 len=632
[VND] TXCPLT len=632 dt=2ms depth=1 push=180 pop=179 empty=0 ovf=0
[VND] TXCPLT_CLASS is_frame=1 fl=0x01 seq=179 depth_now=0 (meta_have=1)
[VND] META_PUSH fl=0x01 seq=180 depth=1
[VND] SEND tag=ADC0-ASY2 hdr.seq=180 flags=0x01 cur_stream_seq=180 len=632
[VND] TXCPLT len=632 dt=1ms depth=1 push=181 pop=180 empty=0 ovf=0
[VND] TXCPLT_CLASS is_frame=1 fl=0x01 seq=180 depth_now=0 (meta_have=1)
[VND] META_PUSH fl=0x01 seq=181 depth=1
[VND] SEND tag=ADC0-ASY2 hdr.seq=181 flags=0x01 cur_stream_seq=181 len=632
[VND] TXCPLT len=632 dt=2ms depth=1 push=182 pop=181 empty=0 ovf=0
[VND] TXCPLT_CLASS is_frame=1 fl=0x01 seq=181 depth_now=0 (meta_have=1)
[VND] META_PUSH fl=0x01 seq=182 depth=1
[VND] SEND tag=ADC0-ASY2 hdr.seq=182 flags=0x01 cur_stream_seq=182 len=632
[VND] TXCPLT len=632 dt=2ms depth=1 push=183 pop=182 empty=0 ovf=0
[VND] TXCPLT_CLASS is_frame=1 fl=0x01 seq=182 depth_now=0 (meta_have=1)
[VND] META_PUSH fl=0x01 seq=183 depth=1
[VND] SEND tag=ADC0-ASY2 hdr.seq=183 flags=0x01 cur_stream_seq=183 len=632
[VND] TXCPLT len=632 dt=2ms depth=1 push=184 pop=183 empty=0 ovf=0
[VND] TXCPLT_CLASS is_frame=1 fl=0x01 seq=183 depth_now=0 (meta_have=1)
[VND] META_PUSH fl=0x01 seq=184 depth=1
[VND] SEND tag=ADC0-ASY2 hdr.seq=184 flags=0x01 cur_stream_seq=184 len=632
[VND] TXCPLT len=632 dt=4ms depth=1 push=185 pop=184 empty=0 ovf=0
[VND] TXCPLT_CLASS is_frame=1 fl=0x01 seq=184 depth_now=0 (meta_have=1)
[VND] META_PUSH fl=0x01 seq=185 depth=1
[VND] SEND tag=ADC0-ASY2 hdr.seq=185 flags=0x01 cur_stream_seq=185 len=632
[VND] TXCPLT len=632 dt=1ms depth=1 push=186 pop=185 empty=0 ovf=0
[VND] TXCPLT_CLASS is_frame=1 fl=0x01 seq=185 depth_now=0 (meta_have=1)
[VND] META_PUSH fl=0x01 seq=186 depth=1
[VND] SEND tag=ADC0-ASY2 hdr.seq=186 flags=0x01 cur_stream_seq=186 len=632
[VND] TXCPLT len=632 dt=2ms depth=1 push=187 pop=186 empty=0 ovf=0
[VND] TXCPLT_CLASS is_frame=1 fl=0x01 seq=186 depth_now=0 (meta_have=1)
[VND] META_PUSH fl=0x01 seq=187 depth=1
[VND] SEND tag=ADC0-ASY2 hdr.seq=187 flags=0x01 cur_stream_seq=187 len=632
[VND] TXCPLT len=632 dt=1ms depth=1 push=188 pop=187 empty=0 ovf=0
[VND] TXCPLT_CLASS is_frame=1 fl=0x01 seq=187 depth_now=0 (meta_have=1)
[VND] META_PUSH fl=0x01 seq=188 depth=1
[VND] SEND tag=ADC0-ASY2 hdr.seq=188 flags=0x01 cur_stream_seq=188 len=632
[VND] TXCPLT len=632 dt=2ms depth=1 push=189 pop=188 empty=0 ovf=0
[VND] TXCPLT_CLASS is_frame=1 fl=0x01 seq=188 depth_now=0 (meta_have=1)
[VND] META_PUSH fl=0x01 seq=189 depth=1
[VND] SEND tag=ADC0-ASY2 hdr.seq=189 flags=0x01 cur_stream_seq=189 len=632
[VND] TXCPLT len=632 dt=1ms depth=1 push=190 pop=189 empty=0 ovf=0
[VND] TXCPLT_CLASS is_frame=1 fl=0x01 seq=189 depth_now=0 (meta_have=1)
[VND] META_PUSH fl=0x01 seq=190 depth=1
[VND] SEND tag=ADC0-ASY2 hdr.seq=190 flags=0x01 cur_stream_seq=190 len=632
[VND] TXCPLT len=632 dt=2ms depth=1 push=191 pop=190 empty=0 ovf=0
[VND] TXCPLT_CLASS is_frame=1 fl=0x01 seq=190 depth_now=0 (meta_have=1)
[VND] META_PUSH fl=0x01 seq=191 depth=1
[VND] SEND tag=ADC0-ASY2 hdr.seq=191 flags=0x01 cur_stream_seq=191 len=632
[VND] TXCPLT len=632 dt=1ms depth=1 push=192 pop=191 empty=0 ovf=0
[VND] TXCPLT_CLASS is_frame=1 fl=0x01 seq=191 depth_now=0 (meta_have=1)
[VND] META_PUSH fl=0x01 seq=192 depth=1
[VND] SEND tag=ADC0-ASY2 hdr.seq=192 flags=0x01 cur_stream_seq=192 len=632
[VND] TXCPLT len=632 dt=2ms depth=1 push=193 pop=192 empty=0 ovf=0
[VND] TXCPLT_CLASS is_frame=1 fl=0x01 seq=192 depth_now=0 (meta_have=1)
[VND] META_PUSH fl=0x01 seq=193 depth=1
[VND] SEND tag=ADC0-ASY2 hdr.seq=193 flags=0x01 cur_stream_seq=193 len=632
[VND] TXCPLT len=632 dt=1ms depth=1 push=194 pop=193 empty=0 ovf=0
[VND] TXCPLT_CLASS is_frame=1 fl=0x01 seq=193 depth_now=0 (meta_have=1)
[VND] META_PUSH fl=0x01 seq=194 depth=1
[VND] SEND tag=ADC0-ASY2 hdr.seq=194 flags=0x01 cur_stream_seq=194 len=632
[VND] TXCPLT len=632 dt=2ms depth=1 push=195 pop=194 empty=0 ovf=0
[VND] TXCPLT_CLASS is_frame=1 fl=0x01 seq=194 depth_now=0 (meta_have=1)
[VND] META_PUSH fl=0x01 seq=195 depth=1
[VND] SEND tag=ADC0-ASY2 hdr.seq=195 flags=0x01 cur_stream_seq=195 len=632
[VND] TXCPLT len=632 dt=2ms depth=1 push=196 pop=195 empty=0 ovf=0
[VND] TXCPLT_CLASS is_frame=1 fl=0x01 seq=195 depth_now=0 (meta_have=1)
[VND] META_PUSH fl=0x01 seq=196 depth=1
[VND] SEND tag=ADC0-ASY2 hdr.seq=196 flags=0x01 cur_stream_seq=196 len=632
[VND] TXCPLT len=632 dt=1ms depth=1 push=197 pop=196 empty=0 ovf=0
[VND] TXCPLT_CLASS is_frame=1 fl=0x01 seq=196 depth_now=0 (meta_have=1)
[VND] META_PUSH fl=0x01 seq=197 depth=1
[VND] SEND tag=ADC0-ASY2 hdr.seq=197 flags=0x01 cur_stream_seq=197 len=632
[VND] TXCPLT len=632 dt=2ms depth=1 push=198 pop=197 empty=0 ovf=0
[VND] TXCPLT_CLASS is_frame=1 fl=0x01 seq=197 depth_now=0 (meta_have=1)
[VND] META_PUSH fl=0x01 seq=198 depth=1
[VND] SEND tag=ADC0-ASY2 hdr.seq=198 flags=0x01 cur_stream_seq=198 len=632
[VND] TXCPLT len=632 dt=1ms depth=1 push=199 pop=198 empty=0 ovf=0
[VND] TXCPLT_CLASS is_frame=1 fl=0x01 seq=198 depth_now=0 (meta_have=1)
[VND] META_PUSH fl=0x01 seq=199 depth=1
[VND] SEND tag=ADC0-ASY2 hdr.seq=199 flags=0x01 cur_stream_seq=199 len=632
[VND] TXCPLT len=632 dt=2ms depth=1 push=200 pop=199 empty=0 ovf=0
[VND] TXCPLT_CLASS is_frame=1 fl=0x01 seq=199 depth_now=0 (meta_have=1)
[VND] META_PUSH fl=0x01 seq=200 depth=1
[VND] SEND tag=ADC0-ASY2 hdr.seq=200 flags=0x01 cur_stream_seq=200 len=632
[VND] TXCPLT len=632 dt=2ms depth=1 push=201 pop=200 empty=0 ovf=0
[VND] TXCPLT_CLASS is_frame=1 fl=0x01 seq=200 depth_now=0 (meta_have=1)
[VND] META_PUSH fl=0x01 seq=201 depth=1
[VND] SEND tag=ADC0-ASY2 hdr.seq=201 flags=0x01 cur_stream_seq=201 len=632
[VND] TXCPLT len=632 dt=1ms depth=1 push=202 pop=201 empty=0 ovf=0
[VND] TXCPLT_CLASS is_frame=1 fl=0x01 seq=201 depth_now=0 (meta_have=1)
[VND] META_PUSH fl=0x01 seq=202 depth=1
[VND] SEND tag=ADC0-ASY2 hdr.seq=202 flags=0x01 cur_stream_seq=202 len=632
[VND] TXCPLT len=632 dt=2ms depth=1 push=203 pop=202 empty=0 ovf=0
[VND] TXCPLT_CLASS is_frame=1 fl=0x01 seq=202 depth_now=0 (meta_have=1)
[VND] META_PUSH fl=0x01 seq=203 depth=1
[VND] SEND tag=ADC0-ASY2 hdr.seq=203 flags=0x01 cur_stream_seq=203 len=632
[VND] TXCPLT len=632 dt=1ms depth=1 push=204 pop=203 empty=0 ovf=0
[VND] TXCPLT_CLASS is_frame=1 fl=0x01 seq=203 depth_now=0 (meta_have=1)
[VND] META_PUSH fl=0x01 seq=204 depth=1
[VND] SEND tag=ADC0-ASY2 hdr.seq=204 flags=0x01 cur_stream_seq=204 len=632
[VND] TXCPLT len=632 dt=2ms depth=1 push=205 pop=204 empty=0 ovf=0
[VND] TXCPLT_CLASS is_frame=1 fl=0x01 seq=204 depth_now=0 (meta_have=1)
[VND] META_PUSH fl=0x01 seq=205 depth=1
[VND] SEND tag=ADC0-ASY2 hdr.seq=205 flags=0x01 cur_stream_seq=205 len=632
[VND] TXCPLT len=632 dt=1ms depth=1 push=206 pop=205 empty=0 ovf=0
[VND] TXCPLT_CLASS is_frame=1 fl=0x01 seq=205 depth_now=0 (meta_have=1)
[VND] META_PUSH fl=0x01 seq=206 depth=1
[VND] SEND tag=ADC0-ASY2 hdr.seq=206 flags=0x01 cur_stream_seq=206 len=632
[VND] TXCPLT len=632 dt=1ms depth=1 push=207 pop=206 empty=0 ovf=0
[VND] TXCPLT_CLASS is_frame=1 fl=0x01 seq=206 depth_now=0 (meta_have=1)
[VND] META_PUSH fl=0x01 seq=207 depth=1
[VND] SEND tag=ADC0-ASY2 hdr.seq=207 flags=0x01 cur_stream_seq=207 len=632
[VND] TXCPLT len=632 dt=2ms depth=1 push=208 pop=207 empty=0 ovf=0
[VND] TXCPLT_CLASS is_frame=1 fl=0x01 seq=207 depth_now=0 (meta_have=1)
[VND] META_PUSH fl=0x01 seq=208 depth=1
[VND] SEND tag=ADC0-ASY2 hdr.seq=208 flags=0x01 cur_stream_seq=208 len=632
[VND] TXCPLT len=632 dt=1ms depth=1 push=209 pop=208 empty=0 ovf=0
[VND] TXCPLT_CLASS is_frame=1 fl=0x01 seq=208 depth_now=0 (meta_have=1)
[VND] META_PUSH fl=0x01 seq=209 depth=1
[VND] SEND tag=ADC0-ASY2 hdr.seq=209 flags=0x01 cur_stream_seq=209 len=632
[VND] TXCPLT len=632 dt=2ms depth=1 push=210 pop=209 empty=0 ovf=0
[VND] TXCPLT_CLASS is_frame=1 fl=0x01 seq=209 depth_now=0 (meta_have=1)
[VND] META_PUSH fl=0x01 seq=210 depth=1
[VND] SEND tag=ADC0-ASY2 hdr.seq=210 flags=0x01 cur_stream_seq=210 len=632
[VND] TXCPLT len=632 dt=1ms depth=1 push=211 pop=210 empty=0 ovf=0
[VND] TXCPLT_CLASS is_frame=1 fl=0x01 seq=210 depth_now=0 (meta_have=1)
[VND] META_PUSH fl=0x01 seq=211 depth=1
[VND] SEND tag=ADC0-ASY2 hdr.seq=211 flags=0x01 cur_stream_seq=211 len=632
[VND] TXCPLT len=632 dt=2ms depth=1 push=212 pop=211 empty=0 ovf=0
[VND] TXCPLT_CLASS is_frame=1 fl=0x01 seq=211 depth_now=0 (meta_have=1)
[VND] META_PUSH fl=0x01 seq=212 depth=1
[VND] SEND tag=ADC0-ASY2 hdr.seq=212 flags=0x01 cur_stream_seq=212 len=632
[VND] TXCPLT len=632 dt=1ms depth=1 push=213 pop=212 empty=0 ovf=0
[VND] TXCPLT_CLASS is_frame=1 fl=0x01 seq=212 depth_now=0 (meta_have=1)
[VND] META_PUSH fl=0x01 seq=213 depth=1
[VND] SEND tag=ADC0-ASY2 hdr.seq=213 flags=0x01 cur_stream_seq=213 len=632
[VND] TXCPLT len=632 dt=2ms depth=1 push=214 pop=213 empty=0 ovf=0
[VND] TXCPLT_CLASS is_frame=1 fl=0x01 seq=213 depth_now=0 (meta_have=1)
[VND] META_PUSH fl=0x01 seq=214 depth=1
[VND] SEND tag=ADC0-ASY2 hdr.seq=214 flags=0x01 cur_stream_seq=214 len=632
[VND] TXCPLT len=632 dt=2ms depth=1 push=215 pop=214 empty=0 ovf=0
[VND] TXCPLT_CLASS is_frame=1 fl=0x01 seq=214 depth_now=0 (meta_have=1)
[VND] META_PUSH fl=0x01 seq=215 depth=1
[VND] SEND tag=ADC0-ASY2 hdr.seq=215 flags=0x01 cur_stream_seq=215 len=632
[VND] TXCPLT len=632 dt=1ms depth=1 push=216 pop=215 empty=0 ovf=0
[VND] TXCPLT_CLASS is_frame=1 fl=0x01 seq=215 depth_now=0 (meta_have=1)
[VND] META_PUSH fl=0x01 seq=216 depth=1
[VND] SEND tag=ADC0-ASY2 hdr.seq=216 flags=0x01 cur_stream_seq=216 len=632
[VND_RCV] #6 CMD 0x21 len=1
[VND] CMD 0x21 len=1
[CMD_IND] STOP received #1 (at t=112663 ms, 0 sec ago)
[VND] STOP_STREAM (full mode)
[VND] TX_BUSY tag=ADC0-ASY2 len=632 ll_busy=1 last_rc=0 last_len=632
[VND_RCV] #7 CMD 0x13 len=2
[VND] CMD 0x13 len=2
[VND] SET_FULL_MODE 1
[VND] PAIR_TIMING(info): samples=300 buf_rate=300 -> period???1000 ms
[VND_RCV] #8 CMD 0x14 len=2
[VND] CMD 0x14 len=2
[VND] SET_PROFILE 2 -> prof_id=1 rc=0
[VND_RCV] #9 CMD 0x18 len=2
[VND] CMD 0x18 len=2
[VND] SET_ASYNC_MODE 0
[VND_RCV] #10 CMD 0x19 len=2
[VND] CMD 0x19 len=2
[VND] SET_CHMODE 0
[VND_RCV] #11 CMD 0x20 len=1
[VND] CMD 0x20 len=1
[CMD_IND] START received #1 (at t=113388 ms, 0 sec ago)
[VND] START_STREAM received
[VND] PAIR_TIMING(info): samples=300 buf_rate=300 -> period???1000 ms
[VND] START_STREAM: transmission enabled (ADC already running)
[VND] START_STREAM
[VND] META_PUSH fl=0x01 seq=217 depth=1
[VND] SEND tag=ADC0-ASY2 hdr.seq=217 flags=0x01 cur_stream_seq=0 len=632
[VND] PREPARE_PAIR slot=0
[VND] PREPARE_PAIR slot=0
[VND] PREPARE_PAIR slot=0
[VND] PREPARE_PAIR slot=0
[VND] PREPARE_PAIR slot=0
[VND] PREPARE_PAIR slot=0
[VND] PREPARE_PAIR slot=0
[VND] PREPARE_PAIR slot=0
[VND] PREPARE_PAIR slot=0
[VND] PREPARE_PAIR slot=0
[VND] PREPARE_PAIR slot=0
[VND] PR[VND] TXCPLT len=632 dt=2ms depth=1 push=13 pop=12 empty=0 ovf=0
[VND] TXCPLT_CLASS is_frame=1 fl=0x01 seq=12 depth_now=0 (meta_have=1)
[VND] META_PUSH fl=0x01 seq=13 depth=1
[VND] SEND tag=ADC0-ASY2 hdr.seq=13 flags=0x01 cur_stream_seq=13 len=632
EPARE_PAIR slot=0
[VND] PREPARE[VND] TXCPLT len=632 dt=2ms depth=1 push=18 pop=17 empty=0 ovf=0
[VND] TXCPLT_CLASS is_frame=1 fl=0x01 seq=17 depth_now=0 (meta_have=1)
[VND] META_PUSH fl=0x01 seq=18 depth=1
[VND] SEND tag=ADC0-ASY2 hdr.seq=18 flags=0x01 cur_stream_seq=18 len=632

PAI[VND] TXCPLT len=632 dt=2ms depth=1 push=19 pop=18 empty=0 ovf=0
[VND] TXCPLT_CLASS is_frame=1 fl=0x01 seq=18 depth_now=0 (meta_have=1)
[VND] META_PUSH fl=0x01 seq=19 depth=1
[VND] SEND tag=ADC0-ASY2 hdr.seq=19 flags=0x01 cur_stream_seq=19 len=632
R slot=0
[VND] PREPARE_PAIR slot=0
[VND] PREPARE_PAIR slot=0
[VND] PREPARE_PAIR slot=0
[VND] PREPARE_PAIR slot=0
[VND] PREPARE_PAIR slot=0
[VND] PRE[VND] TXCPLT len=632 dt=2ms depth=1 push=48 pop=47 empty=0 ovf=0
[VND] TXCPLT_CLASS is_frame=1 fl=0x01 seq=47 depth_now=0 (meta_have=1)
[VND] META_PUSH fl=0x01 seq=48 depth=1
[VND] SEND tag=ADC0-ASY2 hdr.seq=48 flags=0x01 cur_stream_seq=48 len=632
PARE_PAIR slot=0
[VND] PREPARE_PAIR slot=0
[VND] PREPARE_PAIR slot=0
[VND] PREPARE_PAIR slot=0
[VND] PREPARE_PAIR slot=0
[VND] META_PUSH fl=0x01 seq=60 depth=1
[VND] SEND tag=ADC0-ASY2 hdr.seq=62 flags=0x01 cur_stream_seq=63 len=632
[VND] PREPARE_PAIR slot=0
[VND] PREPARE_PAIR slot=0
[VND] META_PUSH fl=0x01 seq=64 depth=1
[VND] SEND tag=ADC0-ASY2 hdr.seq=67 flags=0x01 cur_stream_seq=68 len=632
[VND] PREPARE_PAIR slot=0
[VND] PREPARE_PAIR slot=0
[VND] META_PUSH fl=0x01 seq=72 depth=1
[VND] SEND tag=ADC0-ASY2 hdr.seq=73 flags=0x01 cur_stream_seq=74 len=632
[VND] TXCPLT len=632 dt=3ms depth=1 push=79 pop=78 empty=0 ovf=0
[VND] TXCPLT_CLASS is_frame=1 fl=0x01 seq=77 depth_now=0 (meta_have=1)
[VND] META_PUSH fl=0x01 seq=79 depth=1
[VND] SEND tag=ADC0-ASY2 hdr.seq=79 flags=0x01 cur_stream_seq=79 len=632
[VND] TXCPLT len=632 dt=1ms depth=1 push=80 pop=79 empty=0 ovf=0
[VND] TXCPLT_CLASS is_frame=1 fl=0x01 seq=79 depth_now=0 (meta_have=1)
[VND] META_PUSH fl=0x01 seq=80 depth=1
[VND] SEND tag=ADC0-ASY2 hdr.seq=80 flags=0x01 cur_stream_seq=80 len=632
[VND] TXCPLT len=632 dt=2ms depth=1 push=81 pop=80 empty=0 ovf=0
[VND] TXCPLT_CLASS is_frame=1 fl=0x01 seq=80 depth_now=0 (meta_have=1)
[VND] META_PUSH fl=0x01 seq=81 depth=1
[VND] SEND tag=ADC0-ASY2 hdr.seq=81 flags=0x01 cur_stream_seq=81 len=632
[VND] TXCPLT len=632 dt=1ms depth=1 push=82 pop=81 empty=0 ovf=0
[VND] TXCPLT_CLASS is_frame=1 fl=0x01 seq=81 depth_now=0 (meta_have=1)
[VND] META_PUSH fl=0x01 seq=82 depth=1
[VND] SEND tag=ADC0-ASY2 hdr.seq=82 flags=0x01 cur_stream_seq=82 len=632
[VND] TXCPLT len=632 dt=1ms depth=1 push=83 pop=82 empty=0 ovf=0
[VND] TXCPLT_CLASS is_frame=1 fl=0x01 seq=82 depth_now=0 (meta_have=1)
[VND] META_PUSH fl=0x01 seq=83 depth=1
[VND] SEND tag=ADC0-ASY2 hdr.seq=83 flags=0x01 cur_stream_seq=83 len=632
[VND] TXCPLT len=632 dt=2ms depth=1 push=84 pop=83 empty=0 ovf=0
[VND] TXCPLT_CLASS is_frame=1 fl=0x01 seq=83 depth_now=0 (meta_have=1)
[VND] META_PUSH fl=0x01 seq=84 depth=1
[VND] SEND tag=ADC0-ASY2 hdr.seq=84 flags=0x01 cur_stream_seq=84 len=632
[VND] TXCPLT len=632 dt=1ms depth=1 push=85 pop=84 empty=0 ovf=0
[VND] TXCPLT_CLASS is_frame=1 fl=0x01 seq=84 depth_now=0 (meta_have=1)
[VND] META_PUSH fl=0x01 seq=85 depth=1
[VND] SEND tag=ADC0-ASY2 hdr.seq=85 flags=0x01 cur_stream_seq=85 len=632
[VND] TXCPLT len=632 dt=1ms depth=1 push=86 pop=85 empty=0 ovf=0
[VND] TXCPLT_CLASS is_frame=1 fl=0x01 seq=85 depth_now=0 (meta_have=1)
[VND] META_PUSH fl=0x01 seq=86 depth=1
[VND] SEND tag=ADC0-ASY2 hdr.seq=86 flags=0x01 cur_stream_seq=86 len=632
[VND] TXCPLT len=632 dt=2ms depth=1 push=87 pop=86 empty=0 ovf=0
[VND] TXCPLT_CLASS is_frame=1 fl=0x01 seq=86 depth_now=0 (meta_have=1)
[VND] META_PUSH fl=0x01 seq=87 depth=1
[VND] SEND tag=ADC0-ASY2 hdr.seq=87 flags=0x01 cur_stream_seq=87 len=632
[VND] TXCPLT len=632 dt=1ms depth=1 push=88 pop=87 empty=0 ovf=0
[VND] TXCPLT_CLASS is_frame=1 fl=0x01 seq=87 depth_now=0 (meta_have=1)
[VND] META_PUSH fl=0x01 seq=88 depth=1
[VND] SEND tag=ADC0-ASY2 hdr.seq=88 flags=0x01 cur_stream_seq=88 len=632
[VND] TXCPLT len=632 dt=1ms depth=1 push=89 pop=88 empty=0 ovf=0
[VND] TXCPLT_CLASS is_frame=1 fl=0x01 seq=88 depth_now=0 (meta_have=1)
[VND] META_PUSH fl=0x01 seq=89 depth=1
[VND] SEND tag=ADC0-ASY2 hdr.seq=89 flags=0x01 cur_stream_seq=89 len=632
[VND] TXCPLT len=632 dt=2ms depth=1 push=90 pop=89 empty=0 ovf=0
[VND] TXCPLT_CLASS is_frame=1 fl=0x01 seq=89 depth_now=0 (meta_have=1)
[VND] META_PUSH fl=0x01 seq=90 depth=1
[VND] SEND tag=ADC0-ASY2 hdr.seq=90 flags=0x01 cur_stream_seq=90 len=632
[VND] TXCPLT len=632 dt=1ms depth=1 push=91 pop=90 empty=0 ovf=0
[VND] TXCPLT_CLASS is_frame=1 fl=0x01 seq=90 depth_now=0 (meta_have=1)
[VND] META_PUSH fl=0x01 seq=91 depth=1
[VND] SEND tag=ADC0-ASY2 hdr.seq=91 flags=0x01 cur_stream_seq=91 len=632
[VND] TXCPLT len=632 dt=1ms depth=1 push=92 pop=91 empty=0 ovf=0
[VND] TXCPLT_CLASS is_frame=1 fl=0x01 seq=91 depth_now=0 (meta_have=1)
[VND] META_PUSH fl=0x01 seq=92 depth=1
[VND] SEND tag=ADC0-ASY2 hdr.seq=92 flags=0x01 cur_stream_seq=92 len=632
[VND] TXCPLT len=632 dt=2ms depth=1 push=93 pop=92 empty=0 ovf=0
[VND] TXCPLT_CLASS is_frame=1 fl=0x01 seq=92 depth_now=0 (meta_have=1)
[VND] META_PUSH fl=0x01 seq=93 depth=1
[VND] SEND tag=ADC0-ASY2 hdr.seq=93 flags=0x01 cur_stream_seq=93 len=632
[VND] TXCPLT len=632 dt=1ms depth=1 push=94 pop=93 empty=0 ovf=0
[VND] TXCPLT_CLASS is_frame=1 fl=0x01 seq=93 depth_now=0 (meta_have=1)
[VND] META_PUSH fl=0x01 seq=94 depth=1
[VND] SEND tag=ADC0-ASY2 hdr.seq=94 flags=0x01 cur_stream_seq=94 len=632
[VND] TXCPLT len=632 dt=1ms depth=1 push=95 pop=94 empty=0 ovf=0
[VND] TXCPLT_CLASS is_frame=1 fl=0x01 seq=94 depth_now=0 (meta_have=1)
[VND] META_PUSH fl=0x01 seq=95 depth=1
[VND] SEND tag=ADC0-ASY2 hdr.seq=95 flags=0x01 cur_stream_seq=95 len=632
[VND] TXCPLT len=632 dt=2ms depth=1 push=96 pop=95 empty=0 ovf=0
[VND] TXCPLT_CLASS is_frame=1 fl=0x01 seq=95 depth_now=0 (meta_have=1)
[VND] META_PUSH fl=0x01 seq=96 depth=1
[VND] SEND tag=ADC0-ASY2 hdr.seq=96 flags=0x01 cur_stream_seq=96 len=632
[VND] TXCPLT len=632 dt=1ms depth=1 push=97 pop=96 empty=0 ovf=0
[VND] TXCPLT_CLASS is_frame=1 fl=0x01 seq=96 depth_now=0 (meta_have=1)
[VND] META_PUSH fl=0x01 seq=97 depth=1
[VND] SEND tag=ADC0-ASY2 hdr.seq=97 flags=0x01 cur_stream_seq=97 len=632
[VND] TXCPLT len=632 dt=1ms depth=1 push=98 pop=97 empty=0 ovf=0
[VND] TXCPLT_CLASS is_frame=1 fl=0x01 seq=97 depth_now=0 (meta_have=1)
[VND] META_PUSH fl=0x01 seq=98 depth=1
[VND] SEND tag=ADC0-ASY2 hdr.seq=98 flags=0x01 cur_stream_seq=98 len=632
[VND] TXCPLT len=632 dt=2ms depth=1 push=99 pop=98 empty=0 ovf=0
[VND] TXCPLT_CLASS is_frame=1 fl=0x01 seq=98 depth_now=0 (meta_have=1)
[VND] META_PUSH fl=0x01 seq=99 depth=1
[VND] SEND tag=ADC0-ASY2 hdr.seq=99 flags=0x01 cur_stream_seq=99 len=632
[VND] TXCPLT len=632 dt=1ms depth=1 push=100 pop=99 empty=0 ovf=0
[VND] TXCPLT_CLASS is_frame=1 fl=0x01 seq=99 depth_now=0 (meta_have=1)
[VND] META_PUSH fl=0x01 seq=100 depth=1
[VND] SEND tag=ADC0-ASY2 hdr.seq=100 flags=0x01 cur_stream_seq=100 len=632
[VND] TXCPLT len=632 dt=1ms depth=1 push=101 pop=100 empty=0 ovf=0
[VND] TXCPLT_CLASS is_frame=1 fl=0x01 seq=100 depth_now=0 (meta_have=1)
[VND] META_PUSH fl=0x01 seq=101 depth=1
[VND] SEND tag=ADC0-ASY2 hdr.seq=101 flags=0x01 cur_stream_seq=101 len=632
[VND] TXCPLT len=632 dt=1ms depth=1 push=102 pop=101 empty=0 ovf=0
[VND] TXCPLT_CLASS is_frame=1 fl=0x01 seq=101 depth_now=0 (meta_have=1)
[VND] META_PUSH fl=0x01 seq=102 depth=1
[VND] SEND tag=ADC0-ASY2 hdr.seq=102 flags=0x01 cur_stream_seq=102 len=632
[VND] TXCPLT len=632 dt=2ms depth=1 push=103 pop=102 empty=0 ovf=0
[VND] TXCPLT_CLASS is_frame=1 fl=0x01 seq=102 depth_now=0 (meta_have=1)
[VND] META_PUSH fl=0x01 seq=103 depth=1
[VND] SEND tag=ADC0-ASY2 hdr.seq=103 flags=0x01 cur_stream_seq=103 len=632
[VND] TXCPLT len=632 dt=1ms depth=1 push=104 pop=103 empty=0 ovf=0
[VND] TXCPLT_CLASS is_frame=1 fl=0x01 seq=103 depth_now=0 (meta_have=1)
[VND] META_PUSH fl=0x01 seq=104 depth=1
[VND] SEND tag=ADC0-ASY2 hdr.seq=104 flags=0x01 cur_stream_seq=104 len=632
[VND] TXCPLT len=632 dt=1ms depth=1 push=105 pop=104 empty=0 ovf=0
[VND] TXCPLT_CLASS is_frame=1 fl=0x01 seq=104 depth_now=0 (meta_have=1)
[VND] META_PUSH fl=0x01 seq=105 depth=1
[VND] SEND tag=ADC0-ASY2 hdr.seq=105 flags=0x01 cur_stream_seq=105 len=632
[VND] TXCPLT len=632 dt=1ms depth=1 push=106 pop=105 empty=0 ovf=0
[VND] TXCPLT_CLASS is_frame=1 fl=0x01 seq=105 depth_now=0 (meta_have=1)
[VND] META_PUSH fl=0x01 seq=106 depth=1
[VND] SEND tag=ADC0-ASY2 hdr.seq=106 flags=0x01 cur_stream_seq=106 len=632
[VND] TXCPLT len=632 dt=1ms depth=1 push=107 pop=106 empty=0 ovf=0
[VND] TXCPLT_CLASS is_frame=1 fl=0x01 seq=106 depth_now=0 (meta_have=1)
[VND] META_PUSH fl=0x01 seq=107 depth=1
[VND] SEND tag=ADC0-ASY2 hdr.seq=107 flags=0x01 cur_stream_seq=107 len=632
[VND] TXCPLT len=632 dt=2ms depth=1 push=108 pop=107 empty=0 ovf=0
[VND] TXCPLT_CLASS is_frame=1 fl=0x01 seq=107 depth_now=0 (meta_have=1)
[VND] META_PUSH fl=0x01 seq=108 depth=1
[VND] SEND tag=ADC0-ASY2 hdr.seq=108 flags=0x01 cur_stream_seq=108 len=632
[VND] TXCPLT len=632 dt=1ms depth=1 push=109 pop=108 empty=0 ovf=0
[VND] TXCPLT_CLASS is_frame=1 fl=0x01 seq=108 depth_now=0 (meta_have=1)
[VND] META_PUSH fl=0x01 seq=109 depth=1
[VND] SEND tag=ADC0-ASY2 hdr.seq=109 flags=0x01 cur_stream_seq=109 len=632
[VND] TXCPLT len=632 dt=1ms depth=1 push=110 pop=109 empty=0 ovf=0
[VND] TXCPLT_CLASS is_frame=1 fl=0x01 seq=109 depth_now=0 (meta_have=1)
[VND] META_PUSH fl=0x01 seq=110 depth=1
[VND] SEND tag=ADC0-ASY2 hdr.seq=110 flags=0x01 cur_stream_seq=110 len=632
[VND] TXCPLT len=632 dt=1ms depth=1 push=111 pop=110 empty=0 ovf=0
[VND] TXCPLT_CLASS is_frame=1 fl=0x01 seq=110 depth_now=0 (meta_have=1)
[VND] META_PUSH fl=0x01 seq=111 depth=1
[VND] SEND tag=ADC0-ASY2 hdr.seq=111 flags=0x01 cur_stream_seq=111 len=632
[VND] TXCPLT len=632 dt=1ms depth=1 push=112 pop=111 empty=0 ovf=0
[VND] TXCPLT_CLASS is_frame=1 fl=0x01 seq=111 depth_now=0 (meta_have=1)
[VND] META_PUSH fl=0x01 seq=112 depth=1
[VND] SEND tag=ADC0-ASY2 hdr.seq=112 flags=0x01 cur_stream_seq=112 len=632
[VND] TXCPLT len=632 dt=2ms depth=1 push=113 pop=112 empty=0 ovf=0
[VND] TXCPLT_CLASS is_frame=1 fl=0x01 seq=112 depth_now=0 (meta_have=1)
[VND] META_PUSH fl=0x01 seq=113 depth=1
[VND] SEND tag=ADC0-ASY2 hdr.seq=113 flags=0x01 cur_stream_seq=113 len=632
[VND] TXCPLT len=632 dt=1ms depth=1 push=114 pop=113 empty=0 ovf=0
[VND] TXCPLT_CLASS is_frame=1 fl=0x01 seq=113 depth_now=0 (meta_have=1)
[VND] META_PUSH fl=0x01 seq=114 depth=1
[VND] SEND tag=ADC0-ASY2 hdr.seq=114 flags=0x01 cur_stream_seq=114 len=632
[VND] TXCPLT len=632 dt=1ms depth=1 push=115 pop=114 empty=0 ovf=0
[VND] TXCPLT_CLASS is_frame=1 fl=0x01 seq=114 depth_now=0 (meta_have=1)
[VND] META_PUSH fl=0x01 seq=115 depth=1
[VND] SEND tag=ADC0-ASY2 hdr.seq=115 flags=0x01 cur_stream_seq=115 len=632
[VND] TXCPLT len=632 dt=1ms depth=1 push=116 pop=115 empty=0 ovf=0
[VND] TXCPLT_CLASS is_frame=1 fl=0x01 seq=115 depth_now=0 (meta_have=1)
[VND] META_PUSH fl=0x01 seq=116 depth=1
[VND] SEND tag=ADC0-ASY2 hdr.seq=116 flags=0x01 cur_stream_seq=116 len=632
[VND] TXCPLT len=632 dt=1ms depth=1 push=117 pop=116 empty=0 ovf=0
[VND] TXCPLT_CLASS is_frame=1 fl=0x01 seq=116 depth_now=0 (meta_have=1)
[VND] META_PUSH fl=0x01 seq=117 depth=1
[VND] SEND tag=ADC0-ASY2 hdr.seq=117 flags=0x01 cur_stream_seq=117 len=632
[VND] TXCPLT len=632 dt=2ms depth=1 push=118 pop=117 empty=0 ovf=0
[VND] TXCPLT_CLASS is_frame=1 fl=0x01 seq=117 depth_now=0 (meta_have=1)
[VND] META_PUSH fl=0x01 seq=118 depth=1
[VND] SEND tag=ADC0-ASY2 hdr.seq=118 flags=0x01 cur_stream_seq=118 len=632
[VND] TXCPLT len=632 dt=1ms depth=1 push=119 pop=118 empty=0 ovf=0
[VND] TXCPLT_CLASS is_frame=1 fl=0x01 seq=118 depth_now=0 (meta_have=1)
[VND] META_PUSH fl=0x01 seq=119 depth=1
[VND] SEND tag=ADC0-ASY2 hdr.seq=119 flags=0x01 cur_stream_seq=119 len=632
[VND] TXCPLT len=632 dt=1ms depth=1 push=120 pop=119 empty=0 ovf=0
[VND] TXCPLT_CLASS is_frame=1 fl=0x01 seq=119 depth_now=0 (meta_have=1)
[VND] META_PUSH fl=0x01 seq=120 depth=1
[VND] SEND tag=ADC0-ASY2 hdr.seq=120 flags=0x01 cur_stream_seq=120 len=632
[VND] TXCPLT len=632 dt=1ms depth=1 push=121 pop=120 empty=0 ovf=0
[VND] TXCPLT_CLASS is_frame=1 fl=0x01 seq=120 depth_now=0 (meta_have=1)
[VND] META_PUSH fl=0x01 seq=121 depth=1
[VND] SEND tag=ADC0-ASY2 hdr.seq=121 flags=0x01 cur_stream_seq=121 len=632
[VND] TXCPLT len=632 dt=2ms depth=1 push=122 pop=121 empty=0 ovf=0
[VND] TXCPLT_CLASS is_frame=1 fl=0x01 seq=121 depth_now=0 (meta_have=1)
[VND] META_PUSH fl=0x01 seq=122 depth=1
[VND] SEND tag=ADC0-ASY2 hdr.seq=122 flags=0x01 cur_stream_seq=122 len=632
[VND] TXCPLT len=632 dt=1ms depth=1 push=123 pop=122 empty=0 ovf=0
[VND] TXCPLT_CLASS is_frame=1 fl=0x01 seq=122 depth_now=0 (meta_have=1)
[VND] META_PUSH fl=0x01 seq=123 depth=1
[VND] SEND tag=ADC0-ASY2 hdr.seq=123 flags=0x01 cur_stream_seq=123 len=632
[VND] TXCPLT len=632 dt=1ms depth=1 push=124 pop=123 empty=0 ovf=0
[VND] TXCPLT_CLASS is_frame=1 fl=0x01 seq=123 depth_now=0 (meta_have=1)
[VND] META_PUSH fl=0x01 seq=124 depth=1
[VND] SEND tag=ADC0-ASY2 hdr.seq=124 flags=0x01 cur_stream_seq=124 len=632
[VND] TXCPLT len=632 dt=1ms depth=1 push=125 pop=124 empty=0 ovf=0
[VND] TXCPLT_CLASS is_frame=1 fl=0x01 seq=124 depth_now=0 (meta_have=1)
[VND] META_PUSH fl=0x01 seq=125 depth=1
[VND] SEND tag=ADC0-ASY2 hdr.seq=125 flags=0x01 cur_stream_seq=125 len=632
[VND] TXCPLT len=632 dt=1ms depth=1 push=126 pop=125 empty=0 ovf=0
[VND] TXCPLT_CLASS is_frame=1 fl=0x01 seq=125 depth_now=0 (meta_have=1)
[VND] META_PUSH fl=0x01 seq=126 depth=1
[VND] SEND tag=ADC0-ASY2 hdr.seq=126 flags=0x01 cur_stream_seq=126 len=632
[VND] TXCPLT len=632 dt=2ms depth=1 push=127 pop=126 empty=0 ovf=0
[VND] TXCPLT_CLASS is_frame=1 fl=0x01 seq=126 depth_now=0 (meta_have=1)
[VND] META_PUSH fl=0x01 seq=127 depth=1
[VND] SEND tag=ADC0-ASY2 hdr.seq=127 flags=0x01 cur_stream_seq=127 len=632
[VND] TXCPLT len=632 dt=1ms depth=1 push=128 pop=127 empty=0 ovf=0
[VND] TXCPLT_CLASS is_frame=1 fl=0x01 seq=127 depth_now=0 (meta_have=1)
[VND] META_PUSH fl=0x01 seq=128 depth=1
[VND] SEND tag=ADC0-ASY2 hdr.seq=128 flags=0x01 cur_stream_seq=128 len=632
[VND] TXCPLT len=632 dt=1ms depth=1 push=129 pop=128 empty=0 ovf=0
[VND] TXCPLT_CLASS is_frame=1 fl=0x01 seq=128 depth_now=0 (meta_have=1)
[VND] META_PUSH fl=0x01 seq=129 depth=1
[VND] SEND tag=ADC0-ASY2 hdr.seq=129 flags=0x01 cur_stream_seq=129 len=632
[VND] TXCPLT len=632 dt=1ms depth=1 push=130 pop=129 empty=0 ovf=0
[VND] TXCPLT_CLASS is_frame=1 fl=0x01 seq=129 depth_now=0 (meta_have=1)
[VND] META_PUSH fl=0x01 seq=130 depth=1
[VND] SEND tag=ADC0-ASY2 hdr.seq=130 flags=0x01 cur_stream_seq=130 len=632
[VND] TXCPLT len=632 dt=1ms depth=1 push=131 pop=130 empty=0 ovf=0
[VND] TXCPLT_CLASS is_frame=1 fl=0x01 seq=130 depth_now=0 (meta_have=1)
[VND] META_PUSH fl=0x01 seq=131 depth=1
[VND] SEND tag=ADC0-ASY2 hdr.seq=131 flags=0x01 cur_stream_seq=131 len=632
[VND] TXCPLT len=632 dt=2ms depth=1 push=132 pop=131 empty=0 ovf=0
[VND] TXCPLT_CLASS is_frame=1 fl=0x01 seq=131 depth_now=0 (meta_have=1)
[VND] META_PUSH fl=0x01 seq=132 depth=1
[VND] SEND tag=ADC0-ASY2 hdr.seq=132 flags=0x01 cur_stream_seq=132 len=632
[VND] TXCPLT len=632 dt=1ms depth=1 push=133 pop=132 empty=0 ovf=0
[VND] TXCPLT_CLASS is_frame=1 fl=0x01 seq=132 depth_now=0 (meta_have=1)
[VND] META_PUSH fl=0x01 seq=133 depth=1
[VND] SEND tag=ADC0-ASY2 hdr.seq=133 flags=0x01 cur_stream_seq=133 len=632
[VND] TXCPLT len=632 dt=1ms depth=1 push=134 pop=133 empty=0 ovf=0
[VND] TXCPLT_CLASS is_frame=1 fl=0x01 seq=133 depth_now=0 (meta_have=1)
[VND] META_PUSH fl=0x01 seq=134 depth=1
[VND] SEND tag=ADC0-ASY2 hdr.seq=134 flags=0x01 cur_stream_seq=134 len=632
[VND] TXCPLT len=632 dt=1ms depth=1 push=135 pop=134 empty=0 ovf=0
[VND] TXCPLT_CLASS is_frame=1 fl=0x01 seq=134 depth_now=0 (meta_have=1)
[VND] META_PUSH fl=0x01 seq=135 depth=1
[VND] SEND tag=ADC0-ASY2 hdr.seq=135 flags=0x01 cur_stream_seq=135 len=632
[VND] TXCPLT len=632 dt=2ms depth=1 push=136 pop=135 empty=0 ovf=0
[VND] TXCPLT_CLASS is_frame=1 fl=0x01 seq=135 depth_now=0 (meta_have=1)
[VND] META_PUSH fl=0x01 seq=136 depth=1
[VND] SEND tag=ADC0-ASY2 hdr.seq=136 flags=0x01 cur_stream_seq=136 len=632
[VND] TXCPLT len=632 dt=1ms depth=1 push=137 pop=136 empty=0 ovf=0
[VND] TXCPLT_CLASS is_frame=1 fl=0x01 seq=136 depth_now=0 (meta_have=1)
[VND] META_PUSH fl=0x01 seq=137 depth=1
[VND] SEND tag=ADC0-ASY2 hdr.seq=137 flags=0x01 cur_stream_seq=137 len=632
[VND] TXCPLT len=632 dt=1ms depth=1 push=138 pop=137 empty=0 ovf=0
[VND] TXCPLT_CLASS is_frame=1 fl=0x01 seq=137 depth_now=0 (meta_have=1)
[VND] META_PUSH fl=0x01 seq=138 depth=1
[VND] SEND tag=ADC0-ASY2 hdr.seq=138 flags=0x01 cur_stream_seq=138 len=632
[VND] TXCPLT len=632 dt=1ms depth=1 push=139 pop=138 empty=0 ovf=0
[VND] TXCPLT_CLASS is_frame=1 fl=0x01 seq=138 depth_now=0 (meta_have=1)
[VND] META_PUSH fl=0x01 seq=139 depth=1
[VND] SEND tag=ADC0-ASY2 hdr.seq=139 flags=0x01 cur_stream_seq=139 len=632
[VND] TXCPLT len=632 dt=1ms depth=1 push=140 pop=139 empty=0 ovf=0
[VND] TXCPLT_CLASS is_frame=1 fl=0x01 seq=139 depth_now=0 (meta_have=1)
[VND] META_PUSH fl=0x01 seq=140 depth=1
[VND] SEND tag=ADC0-ASY2 hdr.seq=140 flags=0x01 cur_stream_seq=140 len=632
[VND] TXCPLT len=632 dt=2ms depth=1 push=141 pop=140 empty=0 ovf=0
[VND] TXCPLT_CLASS is_frame=1 fl=0x01 seq=140 depth_now=0 (meta_have=1)
[VND] META_PUSH fl=0x01 seq=141 depth=1
[VND] SEND tag=ADC0-ASY2 hdr.seq=141 flags=0x01 cur_stream_seq=141 len=632
[VND] TXCPLT len=632 dt=1ms depth=1 push=142 pop=141 empty=0 ovf=0
[VND] TXCPLT_CLASS is_frame=1 fl=0x01 seq=141 depth_now=0 (meta_have=1)
[VND] META_PUSH fl=0x01 seq=142 depth=1
[VND] SEND tag=ADC0-ASY2 hdr.seq=142 flags=0x01 cur_stream_seq=142 len=632
[VND] TXCPLT len=632 dt=1ms depth=1 push=143 pop=142 empty=0 ovf=0
[VND] TXCPLT_CLASS is_frame=1 fl=0x01 seq=142 depth_now=0 (meta_have=1)
[VND] META_PUSH fl=0x01 seq=143 depth=1
[VND] SEND tag=ADC0-ASY2 hdr.seq=143 flags=0x01 cur_stream_seq=143 len=632
[VND] TXCPLT len=632 dt=1ms depth=1 push=144 pop=143 empty=0 ovf=0
[VND] TXCPLT_CLASS is_frame=1 fl=0x01 seq=143 depth_now=0 (meta_have=1)
[VND] META_PUSH fl=0x01 seq=144 depth=1
[VND] SEND tag=ADC0-ASY2 hdr.seq=144 flags=0x01 cur_stream_seq=144 len=632
[VND] TXCPLT len=632 dt=1ms depth=1 push=145 pop=144 empty=0 ovf=0
[VND] TXCPLT_CLASS is_frame=1 fl=0x01 seq=144 depth_now=0 (meta_have=1)
[VND] META_PUSH fl=0x01 seq=145 depth=1
[VND] SEND tag=ADC0-ASY2 hdr.seq=145 flags=0x01 cur_stream_seq=145 len=632
[VND] TXCPLT len=632 dt=2ms depth=1 push=146 pop=145 empty=0 ovf=0
[VND] TXCPLT_CLASS is_frame=1 fl=0x01 seq=145 depth_now=0 (meta_have=1)
[VND] META_PUSH fl=0x01 seq=146 depth=1
[VND] SEND tag=ADC0-ASY2 hdr.seq=146 flags=0x01 cur_stream_seq=146 len=632
[VND] TXCPLT len=632 dt=1ms depth=1 push=147 pop=146 empty=0 ovf=0
[VND] TXCPLT_CLASS is_frame=1 fl=0x01 seq=146 depth_now=0 (meta_have=1)
[VND] META_PUSH fl=0x01 seq=147 depth=1
[VND] SEND tag=ADC0-ASY2 hdr.seq=147 flags=0x01 cur_stream_seq=147 len=632
[VND] TXCPLT len=632 dt=1ms depth=1 push=148 pop=147 empty=0 ovf=0
[VND] TXCPLT_CLASS is_frame=1 fl=0x01 seq=147 depth_now=0 (meta_have=1)
[VND] META_PUSH fl=0x01 seq=148 depth=1
[VND] SEND tag=ADC0-ASY2 hdr.seq=148 flags=0x01 cur_stream_seq=148 len=632
[VND] TXCPLT len=632 dt=1ms depth=1 push=149 pop=148 empty=0 ovf=0
[VND] TXCPLT_CLASS is_frame=1 fl=0x01 seq=148 depth_now=0 (meta_have=1)
[VND] META_PUSH fl=0x01 seq=149 depth=1
[VND] SEND tag=ADC0-ASY2 hdr.seq=149 flags=0x01 cur_stream_seq=149 len=632
[VND] TXCPLT len=632 dt=1ms depth=1 push=150 pop=149 empty=0 ovf=0
[VND] TXCPLT_CLASS is_frame=1 fl=0x01 seq=149 depth_now=0 (meta_have=1)
[VND] META_PUSH fl=0x01 seq=150 depth=1
[VND] SEND tag=ADC0-ASY2 hdr.seq=150 flags=0x01 cur_stream_seq=150 len=632
[VND] TXCPLT len=632 dt=2ms depth=1 push=151 pop=150 empty=0 ovf=0
[VND] TXCPLT_CLASS is_frame=1 fl=0x01 seq=150 depth_now=0 (meta_have=1)
[VND] META_PUSH fl=0x01 seq=151 depth=1
[VND] SEND tag=ADC0-ASY2 hdr.seq=151 flags=0x01 cur_stream_seq=151 len=632
[VND] TXCPLT len=632 dt=1ms depth=1 push=152 pop=151 empty=0 ovf=0
[VND] TXCPLT_CLASS is_frame=1 fl=0x01 seq=151 depth_now=0 (meta_have=1)
[VND] META_PUSH fl=0x01 seq=152 depth=1
[VND] SEND tag=ADC0-ASY2 hdr.seq=152 flags=0x01 cur_stream_seq=152 len=632
[VND] TXCPLT len=632 dt=1ms depth=1 push=153 pop=152 empty=0 ovf=0
[VND] TXCPLT_CLASS is_frame=1 fl=0x01 seq=152 depth_now=0 (meta_have=1)
[VND] META_PUSH fl=0x01 seq=153 depth=1
[VND] SEND tag=ADC0-ASY2 hdr.seq=153 flags=0x01 cur_stream_seq=153 len=632
[VND] TXCPLT len=632 dt=1ms depth=1 push=154 pop=153 empty=0 ovf=0
[VND] TXCPLT_CLASS is_frame=1 fl=0x01 seq=153 depth_now=0 (meta_have=1)
[VND] META_PUSH fl=0x01 seq=154 depth=1
[VND] SEND tag=ADC0-ASY2 hdr.seq=154 flags=0x01 cur_stream_seq=154 len=632
[VND] TXCPLT len=632 dt=2ms depth=1 push=155 pop=154 empty=0 ovf=0
[VND] TXCPLT_CLASS is_frame=1 fl=0x01 seq=154 depth_now=0 (meta_have=1)
[VND] META_PUSH fl=0x01 seq=155 depth=1
[VND] SEND tag=ADC0-ASY2 hdr.seq=155 flags=0x01 cur_stream_seq=155 len=632
[VND] TXCPLT len=632 dt=1ms depth=1 push=156 pop=155 empty=0 ovf=0
[VND] TXCPLT_CLASS is_frame=1 fl=0x01 seq=155 depth_now=0 (meta_have=1)
[VND] META_PUSH fl=0x01 seq=156 depth=1
[VND] SEND tag=ADC0-ASY2 hdr.seq=156 flags=0x01 cur_stream_seq=156 len=632
[VND] TXCPLT len=632 dt=1ms depth=1 push=157 pop=156 empty=0 ovf=0
[VND] TXCPLT_CLASS is_frame=1 fl=0x01 seq=156 depth_now=0 (meta_have=1)
[VND] META_PUSH fl=0x01 seq=157 depth=1
[VND] SEND tag=ADC0-ASY2 hdr.seq=157 flags=0x01 cur_stream_seq=157 len=632
[VND] TXCPLT len=632 dt=1ms depth=1 push=158 pop=157 empty=0 ovf=0
[VND] TXCPLT_CLASS is_frame=1 fl=0x01 seq=157 depth_now=0 (meta_have=1)
[VND] META_PUSH fl=0x01 seq=158 depth=1
[VND] SEND tag=ADC0-ASY2 hdr.seq=158 flags=0x01 cur_stream_seq=158 len=632
[VND] TXCPLT len=632 dt=1ms depth=1 push=159 pop=158 empty=0 ovf=0
[VND] TXCPLT_CLASS is_frame=1 fl=0x01 seq=158 depth_now=0 (meta_have=1)
[VND] META_PUSH fl=0x01 seq=159 depth=1
[VND] SEND tag=ADC0-ASY2 hdr.seq=159 flags=0x01 cur_stream_seq=159 len=632
[VND] TXCPLT len=632 dt=2ms depth=1 push=160 pop=159 empty=0 ovf=0
[VND] TXCPLT_CLASS is_frame=1 fl=0x01 seq=159 depth_now=0 (meta_have=1)
[VND] META_PUSH fl=0x01 seq=160 depth=1
[VND] SEND tag=ADC0-ASY2 hdr.seq=160 flags=0x01 cur_stream_seq=160 len=632
[VND] TXCPLT len=632 dt=1ms depth=1 push=161 pop=160 empty=0 ovf=0
[VND] TXCPLT_CLASS is_frame=1 fl=0x01 seq=160 depth_now=0 (meta_have=1)
[VND] META_PUSH fl=0x01 seq=161 depth=1
[VND] SEND tag=ADC0-ASY2 hdr.seq=161 flags=0x01 cur_stream_seq=161 len=632
[VND] TXCPLT len=632 dt=1ms depth=1 push=162 pop=161 empty=0 ovf=0
[VND] TXCPLT_CLASS is_frame=1 fl=0x01 seq=161 depth_now=0 (meta_have=1)
[VND] META_PUSH fl=0x01 seq=162 depth=1
[VND] SEND tag=ADC0-ASY2 hdr.seq=162 flags=0x01 cur_stream_seq=162 len=632
[VND] TXCPLT len=632 dt=1ms depth=1 push=163 pop=162 empty=0 ovf=0
[VND] TXCPLT_CLASS is_frame=1 fl=0x01 seq=162 depth_now=0 (meta_have=1)
[VND] META_PUSH fl=0x01 seq=163 depth=1
[VND] SEND tag=ADC0-ASY2 hdr.seq=163 flags=0x01 cur_stream_seq=163 len=632
[VND] TXCPLT len=632 dt=2ms depth=1 push=164 pop=163 empty=0 ovf=0
[VND] TXCPLT_CLASS is_frame=1 fl=0x01 seq=163 depth_now=0 (meta_have=1)
[VND] META_PUSH fl=0x01 seq=164 depth=1
[VND] SEND tag=ADC0-ASY2 hdr.seq=164 flags=0x01 cur_stream_seq=164 len=632
[VND] TXCPLT len=632 dt=1ms depth=1 push=165 pop=164 empty=0 ovf=0
[VND] TXCPLT_CLASS is_frame=1 fl=0x01 seq=164 depth_now=0 (meta_have=1)
[VND] META_PUSH fl=0x01 seq=165 depth=1
[VND] SEND tag=ADC0-ASY2 hdr.seq=165 flags=0x01 cur_stream_seq=165 len=632
[VND] TXCPLT len=632 dt=1ms depth=1 push=166 pop=165 empty=0 ovf=0
[VND] TXCPLT_CLASS is_frame=1 fl=0x01 seq=165 depth_now=0 (meta_have=1)
[VND] META_PUSH fl=0x01 seq=166 depth=1
[VND] SEND tag=ADC0-ASY2 hdr.seq=166 flags=0x01 cur_stream_seq=166 len=632
[VND] TXCPLT len=632 dt=1ms depth=1 push=167 pop=166 empty=0 ovf=0
[VND] TXCPLT_CLASS is_frame=1 fl=0x01 seq=166 depth_now=0 (meta_have=1)
[VND] META_PUSH fl=0x01 seq=167 depth=1
[VND] SEND tag=ADC0-ASY2 hdr.seq=167 flags=0x01 cur_stream_seq=167 len=632
[VND] TXCPLT len=632 dt=1ms depth=1 push=168 pop=167 empty=0 ovf=0
[VND] TXCPLT_CLASS is_frame=1 fl=0x01 seq=167 depth_now=0 (meta_have=1)
[VND] META_PUSH fl=0x01 seq=168 depth=1
[VND] SEND tag=ADC0-ASY2 hdr.seq=168 flags=0x01 cur_stream_seq=168 len=632
[VND] TXCPLT len=632 dt=2ms depth=1 push=169 pop=168 empty=0 ovf=0
[VND] TXCPLT_CLASS is_frame=1 fl=0x01 seq=168 depth_now=0 (meta_have=1)
[VND] META_PUSH fl=0x01 seq=169 depth=1
[VND] SEND tag=ADC0-ASY2 hdr.seq=169 flags=0x01 cur_stream_seq=169 len=632
[VND] TXCPLT len=632 dt=2ms depth=1 push=170 pop=169 empty=0 ovf=0
[VND] TXCPLT_CLASS is_frame=1 fl=0x01 seq=169 depth_now=0 (meta_have=1)
[VND] META_PUSH fl=0x01 seq=170 depth=1
[VND] SEND tag=ADC0-ASY2 hdr.seq=170 flags=0x01 cur_stream_seq=170 len=632
[VND] TXCPLT len=632 dt=1ms depth=1 push=171 pop=170 empty=0 ovf=0
[VND] TXCPLT_CLASS is_frame=1 fl=0x01 seq=170 depth_now=0 (meta_have=1)
[VND] META_PUSH fl=0x01 seq=171 depth=1
[VND] SEND tag=ADC0-ASY2 hdr.seq=171 flags=0x01 cur_stream_seq=171 len=632
[VND] TXCPLT len=632 dt=1ms depth=1 push=172 pop=171 empty=0 ovf=0
[VND] TXCPLT_CLASS is_frame=1 fl=0x01 seq=171 depth_now=0 (meta_have=1)
[VND] META_PUSH fl=0x01 seq=172 depth=1
[VND] SEND tag=ADC0-ASY2 hdr.seq=172 flags=0x01 cur_stream_seq=172 len=632
[VND] TXCPLT len=632 dt=1ms depth=1 push=173 pop=172 empty=0 ovf=0
[VND] TXCPLT_CLASS is_frame=1 fl=0x01 seq=172 depth_now=0 (meta_have=1)
[VND] META_PUSH fl=0x01 seq=173 depth=1
[VND] SEND tag=ADC0-ASY2 hdr.seq=173 flags=0x01 cur_stream_seq=173 len=632
[VND] TXCPLT len=632 dt=2ms depth=1 push=174 pop=173 empty=0 ovf=0
[VND] TXCPLT_CLASS is_frame=1 fl=0x01 seq=173 depth_now=0 (meta_have=1)
[VND] META_PUSH fl=0x01 seq=174 depth=1
[VND] SEND tag=ADC0-ASY2 hdr.seq=174 flags=0x01 cur_stream_seq=174 len=632
[VND] TXCPLT len=632 dt=1ms depth=1 push=175 pop=174 empty=0 ovf=0
[VND] TXCPLT_CLASS is_frame=1 fl=0x01 seq=174 depth_now=0 (meta_have=1)
[VND] META_PUSH fl=0x01 seq=175 depth=1
[VND] SEND tag=ADC0-ASY2 hdr.seq=175 flags=0x01 cur_stream_seq=175 len=632
[VND] PREPARE_PAIR slot=0
[VND] PREPARE_PAIR slot=0
[VND] PREPARE_PAIR slot=0
[VND] PREPARE_PAIR slot=0
[VND] PREPARE_PAIR slot=0
[VND] PREPARE_PAIR slot=0
[VND] PREPARE_PAIR slot=0
[VND] PREPARE_PAIR slot=0
[VND] PREPARE_PAIR slot=0
[VND] PREPARE_PAIR slot=0
[VND] PREPARE_PAIR slot=0
[VND] PREPARE_PAIR slot=0
[VND] PREPARE_PAIR slot=0
[VND] PREPARE_PAIR slot=0
[VND] PREPARE_PAIR slot=0
[VND] PREPARE_PAIR slot=0
[VND] PREPARE_PAIR slot=0
[VND] PREPARE_PAIR slot=0
[VND] PREPARE_PAIR slot=0
[VND] PREPARE_PAIR slot=0
[VND] PREPARE_PAIR slot=0
[VND] PREPARE_PAIR slot=0
[VND] PREPARE_PAIR slot=0
[VND] PREPARE_PAIR slot=0
[VND] PREPARE_PAIR slot=0
[VND] PREPARE_PAIR slot=0
[VND] PREPARE_PAIR slot=0
[VND] PREPARE_PAIR slot=0
[VND] PREPARE_PAIR slot=0
[VND] PREPARE_PAIR slot=0
[VND] PREPARE_PAIR slot=0
[VND] PREPARE_PAIR slot=0
[VND] PREPARE_PAIR slot=0
[VND] PREPARE_PAIR slot=0
[VND] PREPARE_PAIR slot=0
[VND] PREPARE_PAIR slot=0
[VND] PREPARE_PAIR slot=0
[VND] PREPARE_PAIR slot=0
[VND] PREPARE_PAIR slot=0
[VND] PREPARE_PAIR slot=0
[VND] PREPARE_PAIR slot=0
[VND] PREPARE_PAIR slot=0
[VND] PREPARE_PAIR slot=0
[VND] PREPARE_PAIR slot=0
[VND] PREPARE_PAIR slot=0
[VND] PREPARE_PAIR slot=0
[VND] PREPARE_PAIR slot=0
[VND] PREPARE_PAIR slot=0
[VND] PREPARE_PAIR slot=0
[VND] PREPARE_PAIR slot=0
[VND] PREPARE_PAIR slot=0
[VND] PREPARE_PAIR slot=0
[VND] PREPARE_PAIR slot=0
[VND] PREPARE_PAIR slot=0
[VND] PREPARE_PAIR slot=0
[VND] PREPARE_PAIR slot=0
[VND] PREPARE_PAIR slot=0
[VND] PREPARE_PAIR slot=0
[VND] EP_UNSTUCK after 205ms (len=632) vbusy=1
[VND] PREPARE_PAIR slot=0
[VND] PREPARE_PAIR slot=0
[VND] TX_SKIP busy/inflight tag=ADC0-ASY2
[VND] PREPARE_PAIR slot=0
[VND] PREPARE_PAIR slot=0
[VND] TX_SKIP busy/inflight tag=ADC0-ASY2
[VND] PREPARE_PAIR slot=0
[VND] PREPARE_PAIR slot=0
[VND] TX_SKIP busy/inflight tag=ADC0-ASY2
[VND] PREPARE_PAIR slot=0
[VND] PREPARE_PAIR slot=0
[VND] TX_SKIP busy/inflight tag=ADC0-ASY2
[VND] PREPARE_PAIR slot=0
[VND] PREPARE_PAIR slot=0
[VND] TX_SKIP busy/inflight tag=ADC0-ASY2
[VND] PREPARE_PAIR slot=0
[VND] PREPARE_PAIR slot=0
[VND] TX_SKIP busy/inflight tag=ADC0-ASY2
[VND] PREPARE_PAIR slot=0
[VND] PREPARE_PAIR slot=0
[VND] TX_SKIP busy/inflight tag=ADC0-ASY2
[VND] PREPARE_PAIR slot=0
[VND] PREPARE_PAIR slot=0
[VND] TX_SKIP busy/inflight tag=ADC0-ASY2
[VND] PREPARE_PAIR slot=0
[VND] PREPARE_PAIR slot=0
[VND] TX_SKIP busy/inflight tag=ADC0-ASY2
[VND] PREPARE_PAIR slot=0
[VND] PREPARE_PAIR slot=0
[VND] TX_SKIP busy/inflight tag=ADC0-ASY2
[VND] PREPARE_PAIR slot=0
[VND] PREPARE_PAIR slot=0
[VND] TX_SKIP busy/inflight tag=ADC0-ASY2
[VND] PREPARE_PAIR slot=0
[VND] PREPARE_PAIR slot=0
[VND] TX_SKIP busy/inflight tag=ADC0-ASY2
[VND] PREPARE_PAIR slot=0
[VND] PREPARE_PAIR slot=0
[VND] TX_SKIP busy/inflight tag=ADC0-ASY2
[VND] PREPARE_PAIR slot=0
[VND] PREPARE_PAIR slot=0
[VND] TX_SKIP busy/inflight tag=ADC0-ASY2
[VND] PREPARE_PAIR slot=0
[VND] PREPARE_PAIR slot=0
[VND] TX_SKIP busy/inflight tag=ADC0-ASY2
[VND] PREPARE_PAIR slot=0
[VND] PREPARE_PAIR slot=0
[VND] TX_SKIP busy/inflight tag=ADC0-ASY2
[VND] PREPARE_PAIR slot=0
[VND] PREPARE_PAIR slot=0
[VND] TX_SKIP busy/inflight tag=ADC0-ASY2
[VND] PREPARE_PAIR slot=0
[VND] PREPARE_PAIR slot=0
[VND] TX_SKIP busy/inflight tag=ADC0-ASY2
[VND] PREPARE_PAIR slot=0
[VND] PREPARE_PAIR slot=0
[VND] TX_SKIP busy/inflight tag=ADC0-ASY2
[VND] PREPARE_PAIR slot=0
[VND] PREPARE_PAIR slot=0
[VND] TX_SKIP busy/inflight tag=ADC0-ASY2
[VND] PREPARE_PAIR slot=0
[VND] PREPARE_PAIR slot=0
[VND] TX_SKIP busy/inflight tag=ADC0-ASY2
[VND] PREPARE_PAIR slot=0
[VND] PREPARE_PAIR slot=0
[VND] TX_SKIP busy/inflight tag=ADC0-ASY2
[VND] PREPARE_PAIR slot=0
[VND] PREPARE_PAIR slot=0
[VND] TX_SKIP busy/inflight tag=ADC0-ASY2
[VND] PREPARE_PAIR slot=0
[VND] PREPARE_PAIR slot=0
[VND] TX_SKIP busy/inflight tag=ADC0-ASY2
[VND] PREPARE_PAIR slot=0
[VND] PREPARE_PAIR slot=0
[VND] TX_SKIP busy/inflight tag=ADC0-ASY2
[VND] PREPARE_PAIR slot=0
[VND] PREPARE_PAIR slot=0
[VND] TX_SKIP busy/inflight tag=ADC0-ASY2
[VND] PREPARE_PAIR slot=0
[VND] PREPARE_PAIR slot=0
[VND] TX_SKIP busy/inflight tag=ADC0-ASY2
[VND] PREPARE_PAIR slot=0
[VND] PREPARE_PAIR slot=0
[VND] TX_SKIP busy/inflight tag=ADC0-ASY2
[VND] PREPARE_PAIR slot=0
[VND] PREPARE_PAIR slot=0
[VND] TX_SKIP busy/inflight tag=ADC0-ASY2
[VND] PREPARE_PAIR slot=0
[VND] PREPARE_PAIR slot=0
[VND] TX_SKIP busy/inflight tag=ADC0-ASY2
[VND] PREPARE_PAIR slot=0
[VND] PREPARE_PAIR slot=0
[VND] TX_SKIP busy/inflight tag=ADC0-ASY2
[VND] PREPARE_PAIR slot=0
[VND] PREPARE_PAIR slot=0
[VND] TX_SKIP busy/inflight tag=ADC0-ASY2
[VND] PREPARE_PAIR slot=0
[VND] PREPARE_PAIR slot=0
[VND] TX_SKIP busy/inflight tag=ADC0-ASY2
[VND] PREPARE_PAIR slot=0
[VND] PREPARE_PAIR slot=0
[VND] TX_SKIP busy/inflight tag=ADC0-ASY2
[VND] PREPARE_PAIR slot=0
[VND] PREPARE_PAIR slot=0
[VND] TX_SKIP busy/inflight tag=ADC0-ASY2
[VND] PREPARE_PAIR slot=0
[VND] PREPARE_PAIR slot=0
[VND] TX_SKIP busy/inflight tag=ADC0-ASY2
[VND] PREPARE_PAIR slot=0
[VND] PREPARE_PAIR slot=0
[VND] TX_SKIP busy/inflight tag=ADC0-ASY2
[VND] PREPARE_PAIR slot=0
[VND] PREPARE_PAIR slot=0
[VND] TX_SKIP busy/inflight tag=ADC0-ASY2
[VND] PREPARE_PAIR slot=0
[VND] PREPARE_PAIR slot=0
[VND] TX_SKIP busy/inflight tag=ADC0-ASY2
[VND] PREPARE_PAIR slot=0
[VND] PREPARE_PAIR slot=0
[VND] TX_SKIP busy/inflight tag=ADC0-ASY2
[VND] PREPARE_PAIR slot=0
[VND] PREPARE_PAIR slot=0
[VND] TX_SKIP busy/inflight tag=ADC0-ASY2
[VND] PREPARE_PAIR slot=0
[VND] PREPARE_PAIR slot=0
[VND] TX_SKIP busy/inflight tag=ADC0-ASY2
[VND] PREPARE_PAIR slot=0
[VND] PREPARE_PAIR slot=0
[VND] TX_SKIP busy/inflight tag=ADC0-ASY2
[VND] PREPARE_PAIR slot=0
[VND] PREPARE_PAIR slot=0
[VND] TX_SKIP busy/inflight tag=ADC0-ASY2
[VND] PREPARE_PAIR slot=0
[VND] PREPARE_PAIR slot=0
[VND] TX_SKIP busy/inflight tag=ADC0-ASY2
[VND] PREPARE_PAIR slot=0
[VND] PREPARE_PAIR slot=0
[VND] TX_SKIP busy/inflight tag=ADC0-ASY2
[VND] PREPARE_PAIR slot=0
[VND] PREPARE_PAIR slot=0
[VND] TX_SKIP busy/inflight tag=ADC0-ASY2
[VND] PREPARE_PAIR slot=0
[VND] PREPARE_PAIR slot=0
[VND] TX_SKIP busy/inflight tag=ADC0-ASY2
[VND] PREPARE_PAIR slot=0
[VND] PREPARE_PAIR slot=0
[VND] TX_SKIP busy/inflight tag=ADC0-ASY2
[VND] PREPARE_PAIR slot=0
[VND] PREPARE_PAIR slot=0
[VND] TX_SKIP busy/inflight tag=ADC0-ASY2
[VND] PREPARE_PAIR slot=0
[VND] PREPARE_PAIR slot=0
[VND] TX_SKIP busy/inflight tag=ADC0-ASY2
[VND] PREPARE_PAIR slot=0
[VND] PREPARE_PAIR slot=0
[VND] TX_SKIP busy/inflight tag=ADC0-ASY2
[VND] PREPARE_PAIR slot=0
[VND] PREPARE_PAIR slot=0
[VND] TX_SKIP busy/inflight tag=ADC0-ASY2
[VND] PREPARE_PAIR slot=0
[VND] PREPARE_PAIR slot=0
[VND] TX_SKIP busy/inflight tag=ADC0-ASY2
[VND] PREPARE_PAIR slot=0
[VND] PREPARE_PAIR slot=0
[VND] TX_SKIP busy/inflight tag=ADC0-ASY2
[VND] PREPARE_PAIR slot=0
[VND] PREPARE_PAIR slot=0
[VND] TX_SKIP busy/inflight tag=ADC0-ASY2
[VND] PREPARE_PAIR slot=0
[VND] PREPARE_PAIR slot=0
[VND] TX_SKIP busy/inflight tag=ADC0-ASY2
[VND] PREPARE_PAIR slot=0
[VND] PREPARE_PAIR slot=0
[VND] TX_SKIP busy/inflight tag=ADC0-ASY2
[VND] PREPARE_PAIR slot=0
[VND] PREPARE_PAIR slot=0
[VND] TX_SKIP busy/inflight tag=ADC0-ASY2
[VND] PREPARE_PAIR slot=0
[VND] PREPARE_PAIR slot=0
[VND] TX_SKIP busy/inflight tag=ADC0-ASY2
[VND] PREPARE_PAIR slot=0
[VND] PREPARE_PAIR slot=0
[VND] TX_SKIP busy/inflight tag=ADC0-ASY2
[VND] PREPARE_PAIR slot=0
[VND] PREPARE_PAIR slot=0
[VND] TX_SKIP busy/inflight tag=ADC0-ASY2
[VND] PREPARE_PAIR slot=0
[VND] PREPARE_PAIR slot=0
[VND] TX_SKIP busy/inflight tag=ADC0-ASY2
[VND] PREPARE_PAIR slot=0
[VND] PREPARE_PAIR slot=0
[VND] TX_SKIP busy/inflight tag=ADC0-ASY2
[VND] PREPARE_PAIR slot=0
[VND] PREPARE_PAIR slot=0
[VND] TX_SKIP busy/inflight tag=ADC0-ASY2
[VND] PREPARE_PAIR slot=0
[VND] PREPARE_PAIR slot=0
[VND] TX_SKIP busy/inflight tag=ADC0-ASY2
[VND] PREPARE_PAIR slot=0
[VND] PREPARE_PAIR slot=0
[VND] TX_SKIP busy/inflight tag=ADC0-ASY2
[VND] PREPARE_PAIR slot=0
[VND] PREPARE_PAIR slot=0
[VND] TX_SKIP busy/inflight tag=ADC0-ASY2
[VND] PREPARE_PAIR slot=0
[VND] PREPARE_PAIR slot=0
[VND] TX_SKIP busy/inflight tag=ADC0-ASY2
[VND] PREPARE_PAIR slot=0
[VND] PREPARE_PAIR slot=0
[VND] TX_SKIP busy/inflight tag=ADC0-ASY2
[VND] PREPARE_PAIR slot=0
[VND] PREPARE_PAIR slot=0
[VND] TX_SKIP busy/inflight tag=ADC0-ASY2
[VND] PREPARE_PAIR slot=0
[VND] PREPARE_PAIR slot=0
[VND] TX_SKIP busy/inflight tag=ADC0-ASY2
[VND] PREPARE_PAIR slot=0
[VND] PREPARE_PAIR slot=0
[VND] TX_SKIP busy/inflight tag=ADC0-ASY2
[VND] PREPARE_PAIR slot=0
[VND] PREPARE_PAIR slot=0
[VND] TX_SKIP busy/inflight tag=ADC0-ASY2
[VND] PREPARE_PAIR slot=0
[VND] PREPARE_PAIR slot=0
[VND] TX_SKIP busy/inflight tag=ADC0-ASY2
[VND] PREPARE_PAIR slot=0
[VND] PREPARE_PAIR slot=0
[VND] TX_SKIP busy/inflight tag=ADC0-ASY2
[VND] PREPARE_PAIR slot=0
[VND] PREPARE_PAIR slot=0
[VND] TX_SKIP busy/inflight tag=ADC0-ASY2
[VND] PREPARE_PAIR slot=0
[VND] PREPARE_PAIR slot=0
[VND] TX_SKIP busy/inflight tag=ADC0-ASY2
[VND] PREPARE_PAIR slot=0
[VND] PREPARE_PAIR slot=0
[VND] TX_SKIP busy/inflight tag=ADC0-ASY2
[VND] PREPARE_PAIR slot=0
[VND] PREPARE_PAIR slot=0
[VND] TX_SKIP busy/inflight tag=ADC0-ASY2
[VND] PREPARE_PAIR slot=0
[VND] PREPARE_PAIR slot=0
[VND] TX_SKIP busy/inflight tag=ADC0-ASY2
[VND] PREPARE_PAIR slot=0
[VND] PREPARE_PAIR slot=0
[VND] TX_SKIP busy/inflight tag=ADC0-ASY2
[VND] PREPARE_PAIR slot=0
[VND] PREPARE_PAIR slot=0
[VND] TX_SKIP busy/inflight tag=ADC0-ASY2
[VND] PREPARE_PAIR slot=0
[VND] PREPARE_PAIR slot=0
[VND] TX_SKIP busy/inflight tag=ADC0-ASY2
[VND] PREPARE_PAIR slot=0
[VND] PREPARE_PAIR slot=0
[VND] TX_SKIP busy/inflight tag=ADC0-ASY2
[VND] PREPARE_PAIR slot=0
[VND] PREPARE_PAIR slot=0
[VND] TX_SKIP busy/inflight tag=ADC0-ASY2
[VND] PREPARE_PAIR slot=0
[VND] PREPARE_PAIR slot=0
[VND] TX_SKIP busy/inflight tag=ADC0-ASY2
[VND] PREPARE_PAIR slot=0
[VND] PREPARE_PAIR slot=0
[VND] TX_SKIP busy/inflight tag=ADC0-ASY2
[VND] PREPARE_PAIR slot=0
[VND] PREPARE_PAIR slot=0
[VND] TX_SKIP busy/inflight tag=ADC0-ASY2
[VND] PREPARE_PAIR slot=0
[VND] PREPARE_PAIR slot=0
[VND] TX_SKIP busy/inflight tag=ADC0-ASY2
[VND] PREPARE_PAIR slot=0
[VND] PREPARE_PAIR slot=0
[VND] TX_SKIP busy/inflight tag=ADC0-ASY2
[VND] PREPARE_PAIR slot=0
[VND] PREPARE_PAIR slot=0
[VND] TX_SKIP busy/inflight tag=ADC0-ASY2
[VND] PREPARE_PAIR slot=0
[VND] PREPARE_PAIR slot=0
[VND] TX_SKIP busy/inflight tag=ADC0-ASY2
[VND] PREPARE_PAIR slot=0
[VND] PREPARE_PAIR slot=0
[VND] TX_SKIP busy/inflight tag=ADC0-ASY2
[VND] PREPARE_PAIR slot=0
[VND] PREPARE_PAIR slot=0
[VND] TX_SKIP busy/inflight tag=ADC0-ASY2
[VND] PREPARE_PAIR slot=0
[VND] PREPARE_PAIR slot=0
[VND] TX_SKIP busy/inflight tag=ADC0-ASY2
[VND] PREPARE_PAIR slot=0
[VND] PREPARE_PAIR slot=0
[VND] TX_SKIP busy/inflight tag=ADC0-ASY2
[VND] PREPARE_PAIR slot=0
[VND] PREPARE_PAIR slot=0
[VND] TX_SKIP busy/inflight tag=ADC0-ASY2
[VND] PREPARE_PAIR slot=0
[VND] PREPARE_PAIR slot=0
[VND] TX_SKIP busy/inflight tag=ADC0-ASY2
[VND] PREPARE_PAIR slot=0
[VND] PREPARE_PAIR slot=0
[VND] TX_SKIP busy/inflight tag=ADC0-ASY2
[VND] PREPARE_PAIR slot=0
[VND] PREPARE_PAIR slot=0
[VND] TX_SKIP busy/inflight tag=ADC0-ASY2
[VND] PREPARE_PAIR slot=0
[VND] PREPARE_PAIR slot=0
[VND] TX_SKIP busy/inflight tag=ADC0-ASY2
[VND] PREPARE_PAIR slot=0
[VND] PREPARE_PAIR slot=0
[VND] TX_SKIP busy/inflight tag=ADC0-ASY2
[VND] PREPARE_PAIR slot=0
[VND] PREPARE_PAIR slot=0
[VND] TX_SKIP busy/inflight tag=ADC0-ASY2
[VND] PREPARE_PAIR slot=0
[VND] PREPARE_PAIR slot=0
[VND] TX_SKIP busy/inflight tag=ADC0-ASY2
[VND] PREPARE_PAIR slot=0
[VND] PREPARE_PAIR slot=0
[VND] TX_SKIP busy/inflight tag=ADC0-ASY2
[VND] PREPARE_PAIR slot=0
[VND] PREPARE_PAIR slot=0
[VND] TX_SKIP busy/inflight tag=ADC0-ASY2
[VND] PREPARE_PAIR slot=0
[VND] PREPARE_PAIR slot=0
[VND] TX_SKIP busy/inflight tag=ADC0-ASY2
[VND] PREPARE_PAIR slot=0
[VND] PREPARE_PAIR slot=0
[VND] TX_SKIP busy/inflight tag=ADC0-ASY2
[VND] PREPARE_PAIR slot=0
[VND] PREPARE_PAIR slot=0
[VND] TX_SKIP busy/inflight tag=ADC0-ASY2
[VND] PREPARE_PAIR slot=0
[VND] PREPARE_PAIR slot=0
[VND] TX_SKIP busy/inflight tag=ADC0-ASY2
[VND] PREPARE_PAIR slot=0
[VND] PREPARE_PAIR slot=0
[VND] TX_SKIP busy/inflight tag=ADC0-ASY2
[VND] PREPARE_PAIR slot=0
[VND] PREPARE_PAIR slot=0
[VND] TX_SKIP busy/inflight tag=ADC0-ASY2
[VND] PREPARE_PAIR slot=0
[VND] PREPARE_PAIR slot=0
[VND] TX_SKIP busy/inflight tag=ADC0-ASY2
[VND] PREPARE_PAIR slot=0
[VND] PREPARE_PAIR slot=0
[VND] TX_SKIP busy/inflight tag=ADC0-ASY2
[VND] PREPARE_PAIR slot=0
[VND] PREPARE_PAIR slot=0
[VND] TX_SKIP busy/inflight tag=ADC0-ASY2
[VND] PREPARE_PAIR slot=0
[VND] PREPARE_PAIR slot=0
[VND] TX_SKIP busy/inflight tag=ADC0-ASY2
[VND] PREPARE_PAIR slot=0
[VND] PREPARE_PAIR slot=0
[VND] TX_SKIP busy/inflight tag=ADC0-ASY2
[VND] PREPARE_PAIR slot=0
[VND] PREPARE_PAIR slot=0
[VND] TX_SKIP busy/inflight tag=ADC0-ASY2
[VND] PREPARE_PAIR slot=0
[VND] PREPARE_PAIR slot=0
[VND] TX_SKIP busy/inflight tag=ADC0-ASY2
[VND] PREPARE_PAIR slot=0
[VND] PREPARE_PAIR slot=0
[VND] TX_SKIP busy/inflight tag=ADC0-ASY2
[VND] PREPARE_PAIR slot=0
[VND] PREPARE_PAIR slot=0
[VND] TX_SKIP busy/inflight tag=ADC0-ASY2
[VND] PREPARE_PAIR slot=0
[VND] PREPARE_PAIR slot=0
[VND] TX_SKIP busy/inflight tag=ADC0-ASY2
[VND] PREPARE_PAIR slot=0
[VND] PREPARE_PAIR slot=0
[VND] TX_SKIP busy/inflight tag=ADC0-ASY2
[VND] PREPARE_PAIR slot=0
[VND] PREPARE_PAIR slot=0
[VND] TX_SKIP busy/inflight tag=ADC0-ASY2
[VND] PREPARE_PAIR slot=0
[VND] PREPARE_PAIR slot=0
[VND] TX_SKIP busy/inflight tag=ADC0-ASY2
[VND] PREPARE_PAIR slot=0
[VND] PREPARE_PAIR slot=0
[VND] TX_SKIP busy/inflight tag=ADC0-ASY2
[VND] PREPARE_PAIR slot=0
[VND] PREPARE_PAIR slot=0
[VND] TX_SKIP busy/inflight tag=ADC0-ASY2
[VND] PREPARE_PAIR slot=0
[VND] PREPARE_PAIR slot=0
[VND] TX_SKIP busy/inflight tag=ADC0-ASY2
[VND] PREPARE_PAIR slot=0
[VND] PREPARE_PAIR slot=0
[VND] TX_SKIP busy/inflight tag=ADC0-ASY2
[VND] PREPARE_PAIR slot=0
[VND] PREPARE_PAIR slot=0
[VND] TX_SKIP busy/inflight tag=ADC0-ASY2
[VND] PREPARE_PAIR slot=0
[VND] PREPARE_PAIR slot=0
[VND] TX_SKIP busy/inflight tag=ADC0-ASY2
[VND] PREPARE_PAIR slot=0
[VND] PREPARE_PAIR slot=0
[VND] TX_SKIP busy/inflight tag=ADC0-ASY2
[VND] PREPARE_PAIR slot=0
[VND] PREPARE_PAIR slot=0
[VND] TX_SKIP busy/inflight tag=ADC0-ASY2
[VND] PREPARE_PAIR slot=0
[VND] PREPARE_PAIR slot=0
[VND] TX_SKIP busy/inflight tag=ADC0-ASY2
[VND] PREPARE_PAIR slot=0
[VND] PREPARE_PAIR slot=0
[VND] TX_SKIP busy/inflight tag=ADC0-ASY2
[VND] PREPARE_PAIR slot=0
[VND] PREPARE_PAIR slot=0
[VND] TX_SKIP busy/inflight tag=ADC0-ASY2
[VND] PREPARE_PAIR slot=0
[VND] PREPARE_PAIR slot=0
[VND] TX_SKIP busy/inflight tag=ADC0-ASY2
[VND] PREPARE_PAIR slot=0
[VND] PREPARE_PAIR slot=0
[VND] TX_SKIP busy/inflight tag=ADC0-ASY2
[VND] PREPARE_PAIR slot=0
[VND] PREPARE_PAIR slot=0
[VND] TX_SKIP busy/inflight tag=ADC0-ASY2
[VND] PREPARE_PAIR slot=0
[VND] PREPARE_PAIR slot=0
[VND] TX_SKIP busy/inflight tag=ADC0-ASY2
[VND] PREPARE_PAIR slot=0
[VND] PREPARE_PAIR slot=0
[VND] TX_SKIP busy/inflight tag=ADC0-ASY2
[VND] PREPARE_PAIR slot=0
[VND] PREPARE_PAIR slot=0
[VND] TX_SKIP busy/inflight tag=ADC0-ASY2
[VND] PREPARE_PAIR slot=0
[VND] PREPARE_PAIR slot=0
[VND] TX_SKIP busy/inflight tag=ADC0-ASY2
[VND] PREPARE_PAIR slot=0
[VND] PREPARE_PAIR slot=0
[VND] TX_SKIP busy/inflight tag=ADC0-ASY2
[VND] PREPARE_PAIR slot=0
[VND] PREPARE_PAIR slot=0
[VND] TX_SKIP busy/inflight tag=ADC0-ASY2
[VND] PREPARE_PAIR slot=0
[VND] PREPARE_PAIR slot=0
[VND] TX_SKIP busy/inflight tag=ADC0-ASY2
[VND] PREPARE_PAIR slot=0
[VND] PREPARE_PAIR slot=0
[VND] TX_SKIP busy/inflight tag=ADC0-ASY2
[VND] PREPARE_PAIR slot=0
[VND] PREPARE_PAIR slot=0
[VND] TX_SKIP busy/inflight tag=ADC0-ASY2
[VND] PREPARE_PAIR slot=0
[VND] PREPARE_PAIR slot=0
[VND] TX_SKIP busy/inflight tag=ADC0-ASY2
[VND] PREPARE_PAIR slot=0
[VND] PREPARE_PAIR slot=0
[VND] TX_SKIP busy/inflight tag=ADC0-ASY2
[VND] PREPARE_PAIR slot=0
[VND] PREPARE_PAIR slot=0
[VND] TX_SKIP busy/inflight tag=ADC0-ASY2
[VND] PREPARE_PAIR slot=0
[VND] PREPARE_PAIR slot=0
[VND] TX_SKIP busy/inflight tag=ADC0-ASY2
[VND] PREPARE_PAIR slot=0
[VND] PREPARE_PAIR slot=0
[VND] TX_SKIP busy/inflight tag=ADC0-ASY2
[VND] PREPARE_PAIR slot=0
[VND] PREPARE_PAIR slot=0
[VND] TX_SKIP busy/inflight tag=ADC0-ASY2
[VND] PREPARE_PAIR slot=0
[VND] PREPARE_PAIR slot=0
[VND] TX_SKIP busy/inflight tag=ADC0-ASY2
[VND] PREPARE_PAIR slot=0
[VND] PREPARE_PAIR slot=0
[VND] TX_SKIP busy/inflight tag=ADC0-ASY2
[VND] PREPARE_PAIR slot=0
[VND] PREPARE_PAIR slot=0
[VND] TX_SKIP busy/inflight tag=ADC0-ASY2
[VND] PREPARE_PAIR slot=0
[VND] PREPARE_PAIR slot=0
[VND] TX_SKIP busy/inflight tag=ADC0-ASY2
[VND] PREPARE_PAIR slot=0
[VND] PREPARE_PAIR slot=0
[VND] TX_SKIP busy/inflight tag=ADC0-ASY2
[VND] PREPARE_PAIR slot=0
[VND] PREPARE_PAIR slot=0
[VND] TX_SKIP busy/inflight tag=ADC0-ASY2
[VND] PREPARE_PAIR slot=0
[VND] PREPARE_PAIR slot=0
[VND] TX_SKIP busy/inflight tag=ADC0-ASY2
[VND] PREPARE_PAIR slot=0
[VND] PREPARE_PAIR slot=0
[VND] TX_SKIP busy/inflight tag=ADC0-ASY2
[VND] PREPARE_PAIR slot=0
[VND] PREPARE_PAIR slot=0
[VND] TX_SKIP busy/inflight tag=ADC0-ASY2
[VND] PREPARE_PAIR slot=0
[VND] PREPARE_PAIR slot=0
[VND] TX_SKIP busy/inflight tag=ADC0-ASY2
[VND] PREPARE_PAIR slot=0
[VND] PREPARE_PAIR slot=0
[VND] TX_SKIP busy/inflight tag=ADC0-ASY2
[VND] PREPARE_PAIR slot=0
[VND] PREPARE_PAIR slot=0
[VND] TX_SKIP busy/inflight tag=ADC0-ASY2
[VND] PREPARE_PAIR slot=0
[VND] PREPARE_PAIR slot=0
[VND] TX_SKIP busy/inflight tag=ADC0-ASY2
[VND] PREPARE_PAIR slot=0
[VND] PREPARE_PAIR slot=0
[VND] TX_SKIP busy/inflight tag=ADC0-ASY2
[VND] PREPARE_PAIR slot=0
[VND] PREPARE_PAIR slot=0
[VND] TX_SKIP busy/inflight tag=ADC0-ASY2
[VND] PREPARE_PAIR slot=0
[VND] PREPARE_PAIR slot=0
[VND] TX_SKIP busy/inflight tag=ADC0-ASY2
[VND] PREPARE_PAIR slot=0
[VND] PREPARE_PAIR slot=0
[VND] TX_SKIP busy/inflight tag=ADC0-ASY2
[VND] PREPARE_PAIR slot=0
[VND] PREPARE_PAIR slot=0
[VND] TX_SKIP busy/inflight tag=ADC0-ASY2
[VND] PREPARE_PAIR slot=0
[VND] PREPARE_PAIR slot=0
[VND] TX_SKIP busy/inflight tag=ADC0-ASY2
[VND] PREPARE_PAIR slot=0
[VND] PREPARE_PAIR slot=0
[VND] TX_SKIP busy/inflight tag=ADC0-ASY2
[VND] PREPARE_PAIR slot=0
[VND] PREPARE_PAIR slot=0
[VND] TX_SKIP busy/inflight tag=ADC0-ASY2
[VND] PREPARE_PAIR slot=0
[VND] PREPARE_PAIR slot=0
[VND] TX_SKIP busy/inflight tag=ADC0-ASY2
[VND] PREPARE_PAIR slot=0
[VND] PREPARE_PAIR slot=0
[VND] TX_SKIP busy/inflight tag=ADC0-ASY2
[VND] PREPARE_PAIR slot=0
[VND] PREPARE_PAIR slot=0
[VND] TX_SKIP busy/inflight tag=ADC0-ASY2
[VND] PREPARE_PAIR slot=0
[VND] PREPARE_PAIR slot=0
[VND] TX_SKIP busy/inflight tag=ADC0-ASY2
[VND] PREPARE_PAIR slot=0
[VND] PREPARE_PAIR slot=0
[VND] TX_SKIP busy/inflight tag=ADC0-ASY2
[VND] PREPARE_PAIR slot=0
[VND] PREPARE_PAIR slot=0
[VND] TX_SKIP busy/inflight tag=ADC0-ASY2
[VND] PREPARE_PAIR slot=0
[VND] PREPARE_PAIR slot=0
[VND] TX_SKIP busy/inflight tag=ADC0-ASY2
[VND] PREPARE_PAIR slot=0
[VND] PREPARE_PAIR slot=0
[VND] TX_SKIP busy/inflight tag=ADC0-ASY2
[VND] PREPARE_PAIR slot=0
[VND] PREPARE_PAIR slot=0
[VND] TX_SKIP busy/inflight tag=ADC0-ASY2
[VND] PREPARE_PAIR slot=0
[VND] PREPARE_PAIR slot=0
[VND] TX_SKIP busy/inflight tag=ADC0-ASY2
[VND] PREPARE_PAIR slot=0
[VND] PREPARE_PAIR slot=0
[VND] TX_SKIP busy/inflight tag=ADC0-ASY2
[VND] PREPARE_PAIR slot=0
[VND] PREPARE_PAIR slot=0
[VND] TX_SKIP busy/inflight tag=ADC0-ASY2
[VND] PREPARE_PAIR slot=0
[VND] PREPARE_PAIR slot=0
[VND] TX_SKIP busy/inflight tag=ADC0-ASY2
[VND] PREPARE_PAIR slot=0
[VND] PREPARE_PAIR slot=0
[VND] TX_SKIP busy/inflight tag=ADC0-ASY2
[VND] PREPARE_PAIR slot=0
[VND] PREPARE_PAIR slot=0
[VND] TX_SKIP busy/inflight tag=ADC0-ASY2
[VND] PREPARE_PAIR slot=0
[VND] PREPARE_PAIR slot=0
[VND] TX_SKIP busy/inflight tag=ADC0-ASY2
[VND] PREPARE_PAIR slot=0
[VND] PREPARE_PAIR slot=0
[VND] TX_SKIP busy/inflight tag=ADC0-ASY2
[VND] PREPARE_PAIR slot=0
[VND] PREPARE_PAIR slot=0
[VND] TX_SKIP busy/inflight tag=ADC0-ASY2
[VND] PREPARE_PAIR slot=0
[VND] PREPARE_PAIR slot=0
[VND] TX_SKIP busy/inflight tag=ADC0-ASY2
[VND] PREPARE_PAIR slot=0
[VND] PREPARE_PAIR slot=0
[VND] TX_SKIP busy/inflight tag=ADC0-ASY2
[VND] PREPARE_PAIR slot=0
[VND] PREPARE_PAIR slot=0
[VND] TX_SKIP busy/inflight tag=ADC0-ASY2
[VND] PREPARE_PAIR slot=0
[VND] PREPARE_PAIR slot=0
[VND] TX_SKIP busy/inflight tag=ADC0-ASY2
[VND] PREPARE_PAIR slot=0
[VND] PREPARE_PAIR slot=0
[VND] TX_SKIP busy/inflight tag=ADC0-ASY2
[VND] PREPARE_PAIR slot=0
[VND] PREPARE_PAIR slot=0
[VND] TX_SKIP busy/inflight tag=ADC0-ASY2
[VND] PREPARE_PAIR slot=0
[VND] PREPARE_PAIR slot=0
[VND] TX_SKIP busy/inflight tag=ADC0-ASY2
[VND] PREPARE_PAIR slot=0
[VND] PREPARE_PAIR slot=0
[VND] TX_SKIP busy/inflight tag=ADC0-ASY2
[VND] PREPARE_PAIR slot=0
[VND] PREPARE_PAIR slot=0
[VND] TX_SKIP busy/inflight tag=ADC0-ASY2
[VND] PREPARE_PAIR slot=0
[VND] PREPARE_PAIR slot=0
[VND] TX_SKIP busy/inflight tag=ADC0-ASY2
[VND] PREPARE_PAIR slot=0
[VND] PREPARE_PAIR slot=0
[VND] TX_SKIP busy/inflight tag=ADC0-ASY2
[VND] PREPARE_PAIR slot=0
[VND] PREPARE_PAIR slot=0
[VND] TX_SKIP busy/inflight tag=ADC0-ASY2
[VND] PREPARE_PAIR slot=0
[VND] PREPARE_PAIR slot=0
[VND] TX_SKIP busy/inflight tag=ADC0-ASY2
[VND] PREPARE_PAIR slot=0
[VND] PREPARE_PAIR slot=0
[VND] TX_SKIP busy/inflight tag=ADC0-ASY2
[VND] PREPARE_PAIR slot=0
[VND] PREPARE_PAIR slot=0
[VND] TX_SKIP busy/inflight tag=ADC0-ASY2
[VND] PREPARE_PAIR slot=0
[VND] PREPARE_PAIR slot=0
[VND] TX_SKIP busy/inflight tag=ADC0-ASY2
[VND] PREPARE_PAIR slot=0
[VND] PREPARE_PAIR slot=0
[VND] TX_SKIP busy/inflight tag=ADC0-ASY2
[VND] PREPARE_PAIR slot=0
[VND] PREPARE_PAIR slot=0
[VND] TX_SKIP busy/inflight tag=ADC0-ASY2
[VND] PREPARE_PAIR slot=0
[VND] PREPARE_PAIR slot=0
[VND] TX_SKIP busy/inflight tag=ADC0-ASY2
[VND] PREPARE_PAIR slot=0
[VND] PREPARE_PAIR slot=0
[VND] TX_SKIP busy/inflight tag=ADC0-ASY2
[VND] PREPARE_PAIR slot=0
[VND] PREPARE_PAIR slot=0
[VND] TX_SKIP busy/inflight tag=ADC0-ASY2
[VND] PREPARE_PAIR slot=0
[VND] PREPARE_PAIR slot=0
[VND] TX_SKIP busy/inflight tag=ADC0-ASY2
[VND] PREPARE_PAIR slot=0
[VND] PREPARE_PAIR slot=0
[VND] TX_SKIP busy/inflight tag=ADC0-ASY2
[VND] PREPARE_PAIR slot=0
[VND] PREPARE_PAIR slot=0
[VND] TX_SKIP busy/inflight tag=ADC0-ASY2
[VND] PREPARE_PAIR slot=0
[VND] PREPARE_PAIR slot=0
[VND] TX_SKIP busy/inflight tag=ADC0-ASY2
[VND] PREPARE_PAIR slot=0
[VND] PREPARE_PAIR slot=0
[VND] TX_SKIP busy/inflight tag=ADC0-ASY2
[VND] PREPARE_PAIR slot=0
[VND] PREPARE_PAIR slot=0
[VND] TX_SKIP busy/inflight tag=ADC0-ASY2
[VND] PREPARE_PAIR slot=0
[VND] PREPARE_PAIR slot=0
[VND] TX_SKIP busy/inflight tag=ADC0-ASY2
[VND] PREPARE_PAIR slot=0
[VND] PREPARE_PAIR slot=0
[VND] TX_SKIP busy/inflight tag=ADC0-ASY2
[VND] PREPARE_PAIR slot=0
[VND] PREPARE_PAIR slot=0
[VND] TX_SKIP busy/inflight tag=ADC0-ASY2
[VND] PREPARE_PAIR slot=0
[VND] PREPARE_PAIR slot=0
[VND] TX_SKIP busy/inflight tag=ADC0-ASY2
[VND] PREPARE_PAIR slot=0
[VND] PREPARE_PAIR slot=0
[VND] TX_SKIP busy/inflight tag=ADC0-ASY2
[VND] PREPARE_PAIR slot=0
[VND] PREPARE_PAIR slot=0
[VND] TX_SKIP busy/inflight tag=ADC0-ASY2
[VND] PREPARE_PAIR slot=0
[VND] PREPARE_PAIR slot=0
[VND] TX_SKIP busy/inflight tag=ADC0-ASY2
[VND] PREPARE_PAIR slot=0
[VND] PREPARE_PAIR slot=0
[VND] TX_SKIP busy/inflight tag=ADC0-ASY2
[VND] PREPARE_PAIR slot=0
[VND] PREPARE_PAIR slot=0
[VND] TX_SKIP busy/inflight tag=ADC0-ASY2
[VND] PREPARE_PAIR slot=0
[VND] PREPARE_PAIR slot=0
[VND] TX_SKIP busy/inflight tag=ADC0-ASY2
[VND] PREPARE_PAIR slot=0
[VND] PREPARE_PAIR slot=0
[VND] TX_SKIP busy/inflight tag=ADC0-ASY2
[VND] PREPARE_PAIR slot=0
[VND] PREPARE_PAIR slot=0
[VND] TX_SKIP busy/inflight tag=ADC0-ASY2
[VND] PREPARE_PAIR slot=0
[VND] PREPARE_PAIR slot=0
[VND] TX_SKIP busy/inflight tag=ADC0-ASY2
[VND] PREPARE_PAIR slot=0
[VND] PREPARE_PAIR slot=0
[VND] TX_SKIP busy/inflight tag=ADC0-ASY2
[VND] PREPARE_PAIR slot=0
[VND] PREPARE_PAIR slot=0
[VND] TX_SKIP busy/inflight tag=ADC0-ASY2
[VND] PREPARE_PAIR slot=0
[VND] PREPARE_PAIR slot=0
[VND] TX_SKIP busy/inflight tag=ADC0-ASY2
[VND] PREPARE_PAIR slot=0
[VND] PREPARE_PAIR slot=0
[VND] TX_SKIP busy/inflight tag=ADC0-ASY2
[VND] PREPARE_PAIR slot=0
[VND] PREPARE_PAIR slot=0
[VND] TX_SKIP busy/inflight tag=ADC0-ASY2
[VND] PREPARE_PAIR slot=0
[VND] PREPARE_PAIR slot=0
[VND] TX_SKIP busy/inflight tag=ADC0-ASY2
[VND] PREPARE_PAIR slot=0
[VND] PREPARE_PAIR slot=0
[VND] TX_SKIP busy/inflight tag=ADC0-ASY2
[VND] PREPARE_PAIR slot=0
[VND] PREPARE_PAIR slot=0
[VND] TX_SKIP busy/inflight tag=ADC0-ASY2
[VND] PREPARE_PAIR slot=0
[VND] PREPARE_PAIR slot=0
[VND] TX_SKIP busy/inflight tag=ADC0-ASY2
[VND] PREPARE_PAIR slot=0
[VND] PREPARE_PAIR slot=0
[VND] TX_SKIP busy/inflight tag=ADC0-ASY2
[VND] PREPARE_PAIR slot=0
[VND] PREPARE_PAIR slot=0
[VND] TX_SKIP busy/inflight tag=ADC0-ASY2
[VND] PREPARE_PAIR slot=0
[VND] PREPARE_PAIR slot=0
[VND] TX_SKIP busy/inflight tag=ADC0-ASY2
[VND] PREPARE_PAIR slot=0
[VND] PREPARE_PAIR slot=0
[VND] TX_SKIP busy/inflight tag=ADC0-ASY2
[VND] PREPARE_PAIR slot=0
[VND] PREPARE_PAIR slot=0
[VND] TX_SKIP busy/inflight tag=ADC0-ASY2
[VND] PREPARE_PAIR slot=0
[VND] PREPARE_PAIR slot=0
[VND] TX_SKIP busy/inflight tag=ADC0-ASY2
[VND] PREPARE_PAIR slot=0
[VND] PREPARE_PAIR slot=0
[VND] TX_SKIP busy/inflight tag=ADC0-ASY2
[VND] PREPARE_PAIR slot=0
[VND] PREPARE_PAIR slot=0
[VND] TX_SKIP busy/inflight tag=ADC0-ASY2
[VND] PREPARE_PAIR slot=0
[VND] PREPARE_PAIR slot=0
[VND] TX_SKIP busy/inflight tag=ADC0-ASY2
[VND] PREPARE_PAIR slot=0
[VND] PREPARE_PAIR slot=0
[VND] TX_SKIP busy/inflight tag=ADC0-ASY2
[VND] PREPARE_PAIR slot=0
[VND] PREPARE_PAIR slot=0
[VND] TX_SKIP busy/inflight tag=ADC0-ASY2
[VND] PREPARE_PAIR slot=0
[VND] PREPARE_PAIR slot=0
[VND] TX_SKIP busy/inflight tag=ADC0-ASY2
[VND] PREPARE_PAIR slot=0
[VND] PREPARE_PAIR slot=0
[VND] TX_SKIP busy/inflight tag=ADC0-ASY2
[VND] PREPARE_PAIR slot=0
[VND] PREPARE_PAIR slot=0
[VND] TX_SKIP busy/inflight tag=ADC0-ASY2
[VND] PREPARE_PAIR slot=0
[VND] PREPARE_PAIR slot=0
[VND] TX_SKIP busy/inflight tag=ADC0-ASY2
[VND] PREPARE_PAIR slot=0
[VND] PREPARE_PAIR slot=0
[VND] TX_SKIP busy/inflight tag=ADC0-ASY2
[VND] PREPARE_PAIR slot=0
[VND] PREPARE_PAIR slot=0
[VND] TX_SKIP busy/inflight tag=ADC0-ASY2
[VND] PREPARE_PAIR slot=0
[VND] PREPARE_PAIR slot=0
[VND] TX_SKIP busy/inflight tag=ADC0-ASY2
[VND] PREPARE_PAIR slot=0
[VND] PREPARE_PAIR slot=0
[VND] TX_SKIP busy/inflight tag=ADC0-ASY2
[VND] PREPARE_PAIR slot=0
[VND] PREPARE_PAIR slot=0
[VND] TX_SKIP busy/inflight tag=ADC0-ASY2
[VND] PREPARE_PAIR slot=0
[VND] PREPARE_PAIR slot=0
[VND] TX_SKIP busy/inflight tag=ADC0-ASY2
[VND] PREPARE_PAIR slot=0
[VND] PREPARE_PAIR slot=0
[VND] TX_SKIP busy/inflight tag=ADC0-ASY2
[VND] PREPARE_PAIR slot=0
[VND] PREPARE_PAIR slot=0
[VND] TX_SKIP busy/inflight tag=ADC0-ASY2
[VND] PREPARE_PAIR slot=0
[VND] PREPARE_PAIR slot=0
[VND] TX_SKIP busy/inflight tag=ADC0-ASY2
[VND] PREPARE_PAIR slot=0
[VND] PREPARE_PAIR slot=0
[VND] TX_SKIP busy/inflight tag=ADC0-ASY2
[VND] PREPARE_PAIR slot=0
[VND] PREPARE_PAIR slot=0
[VND] TX_SKIP busy/inflight tag=ADC0-ASY2
[VND] PREPARE_PAIR slot=0
[VND] PREPARE_PAIR slot=0
[VND] TX_SKIP busy/inflight tag=ADC0-ASY2
[VND] PREPARE_PAIR slot=0
[VND] PREPARE_PAIR slot=0
[VND] TX_SKIP busy/inflight tag=ADC0-ASY2
[VND] PREPARE_PAIR slot=0
[VND] PREPARE_PAIR slot=0
[VND] TX_SKIP busy/inflight tag=ADC0-ASY2
[VND] PREPARE_PAIR slot=0
[VND] PREPARE_PAIR slot=0
[VND] TX_SKIP busy/inflight tag=ADC0-ASY2
[VND] PREPARE_PAIR slot=0
[VND] PREPARE_PAIR slot=0
[VND] TX_SKIP busy/inflight tag=ADC0-ASY2
[VND] PREPARE_PAIR slot=0
[VND] PREPARE_PAIR slot=0
[VND] TX_SKIP busy/inflight tag=ADC0-ASY2
[VND] PREPARE_PAIR slot=0
[VND] PREPARE_PAIR slot=0
[VND] TX_SKIP busy/inflight tag=ADC0-ASY2
[VND] PREPARE_PAIR slot=0
[VND] PREPARE_PAIR slot=0
[VND] TX_SKIP busy/inflight tag=ADC0-ASY2
[VND] PREPARE_PAIR slot=0
[VND] PREPARE_PAIR slot=0
[VND] TX_SKIP busy/inflight tag=ADC0-ASY2
[VND] PREPARE_PAIR slot=0
[VND] PREPARE_PAIR slot=0
[VND] TX_SKIP busy/inflight tag=ADC0-ASY2
[VND] PREPARE_PAIR slot=0
[VND] PREPARE_PAIR slot=0
[VND] TX_SKIP busy/inflight tag=ADC0-ASY2
[VND] PREPARE_PAIR slot=0
[VND] PREPARE_PAIR slot=0
[VND] TX_SKIP busy/inflight tag=ADC0-ASY2
[VND] PREPARE_PAIR slot=0
[VND] PREPARE_PAIR slot=0
[VND] TX_SKIP busy/inflight tag=ADC0-ASY2
[VND] PREPARE_PAIR slot=0
[VND] PREPARE_PAIR slot=0
[VND] TX_SKIP busy/inflight tag=ADC0-ASY2
[VND] PREPARE_PAIR slot=0
[VND] PREPARE_PAIR slot=0
[VND] TX_SKIP busy/inflight tag=ADC0-ASY2
[VND] PREPARE_PAIR slot=0
[VND] PREPARE_PAIR slot=0
[VND] TX_SKIP busy/inflight tag=ADC0-ASY2
[VND] PREPARE_PAIR slot=0
[VND] PREPARE_PAIR slot=0
[VND] TX_SKIP busy/inflight tag=ADC0-ASY2
[VND] PREPARE_PAIR slot=0
[VND] PREPARE_PAIR slot=0
[VND] TX_SKIP busy/inflight tag=ADC0-ASY2
[VND] PREPARE_PAIR slot=0
[VND] PREPARE_PAIR slot=0
[VND] TX_SKIP busy/inflight tag=ADC0-ASY2
[VND] PREPARE_PAIR slot=0
[VND] PREPARE_PAIR slot=0
[VND] TX_SKIP busy/inflight tag=ADC0-ASY2
[VND] PREPARE_PAIR slot=0
[VND] PREPARE_PAIR slot=0
[VND] TX_SKIP busy/inflight tag=ADC0-ASY2
[VND] PREPARE_PAIR slot=0
[VND] PREPARE_PAIR slot=0
[VND] TX_SKIP busy/inflight tag=ADC0-ASY2
[VND] PREPARE_PAIR slot=0
[VND] PREPARE_PAIR slot=0
[VND] TX_SKIP busy/inflight tag=ADC0-ASY2
[VND] PREPARE_PAIR slot=0
[VND] PREPARE_PAIR slot=0
[VND] TX_SKIP busy/inflight tag=ADC0-ASY2
[VND] PREPARE_PAIR slot=0
[VND] PREPARE_PAIR slot=0
[VND] TX_SKIP busy/inflight tag=ADC0-ASY2
[VND] PREPARE_PAIR slot=0
[VND] PREPARE_PAIR slot=0
[VND] TX_SKIP busy/inflight tag=ADC0-ASY2
[VND] PREPARE_PAIR slot=0
[VND] PREPARE_PAIR slot=0
[VND] TX_SKIP busy/inflight tag=ADC0-ASY2
[VND] PREPARE_PAIR slot=0
[VND] PREPARE_PAIR slot=0
[VND] TX_SKIP busy/inflight tag=ADC0-ASY2
[VND] PREPARE_PAIR slot=0
[VND] PREPARE_PAIR slot=0
[VND] TX_SKIP busy/inflight tag=ADC0-ASY2
[VND] PREPARE_PAIR slot=0
[VND] PREPARE_PAIR slot=0
[VND] TX_SKIP busy/inflight tag=ADC0-ASY2
[VND] PREPARE_PAIR slot=0
[VND] PREPARE_PAIR slot=0
[VND] TX_SKIP busy/inflight tag=ADC0-ASY2
[VND] PREPARE_PAIR slot=0
[VND] PREPARE_PAIR slot=0
[VND] TX_SKIP busy/inflight tag=ADC0-ASY2
[VND] PREPARE_PAIR slot=0
[VND] PREPARE_PAIR slot=0
[VND] TX_SKIP busy/inflight tag=ADC0-ASY2
[VND] PREPARE_PAIR slot=0
[VND] PREPARE_PAIR slot=0
[VND] TX_SKIP busy/inflight tag=ADC0-ASY2
[VND] PREPARE_PAIR slot=0
[VND] PREPARE_PAIR slot=0
[VND] TX_SKIP busy/inflight tag=ADC0-ASY2
[VND] PREPARE_PAIR slot=0
[VND] PREPARE_PAIR slot=0
[VND] TX_SKIP busy/inflight tag=ADC0-ASY2
[VND] PREPARE_PAIR slot=0
[VND] PREPARE_PAIR slot=0
[VND] TX_SKIP busy/inflight tag=ADC0-ASY2
[VND] PREPARE_PAIR slot=0
[VND] PREPARE_PAIR slot=0
[VND] TX_SKIP busy/inflight tag=ADC0-ASY2
[VND] PREPARE_PAIR slot=0
[VND] PREPARE_PAIR slot=0
[VND] TX_SKIP busy/inflight tag=ADC0-ASY2
[VND] PREPARE_PAIR slot=0
[VND] PREPARE_PAIR slot=0
[VND] TX_SKIP busy/inflight tag=ADC0-ASY2
[VND] PREPARE_PAIR slot=0
[VND] PREPARE_PAIR slot=0
[VND] TX_SKIP busy/inflight tag=ADC0-ASY2
[VND] PREPARE_PAIR slot=0
[VND] PREPARE_PAIR slot=0
[VND] TX_SKIP busy/inflight tag=ADC0-ASY2
[VND] PREPARE_PAIR slot=0
[VND] PREPARE_PAIR slot=0
[VND] TX_SKIP busy/inflight tag=ADC0-ASY2
[VND] PREPARE_PAIR slot=0
[VND] PREPARE_PAIR slot=0
[VND] TX_SKIP busy/inflight tag=ADC0-ASY2
[VND] PREPARE_PAIR slot=0
[VND] PREPARE_PAIR slot=0
[VND] TX_SKIP busy/inflight tag=ADC0-ASY2
[VND] PREPARE_PAIR slot=0
[VND] PREPARE_PAIR slot=0
[VND] TX_SKIP busy/inflight tag=ADC0-ASY2
[VND] PREPARE_PAIR slot=0
[VND] PREPARE_PAIR slot=0
[VND] TX_SKIP busy/inflight tag=ADC0-ASY2
[VND] PREPARE_PAIR slot=0
[VND] PREPARE_PAIR slot=0
[VND] TX_SKIP busy/inflight tag=ADC0-ASY2
[VND] PREPARE_PAIR slot=0
[VND] PREPARE_PAIR slot=0
[VND] TX_SKIP busy/inflight tag=ADC0-ASY2
[VND] PREPARE_PAIR slot=0
[VND] PREPARE_PAIR slot=0
[VND] TX_SKIP busy/inflight tag=ADC0-ASY2
[VND] PREPARE_PAIR slot=0
[VND] PREPARE_PAIR slot=0
[VND] TX_SKIP busy/inflight tag=ADC0-ASY2
[VND] PREPARE_PAIR slot=0
[VND] PREPARE_PAIR slot=0
[VND] TX_SKIP busy/inflight tag=ADC0-ASY2
[VND] PREPARE_PAIR slot=0
[VND] PREPARE_PAIR slot=0
[VND] TX_SKIP busy/inflight tag=ADC0-ASY2
[VND] PREPARE_PAIR slot=0
[VND] PREPARE_PAIR slot=0
[VND] TX_SKIP busy/inflight tag=ADC0-ASY2
[VND] PREPARE_PAIR slot=0
[VND] PREPARE_PAIR slot=0
[VND] TX_SKIP busy/inflight tag=ADC0-ASY2
[VND] PREPARE_PAIR slot=0
[VND] PREPARE_PAIR slot=0
[VND] TX_SKIP busy/inflight tag=ADC0-ASY2
[VND] PREPARE_PAIR slot=0
[VND] PREPARE_PAIR slot=0
[VND] TX_SKIP busy/inflight tag=ADC0-ASY2
[VND] PREPARE_PAIR slot=0
[VND] PREPARE_PAIR slot=0
[VND] TX_SKIP busy/inflight tag=ADC0-ASY2
[VND] PREPARE_PAIR slot=0
[VND] PREPARE_PAIR slot=0
[VND] TX_SKIP busy/inflight tag=ADC0-ASY2
[VND] PREPARE_PAIR slot=0
[VND] PREPARE_PAIR slot=0
[VND] TX_SKIP busy/inflight tag=ADC0-ASY2
[VND] PREPARE_PAIR slot=0
[VND] PREPARE_PAIR slot=0
[VND] TX_SKIP busy/inflight tag=ADC0-ASY2
[VND] PREPARE_PAIR slot=0
[VND] PREPARE_PAIR slot=0
[VND] TX_SKIP busy/inflight tag=ADC0-ASY2
[VND] PREPARE_PAIR slot=0
[VND] PREPARE_PAIR slot=0
[VND] TX_SKIP busy/inflight tag=ADC0-ASY2
[VND] PREPARE_PAIR slot=0
[VND] PREPARE_PAIR slot=0
[VND] TX_SKIP busy/inflight tag=ADC0-ASY2
[VND] PREPARE_PAIR slot=0
[VND] PREPARE_PAIR slot=0
[VND] TX_SKIP busy/inflight tag=ADC0-ASY2
[VND] PREPARE_PAIR slot=0
[VND] PREPARE_PAIR slot=0
[VND] TX_SKIP busy/inflight tag=ADC0-ASY2
[VND] PREPARE_PAIR slot=0
[VND] PREPARE_PAIR slot=0
[VND] TX_SKIP busy/inflight tag=ADC0-ASY2
[VND] PREPARE_PAIR slot=0
[VND] PREPARE_PAIR slot=0
[VND] TX_SKIP busy/inflight tag=ADC0-ASY2
[VND] PREPARE_PAIR slot=0
[VND] PREPARE_PAIR slot=0
[VND] TX_SKIP busy/inflight tag=ADC0-ASY2
[VND] PREPARE_PAIR slot=0
[VND] PREPARE_PAIR slot=0
[VND] TX_SKIP busy/inflight tag=ADC0-ASY2
[VND] PREPARE_PAIR slot=0
[VND] PREPARE_PAIR slot=0
[VND] TX_SKIP busy/inflight tag=ADC0-ASY2
[VND] PREPARE_PAIR slot=0
[VND] PREPARE_PAIR slot=0
[VND] TX_SKIP busy/inflight tag=ADC0-ASY2
[VND] PREPARE_PAIR slot=0
[VND] PREPARE_PAIR slot=0
[VND] TX_SKIP busy/inflight tag=ADC0-ASY2
[VND] PREPARE_PAIR slot=0
[VND] PREPARE_PAIR slot=0
[VND] TX_SKIP busy/inflight tag=ADC0-ASY2
[VND] PREPARE_PAIR slot=0
[VND] PREPARE_PAIR slot=0
[VND] TX_SKIP busy/inflight tag=ADC0-ASY2
[VND] PREPARE_PAIR slot=0
[VND] PREPARE_PAIR slot=0
[VND] TX_SKIP busy/inflight tag=ADC0-ASY2
[VND] PREPARE_PAIR slot=0
[VND] PREPARE_PAIR slot=0
[VND] TX_SKIP busy/inflight tag=ADC0-ASY2
[VND] PREPARE_PAIR slot=0
[VND] PREPARE_PAIR slot=0
[VND] TX_SKIP busy/inflight tag=ADC0-ASY2
[VND] PREPARE_PAIR slot=0
[VND] PREPARE_PAIR slot=0
[VND] TX_SKIP busy/inflight tag=ADC0-ASY2
[VND] PREPARE_PAIR slot=0
[VND] PREPARE_PAIR slot=0
[VND] TX_SKIP busy/inflight tag=ADC0-ASY2
[VND] PREPARE_PAIR slot=0
[VND] PREPARE_PAIR slot=0
[VND] TX_SKIP busy/inflight tag=ADC0-ASY2
[VND] PREPARE_PAIR slot=0
[VND] PREPARE_PAIR slot=0
[VND] TX_SKIP busy/inflight tag=ADC0-ASY2
[VND] PREPARE_PAIR slot=0
[VND] PREPARE_PAIR slot=0
[VND] TX_SKIP busy/inflight tag=ADC0-ASY2
[VND] PREPARE_PAIR slot=0
[VND] PREPARE_PAIR slot=0
[VND] TX_SKIP busy/inflight tag=ADC0-ASY2
[VND] PREPARE_PAIR slot=0
[VND] PREPARE_PAIR slot=0
[VND] TX_SKIP busy/inflight tag=ADC0-ASY2
[VND] PREPARE_PAIR slot=0
[VND] PREPARE_PAIR slot=0
[VND] TX_SKIP busy/inflight tag=ADC0-ASY2
[VND] PREPARE_PAIR slot=0
[VND] PREPARE_PAIR slot=0
[VND] TX_SKIP busy/inflight tag=ADC0-ASY2
[VND] PREPARE_PAIR slot=0
[VND] PREPARE_PAIR slot=0
[VND] TX_SKIP busy/inflight tag=ADC0-ASY2
[VND] PREPARE_PAIR slot=0
[VND] PREPARE_PAIR slot=0
[VND] TX_SKIP busy/inflight tag=ADC0-ASY2
[VND] PREPARE_PAIR slot=0
[VND] PREPARE_PAIR slot=0
[VND] TX_SKIP busy/inflight tag=ADC0-ASY2
[VND] PREPARE_PAIR slot=0
[VND] PREPARE_PAIR slot=0
[VND] TX_SKIP busy/inflight tag=ADC0-ASY2
[VND] PREPARE_PAIR slot=0
[VND] PREPARE_PAIR slot=0
[VND] TX_SKIP busy/inflight tag=ADC0-ASY2
[VND] PREPARE_PAIR slot=0
[VND] PREPARE_PAIR slot=0
[VND] TX_SKIP busy/inflight tag=ADC0-ASY2
[VND] PREPARE_PAIR slot=0
[VND] PREPARE_PAIR slot=0
[VND] TX_SKIP busy/inflight tag=ADC0-ASY2
[VND] PREPARE_PAIR slot=0
[VND] PREPARE_PAIR slot=0
[VND] TX_SKIP busy/inflight tag=ADC0-ASY2
[VND] PREPARE_PAIR slot=0
[VND] PREPARE_PAIR slot=0
[VND] TX_SKIP busy/inflight tag=ADC0-ASY2
[VND] PREPARE_PAIR slot=0
[VND] PREPARE_PAIR slot=0
[VND] TX_SKIP busy/inflight tag=ADC0-ASY2
[VND] PREPARE_PAIR slot=0
[VND] PREPARE_PAIR slot=0
[VND] TX_SKIP busy/inflight tag=ADC0-ASY2
[VND] PREPARE_PAIR slot=0
[VND] PREPARE_PAIR slot=0
[VND] TX_SKIP busy/inflight tag=ADC0-ASY2
[VND] PREPARE_PAIR slot=0
[VND] PREPARE_PAIR slot=0
[VND] TX_SKIP busy/inflight tag=ADC0-ASY2
[VND] PREPARE_PAIR slot=0
[VND] PREPARE_PAIR slot=0
[VND] TX_SKIP busy/inflight tag=ADC0-ASY2
[VND] PREPARE_PAIR slot=0
[VND] PREPARE_PAIR slot=0
[VND] TX_SKIP busy/inflight tag=ADC0-ASY2
[VND] PREPARE_PAIR slot=0
[VND] PREPARE_PAIR slot=0
[VND] TX_SKIP busy/inflight tag=ADC0-ASY2
[VND] PREPARE_PAIR slot=0
[VND] PREPARE_PAIR slot=0
[VND] TX_SKIP busy/inflight tag=ADC0-ASY2
[VND] PREPARE_PAIR slot=0
[VND] PREPARE_PAIR slot=0
[VND] TX_SKIP busy/inflight tag=ADC0-ASY2
[VND] PREPARE_PAIR slot=0
[VND] PREPARE_PAIR slot=0
[VND] TX_SKIP busy/inflight tag=ADC0-ASY2
[VND] PREPARE_PAIR slot=0
[VND] PREPARE_PAIR slot=0
[VND] TX_SKIP busy/inflight tag=ADC0-ASY2
[VND] PREPARE_PAIR slot=0
[VND] PREPARE_PAIR slot=0
[VND] TX_SKIP busy/inflight tag=ADC0-ASY2
[VND] PREPARE_PAIR slot=0
[VND] PREPARE_PAIR slot=0
[VND] TX_SKIP busy/inflight tag=ADC0-ASY2
[VND] PREPARE_PAIR slot=0
[VND] PREPARE_PAIR slot=0
[VND] TX_SKIP busy/inflight tag=ADC0-ASY2
[VND] PREPARE_PAIR slot=0
[VND] PREPARE_PAIR slot=0
[VND] TX_SKIP busy/inflight tag=ADC0-ASY2
[VND] PREPARE_PAIR slot=0
[VND] PREPARE_PAIR slot=0
[VND] TX_SKIP busy/inflight tag=ADC0-ASY2
[VND] PREPARE_PAIR slot=0
[VND] PREPARE_PAIR slot=0
[VND] TX_SKIP busy/inflight tag=ADC0-ASY2
[VND] PREPARE_PAIR slot=0
[VND] PREPARE_PAIR slot=0
[VND] TX_SKIP busy/inflight tag=ADC0-ASY2
[VND] PREPARE_PAIR slot=0
[VND] PREPARE_PAIR slot=0
[VND] TX_SKIP busy/inflight tag=ADC0-ASY2
[VND] PREPARE_PAIR slot=0
[VND] PREPARE_PAIR slot=0
[VND] TX_SKIP busy/inflight tag=ADC0-ASY2
[VND] PREPARE_PAIR slot=0
[VND] PREPARE_PAIR slot=0
[VND] TX_SKIP busy/inflight tag=ADC0-ASY2
[VND] PREPARE_PAIR slot=0
[VND] PREPARE_PAIR slot=0
[VND] TX_SKIP busy/inflight tag=ADC0-ASY2
[VND] PREPARE_PAIR slot=0
[VND] PREPARE_PAIR slot=0
[VND] TX_SKIP busy/inflight tag=ADC0-ASY2
[VND] PREPARE_PAIR slot=0
[VND] PREPARE_PAIR slot=0
[VND] TX_SKIP busy/inflight tag=ADC0-ASY2
[VND] PREPARE_PAIR slot=0
[VND] PREPARE_PAIR slot=0
[VND] TX_SKIP busy/inflight tag=ADC0-ASY2
[VND] PREPARE_PAIR slot=0
[VND] PREPARE_PAIR slot=0
[VND] TX_SKIP busy/inflight tag=ADC0-ASY2
[VND] PREPARE_PAIR slot=0
[VND] PREPARE_PAIR slot=0
[VND] TX_SKIP busy/inflight tag=ADC0-ASY2
[VND] PREPARE_PAIR slot=0
[VND] PREPARE_PAIR slot=0
[VND] TX_SKIP busy/inflight tag=ADC0-ASY2
[VND] PREPARE_PAIR slot=0
[VND] PREPARE_PAIR slot=0
[VND] TX_SKIP busy/inflight tag=ADC0-ASY2
[VND] PREPARE_PAIR slot=0
[VND] PREPARE_PAIR slot=0
[VND] TX_SKIP busy/inflight tag=ADC0-ASY2
[VND] PREPARE_PAIR slot=0
[VND] PREPARE_PAIR slot=0
[VND] TX_SKIP busy/inflight tag=ADC0-ASY2
[VND] PREPARE_PAIR slot=0
[VND] PREPARE_PAIR slot=0
[VND] TX_SKIP busy/inflight tag=ADC0-ASY2
[VND] PREPARE_PAIR slot=0
[VND] PREPARE_PAIR slot=0
[VND] TX_SKIP busy/inflight tag=ADC0-ASY2
[VND] PREPARE_PAIR slot=0
[VND] PREPARE_PAIR slot=0
[VND] TX_SKIP busy/inflight tag=ADC0-ASY2
[VND] PREPARE_PAIR slot=0
[VND] PREPARE_PAIR slot=0
[VND] TX_SKIP busy/inflight tag=ADC0-ASY2
[VND] PREPARE_PAIR slot=0
[VND] PREPARE_PAIR slot=0
[VND] TX_SKIP busy/inflight tag=ADC0-ASY2
[VND] PREPARE_PAIR slot=0
[VND] PREPARE_PAIR slot=0
[VND] TX_SKIP busy/inflight tag=ADC0-ASY2
[VND] PREPARE_PAIR slot=0
[VND] PREPARE_PAIR slot=0
[VND] TX_SKIP busy/inflight tag=ADC0-ASY2
[VND] PREPARE_PAIR slot=0
[VND] PREPARE_PAIR slot=0
[VND] TX_SKIP busy/inflight tag=ADC0-ASY2
[VND] PREPARE_PAIR slot=0
[VND] PREPARE_PAIR slot=0
[VND] TX_SKIP busy/inflight tag=ADC0-ASY2
[VND] PREPARE_PAIR slot=0
[VND] PREPARE_PAIR slot=0
[VND] TX_SKIP busy/inflight tag=ADC0-ASY2
[VND] PREPARE_PAIR slot=0
[VND] PREPARE_PAIR slot=0
[VND] TX_SKIP busy/inflight tag=ADC0-ASY2
[VND] PREPARE_PAIR slot=0
[VND] PREPARE_PAIR slot=0
[VND] TX_SKIP busy/inflight tag=ADC0-ASY2
[VND] PREPARE_PAIR slot=0
[VND] PREPARE_PAIR slot=0
[VND] TX_SKIP busy/inflight tag=ADC0-ASY2
[VND] PREPARE_PAIR slot=0
[VND] PREPARE_PAIR slot=0
[VND] TX_SKIP busy/inflight tag=ADC0-ASY2
[VND] PREPARE_PAIR slot=0
[VND] PREPARE_PAIR slot=0
[VND] TX_SKIP busy/inflight tag=ADC0-ASY2
[VND] PREPARE_PAIR slot=0
[VND] PREPARE_PAIR slot=0
[VND] TX_SKIP busy/inflight tag=ADC0-ASY2
[VND] PREPARE_PAIR slot=0
[VND] PREPARE_PAIR slot=0
[VND] TX_SKIP busy/inflight tag=ADC0-ASY2
[VND] PREPARE_PAIR slot=0
[VND] PREPARE_PAIR slot=0
[VND] TX_SKIP busy/inflight tag=ADC0-ASY2
[VND] PREPARE_PAIR slot=0
[VND] PREPARE_PAIR slot=0
[VND] TX_SKIP busy/inflight tag=ADC0-ASY2
[VND] PREPARE_PAIR slot=0
[VND] PREPARE_PAIR slot=0
[VND] TX_SKIP busy/inflight tag=ADC0-ASY2
[VND] PREPARE_PAIR slot=0
[VND] PREPARE_PAIR slot=0
[VND] TX_SKIP busy/inflight tag=ADC0-ASY2
[VND] PREPARE_PAIR slot=0
[VND] PREPARE_PAIR slot=0
[VND] TX_SKIP busy/inflight tag=ADC0-ASY2
[VND] PREPARE_PAIR slot=0
[VND] PREPARE_PAIR slot=0
[VND] TX_SKIP busy/inflight tag=ADC0-ASY2
[VND] PREPARE_PAIR slot=0
[VND] PREPARE_PAIR slot=0
[VND] TX_SKIP busy/inflight tag=ADC0-ASY2
[VND] PREPARE_PAIR slot=0
[VND] PREPARE_PAIR slot=0
[VND] TX_SKIP busy/inflight tag=ADC0-ASY2
[VND] PREPARE_PAIR slot=0
[VND] PREPARE_PAIR slot=0
[VND] TX_SKIP busy/inflight tag=ADC0-ASY2
[VND] PREPARE_PAIR slot=0
[VND] PREPARE_PAIR slot=0
[VND] TX_SKIP busy/inflight tag=ADC0-ASY2
[VND] PREPARE_PAIR slot=0
[VND] PREPARE_PAIR slot=0
[VND] TX_SKIP busy/inflight tag=ADC0-ASY2
[VND] PREPARE_PAIR slot=0
[VND] PREPARE_PAIR slot=0
[VND] TX_SKIP busy/inflight tag=ADC0-ASY2
[VND] PREPARE_PAIR slot=0
[VND] PREPARE_PAIR slot=0
[VND] TX_SKIP busy/inflight tag=ADC0-ASY2
[VND] PREPARE_PAIR slot=0
[VND] PREPARE_PAIR slot=0
[VND] TX_SKIP busy/inflight tag=ADC0-ASY2
[VND] PREPARE_PAIR slot=0
[VND] PREPARE_PAIR slot=0
[VND] TX_SKIP busy/inflight tag=ADC0-ASY2
[VND] PREPARE_PAIR slot=0
[VND] PREPARE_PAIR slot=0
[VND] TX_SKIP busy/inflight tag=ADC0-ASY2
[VND] PREPARE_PAIR slot=0
[VND] PREPARE_PAIR slot=0
[VND] TX_SKIP busy/inflight tag=ADC0-ASY2
[VND] PREPARE_PAIR slot=0
[VND] PREPARE_PAIR slot=0
[VND] TX_SKIP busy/inflight tag=ADC0-ASY2
[VND] PREPARE_PAIR slot=0
[VND] PREPARE_PAIR slot=0
[VND] TX_SKIP busy/inflight tag=ADC0-ASY2
[VND] PREPARE_PAIR slot=0
[VND] PREPARE_PAIR slot=0
[VND] TX_SKIP busy/inflight tag=ADC0-ASY2
[VND] PREPARE_PAIR slot=0
[VND] PREPARE_PAIR slot=0
[VND] TX_SKIP busy/inflight tag=ADC0-ASY2
[VND] PREPARE_PAIR slot=0
[VND] PREPARE_PAIR slot=0
[VND] TX_SKIP busy/inflight tag=ADC0-ASY2
[VND] PREPARE_PAIR slot=0
[VND] PREPARE_PAIR slot=0
[VND] TX_SKIP busy/inflight tag=ADC0-ASY2
[VND] PREPARE_PAIR slot=0
[VND] PREPARE_PAIR slot=0
[VND] TX_SKIP busy/inflight tag=ADC0-ASY2
[VND] PREPARE_PAIR slot=0
[VND] PREPARE_PAIR slot=0
[VND] TX_SKIP busy/inflight tag=ADC0-ASY2
[VND] PREPARE_PAIR slot=0
[VND] PREPARE_PAIR slot=0
[VND] TX_SKIP busy/inflight tag=ADC0-ASY2
[VND] PREPARE_PAIR slot=0
[VND] PREPARE_PAIR slot=0
[VND] TX_SKIP busy/inflight tag=ADC0-ASY2
[VND] PREPARE_PAIR slot=0
[VND] PREPARE_PAIR slot=0
[VND] TX_SKIP busy/inflight tag=ADC0-ASY2
[VND] PREPARE_PAIR slot=0
[VND] PREPARE_PAIR slot=0
[VND] TX_SKIP busy/inflight tag=ADC0-ASY2
[VND] PREPARE_PAIR slot=0
[VND] PREPARE_PAIR slot=0
[VND] TX_SKIP busy/inflight tag=ADC0-ASY2
[VND] PREPARE_PAIR slot=0
[VND] PREPARE_PAIR slot=0
[VND] TX_SKIP busy/inflight tag=ADC0-ASY2
[VND] PREPARE_PAIR slot=0
[VND] PREPARE_PAIR slot=0
[VND] TX_SKIP busy/inflight tag=ADC0-ASY2
[VND] PREPARE_PAIR slot=0
[VND] PREPARE_PAIR slot=0
[VND] TX_SKIP busy/inflight tag=ADC0-ASY2
[VND] PREPARE_PAIR slot=0
[VND] PREPARE_PAIR slot=0
[VND] TX_SKIP busy/inflight tag=ADC0-ASY2
[VND] PREPARE_PAIR slot=0
[VND] PREPARE_PAIR slot=0
[VND] TX_SKIP busy/inflight tag=ADC0-ASY2
[VND] PREPARE_PAIR slot=0
[VND] PREPARE_PAIR slot=0
[VND] TX_SKIP busy/inflight tag=ADC0-ASY2
[VND] PREPARE_PAIR slot=0
[VND] PREPARE_PAIR slot=0
[VND] TX_SKIP busy/inflight tag=ADC0-ASY2
[VND] PREPARE_PAIR slot=0
[VND] PREPARE_PAIR slot=0
[VND] TX_SKIP busy/inflight tag=ADC0-ASY2
[VND] PREPARE_PAIR slot=0
[VND] PREPARE_PAIR slot=0
[VND] TX_SKIP busy/inflight tag=ADC0-ASY2
[VND] PREPARE_PAIR slot=0
[VND] PREPARE_PAIR slot=0
[VND] TX_SKIP busy/inflight tag=ADC0-ASY2
[VND] PREPARE_PAIR slot=0
[VND] PREPARE_PAIR slot=0
[VND] TX_SKIP busy/inflight tag=ADC0-ASY2
[VND] PREPARE_PAIR slot=0
[VND] PREPARE_PAIR slot=0
[VND] TX_SKIP busy/inflight tag=ADC0-ASY2
[VND] PREPARE_PAIR slot=0
[VND] PREPARE_PAIR slot=0
[VND] TX_SKIP busy/inflight tag=ADC0-ASY2
[VND] PREPARE_PAIR slot=0
[VND] PREPARE_PAIR slot=0
[VND] TX_SKIP busy/inflight tag=ADC0-ASY2
[VND] PREPARE_PAIR slot=0
[VND] PREPARE_PAIR slot=0
[VND] TX_SKIP busy/inflight tag=ADC0-ASY2
[VND] PREPARE_PAIR slot=0
[VND] PREPARE_PAIR slot=0
[VND] TX_SKIP busy/inflight tag=ADC0-ASY2
[VND] PREPARE_PAIR slot=0
[VND] PREPARE_PAIR slot=0
[VND] TX_SKIP busy/inflight tag=ADC0-ASY2
[VND] PREPARE_PAIR slot=0
[VND] PREPARE_PAIR slot=0
[VND] TX_SKIP busy/inflight tag=ADC0-ASY2
[VND] PREPARE_PAIR slot=0
[VND] PREPARE_PAIR slot=0
[VND] TX_SKIP busy/inflight tag=ADC0-ASY2
[VND] PREPARE_PAIR slot=0
[VND] PREPARE_PAIR slot=0
[VND] TX_SKIP busy/inflight tag=ADC0-ASY2
[VND] PREPARE_PAIR slot=0
[VND] PREPARE_PAIR slot=0
[VND] TX_SKIP busy/inflight tag=ADC0-ASY2
[VND] PREPARE_PAIR slot=0
[VND] PREPARE_PAIR slot=0
[VND] TX_SKIP busy/inflight tag=ADC0-ASY2
[VND] PREPARE_PAIR slot=0
[VND] PREPARE_PAIR slot=0
[VND] TX_SKIP busy/inflight tag=ADC0-ASY2
[VND] PREPARE_PAIR slot=0
[VND] PREPARE_PAIR slot=0
[VND] TX_SKIP busy/inflight tag=ADC0-ASY2
[VND] PREPARE_PAIR slot=0
[VND] PREPARE_PAIR slot=0
[VND] TX_SKIP busy/inflight tag=ADC0-ASY2
[VND] PREPARE_PAIR slot=0
[VND] PREPARE_PAIR slot=0
[VND] TX_SKIP busy/inflight tag=ADC0-ASY2
[VND] PREPARE_PAIR slot=0
[VND] PREPARE_PAIR slot=0
[VND] TX_SKIP busy/inflight tag=ADC0-ASY2
[VND] PREPARE_PAIR slot=0
[VND] PREPARE_PAIR slot=0
[VND] TX_SKIP busy/inflight tag=ADC0-ASY2
[VND] PREPARE_PAIR slot=0
[VND] PREPARE_PAIR slot=0
[VND] TX_SKIP busy/inflight tag=ADC0-ASY2
[VND] PREPARE_PAIR slot=0
[VND] PREPARE_PAIR slot=0
[VND] TX_SKIP busy/inflight tag=ADC0-ASY2
[VND] PREPARE_PAIR slot=0
[VND] PREPARE_PAIR slot=0
[VND] TX_SKIP busy/inflight tag=ADC0-ASY2
[VND] PREPARE_PAIR slot=0
[VND] PREPARE_PAIR slot=0
[VND] TX_SKIP busy/inflight tag=ADC0-ASY2
[VND] PREPARE_PAIR slot=0
[VND] PREPARE_PAIR slot=0
[VND] TX_SKIP busy/inflight tag=ADC0-ASY2
[VND] PREPARE_PAIR slot=0
[VND] PREPARE_PAIR slot=0
[VND] TX_SKIP busy/inflight tag=ADC0-ASY2
[VND] PREPARE_PAIR slot=0
[VND] PREPARE_PAIR slot=0
[VND] TX_SKIP busy/inflight tag=ADC0-ASY2
[VND] PREPARE_PAIR slot=0
[VND] PREPARE_PAIR slot=0
[VND] TX_SKIP busy/inflight tag=ADC0-ASY2
[VND] PREPARE_PAIR slot=0
[VND] PREPARE_PAIR slot=0
[VND] TX_SKIP busy/inflight tag=ADC0-ASY2
[VND] PREPARE_PAIR slot=0
[VND] PREPARE_PAIR slot=0
[VND] TX_SKIP busy/inflight tag=ADC0-ASY2
[VND] PREPARE_PAIR slot=0
[VND] PREPARE_PAIR slot=0
[VND] TX_SKIP busy/inflight tag=ADC0-ASY2
[VND] PREPARE_PAIR slot=0
[VND] PREPARE_PAIR slot=0
[VND] TX_SKIP busy/inflight tag=ADC0-ASY2
[VND] PREPARE_PAIR slot=0
[VND] PREPARE_PAIR slot=0
[VND] TX_SKIP busy/inflight tag=ADC0-ASY2
[VND] PREPARE_PAIR slot=0
[VND] PREPARE_PAIR slot=0
[VND] TX_SKIP busy/inflight tag=ADC0-ASY2
[VND] PREPARE_PAIR slot=0
[VND] PREPARE_PAIR slot=0
[VND] TX_SKIP busy/inflight tag=ADC0-ASY2
[VND] PREPARE_PAIR slot=0
[VND] PREPARE_PAIR slot=0
[VND] TX_SKIP busy/inflight tag=ADC0-ASY2
[VND] PREPARE_PAIR slot=0
[VND] PREPARE_PAIR slot=0
[VND] TX_SKIP busy/inflight tag=ADC0-ASY2
[VND] PREPARE_PAIR slot=0
[VND] PREPARE_PAIR slot=0
[VND] TX_SKIP busy/inflight tag=ADC0-ASY2
[VND] PREPARE_PAIR slot=0
[VND] PREPARE_PAIR slot=0
[VND] TX_SKIP busy/inflight tag=ADC0-ASY2
[VND] PREPARE_PAIR slot=0
[VND] PREPARE_PAIR slot=0
[VND] TX_SKIP busy/inflight tag=ADC0-ASY2
[VND] PREPARE_PAIR slot=0
[VND] PREPARE_PAIR slot=0
[VND] TX_SKIP busy/inflight tag=ADC0-ASY2
[VND] PREPARE_PAIR slot=0
[VND] PREPARE_PAIR slot=0
[VND] TX_SKIP busy/inflight tag=ADC0-ASY2
[VND] PREPARE_PAIR slot=0
[VND] PREPARE_PAIR slot=0
[VND] TX_SKIP busy/inflight tag=ADC0-ASY2
[VND] PREPARE_PAIR slot=0
[VND] PREPARE_PAIR slot=0
[VND] TX_SKIP busy/inflight tag=ADC0-ASY2
[VND] PREPARE_PAIR slot=0
[VND] PREPARE_PAIR slot=0
[VND] TX_SKIP busy/inflight tag=ADC0-ASY2
[VND] PREPARE_PAIR slot=0
[VND] PREPARE_PAIR slot=0
[VND] TX_SKIP busy/inflight tag=ADC0-ASY2
[VND] PREPARE_PAIR slot=0
[VND] PREPARE_PAIR slot=0
[VND] TX_SKIP busy/inflight tag=ADC0-ASY2
[VND] PREPARE_PAIR slot=0
[VND] PREPARE_PAIR slot=0
[VND] TX_SKIP busy/inflight tag=ADC0-ASY2
[VND] PREPARE_PAIR slot=0
[VND] PREPARE_PAIR slot=0
[VND] TX_SKIP busy/inflight tag=ADC0-ASY2
[VND] PREPARE_PAIR slot=0
[VND] PREPARE_PAIR slot=0
[VND] TX_SKIP busy/inflight tag=ADC0-ASY2
[VND] PREPARE_PAIR slot=0
[VND] PREPARE_PAIR slot=0
[VND] TX_SKIP busy/inflight tag=ADC0-ASY2
[VND] PREPARE_PAIR slot=0
[VND] PREPARE_PAIR slot=0
[VND] TX_SKIP busy/inflight tag=ADC0-ASY2
[VND] PREPARE_PAIR slot=0
[VND] PREPARE_PAIR slot=0
[VND] TX_SKIP busy/inflight tag=ADC0-ASY2
[VND] PREPARE_PAIR slot=0
[VND] PREPARE_PAIR slot=0
[VND] TX_SKIP busy/inflight tag=ADC0-ASY2
[VND] PREPARE_PAIR slot=0
[VND] PREPARE_PAIR slot=0
[VND] TX_SKIP busy/inflight tag=ADC0-ASY2
[VND] PREPARE_PAIR slot=0
[VND] PREPARE_PAIR slot=0
[VND] TX_SKIP busy/inflight tag=ADC0-ASY2
[VND] PREPARE_PAIR slot=0
[VND] PREPARE_PAIR slot=0
[VND] TX_SKIP busy/inflight tag=ADC0-ASY2
[VND] PREPARE_PAIR slot=0
[VND] PREPARE_PAIR slot=0
[VND] TX_SKIP busy/inflight tag=ADC0-ASY2
[VND] PREPARE_PAIR slot=0
[VND] PREPARE_PAIR slot=0
[VND] TX_SKIP busy/inflight tag=ADC0-ASY2
[VND] PREPARE_PAIR slot=0
[VND] PREPARE_PAIR slot=0
[VND] TX_SKIP busy/inflight tag=ADC0-ASY2
[VND] PREPARE_PAIR slot=0
[VND] PREPARE_PAIR slot=0
[VND] TX_SKIP busy/inflight tag=ADC0-ASY2
[VND] PREPARE_PAIR slot=0
[VND] PREPARE_PAIR slot=0
[VND] TX_SKIP busy/inflight tag=ADC0-ASY2
[VND] PREPARE_PAIR slot=0
[VND] PREPARE_PAIR slot=0
[VND] TX_SKIP busy/inflight tag=ADC0-ASY2
[VND] PREPARE_PAIR slot=0
[VND] PREPARE_PAIR slot=0
[VND] TX_SKIP busy/inflight tag=ADC0-ASY2
[VND] PREPARE_PAIR slot=0
[VND] PREPARE_PAIR slot=0
[VND] TX_SKIP busy/inflight tag=ADC0-ASY2
[VND] PREPARE_PAIR slot=0
[VND] PREPARE_PAIR slot=0
[VND] TX_SKIP busy/inflight tag=ADC0-ASY2
[VND] PREPARE_PAIR slot=0
[VND] PREPARE_PAIR slot=0
[VND] TX_SKIP busy/inflight tag=ADC0-ASY2
[VND] PREPARE_PAIR slot=0
[VND] PREPARE_PAIR slot=0
[VND] TX_SKIP busy/inflight tag=ADC0-ASY2
[VND] PREPARE_PAIR slot=0
[VND] PREPARE_PAIR slot=0
[VND] TX_SKIP busy/inflight tag=ADC0-ASY2
[VND] PREPARE_PAIR slot=0
[VND] PREPARE_PAIR slot=0
[VND] TX_SKIP busy/inflight tag=ADC0-ASY2
[VND] PREPARE_PAIR slot=0
[VND] PREPARE_PAIR slot=0
[VND] TX_SKIP busy/inflight tag=ADC0-ASY2
[VND] PREPARE_PAIR slot=0
[VND] PREPARE_PAIR slot=0
[VND] TX_SKIP busy/inflight tag=ADC0-ASY2
[VND] PREPARE_PAIR slot=0
[VND] PREPARE_PAIR slot=0
[VND] TX_SKIP busy/inflight tag=ADC0-ASY2
[VND] PREPARE_PAIR slot=0
[VND] PREPARE_PAIR slot=0
[VND] TX_SKIP busy/inflight tag=ADC0-ASY2
[VND] PREPARE_PAIR slot=0
[VND] PREPARE_PAIR slot=0
[VND] TX_SKIP busy/inflight tag=ADC0-ASY2
[VND] PREPARE_PAIR slot=0
[VND] PREPARE_PAIR slot=0
[VND] TX_SKIP busy/inflight tag=ADC0-ASY2
[VND] PREPARE_PAIR slot=0
[VND] PREPARE_PAIR slot=0
[VND] TX_SKIP busy/inflight tag=ADC0-ASY2
[VND] PREPARE_PAIR slot=0
[VND] PREPARE_PAIR slot=0
[VND] TX_SKIP busy/inflight tag=ADC0-ASY2
[VND] PREPARE_PAIR slot=0
[VND] PREPARE_PAIR slot=0
[VND] TX_SKIP busy/inflight tag=ADC0-ASY2
[VND] PREPARE_PAIR slot=0
[VND] PREPARE_PAIR slot=0
[VND] TX_SKIP busy/inflight tag=ADC0-ASY2
[VND] PREPARE_PAIR slot=0
[VND] PREPARE_PAIR slot=0
[VND] TX_SKIP busy/inflight tag=ADC0-ASY2
[VND] PREPARE_PAIR slot=0
[VND] PREPARE_PAIR slot=0
[VND] TX_SKIP busy/inflight tag=ADC0-ASY2
[VND] PREPARE_PAIR slot=0
[VND] PREPARE_PAIR slot=0
[VND] TX_SKIP busy/inflight tag=ADC0-ASY2
[VND] PREPARE_PAIR slot=0
[VND] PREPARE_PAIR slot=0
[VND] TX_SKIP busy/inflight tag=ADC0-ASY2
[VND] PREPARE_PAIR slot=0
[VND] PREPARE_PAIR slot=0
[VND] TX_SKIP busy/inflight tag=ADC0-ASY2
[VND] PREPARE_PAIR slot=0
[VND] PREPARE_PAIR slot=0
[VND] TX_SKIP busy/inflight tag=ADC0-ASY2
[VND] PREPARE_PAIR slot=0
[VND] PREPARE_PAIR slot=0
[VND] TX_SKIP busy/inflight tag=ADC0-ASY2
[VND] PREPARE_PAIR slot=0
[VND] PREPARE_PAIR slot=0
[VND] TX_SKIP busy/inflight tag=ADC0-ASY2
[VND] PREPARE_PAIR slot=0
[VND] PREPARE_PAIR slot=0
[VND] TX_SKIP busy/inflight tag=ADC0-ASY2
[VND] PREPARE_PAIR slot=0
[VND] PREPARE_PAIR slot=0
[VND] TX_SKIP busy/inflight tag=ADC0-ASY2
[VND] PREPARE_PAIR slot=0
[VND] PREPARE_PAIR slot=0
[VND] TX_SKIP busy/inflight tag=ADC0-ASY2
[VND] PREPARE_PAIR slot=0
[VND] PREPARE_PAIR slot=0
[VND] TX_SKIP busy/inflight tag=ADC0-ASY2
[VND] PREPARE_PAIR slot=0
[VND] PREPARE_PAIR slot=0
[VND] TX_SKIP busy/inflight tag=ADC0-ASY2
[VND] PREPARE_PAIR slot=0
[VND] PREPARE_PAIR slot=0
[VND] TX_SKIP busy/inflight tag=ADC0-ASY2
[VND] PREPARE_PAIR slot=0
[VND] PREPARE_PAIR slot=0
[VND] TX_SKIP busy/inflight tag=ADC0-ASY2
[VND] PREPARE_PAIR slot=0
[VND] PREPARE_PAIR slot=0
[VND] TX_SKIP busy/inflight tag=ADC0-ASY2
[VND] PREPARE_PAIR slot=0
[VND] PREPARE_PAIR slot=0
[VND] TX_SKIP busy/inflight tag=ADC0-ASY2
[VND] PREPARE_PAIR slot=0
[VND] PREPARE_PAIR slot=0
[VND] TX_SKIP busy/inflight tag=ADC0-ASY2
[VND] PREPARE_PAIR slot=0
[VND] PREPARE_PAIR slot=0
[VND] TX_SKIP busy/inflight tag=ADC0-ASY2
[VND] PREPARE_PAIR slot=0
[VND] PREPARE_PAIR slot=0
[VND] TX_SKIP busy/inflight tag=ADC0-ASY2
[VND] PREPARE_PAIR slot=0
[VND] PREPARE_PAIR slot=0
[VND] TX_SKIP busy/inflight tag=ADC0-ASY2
[VND] PREPARE_PAIR slot=0
[VND] PREPARE_PAIR slot=0
[VND] TX_SKIP busy/inflight tag=ADC0-ASY2
[VND] PREPARE_PAIR slot=0
[VND] PREPARE_PAIR slot=0
[VND] TX_SKIP busy/inflight tag=ADC0-ASY2
[VND] PREPARE_PAIR slot=0
[VND] PREPARE_PAIR slot=0
[VND] TX_SKIP busy/inflight tag=ADC0-ASY2
[VND] PREPARE_PAIR slot=0
[VND] PREPARE_PAIR slot=0
[VND] TX_SKIP busy/inflight tag=ADC0-ASY2
[VND] PREPARE_PAIR slot=0
[VND] PREPARE_PAIR slot=0
[VND] TX_SKIP busy/inflight tag=ADC0-ASY2
[VND] PREPARE_PAIR slot=0
[VND] PREPARE_PAIR slot=0
[VND] TX_SKIP busy/inflight tag=ADC0-ASY2
[VND] PREPARE_PAIR slot=0
[VND] PREPARE_PAIR slot=0
[VND] TX_SKIP busy/inflight tag=ADC0-ASY2
[VND] PREPARE_PAIR slot=0
[VND] PREPARE_PAIR slot=0
[VND] TX_SKIP busy/inflight tag=ADC0-ASY2
[VND] PREPARE_PAIR slot=0
[VND] PREPARE_PAIR slot=0
[VND] TX_SKIP busy/inflight tag=ADC0-ASY2
[VND] PREPARE_PAIR slot=0
[VND] PREPARE_PAIR slot=0
[VND] TX_SKIP busy/inflight tag=ADC0-ASY2
[VND] PREPARE_PAIR slot=0
[VND] PREPARE_PAIR slot=0
[VND] TX_SKIP busy/inflight tag=ADC0-ASY2
[VND] PREPARE_PAIR slot=0
[VND] PREPARE_PAIR slot=0
[VND] TX_SKIP busy/inflight tag=ADC0-ASY2
[VND] PREPARE_PAIR slot=0
[VND] PREPARE_PAIR slot=0
[VND] TX_SKIP busy/inflight tag=ADC0-ASY2
[VND] PREPARE_PAIR slot=0
[VND] PREPARE_PAIR slot=0
[VND] TX_SKIP busy/inflight tag=ADC0-ASY2
[VND] PREPARE_PAIR slot=0
[VND] PREPARE_PAIR slot=0
[VND] TX_SKIP busy/inflight tag=ADC0-ASY2
[VND] PREPARE_PAIR slot=0
[VND] PREPARE_PAIR slot=0
[VND] TX_SKIP busy/inflight tag=ADC0-ASY2
[VND] PREPARE_PAIR slot=0
[VND] PREPARE_PAIR slot=0
[VND] TX_SKIP busy/inflight tag=ADC0-ASY2
[VND] PREPARE_PAIR slot=0
[VND] PREPARE_PAIR slot=0
[VND] TX_SKIP busy/inflight tag=ADC0-ASY2
[VND] PREPARE_PAIR slot=0
[VND] PREPARE_PAIR slot=0
[VND] TX_SKIP busy/inflight tag=ADC0-ASY2
[VND] PREPARE_PAIR slot=0
[VND] PREPARE_PAIR slot=0
[VND] TX_SKIP busy/inflight tag=ADC0-ASY2
[VND] PREPARE_PAIR slot=0
[VND] PREPARE_PAIR slot=0
[VND] TX_SKIP busy/inflight tag=ADC0-ASY2
[VND] PREPARE_PAIR slot=0
[VND] PREPARE_PAIR slot=0
[VND] TX_SKIP busy/inflight tag=ADC0-ASY2
[VND] PREPARE_PAIR slot=0
[VND] PREPARE_PAIR slot=0
[VND] TX_SKIP busy/inflight tag=ADC0-ASY2
[VND] PREPARE_PAIR slot=0
[VND] PREPARE_PAIR slot=0
[VND] TX_SKIP busy/inflight tag=ADC0-ASY2
[VND] PREPARE_PAIR slot=0
[VND] PREPARE_PAIR slot=0
[VND] TX_SKIP busy/inflight tag=ADC0-ASY2
[VND] PREPARE_PAIR slot=0
[VND] PREPARE_PAIR slot=0
[VND] TX_SKIP busy/inflight tag=ADC0-ASY2
[VND] PREPARE_PAIR slot=0
[VND] PREPARE_PAIR slot=0
[VND] TX_SKIP busy/inflight tag=ADC0-ASY2
[VND] PREPARE_PAIR slot=0
[VND] PREPARE_PAIR slot=0
[VND] TX_SKIP busy/inflight tag=ADC0-ASY2
[VND] PREPARE_PAIR slot=0
[VND] PREPARE_PAIR slot=0
[VND] TX_SKIP busy/inflight tag=ADC0-ASY2
[VND] PREPARE_PAIR slot=0
[VND] PREPARE_PAIR slot=0
[VND] TX_SKIP busy/inflight tag=ADC0-ASY2
[VND] PREPARE_PAIR slot=0
[VND] PREPARE_PAIR slot=0
[VND] TX_SKIP busy/inflight tag=ADC0-ASY2
[VND] PREPARE_PAIR slot=0
[VND] PREPARE_PAIR slot=0
[VND] TX_SKIP busy/inflight tag=ADC0-ASY2
[VND] PREPARE_PAIR slot=0
[VND] PREPARE_PAIR slot=0
[VND] TX_SKIP busy/inflight tag=ADC0-ASY2
[VND] PREPARE_PAIR slot=0
[VND] PREPARE_PAIR slot=0
[VND] TX_SKIP busy/inflight tag=ADC0-ASY2
[VND] PREPARE_PAIR slot=0
[VND] PREPARE_PAIR slot=0
[VND] TX_SKIP busy/inflight tag=ADC0-ASY2
[VND] PREPARE_PAIR slot=0
[VND] PREPARE_PAIR slot=0
[VND] TX_SKIP busy/inflight tag=ADC0-ASY2
[VND] PREPARE_PAIR slot=0
[VND] PREPARE_PAIR slot=0
[VND] TX_SKIP busy/inflight tag=ADC0-ASY2
[VND] PREPARE_PAIR slot=0
[VND] PREPARE_PAIR slot=0
[VND] TX_SKIP busy/inflight tag=ADC0-ASY2
[VND] PREPARE_PAIR slot=0
[VND] PREPARE_PAIR slot=0
[VND] TX_SKIP busy/inflight tag=ADC0-ASY2
[VND] PREPARE_PAIR slot=0
[VND] PREPARE_PAIR slot=0
[VND] TX_SKIP busy/inflight tag=ADC0-ASY2
[VND] PREPARE_PAIR slot=0
[VND] PREPARE_PAIR slot=0
[VND] TX_SKIP busy/inflight tag=ADC0-ASY2
[VND] PREPARE_PAIR slot=0
[VND] PREPARE_PAIR slot=0
[VND] TX_SKIP busy/inflight tag=ADC0-ASY2
[VND] PREPARE_PAIR slot=0
[VND] PREPARE_PAIR slot=0
[VND] TX_SKIP busy/inflight tag=ADC0-ASY2
[VND] PREPARE_PAIR slot=0
[VND] PREPARE_PAIR slot=0
[VND] TX_SKIP busy/inflight tag=ADC0-ASY2
[VND] PREPARE_PAIR slot=0
[VND] PREPARE_PAIR slot=0
[VND] TX_SKIP busy/inflight tag=ADC0-ASY2
[VND] PREPARE_PAIR slot=0
[VND] PREPARE_PAIR slot=0
[VND] TX_SKIP busy/inflight tag=ADC0-ASY2
[VND] PREPARE_PAIR slot=0
[VND] PREPARE_PAIR slot=0
[VND] TX_SKIP busy/inflight tag=ADC0-ASY2
[VND] PREPARE_PAIR slot=0
[VND] PREPARE_PAIR slot=0
[VND] TX_SKIP busy/inflight tag=ADC0-ASY2
[VND] PREPARE_PAIR slot=0
[VND] PREPARE_PAIR slot=0
[VND] TX_SKIP busy/inflight tag=ADC0-ASY2
[VND] PREPARE_PAIR slot=0
[VND] PREPARE_PAIR slot=0
[VND] TX_SKIP busy/inflight tag=ADC0-ASY2
[VND] PREPARE_PAIR slot=0
[VND] PREPARE_PAIR slot=0
[VND] TX_SKIP busy/inflight tag=ADC0-ASY2
[VND] PREPARE_PAIR slot=0
[VND] PREPARE_PAIR slot=0
[VND] TX_SKIP busy/inflight tag=ADC0-ASY2
[VND] PREPARE_PAIR slot=0
[VND] PREPARE_PAIR slot=0
[VND] TX_SKIP busy/inflight tag=ADC0-ASY2
[VND] PREPARE_PAIR slot=0
[VND] PREPARE_PAIR slot=0
[VND] TX_SKIP busy/inflight tag=ADC0-ASY2
[VND] PREPARE_PAIR slot=0
[VND] PREPARE_PAIR slot=0
[VND] TX_SKIP busy/inflight tag=ADC0-ASY2
[VND] PREPARE_PAIR slot=0
[VND] PREPARE_PAIR slot=0
[VND] TX_SKIP busy/inflight tag=ADC0-ASY2
[VND] PREPARE_PAIR slot=0
[VND] PREPARE_PAIR slot=0
[VND] TX_SKIP busy/inflight tag=ADC0-ASY2
[VND] PREPARE_PAIR slot=0
[VND] PREPARE_PAIR slot=0
[VND] TX_SKIP busy/inflight tag=ADC0-ASY2
[VND] PREPARE_PAIR slot=0
[VND] PREPARE_PAIR slot=0
[VND] TX_SKIP busy/inflight tag=ADC0-ASY2
[VND] PREPARE_PAIR slot=0
[VND] PREPARE_PAIR slot=0
[VND] TX_SKIP busy/inflight tag=ADC0-ASY2
[VND] PREPARE_PAIR slot=0
[VND] PREPARE_PAIR slot=0
[VND] TX_SKIP busy/inflight tag=ADC0-ASY2
[VND] PREPARE_PAIR slot=0
[VND] PREPARE_PAIR slot=0
[VND] TX_SKIP busy/inflight tag=ADC0-ASY2
[VND] PREPARE_PAIR slot=0
[VND] PREPARE_PAIR slot=0
[VND] TX_SKIP busy/inflight tag=ADC0-ASY2
[VND] PREPARE_PAIR slot=0
[VND] PREPARE_PAIR slot=0
[VND] TX_SKIP busy/inflight tag=ADC0-ASY2
[VND] PREPARE_PAIR slot=0
[VND] PREPARE_PAIR slot=0
[VND] TX_SKIP busy/inflight tag=ADC0-ASY2
[VND] PREPARE_PAIR slot=0
[VND] PREPARE_PAIR slot=0
[VND] TX_SKIP busy/inflight tag=ADC0-ASY2
[VND] PREPARE_PAIR slot=0
[VND] PREPARE_PAIR slot=0
[VND] TX_SKIP busy/inflight tag=ADC0-ASY2
[VND] PREPARE_PAIR slot=0
[VND] PREPARE_PAIR slot=0
[VND] TX_SKIP busy/inflight tag=ADC0-ASY2
[VND] PREPARE_PAIR slot=0
[VND] PREPARE_PAIR slot=0
[VND] TX_SKIP busy/inflight tag=ADC0-ASY2
[VND] PREPARE_PAIR slot=0
[VND] PREPARE_PAIR slot=0
[VND] TX_SKIP busy/inflight tag=ADC0-ASY2
[VND] PREPARE_PAIR slot=0
[VND] PREPARE_PAIR slot=0
[VND] TX_SKIP busy/inflight tag=ADC0-ASY2
[VND] PREPARE_PAIR slot=0
[VND] PREPARE_PAIR slot=0
[VND] TX_SKIP busy/inflight tag=ADC0-ASY2
[VND] PREPARE_PAIR slot=0
[VND] PREPARE_PAIR slot=0
[VND] TX_SKIP busy/inflight tag=ADC0-ASY2
[VND] PREPARE_PAIR slot=0
[VND] PREPARE_PAIR slot=0
[VND] TX_SKIP busy/inflight tag=ADC0-ASY2
[VND] PREPARE_PAIR slot=0
[VND] PREPARE_PAIR slot=0
[VND] TX_SKIP busy/inflight tag=ADC0-ASY2
[VND] PREPARE_PAIR slot=0
[VND] PREPARE_PAIR slot=0
[VND] TX_SKIP busy/inflight tag=ADC0-ASY2
[VND] PREPARE_PAIR slot=0
[VND] PREPARE_PAIR slot=0
[VND] TX_SKIP busy/inflight tag=ADC0-ASY2
[VND] PREPARE_PAIR slot=0
[VND] PREPARE_PAIR slot=0
[VND] TX_SKIP busy/inflight tag=ADC0-ASY2
[VND] PREPARE_PAIR slot=0
[VND] PREPARE_PAIR slot=0
[VND] TX_SKIP busy/inflight tag=ADC0-ASY2
[VND] PREPARE_PAIR slot=0
[VND] PREPARE_PAIR slot=0
[VND] TX_SKIP busy/inflight tag=ADC0-ASY2
[VND] PREPARE_PAIR slot=0
[VND] PREPARE_PAIR slot=0
[VND] TX_SKIP busy/inflight tag=ADC0-ASY2
[VND] PREPARE_PAIR slot=0
[VND] PREPARE_PAIR slot=0
[VND] TX_SKIP busy/inflight tag=ADC0-ASY2
[VND] PREPARE_PAIR slot=0
[VND] PREPARE_PAIR slot=0
[VND] TX_SKIP busy/inflight tag=ADC0-ASY2
[VND] PREPARE_PAIR slot=0
[VND] PREPARE_PAIR slot=0
[VND] TX_SKIP busy/inflight tag=ADC0-ASY2
[VND] PREPARE_PAIR slot=0
[VND] PREPARE_PAIR slot=0
[VND] TX_SKIP busy/inflight tag=ADC0-ASY2
[VND] PREPARE_PAIR slot=0
[VND] PREPARE_PAIR slot=0
[VND] TX_SKIP busy/inflight tag=ADC0-ASY2
[VND] PREPARE_PAIR slot=0
[VND] PREPARE_PAIR slot=0
[VND] TX_SKIP busy/inflight tag=ADC0-ASY2
[VND] PREPARE_PAIR slot=0
[VND] PREPARE_PAIR slot=0
[VND] TX_SKIP busy/inflight tag=ADC0-ASY2
[VND] PREPARE_PAIR slot=0
[VND] PREPARE_PAIR slot=0
[VND] TX_SKIP busy/inflight tag=ADC0-ASY2
[VND] PREPARE_PAIR slot=0
[VND] PREPARE_PAIR slot=0
[VND] TX_SKIP busy/inflight tag=ADC0-ASY2
[VND] PREPARE_PAIR slot=0
[VND] PREPARE_PAIR slot=0
[VND] TX_SKIP busy/inflight tag=ADC0-ASY2
[VND] PREPARE_PAIR slot=0
[VND] PREPARE_PAIR slot=0
[VND] TX_SKIP busy/inflight tag=ADC0-ASY2
[VND] PREPARE_PAIR slot=0
[VND] PREPARE_PAIR slot=0
[VND] TX_SKIP busy/inflight tag=ADC0-ASY2
[VND] PREPARE_PAIR slot=0
[VND] PREPARE_PAIR slot=0
[VND] TX_SKIP busy/inflight tag=ADC0-ASY2
[VND] PREPARE_PAIR slot=0
[VND] PREPARE_PAIR slot=0
[VND] TX_SKIP busy/inflight tag=ADC0-ASY2
[VND] PREPARE_PAIR slot=0
[VND] PREPARE_PAIR slot=0
[VND] TX_SKIP busy/inflight tag=ADC0-ASY2
[VND] PREPARE_PAIR slot=0
[VND] PREPARE_PAIR slot=0
[VND] TX_SKIP busy/inflight tag=ADC0-ASY2
[VND] PREPARE_PAIR slot=0
[VND] PREPARE_PAIR slot=0
[VND] TX_SKIP busy/inflight tag=ADC0-ASY2
[VND] PREPARE_PAIR slot=0
[VND] PREPARE_PAIR slot=0
[VND] TX_SKIP busy/inflight tag=ADC0-ASY2
[VND] PREPARE_PAIR slot=0
[VND] PREPARE_PAIR slot=0
[VND] TX_SKIP busy/inflight tag=ADC0-ASY2
[VND] PREPARE_PAIR slot=0
[VND] PREPARE_PAIR slot=0
[VND] TX_SKIP busy/inflight tag=ADC0-ASY2
[VND] PREPARE_PAIR slot=0
[VND] PREPARE_PAIR slot=0
[VND] TX_SKIP busy/inflight tag=ADC0-ASY2
[VND] PREPARE_PAIR slot=0
[VND] PREPARE_PAIR slot=0
[VND] TX_SKIP busy/inflight tag=ADC0-ASY2
[VND] PREPARE_PAIR slot=0
[VND] PREPARE_PAIR slot=0
[VND] TX_SKIP busy/inflight tag=ADC0-ASY2
[VND] PREPARE_PAIR slot=0
[VND] PREPARE_PAIR slot=0
[VND] TX_SKIP busy/inflight tag=ADC0-ASY2
[VND] PREPARE_PAIR slot=0
[VND] PREPARE_PAIR slot=0
[VND] TX_SKIP busy/inflight tag=ADC0-ASY2
[VND] PREPARE_PAIR slot=0
[VND] PREPARE_PAIR slot=0
[VND] TX_SKIP busy/inflight tag=ADC0-ASY2
[VND] PREPARE_PAIR slot=0
[VND] PREPARE_PAIR slot=0
[VND] TX_SKIP busy/inflight tag=ADC0-ASY2
[VND] PREPARE_PAIR slot=0
[VND] PREPARE_PAIR slot=0
[VND] TX_SKIP busy/inflight tag=ADC0-ASY2
[VND] PREPARE_PAIR slot=0
[VND] PREPARE_PAIR slot=0
[VND] TX_SKIP busy/inflight tag=ADC0-ASY2
[VND] PREPARE_PAIR slot=0
[VND] PREPARE_PAIR slot=0
[VND] TX_SKIP busy/inflight tag=ADC0-ASY2
[VND] PREPARE_PAIR slot=0
[VND] PREPARE_PAIR slot=0
[VND] TX_SKIP busy/inflight tag=ADC0-ASY2
[VND] PREPARE_PAIR slot=0
[VND] PREPARE_PAIR slot=0
[VND] TX_SKIP busy/inflight tag=ADC0-ASY2
[VND] PREPARE_PAIR slot=0
[VND] PREPARE_PAIR slot=0
[VND] TX_SKIP busy/inflight tag=ADC0-ASY2
[VND] PREPARE_PAIR slot=0
[VND] PREPARE_PAIR slot=0
[VND] TX_SKIP busy/inflight tag=ADC0-ASY2
[VND] PREPARE_PAIR slot=0
[VND] PREPARE_PAIR slot=0
[VND] TX_SKIP busy/inflight tag=ADC0-ASY2
[VND] PREPARE_PAIR slot=0
[VND] PREPARE_PAIR slot=0
[VND] TX_SKIP busy/inflight tag=ADC0-ASY2
[VND] PREPARE_PAIR slot=0
[VND] PREPARE_PAIR slot=0
[VND] TX_SKIP busy/inflight tag=ADC0-ASY2
[VND] PREPARE_PAIR slot=0
[VND] PREPARE_PAIR slot=0
[VND] TX_SKIP busy/inflight tag=ADC0-ASY2
[VND] PREPARE_PAIR slot=0
[VND] PREPARE_PAIR slot=0
[VND] TX_SKIP busy/inflight tag=ADC0-ASY2
[VND] PREPARE_PAIR slot=0
[VND] PREPARE_PAIR slot=0
[VND] TX_SKIP busy/inflight tag=ADC0-ASY2
[VND] PREPARE_PAIR slot=0
[VND] PREPARE_PAIR slot=0
[VND] TX_SKIP busy/inflight tag=ADC0-ASY2
[VND] PREPARE_PAIR slot=0
[VND] PREPARE_PAIR slot=0
[VND] TX_SKIP busy/inflight tag=ADC0-ASY2
[VND] PREPARE_PAIR slot=0
[VND] PREPARE_PAIR slot=0
[VND] TX_SKIP busy/inflight tag=ADC0-ASY2
[VND] PREPARE_PAIR slot=0
[VND] PREPARE_PAIR slot=0
[VND] TX_SKIP busy/inflight tag=ADC0-ASY2
[VND] PREPARE_PAIR slot=0
[VND] PREPARE_PAIR slot=0
[VND] TX_SKIP busy/inflight tag=ADC0-ASY2
[VND] PREPARE_PAIR slot=0
[VND] PREPARE_PAIR slot=0
[VND] TX_SKIP busy/inflight tag=ADC0-ASY2
[VND] PREPARE_PAIR slot=0
[VND] PREPARE_PAIR slot=0
[VND] TX_SKIP busy/inflight tag=ADC0-ASY2
[VND] PREPARE_PAIR slot=0
[VND] PREPARE_PAIR slot=0
[VND] TX_SKIP busy/inflight tag=ADC0-ASY2
[VND] PREPARE_PAIR slot=0
[VND] PREPARE_PAIR slot=0
[VND] TX_SKIP busy/inflight tag=ADC0-ASY2
[VND] PREPARE_PAIR slot=0
[VND] PREPARE_PAIR slot=0
[VND] TX_SKIP busy/inflight tag=ADC0-ASY2
[VND] PREPARE_PAIR slot=0
[VND] PREPARE_PAIR slot=0
[VND] TX_SKIP busy/inflight tag=ADC0-ASY2
[VND] PREPARE_PAIR slot=0
[VND] PREPARE_PAIR slot=0
[VND] TX_SKIP busy/inflight tag=ADC0-ASY2
[VND] PREPARE_PAIR slot=0
[VND] PREPARE_PAIR slot=0
[VND] TX_SKIP busy/inflight tag=ADC0-ASY2
[VND] PREPARE_PAIR slot=0
[VND] PREPARE_PAIR slot=0
[VND] TX_SKIP busy/inflight tag=ADC0-ASY2
[VND] PREPARE_PAIR slot=0
[VND] PREPARE_PAIR slot=0
[VND] TX_SKIP busy/inflight tag=ADC0-ASY2
[VND] PREPARE_PAIR slot=0
[VND] PREPARE_PAIR slot=0
[VND] TX_SKIP busy/inflight tag=ADC0-ASY2
[VND] PREPARE_PAIR slot=0
[VND] PREPARE_PAIR slot=0
[VND] TX_SKIP busy/inflight tag=ADC0-ASY2
[VND] PREPARE_PAIR slot=0
[VND] PREPARE_PAIR slot=0
[VND] TX_SKIP busy/inflight tag=ADC0-ASY2
[VND] PREPARE_PAIR slot=0
[VND] PREPARE_PAIR slot=0
[VND] TX_SKIP busy/inflight tag=ADC0-ASY2
[VND] PREPARE_PAIR slot=0
[VND] PREPARE_PAIR slot=0
[VND] TX_SKIP busy/inflight tag=ADC0-ASY2
[VND] PREPARE_PAIR slot=0
[VND] PREPARE_PAIR slot=0
[VND] TX_SKIP busy/inflight tag=ADC0-ASY2
[VND] PREPARE_PAIR slot=0
[VND] PREPARE_PAIR slot=0
[VND] TX_SKIP busy/inflight tag=ADC0-ASY2
[VND] PREPARE_PAIR slot=0
[VND] PREPARE_PAIR slot=0
[VND] TX_SKIP busy/inflight tag=ADC0-ASY2
[VND] PREPARE_PAIR slot=0
[VND] PREPARE_PAIR slot=0
[VND] TX_SKIP busy/inflight tag=ADC0-ASY2
[VND] PREPARE_PAIR slot=0
[VND] PREPARE_PAIR slot=0
[VND] TX_SKIP busy/inflight tag=ADC0-ASY2
[VND] PREPARE_PAIR slot=0
[VND] PREPARE_PAIR slot=0
[VND] TX_SKIP busy/inflight tag=ADC0-ASY2
[VND] PREPARE_PAIR slot=0
[VND] PREPARE_PAIR slot=0
[VND] TX_SKIP busy/inflight tag=ADC0-ASY2
[VND] PREPARE_PAIR slot=0
[VND] PREPARE_PAIR slot=0
[VND] TX_SKIP busy/inflight tag=ADC0-ASY2
[VND] PREPARE_PAIR slot=0
[VND] PREPARE_PAIR slot=0
[VND] TX_SKIP busy/inflight tag=ADC0-ASY2
[VND] PREPARE_PAIR slot=0
[VND] PREPARE_PAIR slot=0
[VND] TX_SKIP busy/inflight tag=ADC0-ASY2
[VND] PREPARE_PAIR slot=0
[VND] PREPARE_PAIR slot=0
[VND] TX_SKIP busy/inflight tag=ADC0-ASY2
[VND] PREPARE_PAIR slot=0
[VND] PREPARE_PAIR slot=0
[VND] TX_SKIP busy/inflight tag=ADC0-ASY2
[VND] PREPARE_PAIR slot=0
[VND] PREPARE_PAIR slot=0
[VND] TX_SKIP busy/inflight tag=ADC0-ASY2
[VND] PREPARE_PAIR slot=0
[VND] PREPARE_PAIR slot=0
[VND] TX_SKIP busy/inflight tag=ADC0-ASY2
[VND] PREPARE_PAIR slot=0
[VND] PREPARE_PAIR slot=0
[VND] TX_SKIP busy/inflight tag=ADC0-ASY2
[VND] PREPARE_PAIR slot=0
[VND] PREPARE_PAIR slot=0
[VND] TX_SKIP busy/inflight tag=ADC0-ASY2
[VND] PREPARE_PAIR slot=0
[VND] PREPARE_PAIR slot=0
[VND] TX_SKIP busy/inflight tag=ADC0-ASY2
[VND] PREPARE_PAIR slot=0
[VND] PREPARE_PAIR slot=0
[VND] TX_SKIP busy/inflight tag=ADC0-ASY2
[VND] PREPARE_PAIR slot=0
[VND] PREPARE_PAIR slot=0
[VND] TX_SKIP busy/inflight tag=ADC0-ASY2
[VND] PREPARE_PAIR slot=0
[VND] PREPARE_PAIR slot=0
[VND] TX_SKIP busy/inflight tag=ADC0-ASY2
[VND] PREPARE_PAIR slot=0
[VND] PREPARE_PAIR slot=0
[VND] TX_SKIP busy/inflight tag=ADC0-ASY2
[VND] PREPARE_PAIR slot=0
[VND] PREPARE_PAIR slot=0
[VND] TX_SKIP busy/inflight tag=ADC0-ASY2
[VND] PREPARE_PAIR slot=0
[VND] PREPARE_PAIR slot=0
[VND] TX_SKIP busy/inflight tag=ADC0-ASY2
[VND] PREPARE_PAIR slot=0
[VND] PREPARE_PAIR slot=0
[VND] TX_SKIP busy/inflight tag=ADC0-ASY2
[VND] PREPARE_PAIR slot=0
[VND] PREPARE_PAIR slot=0
[VND] TX_SKIP busy/inflight tag=ADC0-ASY2
[VND] PREPARE_PAIR slot=0
[VND] PREPARE_PAIR slot=0
[VND] TX_SKIP busy/inflight tag=ADC0-ASY2
[VND] PREPARE_PAIR slot=0
[VND] PREPARE_PAIR slot=0
[VND] TX_SKIP busy/inflight tag=ADC0-ASY2
[VND] PREPARE_PAIR slot=0
[VND] PREPARE_PAIR slot=0
[VND] TX_SKIP busy/inflight tag=ADC0-ASY2
[VND] PREPARE_PAIR slot=0
[VND] PREPARE_PAIR slot=0
[VND] TX_SKIP busy/inflight tag=ADC0-ASY2
[VND] PREPARE_PAIR slot=0
[VND] PREPARE_PAIR slot=0
[VND] TX_SKIP busy/inflight tag=ADC0-ASY2
[VND] PREPARE_PAIR slot=0
[VND] PREPARE_PAIR slot=0
[VND] TX_SKIP busy/inflight tag=ADC0-ASY2
[VND] PREPARE_PAIR slot=0
[VND] PREPARE_PAIR slot=0
[VND] TX_SKIP busy/inflight tag=ADC0-ASY2
[VND] PREPARE_PAIR slot=0
[VND] PREPARE_PAIR slot=0
[VND] TX_SKIP busy/inflight tag=ADC0-ASY2
[VND] PREPARE_PAIR slot=0
[VND] PREPARE_PAIR slot=0
[VND] TX_SKIP busy/inflight tag=ADC0-ASY2
[VND] PREPARE_PAIR slot=0
[VND] PREPARE_PAIR slot=0
[VND] TX_SKIP busy/inflight tag=ADC0-ASY2
[VND] PREPARE_PAIR slot=0
[VND] PREPARE_PAIR slot=0
[VND] TX_SKIP busy/inflight tag=ADC0-ASY2
[VND] PREPARE_PAIR slot=0
[VND] PREPARE_PAIR slot=0
[VND] TX_SKIP busy/inflight tag=ADC0-ASY2
[VND] PREPARE_PAIR slot=0
[VND] PREPARE_PAIR slot=0
[VND] TX_SKIP busy/inflight tag=ADC0-ASY2
[VND] PREPARE_PAIR slot=0
[VND] PREPARE_PAIR slot=0
[VND] TX_SKIP busy/inflight tag=ADC0-ASY2
[VND] PREPARE_PAIR slot=0
[VND] PREPARE_PAIR slot=0
[VND] TX_SKIP busy/inflight tag=ADC0-ASY2
[VND] PREPARE_PAIR slot=0
[VND] PREPARE_PAIR slot=0
[VND] TX_SKIP busy/inflight tag=ADC0-ASY2
[VND] PREPARE_PAIR slot=0
[VND] PREPARE_PAIR slot=0
[VND] TX_SKIP busy/inflight tag=ADC0-ASY2
[VND] PREPARE_PAIR slot=0
[VND] PREPARE_PAIR slot=0
[VND] TX_SKIP busy/inflight tag=ADC0-ASY2
[VND] PREPARE_PAIR slot=0
[VND] PREPARE_PAIR slot=0
[VND] TX_SKIP busy/inflight tag=ADC0-ASY2
[VND] PREPARE_PAIR slot=0
[VND] PREPARE_PAIR slot=0
[VND] TX_SKIP busy/inflight tag=ADC0-ASY2
[VND] PREPARE_PAIR slot=0
[VND] PREPARE_PAIR slot=0
[VND] TX_SKIP busy/inflight tag=ADC0-ASY2
[VND] PREPARE_PAIR slot=0
[VND] PREPARE_PAIR slot=0
[VND] TX_SKIP busy/inflight tag=ADC0-ASY2
[VND] PREPARE_PAIR slot=0
[VND] PREPARE_PAIR slot=0
[VND] TX_SKIP busy/inflight tag=ADC0-ASY2
[VND] PREPARE_PAIR slot=0
[VND] PREPARE_PAIR slot=0
[VND] TX_SKIP busy/inflight tag=ADC0-ASY2
[VND] PREPARE_PAIR slot=0
[VND] PREPARE_PAIR slot=0
[VND] TX_SKIP busy/inflight tag=ADC0-ASY2
[VND] PREPARE_PAIR slot=0
[VND] PREPARE_PAIR slot=0
[VND] TX_SKIP busy/inflight tag=ADC0-ASY2
[VND] PREPARE_PAIR slot=0
[VND] PREPARE_PAIR slot=0
[VND] TX_SKIP busy/inflight tag=ADC0-ASY2
[VND] PREPARE_PAIR slot=0
[VND] PREPARE_PAIR slot=0
[VND] TX_SKIP busy/inflight tag=ADC0-ASY2
[VND] PREPARE_PAIR slot=0
[VND] PREPARE_PAIR slot=0
[VND] TX_SKIP busy/inflight tag=ADC0-ASY2
[VND] PREPARE_PAIR slot=0
[VND] PREPARE_PAIR slot=0
[VND] TX_SKIP busy/inflight tag=ADC0-ASY2
[VND] PREPARE_PAIR slot=0
[VND] PREPARE_PAIR slot=0
[VND] TX_SKIP busy/inflight tag=ADC0-ASY2
[VND] PREPARE_PAIR slot=0
[VND] PREPARE_PAIR slot=0
[VND] TX_SKIP busy/inflight tag=ADC0-ASY2
[VND] PREPARE_PAIR slot=0
[VND] PREPARE_PAIR slot=0
[VND] TX_SKIP busy/inflight tag=ADC0-ASY2
[VND] PREPARE_PAIR slot=0
[VND] PREPARE_PAIR slot=0
[VND] TX_SKIP busy/inflight tag=ADC0-ASY2
[VND] PREPARE_PAIR slot=0
[VND] PREPARE_PAIR slot=0
[VND] TX_SKIP busy/inflight tag=ADC0-ASY2
[VND] PREPARE_PAIR slot=0
[VND] PREPARE_PAIR slot=0
[VND] TX_SKIP busy/inflight tag=ADC0-ASY2
[VND] PREPARE_PAIR slot=0
[VND] PREPARE_PAIR slot=0
[VND] TX_SKIP busy/inflight tag=ADC0-ASY2
[VND] PREPARE_PAIR slot=0
[VND] PREPARE_PAIR slot=0
[VND] TX_SKIP busy/inflight tag=ADC0-ASY2
[VND] PREPARE_PAIR slot=0
[VND] PREPARE_PAIR slot=0
[VND] TX_SKIP busy/inflight tag=ADC0-ASY2
[VND] PREPARE_PAIR slot=0
[VND] PREPARE_PAIR slot=0
[VND] TX_SKIP busy/inflight tag=ADC0-ASY2
[VND] PREPARE_PAIR slot=0
[VND] PREPARE_PAIR slot=0
[VND] TX_SKIP busy/inflight tag=ADC0-ASY2
[VND] PREPARE_PAIR slot=0
[VND] PREPARE_PAIR slot=0
[VND] TX_SKIP busy/inflight tag=ADC0-ASY2
[VND] PREPARE_PAIR slot=0
[VND] PREPARE_PAIR slot=0
[VND] TX_SKIP busy/inflight tag=ADC0-ASY2
[VND] PREPARE_PAIR slot=0
[VND] PREPARE_PAIR slot=0
[VND] TX_SKIP busy/inflight tag=ADC0-ASY2
[VND] PREPARE_PAIR slot=0
[VND] PREPARE_PAIR slot=0
[VND] TX_SKIP busy/inflight tag=ADC0-ASY2
[VND] PREPARE_PAIR slot=0
[VND] PREPARE_PAIR slot=0
[VND] TX_SKIP busy/inflight tag=ADC0-ASY2
[VND] PREPARE_PAIR slot=0
[VND] PREPARE_PAIR slot=0
[VND] TX_SKIP busy/inflight tag=ADC0-ASY2
[VND] PREPARE_PAIR slot=0
[VND] PREPARE_PAIR slot=0
[VND] TX_SKIP busy/inflight tag=ADC0-ASY2
[VND] PREPARE_PAIR slot=0
[VND] PREPARE_PAIR slot=0
[VND] TX_SKIP busy/inflight tag=ADC0-ASY2
[VND] PREPARE_PAIR slot=0
[VND] PREPARE_PAIR slot=0
[VND] TX_SKIP busy/inflight tag=ADC0-ASY2
[VND] PREPARE_PAIR slot=0
[VND] PREPARE_PAIR slot=0
[VND] TX_SKIP busy/inflight tag=ADC0-ASY2
[VND] PREPARE_PAIR slot=0
[VND] PREPARE_PAIR slot=0
[VND] TX_SKIP busy/inflight tag=ADC0-ASY2
[VND] PREPARE_PAIR slot=0
[VND] PREPARE_PAIR slot=0
[VND] TX_SKIP busy/inflight tag=ADC0-ASY2
[VND] PREPARE_PAIR slot=0
[VND] PREPARE_PAIR slot=0
[VND] TX_SKIP busy/inflight tag=ADC0-ASY2
[VND] PREPARE_PAIR slot=0
[VND] PREPARE_PAIR slot=0
[VND] TX_SKIP busy/inflight tag=ADC0-ASY2
[VND] PREPARE_PAIR slot=0
[VND] PREPARE_PAIR slot=0
[VND] TX_SKIP busy/inflight tag=ADC0-ASY2
[VND] PREPARE_PAIR slot=0
[VND] PREPARE_PAIR slot=0
[VND] TX_SKIP busy/inflight tag=ADC0-ASY2
[VND] PREPARE_PAIR slot=0
[VND] PREPARE_PAIR slot=0
[VND] TX_SKIP busy/inflight tag=ADC0-ASY2
[VND] PREPARE_PAIR slot=0
[VND] PREPARE_PAIR slot=0
[VND] TX_SKIP busy/inflight tag=ADC0-ASY2
[VND] PREPARE_PAIR slot=0
[VND] PREPARE_PAIR slot=0
[VND] TX_SKIP busy/inflight tag=ADC0-ASY2
[VND] PREPARE_PAIR slot=0
[VND] PREPARE_PAIR slot=0
[VND] TX_SKIP busy/inflight tag=ADC0-ASY2
[VND] PREPARE_PAIR slot=0
[VND] PREPARE_PAIR slot=0
[VND] TX_SKIP busy/inflight tag=ADC0-ASY2
[VND] PREPARE_PAIR slot=0
[VND] PREPARE_PAIR slot=0
[VND] TX_SKIP busy/inflight tag=ADC0-ASY2
[VND] PREPARE_PAIR slot=0
[VND] PREPARE_PAIR slot=0
[VND] TX_SKIP busy/inflight tag=ADC0-ASY2
[VND] PREPARE_PAIR slot=0
[VND] PREPARE_PAIR slot=0
[VND] TX_SKIP busy/inflight tag=ADC0-ASY2
[VND] PREPARE_PAIR slot=0
[VND] PREPARE_PAIR slot=0
[VND] TX_SKIP busy/inflight tag=ADC0-ASY2
[VND] PREPARE_PAIR slot=0
[VND] PREPARE_PAIR slot=0
[VND] TX_SKIP busy/inflight tag=ADC0-ASY2
[VND] PREPARE_PAIR slot=0
[VND] PREPARE_PAIR slot=0
[VND] TX_SKIP busy/inflight tag=ADC0-ASY2
[VND] PREPARE_PAIR slot=0
[VND] PREPARE_PAIR slot=0
[VND] TX_SKIP busy/inflight tag=ADC0-ASY2
[VND] PREPARE_PAIR slot=0
[VND] PREPARE_PAIR slot=0
[VND] TX_SKIP busy/inflight tag=ADC0-ASY2
[VND] PREPARE_PAIR slot=0
[VND] PREPARE_PAIR slot=0
[VND] TX_SKIP busy/inflight tag=ADC0-ASY2
[VND] PREPARE_PAIR slot=0
[VND] PREPARE_PAIR slot=0
[VND] TX_SKIP busy/inflight tag=ADC0-ASY2
[VND] PREPARE_PAIR slot=0
[VND] PREPARE_PAIR slot=0
[VND] TX_SKIP busy/inflight tag=ADC0-ASY2
[VND] PREPARE_PAIR slot=0
[VND] PREPARE_PAIR slot=0
[VND] TX_SKIP busy/inflight tag=ADC0-ASY2
[VND] PREPARE_PAIR slot=0
[VND] PREPARE_PAIR slot=0
[VND] TX_SKIP busy/inflight tag=ADC0-ASY2
[VND] PREPARE_PAIR slot=0
[VND] PREPARE_PAIR slot=0
[VND] TX_SKIP busy/inflight tag=ADC0-ASY2
[VND] PREPARE_PAIR slot=0
[VND] PREPARE_PAIR slot=0
[VND] TX_SKIP busy/inflight tag=ADC0-ASY2
[VND] PREPARE_PAIR slot=0
[VND] PREPARE_PAIR slot=0
[VND] TX_SKIP busy/inflight tag=ADC0-ASY2
[VND] PREPARE_PAIR slot=0
[VND] PREPARE_PAIR slot=0
[VND] TX_SKIP busy/inflight tag=ADC0-ASY2
[VND] PREPARE_PAIR slot=0
[VND] PREPARE_PAIR slot=0
[VND] TX_SKIP busy/inflight tag=ADC0-ASY2
[VND] PREPARE_PAIR slot=0
[VND] PREPARE_PAIR slot=0
[VND] TX_SKIP busy/inflight tag=ADC0-ASY2
[VND] PREPARE_PAIR slot=0
[VND] PREPARE_PAIR slot=0
[VND] TX_SKIP busy/inflight tag=ADC0-ASY2
[VND] PREPARE_PAIR slot=0
[VND] PREPARE_PAIR slot=0
[VND] TX_SKIP busy/inflight tag=ADC0-ASY2
[VND] PREPARE_PAIR slot=0
[VND] PREPARE_PAIR slot=0
[VND] TX_SKIP busy/inflight tag=ADC0-ASY2
[VND] PREPARE_PAIR slot=0
[VND] PREPARE_PAIR slot=0
[VND] TX_SKIP busy/inflight tag=ADC0-ASY2
[VND] PREPARE_PAIR slot=0
[VND] PREPARE_PAIR slot=0
[VND] TX_SKIP busy/inflight tag=ADC0-ASY2
[VND] PREPARE_PAIR slot=0
[VND] PREPARE_PAIR slot=0
[VND] TX_SKIP busy/inflight tag=ADC0-ASY2
[VND] PREPARE_PAIR slot=0
[VND] PREPARE_PAIR slot=0
[VND] TX_SKIP busy/inflight tag=ADC0-ASY2
[VND] PREPARE_PAIR slot=0
[VND] PREPARE_PAIR slot=0
[VND] TX_SKIP busy/inflight tag=ADC0-ASY2
[VND] PREPARE_PAIR slot=0
[VND] PREPARE_PAIR slot=0
[VND] TX_SKIP busy/inflight tag=ADC0-ASY2
[VND] PREPARE_PAIR slot=0
[VND] PREPARE_PAIR slot=0
[VND] TX_SKIP busy/inflight tag=ADC0-ASY2
[VND] PREPARE_PAIR slot=0
[VND] PREPARE_PAIR slot=0
[VND] TX_SKIP busy/inflight tag=ADC0-ASY2
[VND] PREPARE_PAIR slot=0
[VND] PREPARE_PAIR slot=0
[VND] TX_SKIP busy/inflight tag=ADC0-ASY2
[VND] PREPARE_PAIR slot=0
[VND] PREPARE_PAIR slot=0
[VND] TX_SKIP busy/inflight tag=ADC0-ASY2
[VND] PREPARE_PAIR slot=0
[VND] PREPARE_PAIR slot=0
[VND] TX_SKIP busy/inflight tag=ADC0-ASY2
[VND] PREPARE_PAIR slot=0
[VND] PREPARE_PAIR slot=0
[VND] TX_SKIP busy/inflight tag=ADC0-ASY2
[VND] PREPARE_PAIR slot=0
[VND] PREPARE_PAIR slot=0
[VND] TX_SKIP busy/inflight tag=ADC0-ASY2
[VND] PREPARE_PAIR slot=0
[VND] PREPARE_PAIR slot=0
[VND] TX_SKIP busy/inflight tag=ADC0-ASY2
[VND] PREPARE_PAIR slot=0
[VND] PREPARE_PAIR slot=0
[VND] TX_SKIP busy/inflight tag=ADC0-ASY2
[VND] PREPARE_PAIR slot=0
[VND] PREPARE_PAIR slot=0
[VND] TX_SKIP busy/inflight tag=ADC0-ASY2
[VND] PREPARE_PAIR slot=0
[VND] PREPARE_PAIR slot=0
[VND] TX_SKIP busy/inflight tag=ADC0-ASY2
[VND] PREPARE_PAIR slot=0
[VND] PREPARE_PAIR slot=0
[VND] TX_SKIP busy/inflight tag=ADC0-ASY2
[VND] PREPARE_PAIR slot=0
[VND] PREPARE_PAIR slot=0
[VND] TX_SKIP busy/inflight tag=ADC0-ASY2
[VND] PREPARE_PAIR slot=0
[VND] PREPARE_PAIR slot=0
[VND] TX_SKIP busy/inflight tag=ADC0-ASY2
[VND] PREPARE_PAIR slot=0
[VND] PREPARE_PAIR slot=0
[VND] TX_SKIP busy/inflight tag=ADC0-ASY2
[VND] PREPARE_PAIR slot=0
[VND] PREPARE_PAIR slot=0
[VND] TX_SKIP busy/inflight tag=ADC0-ASY2
[VND] PREPARE_PAIR slot=0
[VND] PREPARE_PAIR slot=0
[VND] TX_SKIP busy/inflight tag=ADC0-ASY2
[VND] PREPARE_PAIR slot=0
[VND] PREPARE_PAIR slot=0
[VND] TX_SKIP busy/inflight tag=ADC0-ASY2
[VND] PREPARE_PAIR slot=0
[VND] PREPARE_PAIR slot=0
[VND] TX_SKIP busy/inflight tag=ADC0-ASY2
[VND] PREPARE_PAIR slot=0
[VND] PREPARE_PAIR slot=0
[VND] TX_SKIP busy/inflight tag=ADC0-ASY2
[VND] PREPARE_PAIR slot=0
[VND] PREPARE_PAIR slot=0
[VND] TX_SKIP busy/inflight tag=ADC0-ASY2
[VND] PREPARE_PAIR slot=0
[VND] PREPARE_PAIR slot=0
[VND] TX_SKIP busy/inflight tag=ADC0-ASY2
[VND] PREPARE_PAIR slot=0
[VND] PREPARE_PAIR slot=0
[VND] TX_SKIP busy/inflight tag=ADC0-ASY2
[VND] PREPARE_PAIR slot=0
[VND] PREPARE_PAIR slot=0
[VND] TX_SKIP busy/inflight tag=ADC0-ASY2
[VND] PREPARE_PAIR slot=0
[VND] PREPARE_PAIR slot=0
[VND] TX_SKIP busy/inflight tag=ADC0-ASY2
[VND] PREPARE_PAIR slot=0
[VND] PREPARE_PAIR slot=0
[VND] TX_SKIP busy/inflight tag=ADC0-ASY2
[VND] PREPARE_PAIR slot=0
[VND] PREPARE_PAIR slot=0
[VND] TX_SKIP busy/inflight tag=ADC0-ASY2
[VND] PREPARE_PAIR slot=0
[VND] PREPARE_PAIR slot=0
[VND] TX_SKIP busy/inflight tag=ADC0-ASY2
[VND] PREPARE_PAIR slot=0
[VND] PREPARE_PAIR slot=0
[VND] TX_SKIP busy/inflight tag=ADC0-ASY2
[VND] PREPARE_PAIR slot=0
[VND] PREPARE_PAIR slot=0
[VND] TX_SKIP busy/inflight tag=ADC0-ASY2
[VND] PREPARE_PAIR slot=0
[VND] PREPARE_PAIR slot=0
[VND] TX_SKIP busy/inflight tag=ADC0-ASY2
[VND] PREPARE_PAIR slot=0
[VND] PREPARE_PAIR slot=0
[VND] TX_SKIP busy/inflight tag=ADC0-ASY2
[VND] PREPARE_PAIR slot=0
[VND] PREPARE_PAIR slot=0
[VND] TX_SKIP busy/inflight tag=ADC0-ASY2
[VND] PREPARE_PAIR slot=0
[VND] PREPARE_PAIR slot=0
[VND] TX_SKIP busy/inflight tag=ADC0-ASY2
[VND] PREPARE_PAIR slot=0
[VND] PREPARE_PAIR slot=0
[VND] TX_SKIP busy/inflight tag=ADC0-ASY2
[VND] PREPARE_PAIR slot=0
[VND] PREPARE_PAIR slot=0
[VND] TX_SKIP busy/inflight tag=ADC0-ASY2
[VND] PREPARE_PAIR slot=0
[VND] PREPARE_PAIR slot=0
[VND] TX_SKIP busy/inflight tag=ADC0-ASY2
[VND] PREPARE_PAIR slot=0
[VND] PREPARE_PAIR slot=0
[VND] TX_SKIP busy/inflight tag=ADC0-ASY2
[VND] PREPARE_PAIR slot=0
[VND] PREPARE_PAIR slot=0
[VND] TX_SKIP busy/inflight tag=ADC0-ASY2
[VND] PREPARE_PAIR slot=0
[VND] PREPARE_PAIR slot=0
[VND] TX_SKIP busy/inflight tag=ADC0-ASY2
[VND] PREPARE_PAIR slot=0
[VND] PREPARE_PAIR slot=0
[VND] TX_SKIP busy/inflight tag=ADC0-ASY2
[VND] PREPARE_PAIR slot=0
[VND] PREPARE_PAIR slot=0
[VND] TX_SKIP busy/inflight tag=ADC0-ASY2
[VND] PREPARE_PAIR slot=0
[VND] PREPARE_PAIR slot=0
[VND] TX_SKIP busy/inflight tag=ADC0-ASY2
[VND] PREPARE_PAIR slot=0
[VND] PREPARE_PAIR slot=0
[VND] TX_SKIP busy/inflight tag=ADC0-ASY2
[VND] PREPARE_PAIR slot=0
[VND] PREPARE_PAIR slot=0
[VND] TX_SKIP busy/inflight tag=ADC0-ASY2
[VND] PREPARE_PAIR slot=0
[VND] PREPARE_PAIR slot=0
[VND] TX_SKIP busy/inflight tag=ADC0-ASY2
[VND] PREPARE_PAIR slot=0
[VND] PREPARE_PAIR slot=0
[VND] TX_SKIP busy/inflight tag=ADC0-ASY2
[VND] PREPARE_PAIR slot=0
[VND] PREPARE_PAIR slot=0
[VND] TX_SKIP busy/inflight tag=ADC0-ASY2
[VND] PREPARE_PAIR slot=0
[VND] PREPARE_PAIR slot=0
[VND] TX_SKIP busy/inflight tag=ADC0-ASY2
[VND] PREPARE_PAIR slot=0
[VND] PREPARE_PAIR slot=0
[VND] TX_SKIP busy/inflight tag=ADC0-ASY2
[VND] PREPARE_PAIR slot=0
[VND] PREPARE_PAIR slot=0
[VND] TX_SKIP busy/inflight tag=ADC0-ASY2
[VND] PREPARE_PAIR slot=0
[VND] PREPARE_PAIR slot=0
[VND] TX_SKIP busy/inflight tag=ADC0-ASY2
[VND] PREPARE_PAIR slot=0
[VND] PREPARE_PAIR slot=0
[VND] TX_SKIP busy/inflight tag=ADC0-ASY2
[VND] PREPARE_PAIR slot=0
[VND] PREPARE_PAIR slot=0
[VND] TX_SKIP busy/inflight tag=ADC0-ASY2
[VND] PREPARE_PAIR slot=0
[VND] PREPARE_PAIR slot=0
[VND] TX_SKIP busy/inflight tag=ADC0-ASY2
[VND] PREPARE_PAIR slot=0
[VND] PREPARE_PAIR slot=0
[VND] TX_SKIP busy/inflight tag=ADC0-ASY2
[VND] PREPARE_PAIR slot=0
[VND] PREPARE_PAIR slot=0
[VND] TX_SKIP busy/inflight tag=ADC0-ASY2
[VND] PREPARE_PAIR slot=0
[VND] PREPARE_PAIR slot=0
[VND] TX_SKIP busy/inflight tag=ADC0-ASY2
[VND] PREPARE_PAIR slot=0
[VND] PREPARE_PAIR slot=0
[VND] TX_SKIP busy/inflight tag=ADC0-ASY2
[VND] PREPARE_PAIR slot=0
[VND] PREPARE_PAIR slot=0
[VND] TX_SKIP busy/inflight tag=ADC0-ASY2
[VND] PREPARE_PAIR slot=0
[VND] PREPARE_PAIR slot=0
[VND] TX_SKIP busy/inflight tag=ADC0-ASY2
[VND] PREPARE_PAIR slot=0
[VND] PREPARE_PAIR slot=0
[VND] TX_SKIP busy/inflight tag=ADC0-ASY2
[VND] PREPARE_PAIR slot=0
[VND] PREPARE_PAIR slot=0
[VND] TX_SKIP busy/inflight tag=ADC0-ASY2
[VND] PREPARE_PAIR slot=0
[VND] PREPARE_PAIR slot=0
[VND] TX_SKIP busy/inflight tag=ADC0-ASY2
[VND] PREPARE_PAIR slot=0
[VND] PREPARE_PAIR slot=0
[VND] TX_SKIP busy/inflight tag=ADC0-ASY2
[VND] PREPARE_PAIR slot=0
[VND] PREPARE_PAIR slot=0
[VND] TX_SKIP busy/inflight tag=ADC0-ASY2
[VND] PREPARE_PAIR slot=0
[VND] PREPARE_PAIR slot=0
[VND] TX_SKIP busy/inflight tag=ADC0-ASY2
[VND] PREPARE_PAIR slot=0
[VND] PREPARE_PAIR slot=0
[VND] TX_SKIP busy/inflight tag=ADC0-ASY2
[VND] PREPARE_PAIR slot=0
[VND] PREPARE_PAIR slot=0
[VND] TX_SKIP busy/inflight tag=ADC0-ASY2
[VND] PREPARE_PAIR slot=0
[VND] PREPARE_PAIR slot=0
[VND] TX_SKIP busy/inflight tag=ADC0-ASY2
[VND] PREPARE_PAIR slot=0
[VND] PREPARE_PAIR slot=0
[VND] TX_SKIP busy/inflight tag=ADC0-ASY2
[VND] PREPARE_PAIR slot=0
[VND] PREPARE_PAIR slot=0
[VND] TX_SKIP busy/inflight tag=ADC0-ASY2
[VND] PREPARE_PAIR slot=0
[VND] PREPARE_PAIR slot=0
[VND] TX_SKIP busy/inflight tag=ADC0-ASY2
[VND] PREPARE_PAIR slot=0
[VND] PREPARE_PAIR slot=0
[VND] TX_SKIP busy/inflight tag=ADC0-ASY2
[VND] PREPARE_PAIR slot=0
[VND] PREPARE_PAIR slot=0
[VND] TX_SKIP busy/inflight tag=ADC0-ASY2
[VND] PREPARE_PAIR slot=0
[VND] PREPARE_PAIR slot=0
[VND] TX_SKIP busy/inflight tag=ADC0-ASY2
[VND] PREPARE_PAIR slot=0
[VND] PREPARE_PAIR slot=0
[VND] TX_SKIP busy/inflight tag=ADC0-ASY2
[VND] PREPARE_PAIR slot=0
[VND] PREPARE_PAIR slot=0
[VND] TX_SKIP busy/inflight tag=ADC0-ASY2
[VND] PREPARE_PAIR slot=0
[VND] PREPARE_PAIR slot=0
[VND] TX_SKIP busy/inflight tag=ADC0-ASY2
[VND] PREPARE_PAIR slot=0
[VND] PREPARE_PAIR slot=0
[VND] TX_SKIP busy/inflight tag=ADC0-ASY2
[VND] PREPARE_PAIR slot=0
[VND] PREPARE_PAIR slot=0
[VND] TX_SKIP busy/inflight tag=ADC0-ASY2
[VND] PREPARE_PAIR slot=0
[VND] PREPARE_PAIR slot=0
[VND] TX_SKIP busy/inflight tag=ADC0-ASY2
[VND] PREPARE_PAIR slot=0
[VND] PREPARE_PAIR slot=0
[VND] TX_SKIP busy/inflight tag=ADC0-ASY2
[VND] PREPARE_PAIR slot=0
[VND] PREPARE_PAIR slot=0
[VND] TX_SKIP busy/inflight tag=ADC0-ASY2
[VND] PREPARE_PAIR slot=0
[VND] PREPARE_PAIR slot=0
[VND] TX_SKIP busy/inflight tag=ADC0-ASY2
[VND] PREPARE_PAIR slot=0
[VND] PREPARE_PAIR slot=0
[VND] TX_SKIP busy/inflight tag=ADC0-ASY2
[VND] PREPARE_PAIR slot=0
[VND] PREPARE_PAIR slot=0
[VND] TX_SKIP busy/inflight tag=ADC0-ASY2
[VND] PREPARE_PAIR slot=0
[VND] PREPARE_PAIR slot=0
[VND] TX_SKIP busy/inflight tag=ADC0-ASY2
[VND] PREPARE_PAIR slot=0
[VND] PREPARE_PAIR slot=0
[VND] TX_SKIP busy/inflight tag=ADC0-ASY2
[VND] PREPARE_PAIR slot=0
[VND] PREPARE_PAIR slot=0
[VND] TX_SKIP busy/inflight tag=ADC0-ASY2
[VND] PREPARE_PAIR slot=0
[VND] PREPARE_PAIR slot=0
[VND] TX_SKIP busy/inflight tag=ADC0-ASY2
[VND] PREPARE_PAIR slot=0
[VND] PREPARE_PAIR slot=0
[VND] TX_SKIP busy/inflight tag=ADC0-ASY2
[VND] PREPARE_PAIR slot=0
[VND] PREPARE_PAIR slot=0
[VND] TX_SKIP busy/inflight tag=ADC0-ASY2
[VND] PREPARE_PAIR slot=0
[VND] PREPARE_PAIR slot=0
[VND] TX_SKIP busy/inflight tag=ADC0-ASY2
[VND] PREPARE_PAIR slot=0
[VND] PREPARE_PAIR slot=0
[VND] TX_SKIP busy/inflight tag=ADC0-ASY2
[VND] PREPARE_PAIR slot=0
[VND] PREPARE_PAIR slot=0
[VND] TX_SKIP busy/inflight tag=ADC0-ASY2
[VND] PREPARE_PAIR slot=0
[VND] PREPARE_PAIR slot=0
[VND] TX_SKIP busy/inflight tag=ADC0-ASY2
[VND] PREPARE_PAIR slot=0
[VND] PREPARE_PAIR slot=0
[VND] TX_SKIP busy/inflight tag=ADC0-ASY2
[VND] PREPARE_PAIR slot=0
[VND] PREPARE_PAIR slot=0
[VND] TX_SKIP busy/inflight tag=ADC0-ASY2
[VND] PREPARE_PAIR slot=0
[VND] PREPARE_PAIR slot=0
[VND] TX_SKIP busy/inflight tag=ADC0-ASY2
[VND] PREPARE_PAIR slot=0
[VND] PREPARE_PAIR slot=0
[VND] TX_SKIP busy/inflight tag=ADC0-ASY2
[VND] PREPARE_PAIR slot=0
[VND] PREPARE_PAIR slot=0
[VND] TX_SKIP busy/inflight tag=ADC0-ASY2
[VND] PREPARE_PAIR slot=0
[VND] PREPARE_PAIR slot=0
[VND] TX_SKIP busy/inflight tag=ADC0-ASY2
[VND] PREPARE_PAIR slot=0
[VND] PREPARE_PAIR slot=0
[VND] TX_SKIP busy/inflight tag=ADC0-ASY2
[VND] PREPARE_PAIR slot=0
[VND] PREPARE_PAIR slot=0
[VND] TX_SKIP busy/inflight tag=ADC0-ASY2
[VND] PREPARE_PAIR slot=0
[VND] PREPARE_PAIR slot=0
[VND] TX_SKIP busy/inflight tag=ADC0-ASY2
[VND] PREPARE_PAIR slot=0
[VND] PREPARE_PAIR slot=0
[VND] TX_SKIP busy/inflight tag=ADC0-ASY2
[VND] PREPARE_PAIR slot=0
[VND] PREPARE_PAIR slot=0
[VND] TX_SKIP busy/inflight tag=ADC0-ASY2
[VND] PREPARE_PAIR slot=0
[VND] PREPARE_PAIR slot=0
[VND] TX_SKIP busy/inflight tag=ADC0-ASY2
[VND] PREPARE_PAIR slot=0
[VND] PREPARE_PAIR slot=0
[VND] TX_SKIP busy/inflight tag=ADC0-ASY2
[VND] PREPARE_PAIR slot=0
[VND] PREPARE_PAIR slot=0
[VND] TX_SKIP busy/inflight tag=ADC0-ASY2
[VND] PREPARE_PAIR slot=0
[VND] PREPARE_PAIR slot=0
[VND] TX_SKIP busy/inflight tag=ADC0-ASY2
[VND] PREPARE_PAIR slot=0
[VND] PREPARE_PAIR slot=0
[VND] TX_SKIP busy/inflight tag=ADC0-ASY2
[VND] PREPARE_PAIR slot=0
[VND] PREPARE_PAIR slot=0
[VND] TX_SKIP busy/inflight tag=ADC0-ASY2
[VND] PREPARE_PAIR slot=0
[VND] PREPARE_PAIR slot=0
[VND] TX_SKIP busy/inflight tag=ADC0-ASY2
[VND] PREPARE_PAIR slot=0
[VND] PREPARE_PAIR slot=0
[VND] TX_SKIP busy/inflight tag=ADC0-ASY2
[VND] PREPARE_PAIR slot=0
[VND] PREPARE_PAIR slot=0
[VND] TX_SKIP busy/inflight tag=ADC0-ASY2
[VND] PREPARE_PAIR slot=0
[VND] PREPARE_PAIR slot=0
[VND] TX_SKIP busy/inflight tag=ADC0-ASY2
[VND] PREPARE_PAIR slot=0
[VND] PREPARE_PAIR slot=0
[VND] TX_SKIP busy/inflight tag=ADC0-ASY2
[VND] PREPARE_PAIR slot=0
[VND] PREPARE_PAIR slot=0
[VND] TX_SKIP busy/inflight tag=ADC0-ASY2
[VND] PREPARE_PAIR slot=0
[VND] PREPARE_PAIR slot=0
[VND] TX_SKIP busy/inflight tag=ADC0-ASY2
[VND] PREPARE_PAIR slot=0
[VND] PREPARE_PAIR slot=0
[VND] TX_SKIP busy/inflight tag=ADC0-ASY2
[VND] PREPARE_PAIR slot=0
[VND] PREPARE_PAIR slot=0
[VND] TX_SKIP busy/inflight tag=ADC0-ASY2
[VND] PREPARE_PAIR slot=0
[VND] PREPARE_PAIR slot=0
[VND] TX_SKIP busy/inflight tag=ADC0-ASY2
[VND] PREPARE_PAIR slot=0
[VND] PREPARE_PAIR slot=0
[VND] TX_SKIP busy/inflight tag=ADC0-ASY2
[VND] PREPARE_PAIR slot=0
[VND] PREPARE_PAIR slot=0
[VND] TX_SKIP busy/inflight tag=ADC0-ASY2
[VND] PREPARE_PAIR slot=0
[VND] PREPARE_PAIR slot=0
[VND] TX_SKIP busy/inflight tag=ADC0-ASY2
[VND] PREPARE_PAIR slot=0
[VND] PREPARE_PAIR slot=0
[VND] TX_SKIP busy/inflight tag=ADC0-ASY2
[VND] PREPARE_PAIR slot=0
[VND] PREPARE_PAIR slot=0
[VND] TX_SKIP busy/inflight tag=ADC0-ASY2
[VND] PREPARE_PAIR slot=0
[VND] PREPARE_PAIR slot=0
[VND] TX_SKIP busy/inflight tag=ADC0-ASY2
[VND] PREPARE_PAIR slot=0
[VND] PREPARE_PAIR slot=0
[VND] TX_SKIP busy/inflight tag=ADC0-ASY2
[VND] PREPARE_PAIR slot=0
[VND] PREPARE_PAIR slot=0
[VND] TX_SKIP busy/inflight tag=ADC0-ASY2
[VND] PREPARE_PAIR slot=0
[VND] PREPARE_PAIR slot=0
[VND] TX_SKIP busy/inflight tag=ADC0-ASY2
[VND] PREPARE_PAIR slot=0
[VND] PREPARE_PAIR slot=0
[VND] TX_SKIP busy/inflight tag=ADC0-ASY2
[VND] PREPARE_PAIR slot=0
[VND] PREPARE_PAIR slot=0
[VND] TX_SKIP busy/inflight tag=ADC0-ASY2
[VND] PREPARE_PAIR slot=0
[VND] PREPARE_PAIR slot=0
[VND] TX_SKIP busy/inflight tag=ADC0-ASY2
[VND] PREPARE_PAIR slot=0
[VND] PREPARE_PAIR slot=0
[VND] TX_SKIP busy/inflight tag=ADC0-ASY2
[VND] PREPARE_PAIR slot=0
[VND] PREPARE_PAIR slot=0
[VND] TX_SKIP busy/inflight tag=ADC0-ASY2
[VND] PREPARE_PAIR slot=0
[VND] PREPARE_PAIR slot=0
[VND] TX_SKIP busy/inflight tag=ADC0-ASY2
[VND] PREPARE_PAIR slot=0
[VND] PREPARE_PAIR slot=0
[VND] TX_SKIP busy/inflight tag=ADC0-ASY2
[VND] PREPARE_PAIR slot=0
[VND] PREPARE_PAIR slot=0
[VND] TX_SKIP busy/inflight tag=ADC0-ASY2
[VND] PREPARE_PAIR slot=0
[VND] PREPARE_PAIR slot=0
[VND] TX_SKIP busy/inflight tag=ADC0-ASY2
[VND] PREPARE_PAIR slot=0
[VND] PREPARE_PAIR slot=0
[VND] TX_SKIP busy/inflight tag=ADC0-ASY2
[VND] PREPARE_PAIR slot=0
[VND] PREPARE_PAIR slot=0
[VND] TX_SKIP busy/inflight tag=ADC0-ASY2
[VND] PREPARE_PAIR slot=0
[VND] PREPARE_PAIR slot=0
[VND] TX_SKIP busy/inflight tag=ADC0-ASY2
[VND] PREPARE_PAIR slot=0
[VND] PREPARE_PAIR slot=0
[VND] TX_SKIP busy/inflight tag=ADC0-ASY2
[VND] PREPARE_PAIR slot=0
[VND] PREPARE_PAIR slot=0
[VND] TX_SKIP busy/inflight tag=ADC0-ASY2
[VND] PREPARE_PAIR slot=0
[VND] PREPARE_PAIR slot=0
[VND] TX_SKIP busy/inflight tag=ADC0-ASY2
[VND] PREPARE_PAIR slot=0
[VND] PREPARE_PAIR slot=0
[VND] TX_SKIP busy/inflight tag=ADC0-ASY2
[VND] PREPARE_PAIR slot=0
[VND] PREPARE_PAIR slot=0
[VND] TX_SKIP busy/inflight tag=ADC0-ASY2
[VND] PREPARE_PAIR slot=0
[VND] PREPARE_PAIR slot=0
[VND] TX_SKIP busy/inflight tag=ADC0-ASY2
[VND] PREPARE_PAIR slot=0
[VND] PREPARE_PAIR slot=0
[VND] TX_SKIP busy/inflight tag=ADC0-ASY2
[VND] PREPARE_PAIR slot=0
[VND] PREPARE_PAIR slot=0
[VND] TX_SKIP busy/inflight tag=ADC0-ASY2
[VND] PREPARE_PAIR slot=0
[VND] PREPARE_PAIR slot=0
[VND] TX_SKIP busy/inflight tag=ADC0-ASY2
[VND] PREPARE_PAIR slot=0
[VND] PREPARE_PAIR slot=0
[VND] TX_SKIP busy/inflight tag=ADC0-ASY2
[VND] PREPARE_PAIR slot=0
[VND] PREPARE_PAIR slot=0
[VND] TX_SKIP busy/inflight tag=ADC0-ASY2
[VND] PREPARE_PAIR slot=0
[VND] PREPARE_PAIR slot=0
[VND] TX_SKIP busy/inflight tag=ADC0-ASY2
[VND] PREPARE_PAIR slot=0
[VND] PREPARE_PAIR slot=0
[VND] TX_SKIP busy/inflight tag=ADC0-ASY2
[VND] PREPARE_PAIR slot=0
[VND] PREPARE_PAIR slot=0
[VND] TX_SKIP busy/inflight tag=ADC0-ASY2
[VND] PREPARE_PAIR slot=0
[VND] PREPARE_PAIR slot=0
[VND] TX_SKIP busy/inflight tag=ADC0-ASY2
[VND] PREPARE_PAIR slot=0
[VND] PREPARE_PAIR slot=0
[VND] TX_SKIP busy/inflight tag=ADC0-ASY2
[VND] PREPARE_PAIR slot=0
[VND] PREPARE_PAIR slot=0
[VND] TX_SKIP busy/inflight tag=ADC0-ASY2
[VND] PREPARE_PAIR slot=0
[VND] PREPARE_PAIR slot=0
[VND] TX_SKIP busy/inflight tag=ADC0-ASY2
[VND] PREPARE_PAIR slot=0
[VND] PREPARE_PAIR slot=0
[VND] TX_SKIP busy/inflight tag=ADC0-ASY2
[VND] PREPARE_PAIR slot=0
[VND] PREPARE_PAIR slot=0
[VND] TX_SKIP busy/inflight tag=ADC0-ASY2
[VND] PREPARE_PAIR slot=0
[VND] PREPARE_PAIR slot=0
[VND] TX_SKIP busy/inflight tag=ADC0-ASY2
[VND] PREPARE_PAIR slot=0
[VND] PREPARE_PAIR slot=0
[VND] TX_SKIP busy/inflight tag=ADC0-ASY2
[VND] PREPARE_PAIR slot=0
[VND] PREPARE_PAIR slot=0
[VND] TX_SKIP busy/inflight tag=ADC0-ASY2
[VND] PREPARE_PAIR slot=0
[VND] PREPARE_PAIR slot=0
[VND] TX_SKIP busy/inflight tag=ADC0-ASY2
[VND] PREPARE_PAIR slot=0
[VND] PREPARE_PAIR slot=0
[VND] TX_SKIP busy/inflight tag=ADC0-ASY2
[VND] PREPARE_PAIR slot=0
[VND] PREPARE_PAIR slot=0
[VND] TX_SKIP busy/inflight tag=ADC0-ASY2
[VND] PREPARE_PAIR slot=0
[VND] PREPARE_PAIR slot=0
[VND] TX_SKIP busy/inflight tag=ADC0-ASY2
[VND] PREPARE_PAIR slot=0
[VND] PREPARE_PAIR slot=0
[VND] TX_SKIP busy/inflight tag=ADC0-ASY2
[VND] PREPARE_PAIR slot=0
[VND] PREPARE_PAIR slot=0
[VND] TX_SKIP busy/inflight tag=ADC0-ASY2
[VND] PREPARE_PAIR slot=0
[VND] PREPARE_PAIR slot=0
[VND] TX_SKIP busy/inflight tag=ADC0-ASY2
[VND] PREPARE_PAIR slot=0
[VND] PREPARE_PAIR slot=0
[VND] TX_SKIP busy/inflight tag=ADC0-ASY2
[VND] PREPARE_PAIR slot=0
[VND] PREPARE_PAIR slot=0
[VND] TX_SKIP busy/inflight tag=ADC0-ASY2
[VND] PREPARE_PAIR slot=0
[VND] PREPARE_PAIR slot=0
[VND] TX_SKIP busy/inflight tag=ADC0-ASY2
[VND] PREPARE_PAIR slot=0
[VND] PREPARE_PAIR slot=0
[VND] TX_SKIP busy/inflight tag=ADC0-ASY2
[VND] PREPARE_PAIR slot=0
[VND] PREPARE_PAIR slot=0
[VND] TX_SKIP busy/inflight tag=ADC0-ASY2
[VND] PREPARE_PAIR slot=0
[VND] PREPARE_PAIR slot=0
[VND] TX_SKIP busy/inflight tag=ADC0-ASY2
[VND] PREPARE_PAIR slot=0
[VND] PREPARE_PAIR slot=0
[VND] TX_SKIP busy/inflight tag=ADC0-ASY2
[VND] PREPARE_PAIR slot=0
[VND] PREPARE_PAIR slot=0
[VND] TX_SKIP busy/inflight tag=ADC0-ASY2
[VND] PREPARE_PAIR slot=0
[VND] PREPARE_PAIR slot=0
[VND] TX_SKIP busy/inflight tag=ADC0-ASY2
[VND] PREPARE_PAIR slot=0
[VND] PREPARE_PAIR slot=0
[VND] TX_SKIP busy/inflight tag=ADC0-ASY2
[VND] PREPARE_PAIR slot=0
[VND] PREPARE_PAIR slot=0
[VND] TX_SKIP busy/inflight tag=ADC0-ASY2
[VND] PREPARE_PAIR slot=0
[VND] PREPARE_PAIR slot=0
[VND] TX_SKIP busy/inflight tag=ADC0-ASY2
[VND] PREPARE_PAIR slot=0
[VND] PREPARE_PAIR slot=0
[VND] TX_SKIP busy/inflight tag=ADC0-ASY2
[VND] PREPARE_PAIR slot=0
[VND] PREPARE_PAIR slot=0
[VND] TX_SKIP busy/inflight tag=ADC0-ASY2
[VND] PREPARE_PAIR slot=0
[VND] PREPARE_PAIR slot=0
[VND] TX_SKIP busy/inflight tag=ADC0-ASY2
[VND] PREPARE_PAIR slot=0
[VND] PREPARE_PAIR slot=0
[VND] TX_SKIP busy/inflight tag=ADC0-ASY2
[VND] PREPARE_PAIR slot=0
[VND] PREPARE_PAIR slot=0
[VND] TX_SKIP busy/inflight tag=ADC0-ASY2
[VND] PREPARE_PAIR slot=0
[VND] PREPARE_PAIR slot=0
[VND] TX_SKIP busy/inflight tag=ADC0-ASY2
[VND] PREPARE_PAIR slot=0
[VND] PREPARE_PAIR slot=0
[VND] TX_SKIP busy/inflight tag=ADC0-ASY2
[VND] PREPARE_PAIR slot=0
[VND] PREPARE_PAIR slot=0
[VND] TX_SKIP busy/inflight tag=ADC0-ASY2
[VND] PREPARE_PAIR slot=0
[VND] PREPARE_PAIR slot=0
[VND] TX_SKIP busy/inflight tag=ADC0-ASY2
[VND] PREPARE_PAIR slot=0
[VND] PREPARE_PAIR slot=0
[VND] TX_SKIP busy/inflight tag=ADC0-ASY2
[VND] PREPARE_PAIR slot=0
[VND] PREPARE_PAIR slot=0
[VND] TX_SKIP busy/inflight tag=ADC0-ASY2
[VND] PREPARE_PAIR slot=0
[VND] PREPARE_PAIR slot=0
[VND] TX_SKIP busy/inflight tag=ADC0-ASY2
[VND] PREPARE_PAIR slot=0
[VND] PREPARE_PAIR slot=0
[VND] TX_SKIP busy/inflight tag=ADC0-ASY2
[VND] PREPARE_PAIR slot=0
[VND] PREPARE_PAIR slot=0
[VND] TX_SKIP busy/inflight tag=ADC0-ASY2
[VND] PREPARE_PAIR slot=0
[VND] PREPARE_PAIR slot=0
[VND] TX_SKIP busy/inflight tag=ADC0-ASY2
[VND] PREPARE_PAIR slot=0
[VND] PREPARE_PAIR slot=0
[VND] TX_SKIP busy/inflight tag=ADC0-ASY2
[VND] PREPARE_PAIR slot=0
[VND] PREPARE_PAIR slot=0
[VND] TX_SKIP busy/inflight tag=ADC0-ASY2
[VND] PREPARE_PAIR slot=0
[VND] PREPARE_PAIR slot=0
[VND] TX_SKIP busy/inflight tag=ADC0-ASY2
[VND] PREPARE_PAIR slot=0
[VND] PREPARE_PAIR slot=0
[VND] TX_SKIP busy/inflight tag=ADC0-ASY2
[VND] PREPARE_PAIR slot=0
[VND] PREPARE_PAIR slot=0
[VND] TX_SKIP busy/inflight tag=ADC0-ASY2
[VND] PREPARE_PAIR slot=0
[VND] PREPARE_PAIR slot=0
[VND] TX_SKIP busy/inflight tag=ADC0-ASY2
[VND] PREPARE_PAIR slot=0
[VND] PREPARE_PAIR slot=0
[VND] TX_SKIP busy/inflight tag=ADC0-ASY2
[VND] PREPARE_PAIR slot=0
[VND] PREPARE_PAIR slot=0
[VND] TX_SKIP busy/inflight tag=ADC0-ASY2
[VND] PREPARE_PAIR slot=0
[VND] PREPARE_PAIR slot=0
[VND] TX_SKIP busy/inflight tag=ADC0-ASY2
[VND] PREPARE_PAIR slot=0
[VND] PREPARE_PAIR slot=0
[VND] TX_SKIP busy/inflight tag=ADC0-ASY2
[VND] PREPARE_PAIR slot=0
[VND] PREPARE_PAIR slot=0
[VND] TX_SKIP busy/inflight tag=ADC0-ASY2
[VND] PREPARE_PAIR slot=0
[VND] PREPARE_PAIR slot=0
[VND] TX_SKIP busy/inflight tag=ADC0-ASY2
[VND] PREPARE_PAIR slot=0
[VND] PREPARE_PAIR slot=0
[VND] TX_SKIP busy/inflight tag=ADC0-ASY2
[VND] PREPARE_PAIR slot=0
[VND] PREPARE_PAIR slot=0
[VND] TX_SKIP busy/inflight tag=ADC0-ASY2
[VND] PREPARE_PAIR slot=0
[VND] PREPARE_PAIR slot=0
[VND] TX_SKIP busy/inflight tag=ADC0-ASY2
[VND] PREPARE_PAIR slot=0
[VND] PREPARE_PAIR slot=0
[VND] TX_SKIP busy/inflight tag=ADC0-ASY2
[VND] PREPARE_PAIR slot=0
[VND] PREPARE_PAIR slot=0
[VND] TX_SKIP busy/inflight tag=ADC0-ASY2
[VND] PREPARE_PAIR slot=0
[VND] PREPARE_PAIR slot=0
[VND] TX_SKIP busy/inflight tag=ADC0-ASY2
[VND] PREPARE_PAIR slot=0
[VND] PREPARE_PAIR slot=0
[VND] TX_SKIP busy/inflight tag=ADC0-ASY2
[VND] PREPARE_PAIR slot=0
[VND] PREPARE_PAIR slot=0
[VND] TX_SKIP busy/inflight tag=ADC0-ASY2
[VND] PREPARE_PAIR slot=0
[VND] PREPARE_PAIR slot=0
[VND] TX_SKIP busy/inflight tag=ADC0-ASY2
[VND] PREPARE_PAIR slot=0
[VND] PREPARE_PAIR slot=0
[VND] TX_SKIP busy/inflight tag=ADC0-ASY2
[VND] PREPARE_PAIR slot=0
[VND] PREPARE_PAIR slot=0
[VND] TX_SKIP busy/inflight tag=ADC0-ASY2
[VND] PREPARE_PAIR slot=0
[VND] PREPARE_PAIR slot=0
[VND] TX_SKIP busy/inflight tag=ADC0-ASY2
[VND] PREPARE_PAIR slot=0
[VND] PREPARE_PAIR slot=0
[VND] TX_SKIP busy/inflight tag=ADC0-ASY2
[VND] PREPARE_PAIR slot=0
[VND] PREPARE_PAIR slot=0
[VND] TX_SKIP busy/inflight tag=ADC0-ASY2
[VND] PREPARE_PAIR slot=0
[VND] PREPARE_PAIR slot=0
[VND] TX_SKIP busy/inflight tag=ADC0-ASY2
[VND] PREPARE_PAIR slot=0
[VND] PREPARE_PAIR slot=0
[VND] TX_SKIP busy/inflight tag=ADC0-ASY2
[VND] PREPARE_PAIR slot=0
[VND] PREPARE_PAIR slot=0
[VND] TX_SKIP busy/inflight tag=ADC0-ASY2
[VND] PREPARE_PAIR slot=0
[VND] PREPARE_PAIR slot=0
[VND] TX_SKIP busy/inflight tag=ADC0-ASY2
[VND] PREPARE_PAIR slot=0
[VND] PREPARE_PAIR slot=0
[VND] TX_SKIP busy/inflight tag=ADC0-ASY2
[VND] PREPARE_PAIR slot=0
[VND] PREPARE_PAIR slot=0
[VND] TX_SKIP busy/inflight tag=ADC0-ASY2
[VND] PREPARE_PAIR slot=0
[VND] PREPARE_PAIR slot=0
[VND] TX_SKIP busy/inflight tag=ADC0-ASY2
[VND] PREPARE_PAIR slot=0
[VND] PREPARE_PAIR slot=0
[VND] TX_SKIP busy/inflight tag=ADC0-ASY2
[VND] PREPARE_PAIR slot=0
[VND] PREPARE_PAIR slot=0
[VND] TX_SKIP busy/inflight tag=ADC0-ASY2
[VND] PREPARE_PAIR slot=0
[VND] PREPARE_PAIR slot=0
[VND] TX_SKIP busy/inflight tag=ADC0-ASY2
[VND] PREPARE_PAIR slot=0
[VND] PREPARE_PAIR slot=0
[VND] TX_SKIP busy/inflight tag=ADC0-ASY2
[VND] PREPARE_PAIR slot=0
[VND] PREPARE_PAIR slot=0
[VND] TX_SKIP busy/inflight tag=ADC0-ASY2
[VND] PREPARE_PAIR slot=0
[VND] PREPARE_PAIR slot=0
[VND] TX_SKIP busy/inflight tag=ADC0-ASY2
[VND] PREPARE_PAIR slot=0
[VND] PREPARE_PAIR slot=0
[VND] TX_SKIP busy/inflight tag=ADC0-ASY2
[VND] PREPARE_PAIR slot=0
[VND] PREPARE_PAIR slot=0
[VND] TX_SKIP busy/inflight tag=ADC0-ASY2
[VND] PREPARE_PAIR slot=0
[VND] PREPARE_PAIR slot=0
[VND] TX_SKIP busy/inflight tag=ADC0-ASY2
[VND] PREPARE_PAIR slot=0
[VND] PREPARE_PAIR slot=0
[VND] TX_SKIP busy/inflight tag=ADC0-ASY2
[VND] PREPARE_PAIR slot=0
[VND] PREPARE_PAIR slot=0
[VND] TX_SKIP busy/inflight tag=ADC0-ASY2
[VND] PREPARE_PAIR slot=0
[VND] PREPARE_PAIR slot=0
[VND] TX_SKIP busy/inflight tag=ADC0-ASY2
[VND] PREPARE_PAIR slot=0
[VND] PREPARE_PAIR slot=0
[VND] TX_SKIP busy/inflight tag=ADC0-ASY2
[VND] PREPARE_PAIR slot=0
[VND] PREPARE_PAIR slot=0
[VND] TX_SKIP busy/inflight tag=ADC0-ASY2
[VND] PREPARE_PAIR slot=0
[VND] PREPARE_PAIR slot=0
[VND] TX_SKIP busy/inflight tag=ADC0-ASY2
[VND] PREPARE_PAIR slot=0
[VND] PREPARE_PAIR slot=0
[VND] TX_SKIP busy/inflight tag=ADC0-ASY2
[VND] PREPARE_PAIR slot=0
[VND] PREPARE_PAIR slot=0
[VND] TX_SKIP busy/inflight tag=ADC0-ASY2
[VND] PREPARE_PAIR slot=0
[VND] PREPARE_PAIR slot=0
[VND] TX_SKIP busy/inflight tag=ADC0-ASY2
[VND] PREPARE_PAIR slot=0
[VND] PREPARE_PAIR slot=0
[VND] TX_SKIP busy/inflight tag=ADC0-ASY2
[VND] PREPARE_PAIR slot=0
[VND] PREPARE_PAIR slot=0
[VND] TX_SKIP busy/inflight tag=ADC0-ASY2
[VND] PREPARE_PAIR slot=0
[VND] PREPARE_PAIR slot=0
[VND] TX_SKIP busy/inflight tag=ADC0-ASY2
[VND] PREPARE_PAIR slot=0
[VND] PREPARE_PAIR slot=0
[VND] TX_SKIP busy/inflight tag=ADC0-ASY2
[VND] PREPARE_PAIR slot=0
[VND] PREPARE_PAIR slot=0
[VND] TX_SKIP busy/inflight tag=ADC0-ASY2
[VND] PREPARE_PAIR slot=0
[VND] PREPARE_PAIR slot=0
[VND] TX_SKIP busy/inflight tag=ADC0-ASY2
[VND] PREPARE_PAIR slot=0
[VND] PREPARE_PAIR slot=0
[VND] TX_SKIP busy/inflight tag=ADC0-ASY2
[VND] PREPARE_PAIR slot=0
[VND] PREPARE_PAIR slot=0
[VND] TX_SKIP busy/inflight tag=ADC0-ASY2
[VND] PREPARE_PAIR slot=0
[VND] PREPARE_PAIR slot=0
[VND] TX_SKIP busy/inflight tag=ADC0-ASY2
[VND] PREPARE_PAIR slot=0
[VND] PREPARE_PAIR slot=0
[VND] TX_SKIP busy/inflight tag=ADC0-ASY2
[VND] PREPARE_PAIR slot=0
[VND] PREPARE_PAIR slot=0
[VND] TX_SKIP busy/inflight tag=ADC0-ASY2
[VND] PREPARE_PAIR slot=0
[VND] PREPARE_PAIR slot=0
[VND] TX_SKIP busy/inflight tag=ADC0-ASY2
[VND] PREPARE_PAIR slot=0
[VND] PREPARE_PAIR slot=0
[VND] TX_SKIP busy/inflight tag=ADC0-ASY2
[VND] PREPARE_PAIR slot=0
[VND] PREPARE_PAIR slot=0
[VND] TX_SKIP busy/inflight tag=ADC0-ASY2
[VND] PREPARE_PAIR slot=0
[VND] PREPARE_PAIR slot=0
[VND] TX_SKIP busy/inflight tag=ADC0-ASY2
[VND] PREPARE_PAIR slot=0
[VND] PREPARE_PAIR slot=0
[VND] TX_SKIP busy/inflight tag=ADC0-ASY2
[VND] PREPARE_PAIR slot=0
[VND] PREPARE_PAIR slot=0
[VND] TX_SKIP busy/inflight tag=ADC0-ASY2
[VND] PREPARE_PAIR slot=0
[VND] PREPARE_PAIR slot=0
[VND] TX_SKIP busy/inflight tag=ADC0-ASY2
[VND] PREPARE_PAIR slot=0
[VND] PREPARE_PAIR slot=0
[VND] TX_SKIP busy/inflight tag=ADC0-ASY2
[VND] PREPARE_PAIR slot=0
[VND] PREPARE_PAIR slot=0
[VND] TX_SKIP busy/inflight tag=ADC0-ASY2
[VND] PREPARE_PAIR slot=0
[VND] PREPARE_PAIR slot=0
[VND] TX_SKIP busy/inflight tag=ADC0-ASY2
[VND] PREPARE_PAIR slot=0
[VND] PREPARE_PAIR slot=0
[VND] TX_SKIP busy/inflight tag=ADC0-ASY2
[VND] PREPARE_PAIR slot=0
[VND] PREPARE_PAIR slot=0
[VND] TX_SKIP busy/inflight tag=ADC0-ASY2
[VND] PREPARE_PAIR slot=0
[VND] PREPARE_PAIR slot=0
[VND] TX_SKIP busy/inflight tag=ADC0-ASY2
[VND] PREPARE_PAIR slot=0
[VND] PREPARE_PAIR slot=0
[VND] TX_SKIP busy/inflight tag=ADC0-ASY2
[VND] PREPARE_PAIR slot=0
[VND] PREPARE_PAIR slot=0
[VND] TX_SKIP busy/inflight tag=ADC0-ASY2
[VND] PREPARE_PAIR slot=0
[VND] PREPARE_PAIR slot=0
[VND] TX_SKIP busy/inflight tag=ADC0-ASY2
[VND] PREPARE_PAIR slot=0
[VND] PREPARE_PAIR slot=0
[VND] TX_SKIP busy/inflight tag=ADC0-ASY2
[VND] PREPARE_PAIR slot=0
[VND] PREPARE_PAIR slot=0
[VND] TX_SKIP busy/inflight tag=ADC0-ASY2
[VND] PREPARE_PAIR slot=0
[VND] PREPARE_PAIR slot=0
[VND] TX_SKIP busy/inflight tag=ADC0-ASY2
[VND] PREPARE_PAIR slot=0
[VND] PREPARE_PAIR slot=0
[VND] TX_SKIP busy/inflight tag=ADC0-ASY2
[VND] PREPARE_PAIR slot=0
[VND] PREPARE_PAIR slot=0
[VND] TX_SKIP busy/inflight tag=ADC0-ASY2
[VND] PREPARE_PAIR slot=0
[VND] PREPARE_PAIR slot=0
[VND] TX_SKIP busy/inflight tag=ADC0-ASY2
[VND] PREPARE_PAIR slot=0
[VND] PREPARE_PAIR slot=0
[VND] TX_SKIP busy/inflight tag=ADC0-ASY2
[VND] PREPARE_PAIR slot=0
[VND] PREPARE_PAIR slot=0
[VND] TX_SKIP busy/inflight tag=ADC0-ASY2
[VND] PREPARE_PAIR slot=0
[VND] PREPARE_PAIR slot=0
[VND] TX_SKIP busy/inflight tag=ADC0-ASY2
[VND] PREPARE_PAIR slot=0
[VND] PREPARE_PAIR slot=0
[VND] TX_SKIP busy/inflight tag=ADC0-ASY2
[VND] PREPARE_PAIR slot=0
[VND] PREPARE_PAIR slot=0
[VND] TX_SKIP busy/inflight tag=ADC0-ASY2
[VND] PREPARE_PAIR slot=0
[VND] PREPARE_PAIR slot=0
[VND] TX_SKIP busy/inflight tag=ADC0-ASY2
[VND] PREPARE_PAIR slot=0
[VND] PREPARE_PAIR slot=0
[VND] TX_SKIP busy/inflight tag=ADC0-ASY2
[VND] PREPARE_PAIR slot=0
[VND] PREPARE_PAIR slot=0
[VND] TX_SKIP busy/inflight tag=ADC0-ASY2
[VND] PREPARE_PAIR slot=0
[VND] PREPARE_PAIR slot=0
[VND] TX_SKIP busy/inflight tag=ADC0-ASY2
[VND] PREPARE_PAIR slot=0
[VND] PREPARE_PAIR slot=0
[VND] TX_SKIP busy/inflight tag=ADC0-ASY2
[VND] PREPARE_PAIR slot=0
[VND] PREPARE_PAIR slot=0
[VND] TX_SKIP busy/inflight tag=ADC0-ASY2
[VND] PREPARE_PAIR slot=0
[VND] PREPARE_PAIR slot=0
[VND] TX_SKIP busy/inflight tag=ADC0-ASY2
[VND] PREPARE_PAIR slot=0
[VND] PREPARE_PAIR slot=0
[VND] TX_SKIP busy/inflight tag=ADC0-ASY2
[VND] PREPARE_PAIR slot=0
[VND] PREPARE_PAIR slot=0
[VND] TX_SKIP busy/inflight tag=ADC0-ASY2
[VND] PREPARE_PAIR slot=0
[VND] PREPARE_PAIR slot=0
[VND] TX_SKIP busy/inflight tag=ADC0-ASY2
[VND] PREPARE_PAIR slot=0
[VND] PREPARE_PAIR slot=0
[VND] TX_SKIP busy/inflight tag=ADC0-ASY2
[VND] PREPARE_PAIR slot=0
[VND] PREPARE_PAIR slot=0
[VND] TX_SKIP busy/inflight tag=ADC0-ASY2
[VND] PREPARE_PAIR slot=0
[VND] PREPARE_PAIR slot=0
[VND] TX_SKIP busy/inflight tag=ADC0-ASY2
[VND] PREPARE_PAIR slot=0
[VND] PREPARE_PAIR slot=0
[VND] TX_SKIP busy/inflight tag=ADC0-ASY2
[VND] PREPARE_PAIR slot=0
[VND] PREPARE_PAIR slot=0
[VND] TX_SKIP busy/inflight tag=ADC0-ASY2
[VND] PREPARE_PAIR slot=0
[VND] PREPARE_PAIR slot=0
[VND] TX_SKIP busy/inflight tag=ADC0-ASY2
[VND] PREPARE_PAIR slot=0
[VND] PREPARE_PAIR slot=0
[VND] TX_SKIP busy/inflight tag=ADC0-ASY2
[VND] PREPARE_PAIR slot=0
[VND] PREPARE_PAIR slot=0
[VND] TX_SKIP busy/inflight tag=ADC0-ASY2
[VND] PREPARE_PAIR slot=0
[VND] PREPARE_PAIR slot=0
[VND] TX_SKIP busy/inflight tag=ADC0-ASY2
[VND] PREPARE_PAIR slot=0
[VND] PREPARE_PAIR slot=0
[VND] TX_SKIP busy/inflight tag=ADC0-ASY2
[VND] PREPARE_PAIR slot=0
[VND] PREPARE_PAIR slot=0
[VND] TX_SKIP busy/inflight tag=ADC0-ASY2
[VND] PREPARE_PAIR slot=0
[VND] PREPARE_PAIR slot=0
[VND] TX_SKIP busy/inflight tag=ADC0-ASY2
[VND] PREPARE_PAIR slot=0
[VND] PREPARE_PAIR slot=0
[VND] TX_SKIP busy/inflight tag=ADC0-ASY2
[VND] PREPARE_PAIR slot=0
[VND] PREPARE_PAIR slot=0
[VND] TX_SKIP busy/inflight tag=ADC0-ASY2
[VND] PREPARE_PAIR slot=0
[VND] PREPARE_PAIR slot=0
[VND] TX_SKIP busy/inflight tag=ADC0-ASY2
[VND] PREPARE_PAIR slot=0
[VND] PREPARE_PAIR slot=0
[VND] TX_SKIP busy/inflight tag=ADC0-ASY2
[VND] PREPARE_PAIR slot=0
[VND] PREPARE_PAIR slot=0
[VND] TX_SKIP busy/inflight tag=ADC0-ASY2
[VND] PREPARE_PAIR slot=0
[VND] PREPARE_PAIR slot=0
[VND] TX_SKIP busy/inflight tag=ADC0-ASY2
[VND] PREPARE_PAIR slot=0
[VND] PREPARE_PAIR slot=0
[VND] TX_SKIP busy/inflight tag=ADC0-ASY2
[VND] PREPARE_PAIR slot=0
[VND] PREPARE_PAIR slot=0
[VND] TX_SKIP busy/inflight tag=ADC0-ASY2
[VND] PREPARE_PAIR slot=0
[VND] PREPARE_PAIR slot=0
[VND] TX_SKIP busy/inflight tag=ADC0-ASY2
[VND] PREPARE_PAIR slot=0
[VND] PREPARE_PAIR slot=0
[VND] TX_SKIP busy/inflight tag=ADC0-ASY2
[VND] PREPARE_PAIR slot=0
[VND] PREPARE_PAIR slot=0
[VND] TX_SKIP busy/inflight tag=ADC0-ASY2
[VND] PREPARE_PAIR slot=0
[VND] PREPARE_PAIR slot=0
[VND] TX_SKIP busy/inflight tag=ADC0-ASY2
[VND] PREPARE_PAIR slot=0
[VND] PREPARE_PAIR slot=0
[VND] TX_SKIP busy/inflight tag=ADC0-ASY2
[VND] PREPARE_PAIR slot=0
[VND] PREPARE_PAIR slot=0
[VND] TX_SKIP busy/inflight tag=ADC0-ASY2
[VND] PREPARE_PAIR slot=0
[VND] PREPARE_PAIR slot=0
[VND] TX_SKIP busy/inflight tag=ADC0-ASY2
[VND] PREPARE_PAIR slot=0
[VND] PREPARE_PAIR slot=0
[VND] TX_SKIP busy/inflight tag=ADC0-ASY2
[VND] PREPARE_PAIR slot=0
[VND] PREPARE_PAIR slot=0
[VND] TX_SKIP busy/inflight tag=ADC0-ASY2
[VND] PREPARE_PAIR slot=0
[VND] PREPARE_PAIR slot=0
[VND] TX_SKIP busy/inflight tag=ADC0-ASY2
[VND] PREPARE_PAIR slot=0
[VND] PREPARE_PAIR slot=0
[VND] TX_SKIP busy/inflight tag=ADC0-ASY2
[VND] PREPARE_PAIR slot=0
[VND] PREPARE_PAIR slot=0
[VND] TX_SKIP busy/inflight tag=ADC0-ASY2
[VND] PREPARE_PAIR slot=0
[VND] PREPARE_PAIR slot=0
[VND] TX_SKIP busy/inflight tag=ADC0-ASY2
[VND] PREPARE_PAIR slot=0
[VND] PREPARE_PAIR slot=0
[VND] TX_SKIP busy/inflight tag=ADC0-ASY2
[VND] PREPARE_PAIR slot=0
[VND] PREPARE_PAIR slot=0
[VND] TX_SKIP busy/inflight tag=ADC0-ASY2
[VND] PREPARE_PAIR slot=0
[VND] PREPARE_PAIR slot=0
[VND] TX_SKIP busy/inflight tag=ADC0-ASY2
[VND] PREPARE_PAIR slot=0
[VND] PREPARE_PAIR slot=0
[VND] TX_SKIP busy/inflight tag=ADC0-ASY2
[VND] PREPARE_PAIR slot=0
[VND] PREPARE_PAIR slot=0
[VND] TX_SKIP busy/inflight tag=ADC0-ASY2
[VND] PREPARE_PAIR slot=0
[VND] PREPARE_PAIR slot=0
[VND] TX_SKIP busy/inflight tag=ADC0-ASY2
[VND] PREPARE_PAIR slot=0
[VND] PREPARE_PAIR slot=0
[VND] TX_SKIP busy/inflight tag=ADC0-ASY2
[VND] PREPARE_PAIR slot=0
[VND] PREPARE_PAIR slot=0
[VND] TX_SKIP busy/inflight tag=ADC0-ASY2
[VND] PREPARE_PAIR slot=0
[VND] PREPARE_PAIR slot=0
[VND] TX_SKIP busy/inflight tag=ADC0-ASY2
[VND] PREPARE_PAIR slot=0
[VND] PREPARE_PAIR slot=0
[VND] TX_SKIP busy/inflight tag=ADC0-ASY2
[VND] PREPARE_PAIR slot=0
[VND] PREPARE_PAIR slot=0
[VND] TX_SKIP busy/inflight tag=ADC0-ASY2
[VND] PREPARE_PAIR slot=0
[VND] PREPARE_PAIR slot=0
[VND] TX_SKIP busy/inflight tag=ADC0-ASY2
[VND] PREPARE_PAIR slot=0
[VND] PREPARE_PAIR slot=0
[VND] TX_SKIP busy/inflight tag=ADC0-ASY2
[VND] PREPARE_PAIR slot=0
[VND] PREPARE_PAIR slot=0
[VND] TX_SKIP busy/inflight tag=ADC0-ASY2
[VND] PREPARE_PAIR slot=0
[VND] PREPARE_PAIR slot=0
[VND] TX_SKIP busy/inflight tag=ADC0-ASY2
[VND] PREPARE_PAIR slot=0
[VND] PREPARE_PAIR slot=0
[VND] TX_SKIP busy/inflight tag=ADC0-ASY2
[VND] PREPARE_PAIR slot=0
[VND] PREPARE_PAIR slot=0
[VND] TX_SKIP busy/inflight tag=ADC0-ASY2
[VND] PREPARE_PAIR slot=0
[VND] PREPARE_PAIR slot=0
[VND] TX_SKIP busy/inflight tag=ADC0-ASY2
[VND] PREPARE_PAIR slot=0
[VND] PREPARE_PAIR slot=0
[VND] TX_SKIP busy/inflight tag=ADC0-ASY2
[VND] PREPARE_PAIR slot=0
[VND] PREPARE_PAIR slot=0
[VND] TX_SKIP busy/inflight tag=ADC0-ASY2
[VND] PREPARE_PAIR slot=0
[VND] PREPARE_PAIR slot=0
[VND] TX_SKIP busy/inflight tag=ADC0-ASY2
[VND] PREPARE_PAIR slot=0
[VND] PREPARE_PAIR slot=0
[VND] TX_SKIP busy/inflight tag=ADC0-ASY2
[VND] PREPARE_PAIR slot=0
[VND] PREPARE_PAIR slot=0
[VND] TX_SKIP busy/inflight tag=ADC0-ASY2
[VND] PREPARE_PAIR slot=0
[VND] PREPARE_PAIR slot=0
[VND] TX_SKIP busy/inflight tag=ADC0-ASY2
[VND] PREPARE_PAIR slot=0
[VND] PREPARE_PAIR slot=0
[VND] TX_SKIP busy/inflight tag=ADC0-ASY2
[VND] PREPARE_PAIR slot=0
[VND] PREPARE_PAIR slot=0
[VND] TX_SKIP busy/inflight tag=ADC0-ASY2
[VND] PREPARE_PAIR slot=0
[VND] PREPARE_PAIR slot=0
[VND] TX_SKIP busy/inflight tag=ADC0-ASY2
[VND] PREPARE_PAIR slot=0
[VND] PREPARE_PAIR slot=0
[VND] TX_SKIP busy/inflight tag=ADC0-ASY2
[VND] PREPARE_PAIR slot=0
[VND] PREPARE_PAIR slot=0
[VND] TX_SKIP busy/inflight tag=ADC0-ASY2
[VND] PREPARE_PAIR slot=0
[VND] PREPARE_PAIR slot=0
[VND] TX_SKIP busy/inflight tag=ADC0-ASY2
[VND] PREPARE_PAIR slot=0
[VND] PREPARE_PAIR slot=0
[VND] TX_SKIP busy/inflight tag=ADC0-ASY2
[VND] PREPARE_PAIR slot=0
[VND] PREPARE_PAIR slot=0
[VND] TX_SKIP busy/inflight tag=ADC0-ASY2
[VND] PREPARE_PAIR slot=0
[VND] PREPARE_PAIR slot=0
[VND] TX_SKIP busy/inflight tag=ADC0-ASY2
[VND] PREPARE_PAIR slot=0
[VND] PREPARE_PAIR slot=0
[VND] TX_SKIP busy/inflight tag=ADC0-ASY2
[VND] PREPARE_PAIR slot=0
[VND] PREPARE_PAIR slot=0
[VND] TX_SKIP busy/inflight tag=ADC0-ASY2
[VND] PREPARE_PAIR slot=0
[VND] PREPARE_PAIR slot=0
[VND] TX_SKIP busy/inflight tag=ADC0-ASY2
[VND] PREPARE_PAIR slot=0
[VND] PREPARE_PAIR slot=0
[VND] TX_SKIP busy/inflight tag=ADC0-ASY2
[VND] PREPARE_PAIR slot=0
[VND] PREPARE_PAIR slot=0
[VND] TX_SKIP busy/inflight tag=ADC0-ASY2
[VND] PREPARE_PAIR slot=0
[VND] PREPARE_PAIR slot=0
[VND] TX_SKIP busy/inflight tag=ADC0-ASY2
[VND] PREPARE_PAIR slot=0
[VND] PREPARE_PAIR slot=0
[VND] TX_SKIP busy/inflight tag=ADC0-ASY2
[VND] PREPARE_PAIR slot=0
[VND] PREPARE_PAIR slot=0
[VND] TX_SKIP busy/inflight tag=ADC0-ASY2
[VND] PREPARE_PAIR slot=0
[VND] PREPARE_PAIR slot=0
[VND] TX_SKIP busy/inflight tag=ADC0-ASY2
[VND] PREPARE_PAIR slot=0
[VND] PREPARE_PAIR slot=0
[VND] TX_SKIP busy/inflight tag=ADC0-ASY2
[VND] PREPARE_PAIR slot=0
[VND] PREPARE_PAIR slot=0
[VND] TX_SKIP busy/inflight tag=ADC0-ASY2
[VND] PREPARE_PAIR slot=0
[VND] PREPARE_PAIR slot=0
[VND] TX_SKIP busy/inflight tag=ADC0-ASY2
[VND] PREPARE_PAIR slot=0
[VND] PREPARE_PAIR slot=0
[VND] TX_SKIP busy/inflight tag=ADC0-ASY2
[VND] PREPARE_PAIR slot=0
[VND] PREPARE_PAIR slot=0
[VND] TX_SKIP busy/inflight tag=ADC0-ASY2
[VND] PREPARE_PAIR slot=0
[VND] PREPARE_PAIR slot=0
[VND] TX_SKIP busy/inflight tag=ADC0-ASY2
[VND] PREPARE_PAIR slot=0
[VND] PREPARE_PAIR slot=0
[VND] TX_SKIP busy/inflight tag=ADC0-ASY2
[VND] PREPARE_PAIR slot=0
[VND] PREPARE_PAIR slot=0
[VND] TX_SKIP busy/inflight tag=ADC0-ASY2
[VND] PREPARE_PAIR slot=0
[VND] PREPARE_PAIR slot=0
[VND] TX_SKIP busy/inflight tag=ADC0-ASY2
[VND] PREPARE_PAIR slot=0
[VND] PREPARE_PAIR slot=0
[VND] TX_SKIP busy/inflight tag=ADC0-ASY2
[VND] PREPARE_PAIR slot=0
[VND] PREPARE_PAIR slot=0
[VND] TX_SKIP busy/inflight tag=ADC0-ASY2
[VND] PREPARE_PAIR slot=0
[VND] PREPARE_PAIR slot=0
[VND] TX_SKIP busy/inflight tag=ADC0-ASY2
[VND] PREPARE_PAIR slot=0
[VND] PREPARE_PAIR slot=0
[VND] TX_SKIP busy/inflight tag=ADC0-ASY2
[VND] PREPARE_PAIR slot=0
[VND] PREPARE_PAIR slot=0
[VND] TX_SKIP busy/inflight tag=ADC0-ASY2
[VND] PREPARE_PAIR slot=0
[VND] PREPARE_PAIR slot=0
[VND] TX_SKIP busy/inflight tag=ADC0-ASY2
[VND] PREPARE_PAIR slot=0
[VND] PREPARE_PAIR slot=0
[VND] TX_SKIP busy/inflight tag=ADC0-ASY2
[VND] PREPARE_PAIR slot=0
[VND] PREPARE_PAIR slot=0
[VND] TX_SKIP busy/inflight tag=ADC0-ASY2
[VND] PREPARE_PAIR slot=0
[VND] PREPARE_PAIR slot=0
[VND] TX_SKIP busy/inflight tag=ADC0-ASY2
[VND] PREPARE_PAIR slot=0
[VND] PREPARE_PAIR slot=0
[VND] TX_SKIP busy/inflight tag=ADC0-ASY2
[VND] PREPARE_PAIR slot=0
[VND] PREPARE_PAIR slot=0
[VND] TX_SKIP busy/inflight tag=ADC0-ASY2
[VND] PREPARE_PAIR slot=0
[VND] PREPARE_PAIR slot=0
[VND] TX_SKIP busy/inflight tag=ADC0-ASY2
[VND] PREPARE_PAIR slot=0
[VND] PREPARE_PAIR slot=0
[VND] TX_SKIP busy/inflight tag=ADC0-ASY2
[VND] PREPARE_PAIR slot=0
[VND] PREPARE_PAIR slot=0
[VND] TX_SKIP busy/inflight tag=ADC0-ASY2
[VND] PREPARE_PAIR slot=0
[VND] PREPARE_PAIR slot=0
[VND] TX_SKIP busy/inflight tag=ADC0-ASY2
[VND] PREPARE_PAIR slot=0
[VND] PREPARE_PAIR slot=0
[VND] TX_SKIP busy/inflight tag=ADC0-ASY2
[VND] PREPARE_PAIR slot=0
[VND] PREPARE_PAIR slot=0
[VND] TX_SKIP busy/inflight tag=ADC0-ASY2
[VND] PREPARE_PAIR slot=0
[VND] PREPARE_PAIR slot=0
[VND] TX_SKIP busy/inflight tag=ADC0-ASY2
[VND] PREPARE_PAIR slot=0
[VND] PREPARE_PAIR slot=0
[VND] TX_SKIP busy/inflight tag=ADC0-ASY2
[VND] PREPARE_PAIR slot=0
[VND] PREPARE_PAIR slot=0
[VND] TX_SKIP busy/inflight tag=ADC0-ASY2
[VND] PREPARE_PAIR slot=0
[VND] PREPARE_PAIR slot=0
[VND] TX_SKIP busy/inflight tag=ADC0-ASY2
[VND] PREPARE_PAIR slot=0
[VND] PREPARE_PAIR slot=0
[VND] TX_SKIP busy/inflight tag=ADC0-ASY2
[VND] PREPARE_PAIR slot=0
[VND] PREPARE_PAIR slot=0
[VND] TX_SKIP busy/inflight tag=ADC0-ASY2
[VND] PREPARE_PAIR slot=0
[VND] PREPARE_PAIR slot=0
[VND] TX_SKIP busy/inflight tag=ADC0-ASY2
[VND] PREPARE_PAIR slot=0
[VND] PREPARE_PAIR slot=0
[VND] TX_SKIP busy/inflight tag=ADC0-ASY2
[VND] PREPARE_PAIR slot=0
[VND] PREPARE_PAIR slot=0
[VND] TX_SKIP busy/inflight tag=ADC0-ASY2
[VND] PREPARE_PAIR slot=0
[VND] PREPARE_PAIR slot=0
[VND] TX_SKIP busy/inflight tag=ADC0-ASY2
[VND] PREPARE_PAIR slot=0
[VND] PREPARE_PAIR slot=0
[VND] TX_SKIP busy/inflight tag=ADC0-ASY2
[VND] PREPARE_PAIR slot=0
[VND] PREPARE_PAIR slot=0
[VND] TX_SKIP busy/inflight tag=ADC0-ASY2
[VND] PREPARE_PAIR slot=0
[VND] PREPARE_PAIR slot=0
[VND] TX_SKIP busy/inflight tag=ADC0-ASY2
[VND] PREPARE_PAIR slot=0
[VND] PREPARE_PAIR slot=0
[VND] TX_SKIP busy/inflight tag=ADC0-ASY2
[VND] PREPARE_PAIR slot=0
[VND] PREPARE_PAIR slot=0
[VND] TX_SKIP busy/inflight tag=ADC0-ASY2
[VND] PREPARE_PAIR slot=0
[VND] PREPARE_PAIR slot=0
[VND] TX_SKIP busy/inflight tag=ADC0-ASY2
[VND] PREPARE_PAIR slot=0
[VND] PREPARE_PAIR slot=0
[VND] TX_SKIP busy/inflight tag=ADC0-ASY2
[VND] PREPARE_PAIR slot=0
[VND] PREPARE_PAIR slot=0
[VND] TX_SKIP busy/inflight tag=ADC0-ASY2
[VND] PREPARE_PAIR slot=0
[VND] PREPARE_PAIR slot=0
[VND] TX_SKIP busy/inflight tag=ADC0-ASY2
[VND] PREPARE_PAIR slot=0
[VND] PREPARE_PAIR slot=0
[VND] TX_SKIP busy/inflight tag=ADC0-ASY2
[VND] PREPARE_PAIR slot=0
[VND] PREPARE_PAIR slot=0
[VND] TX_SKIP busy/inflight tag=ADC0-ASY2
[VND] PREPARE_PAIR slot=0
[VND] PREPARE_PAIR slot=0
[VND] TX_SKIP busy/inflight tag=ADC0-ASY2
[VND] PREPARE_PAIR slot=0
[VND] PREPARE_PAIR slot=0
[VND] TX_SKIP busy/inflight tag=ADC0-ASY2
[VND] PREPARE_PAIR slot=0
[VND] PREPARE_PAIR slot=0
[VND] TX_SKIP busy/inflight tag=ADC0-ASY2
[VND] PREPARE_PAIR slot=0
[VND] PREPARE_PAIR slot=0
[VND] TX_SKIP busy/inflight tag=ADC0-ASY2
[VND] PREPARE_PAIR slot=0
[VND] PREPARE_PAIR slot=0
[VND] TX_SKIP busy/inflight tag=ADC0-ASY2
[VND] PREPARE_PAIR slot=0
[VND] PREPARE_PAIR slot=0
[VND] TX_SKIP busy/inflight tag=ADC0-ASY2
[VND] PREPARE_PAIR slot=0
[VND] PREPARE_PAIR slot=0
[VND] TX_SKIP busy/inflight tag=ADC0-ASY2
[VND] PREPARE_PAIR slot=0
[VND] PREPARE_PAIR slot=0
[VND] TX_SKIP busy/inflight tag=ADC0-ASY2
[VND] PREPARE_PAIR slot=0
[VND] PREPARE_PAIR slot=0
[VND] TX_SKIP busy/inflight tag=ADC0-ASY2
[VND] PREPARE_PAIR slot=0
[VND] PREPARE_PAIR slot=0
[VND] TX_SKIP busy/inflight tag=ADC0-ASY2
[VND] PREPARE_PAIR slot=0
[VND] PREPARE_PAIR slot=0
[VND] TX_SKIP busy/inflight tag=ADC0-ASY2
[VND] PREPARE_PAIR slot=0
[VND] PREPARE_PAIR slot=0
[VND] TX_SKIP busy/inflight tag=ADC0-ASY2
[VND] PREPARE_PAIR slot=0
[VND] PREPARE_PAIR slot=0
[VND] TX_SKIP busy/inflight tag=ADC0-ASY2
[VND] PREPARE_PAIR slot=0
[VND] PREPARE_PAIR slot=0
[VND] TX_SKIP busy/inflight tag=ADC0-ASY2
[VND] PREPARE_PAIR slot=0
[VND] PREPARE_PAIR slot=0
[VND] TX_SKIP busy/inflight tag=ADC0-ASY2
[VND] PREPARE_PAIR slot=0
[VND] PREPARE_PAIR slot=0
[VND] TX_SKIP busy/inflight tag=ADC0-ASY2
[VND] PREPARE_PAIR slot=0
[VND] PREPARE_PAIR slot=0
[VND] TX_SKIP busy/inflight tag=ADC0-ASY2
[VND] PREPARE_PAIR slot=0
[VND] PREPARE_PAIR slot=0
[VND] TX_SKIP busy/inflight tag=ADC0-ASY2
[VND] PREPARE_PAIR slot=0
[VND] PREPARE_PAIR slot=0
[VND] TX_SKIP busy/inflight tag=ADC0-ASY2
[VND] PREPARE_PAIR slot=0
[VND] PREPARE_PAIR slot=0
[VND] TX_SKIP busy/inflight tag=ADC0-ASY2
[VND] PREPARE_PAIR slot=0
[VND] PREPARE_PAIR slot=0
[VND] TX_SKIP busy/inflight tag=ADC0-ASY2
[VND] PREPARE_PAIR slot=0
[VND] PREPARE_PAIR slot=0
[VND] TX_SKIP busy/inflight tag=ADC0-ASY2
[VND] PREPARE_PAIR slot=0
[VND] PREPARE_PAIR slot=0
[VND] TX_SKIP busy/inflight tag=ADC0-ASY2
[VND] PREPARE_PAIR slot=0
[VND] PREPARE_PAIR slot=0
[VND] TX_SKIP busy/inflight tag=ADC0-ASY2
[VND] PREPARE_PAIR slot=0
[VND] PREPARE_PAIR slot=0
[VND] TX_SKIP busy/inflight tag=ADC0-ASY2
[VND] PREPARE_PAIR slot=0
[VND] PREPARE_PAIR slot=0
[VND] TX_SKIP busy/inflight tag=ADC0-ASY2
[VND] PREPARE_PAIR slot=0
[VND] PREPARE_PAIR slot=0
[VND] TX_SKIP busy/inflight tag=ADC0-ASY2
[VND] PREPARE_PAIR slot=0
[VND] PREPARE_PAIR slot=0
[VND] TX_SKIP busy/inflight tag=ADC0-ASY2
[VND] PREPARE_PAIR slot=0
[VND] PREPARE_PAIR slot=0
[VND] TX_SKIP busy/inflight tag=ADC0-ASY2
[VND] PREPARE_PAIR slot=0
[VND] PREPARE_PAIR slot=0
[VND] TX_SKIP busy/inflight tag=ADC0-ASY2
[VND] PREPARE_PAIR slot=0
[VND] PREPARE_PAIR slot=0
[VND] TX_SKIP busy/inflight tag=ADC0-ASY2
[VND] PREPARE_PAIR slot=0
[VND] PREPARE_PAIR slot=0
[VND] TX_SKIP busy/inflight tag=ADC0-ASY2
[VND] PREPARE_PAIR slot=0
[VND] PREPARE_PAIR slot=0
[VND] TX_SKIP busy/inflight tag=ADC0-ASY2
[VND] PREPARE_PAIR slot=0
[VND] PREPARE_PAIR slot=0
[VND] TX_SKIP busy/inflight tag=ADC0-ASY2
[VND] PREPARE_PAIR slot=0
[VND] PREPARE_PAIR slot=0
[VND] TX_SKIP busy/inflight tag=ADC0-ASY2
[VND] PREPARE_PAIR slot=0
[VND] PREPARE_PAIR slot=0
[VND] TX_SKIP busy/inflight tag=ADC0-ASY2
[VND] PREPARE_PAIR slot=0
[VND] PREPARE_PAIR slot=0
[VND] TX_SKIP busy/inflight tag=ADC0-ASY2
[VND] PREPARE_PAIR slot=0
[VND] PREPARE_PAIR slot=0
[VND] TX_SKIP busy/inflight tag=ADC0-ASY2
[VND] PREPARE_PAIR slot=0
[VND] PREPARE_PAIR slot=0
[VND] TX_SKIP busy/inflight tag=ADC0-ASY2
[VND] PREPARE_PAIR slot=0
[VND] PREPARE_PAIR slot=0
[VND] TX_SKIP busy/inflight tag=ADC0-ASY2
[VND] PREPARE_PAIR slot=0
[VND] PREPARE_PAIR slot=0
[VND] TX_SKIP busy/inflight tag=ADC0-ASY2
[VND] PREPARE_PAIR slot=0
[VND] PREPARE_PAIR slot=0
[VND] TX_SKIP busy/inflight tag=ADC0-ASY2
[VND] PREPARE_PAIR slot=0
[VND] PREPARE_PAIR slot=0
[VND] TX_SKIP busy/inflight tag=ADC0-ASY2
[VND] PREPARE_PAIR slot=0
[VND] PREPARE_PAIR slot=0
[VND] TX_SKIP busy/inflight tag=ADC0-ASY2
[VND] PREPARE_PAIR slot=0
[VND] PREPARE_PAIR slot=0
[VND] TX_SKIP busy/inflight tag=ADC0-ASY2
[VND] PREPARE_PAIR slot=0
[VND] PREPARE_PAIR slot=0
[VND] TX_SKIP busy/inflight tag=ADC0-ASY2
[VND] PREPARE_PAIR slot=0
[VND] PREPARE_PAIR slot=0
[VND] TX_SKIP busy/inflight tag=ADC0-ASY2
[VND] PREPARE_PAIR slot=0
[VND] PREPARE_PAIR slot=0
[VND] TX_SKIP busy/inflight tag=ADC0-ASY2
[VND] PREPARE_PAIR slot=0
[VND] PREPARE_PAIR slot=0
[VND] TX_SKIP busy/inflight tag=ADC0-ASY2
[VND] PREPARE_PAIR slot=0
[VND] PREPARE_PAIR slot=0
[VND] TX_SKIP busy/inflight tag=ADC0-ASY2
[VND] PREPARE_PAIR slot=0
[VND] PREPARE_PAIR slot=0
[VND] TX_SKIP busy/inflight tag=ADC0-ASY2
[VND] PREPARE_PAIR slot=0
[VND] PREPARE_PAIR slot=0
[VND] TX_SKIP busy/inflight tag=ADC0-ASY2
[VND] PREPARE_PAIR slot=0
[VND] PREPARE_PAIR slot=0
[VND] TX_SKIP busy/inflight tag=ADC0-ASY2
[VND] PREPARE_PAIR slot=0
[VND] PREPARE_PAIR slot=0
[VND] TX_SKIP busy/inflight tag=ADC0-ASY2
[VND] PREPARE_PAIR slot=0
[VND] PREPARE_PAIR slot=0
[VND] TX_SKIP busy/inflight tag=ADC0-ASY2
[VND] PREPARE_PAIR slot=0
[VND] PREPARE_PAIR slot=0
[VND] TX_SKIP busy/inflight tag=ADC0-ASY2
[VND] PREPARE_PAIR slot=0
[VND] PREPARE_PAIR slot=0
[VND] TX_SKIP busy/inflight tag=ADC0-ASY2
[VND] PREPARE_PAIR slot=0
[VND] PREPARE_PAIR slot=0
[VND] TX_SKIP busy/inflight tag=ADC0-ASY2
[VND] PREPARE_PAIR slot=0
[VND] PREPARE_PAIR slot=0
[VND] TX_SKIP busy/inflight tag=ADC0-ASY2
[VND] PREPARE_PAIR slot=0
[VND] PREPARE_PAIR slot=0
[VND] TX_SKIP busy/inflight tag=ADC0-ASY2
[VND] PREPARE_PAIR slot=0
[VND] PREPARE_PAIR slot=0
[VND] TX_SKIP busy/inflight tag=ADC0-ASY2
[VND] PREPARE_PAIR slot=0
[VND] PREPARE_PAIR slot=0
[VND] TX_SKIP busy/inflight tag=ADC0-ASY2
[VND] PREPARE_PAIR slot=0
[VND] PREPARE_PAIR slot=0
[VND] TX_SKIP busy/inflight tag=ADC0-ASY2
[VND] PREPARE_PAIR slot=0
[VND] PREPARE_PAIR slot=0
[VND] TX_SKIP busy/inflight tag=ADC0-ASY2
[VND] PREPARE_PAIR slot=0
[VND] PREPARE_PAIR slot=0
[VND] TX_SKIP busy/inflight tag=ADC0-ASY2
[VND] PREPARE_PAIR slot=0
[VND] PREPARE_PAIR slot=0
[VND] TX_SKIP busy/inflight tag=ADC0-ASY2
[VND] PREPARE_PAIR slot=0
[VND] PREPARE_PAIR slot=0
[VND] TX_SKIP busy/inflight tag=ADC0-ASY2
[VND] PREPARE_PAIR slot=0
[VND] PREPARE_PAIR slot=0
[VND] TX_SKIP busy/inflight tag=ADC0-ASY2
[VND] PREPARE_PAIR slot=0
[VND] PREPARE_PAIR slot=0
[VND] TX_SKIP busy/inflight tag=ADC0-ASY2
[VND] PREPARE_PAIR slot=0
[VND] PREPARE_PAIR slot=0
[VND] TX_SKIP busy/inflight tag=ADC0-ASY2
[VND] PREPARE_PAIR slot=0
[VND] PREPARE_PAIR slot=0
[VND] TX_SKIP busy/inflight tag=ADC0-ASY2
[VND] PREPARE_PAIR slot=0
[VND] PREPARE_PAIR slot=0
[VND] TX_SKIP busy/inflight tag=ADC0-ASY2
[VND] PREPARE_PAIR slot=0
[VND] PREPARE_PAIR slot=0
[VND] TX_SKIP busy/inflight tag=ADC0-ASY2
[VND] PREPARE_PAIR slot=0
[VND] PREPARE_PAIR slot=0
[VND] TX_SKIP busy/inflight tag=ADC0-ASY2
[VND] PREPARE_PAIR slot=0
[VND] PREPARE_PAIR slot=0
[VND] TX_SKIP busy/inflight tag=ADC0-ASY2
[VND] PREPARE_PAIR slot=0
[VND] PREPARE_PAIR slot=0
[VND] TX_SKIP busy/inflight tag=ADC0-ASY2
[VND] PREPARE_PAIR slot=0
[VND] PREPARE_PAIR slot=0
[VND] TX_SKIP busy/inflight tag=ADC0-ASY2
[VND] PREPARE_PAIR slot=0
[VND] PREPARE_PAIR slot=0
[VND] TX_SKIP busy/inflight tag=ADC0-ASY2
[VND] PREPARE_PAIR slot=0
[VND] PREPARE_PAIR slot=0
[VND] TX_SKIP busy/inflight tag=ADC0-ASY2
[VND] PREPARE_PAIR slot=0
[VND] PREPARE_PAIR slot=0
[VND] TX_SKIP busy/inflight tag=ADC0-ASY2
[VND] PREPARE_PAIR slot=0
[VND] PREPARE_PAIR slot=0
[VND] TX_SKIP busy/inflight tag=ADC0-ASY2
[VND] PREPARE_PAIR slot=0
[VND] PREPARE_PAIR slot=0
[VND] TX_SKIP busy/inflight tag=ADC0-ASY2
[VND] PREPARE_PAIR slot=0
[VND] PREPARE_PAIR slot=0
[VND] TX_SKIP busy/inflight tag=ADC0-ASY2
[VND] PREPARE_PAIR slot=0
[VND] PREPARE_PAIR slot=0
[VND] TX_SKIP busy/inflight tag=ADC0-ASY2
[VND] PREPARE_PAIR slot=0
[VND] PREPARE_PAIR slot=0
[VND] TX_SKIP busy/inflight tag=ADC0-ASY2
[VND] PREPARE_PAIR slot=0
[VND] PREPARE_PAIR slot=0
[VND] TX_SKIP busy/inflight tag=ADC0-ASY2
[VND] PREPARE_PAIR slot=0
[VND] PREPARE_PAIR slot=0
[VND] TX_SKIP busy/inflight tag=ADC0-ASY2
[VND] PREPARE_PAIR slot=0
[VND] PREPARE_PAIR slot=0
[VND] TX_SKIP busy/inflight tag=ADC0-ASY2
[VND] PREPARE_PAIR slot=0
[VND] PREPARE_PAIR slot=0
[VND] TX_SKIP busy/inflight tag=ADC0-ASY2
[VND] PREPARE_PAIR slot=0
[VND] PREPARE_PAIR slot=0
[VND] TX_SKIP busy/inflight tag=ADC0-ASY2
[VND] PREPARE_PAIR slot=0
[VND] PREPARE_PAIR slot=0
[VND] TX_SKIP busy/inflight tag=ADC0-ASY2
[VND] PREPARE_PAIR slot=0
[VND] PREPARE_PAIR slot=0
[VND] TX_SKIP busy/inflight tag=ADC0-ASY2
[VND] PREPARE_PAIR slot=0
[VND] PREPARE_PAIR slot=0
[VND] TX_SKIP busy/inflight tag=ADC0-ASY2
[VND] PREPARE_PAIR slot=0
[VND] PREPARE_PAIR slot=0
[VND] TX_SKIP busy/inflight tag=ADC0-ASY2
[VND] PREPARE_PAIR slot=0
[VND] PREPARE_PAIR slot=0
[VND] TX_SKIP busy/inflight tag=ADC0-ASY2
[VND] PREPARE_PAIR slot=0
[VND] PREPARE_PAIR slot=0
[VND] TX_SKIP busy/inflight tag=ADC0-ASY2
[VND] PREPARE_PAIR slot=0
[VND] PREPARE_PAIR slot=0
[VND] TX_SKIP busy/inflight tag=ADC0-ASY2
[VND] PREPARE_PAIR slot=0
[VND] PREPARE_PAIR slot=0
[VND] TX_SKIP busy/inflight tag=ADC0-ASY2
[VND] PREPARE_PAIR slot=0
[VND] PREPARE_PAIR slot=0
[VND] TX_SKIP busy/inflight tag=ADC0-ASY2
[VND] PREPARE_PAIR slot=0
[VND] PREPARE_PAIR slot=0
[VND] TX_SKIP busy/inflight tag=ADC0-ASY2
[VND] PREPARE_PAIR slot=0
[VND] PREPARE_PAIR slot=0
[VND] TX_SKIP busy/inflight tag=ADC0-ASY2
[VND] PREPARE_PAIR slot=0
[VND] PREPARE_PAIR slot=0
[VND] TX_SKIP busy/inflight tag=ADC0-ASY2
[VND] PREPARE_PAIR slot=0
[VND] PREPARE_PAIR slot=0
[VND] TX_SKIP busy/inflight tag=ADC0-ASY2
[VND] PREPARE_PAIR slot=0
[VND] PREPARE_PAIR slot=0
[VND] TX_SKIP busy/inflight tag=ADC0-ASY2
[VND] PREPARE_PAIR slot=0
[VND] PREPARE_PAIR slot=0
[VND] TX_SKIP busy/inflight tag=ADC0-ASY2
[VND] PREPARE_PAIR slot=0
[VND] PREPARE_PAIR slot=0
[VND] TX_SKIP busy/inflight tag=ADC0-ASY2
[VND] PREPARE_PAIR slot=0
[VND] PREPARE_PAIR slot=0
[VND] TX_SKIP busy/inflight tag=ADC0-ASY2
[VND] PREPARE_PAIR slot=0
[VND] PREPARE_PAIR slot=0
[VND] TX_SKIP busy/inflight tag=ADC0-ASY2
[VND] PREPARE_PAIR slot=0
[VND] PREPARE_PAIR slot=0
[VND] TX_SKIP busy/inflight tag=ADC0-ASY2
[VND] PREPARE_PAIR slot=0
[VND] PREPARE_PAIR slot=0
[VND] TX_SKIP busy/inflight tag=ADC0-ASY2
[VND] PREPARE_PAIR slot=0
[VND] PREPARE_PAIR slot=0
[VND] TX_SKIP busy/inflight tag=ADC0-ASY2
[VND] PREPARE_PAIR slot=0
[VND] PREPARE_PAIR slot=0
[VND] TX_SKIP busy/inflight tag=ADC0-ASY2
[VND] PREPARE_PAIR slot=0
[VND] PREPARE_PAIR slot=0
[VND] TX_SKIP busy/inflight tag=ADC0-ASY2
[VND] PREPARE_PAIR slot=0
[VND] PREPARE_PAIR slot=0
[VND] TX_SKIP busy/inflight tag=ADC0-ASY2
[VND] PREPARE_PAIR slot=0
[VND] PREPARE_PAIR slot=0
[VND] TX_SKIP busy/inflight tag=ADC0-ASY2
[VND] PREPARE_PAIR slot=0
[VND] PREPARE_PAIR slot=0
[VND] TX_SKIP busy/inflight tag=ADC0-ASY2
[VND] PREPARE_PAIR slot=0
[VND] PREPARE_PAIR slot=0
[VND] TX_SKIP busy/inflight tag=ADC0-ASY2
[VND] PREPARE_PAIR slot=0
[VND] PREPARE_PAIR slot=0
[VND] TX_SKIP busy/inflight tag=ADC0-ASY2
[VND] PREPARE_PAIR slot=0
[VND] PREPARE_PAIR slot=0
[VND] TX_SKIP busy/inflight tag=ADC0-ASY2
[VND] PREPARE_PAIR slot=0
[VND] PREPARE_PAIR slot=0
[VND] TX_SKIP busy/inflight tag=ADC0-ASY2
[VND] PREPARE_PAIR slot=0
[VND] PREPARE_PAIR slot=0
[VND] TX_SKIP busy/inflight tag=ADC0-ASY2
[VND] PREPARE_PAIR slot=0
[VND] PREPARE_PAIR slot=0
[VND] TX_SKIP busy/inflight tag=ADC0-ASY2
[VND] PREPARE_PAIR slot=0
[VND] PREPARE_PAIR slot=0
[VND] TX_SKIP busy/inflight tag=ADC0-ASY2
[VND] PREPARE_PAIR slot=0
[VND] PREPARE_PAIR slot=0
[VND] TX_SKIP busy/inflight tag=ADC0-ASY2
[VND] PREPARE_PAIR slot=0
[VND] PREPARE_PAIR slot=0
[VND] TX_SKIP busy/inflight tag=ADC0-ASY2
[VND] PREPARE_PAIR slot=0
[VND] PREPARE_PAIR slot=0
[VND] TX_SKIP busy/inflight tag=ADC0-ASY2
[VND] PREPARE_PAIR slot=0
[VND] PREPARE_PAIR slot=0
[VND] TX_SKIP busy/inflight tag=ADC0-ASY2
[VND] PREPARE_PAIR slot=0
[VND] PREPARE_PAIR slot=0
[VND] TX_SKIP busy/inflight tag=ADC0-ASY2
[VND] PREPARE_PAIR slot=0
[VND] PREPARE_PAIR slot=0
[VND] TX_SKIP busy/inflight tag=ADC0-ASY2
[VND] PREPARE_PAIR slot=0
[VND] PREPARE_PAIR slot=0
[VND] TX_SKIP busy/inflight tag=ADC0-ASY2
[VND] PREPARE_PAIR slot=0
[VND] PREPARE_PAIR slot=0
[VND] TX_SKIP busy/inflight tag=ADC0-ASY2
[VND] PREPARE_PAIR slot=0
[VND] PREPARE_PAIR slot=0
[VND] TX_SKIP busy/inflight tag=ADC0-ASY2
[VND] PREPARE_PAIR slot=0
[VND] PREPARE_PAIR slot=0
[VND] TX_SKIP busy/inflight tag=ADC0-ASY2
[VND] PREPARE_PAIR slot=0
[VND] PREPARE_PAIR slot=0
[VND] TX_SKIP busy/inflight tag=ADC0-ASY2
[VND] PREPARE_PAIR slot=0
[VND] PREPARE_PAIR slot=0
[VND] TX_SKIP busy/inflight tag=ADC0-ASY2
[VND] PREPARE_PAIR slot=0
[VND] PREPARE_PAIR slot=0
[VND] TX_SKIP busy/inflight tag=ADC0-ASY2
[VND] PREPARE_PAIR slot=0
[VND] PREPARE_PAIR slot=0
[VND] TX_SKIP busy/inflight tag=ADC0-ASY2
[VND] PREPARE_PAIR slot=0
[VND] PREPARE_PAIR slot=0
[VND] TX_SKIP busy/inflight tag=ADC0-ASY2
[VND] PREPARE_PAIR slot=0
[VND] PREPARE_PAIR slot=0
[VND] TX_SKIP busy/inflight tag=ADC0-ASY2
[VND] PREPARE_PAIR slot=0
[VND] PREPARE_PAIR slot=0
[VND] TX_SKIP busy/inflight tag=ADC0-ASY2
[VND] PREPARE_PAIR slot=0
[VND] PREPARE_PAIR slot=0
[VND] TX_SKIP busy/inflight tag=ADC0-ASY2
[VND] PREPARE_PAIR slot=0
[VND] PREPARE_PAIR slot=0
[VND] TX_SKIP busy/inflight tag=ADC0-ASY2
[VND] PREPARE_PAIR slot=0
[VND] PREPARE_PAIR slot=0
[VND] TX_SKIP busy/inflight tag=ADC0-ASY2
[VND] PREPARE_PAIR slot=0
[VND] PREPARE_PAIR slot=0
[VND] TX_SKIP busy/inflight tag=ADC0-ASY2
[VND] PREPARE_PAIR slot=0
[VND] PREPARE_PAIR slot=0
[VND] TX_SKIP busy/inflight tag=ADC0-ASY2
[VND] PREPARE_PAIR slot=0
[VND] PREPARE_PAIR slot=0
[VND] TX_SKIP busy/inflight tag=ADC0-ASY2
[VND] PREPARE_PAIR slot=0
[VND] PREPARE_PAIR slot=0
[VND] TX_SKIP busy/inflight tag=ADC0-ASY2
[VND] PREPARE_PAIR slot=0
[VND] PREPARE_PAIR slot=0
[VND] TX_SKIP busy/inflight tag=ADC0-ASY2
[VND] PREPARE_PAIR slot=0
[VND] PREPARE_PAIR slot=0
[VND] TX_SKIP busy/inflight tag=ADC0-ASY2
[VND] PREPARE_PAIR slot=0
[VND] PREPARE_PAIR slot=0
[VND] TX_SKIP busy/inflight tag=ADC0-ASY2
[VND] PREPARE_PAIR slot=0
[VND] PREPARE_PAIR slot=0
[VND] TX_SKIP busy/inflight tag=ADC0-ASY2
[VND] PREPARE_PAIR slot=0
[VND] PREPARE_PAIR slot=0
[VND] TX_SKIP busy/inflight tag=ADC0-ASY2
[VND] PREPARE_PAIR slot=0
[VND] PREPARE_PAIR slot=0
[VND] TX_SKIP busy/inflight tag=ADC0-ASY2
[VND] PREPARE_PAIR slot=0
[VND] PREPARE_PAIR slot=0
[VND] TX_SKIP busy/inflight tag=ADC0-ASY2
[VND] PREPARE_PAIR slot=0
[VND] PREPARE_PAIR slot=0
[VND] TX_SKIP busy/inflight tag=ADC0-ASY2
[VND] PREPARE_PAIR slot=0
[VND] PREPARE_PAIR slot=0
[VND] TX_SKIP busy/inflight tag=ADC0-ASY2
[VND] PREPARE_PAIR slot=0
[VND] PREPARE_PAIR slot=0
[VND] TX_SKIP busy/inflight tag=ADC0-ASY2
[VND] PREPARE_PAIR slot=0
[VND] PREPARE_PAIR slot=0
[VND] TX_SKIP busy/inflight tag=ADC0-ASY2
[VND] PREPARE_PAIR slot=0
[VND] PREPARE_PAIR slot=0
[VND] TX_SKIP busy/inflight tag=ADC0-ASY2
[VND] PREPARE_PAIR slot=0
[VND] PREPARE_PAIR slot=0
[VND] TX_SKIP busy/inflight tag=ADC0-ASY2
[VND] PREPARE_PAIR slot=0
[VND] PREPARE_PAIR slot=0
[VND] TX_SKIP busy/inflight tag=ADC0-ASY2
[VND] PREPARE_PAIR slot=0
[VND] PREPARE_PAIR slot=0
[VND] TX_SKIP busy/inflight tag=ADC0-ASY2
[VND] PREPARE_PAIR slot=0
[VND] PREPARE_PAIR slot=0
[VND] TX_SKIP busy/inflight tag=ADC0-ASY2
[VND] PREPARE_PAIR slot=0
[VND] PREPARE_PAIR slot=0
[VND] TX_SKIP busy/inflight tag=ADC0-ASY2
[VND] PREPARE_PAIR slot=0
[VND] PREPARE_PAIR slot=0
[VND] TX_SKIP busy/inflight tag=ADC0-ASY2
[VND] PREPARE_PAIR slot=0
[VND] PREPARE_PAIR slot=0
[VND] TX_SKIP busy/inflight tag=ADC0-ASY2
[VND] PREPARE_PAIR slot=0
[VND] PREPARE_PAIR slot=0
[VND] TX_SKIP busy/inflight tag=ADC0-ASY2
[VND] PREPARE_PAIR slot=0
[VND] PREPARE_PAIR slot=0
[VND] TX_SKIP busy/inflight tag=ADC0-ASY2
[VND] PREPARE_PAIR slot=0
[VND] PREPARE_PAIR slot=0
[VND] TX_SKIP busy/inflight tag=ADC0-ASY2
[VND] PREPARE_PAIR slot=0
[VND] PREPARE_PAIR slot=0
[VND] TX_SKIP busy/inflight tag=ADC0-ASY2
[VND] PREPARE_PAIR slot=0
[VND] PREPARE_PAIR slot=0
[VND] TX_SKIP busy/inflight tag=ADC0-ASY2
[VND] PREPARE_PAIR slot=0
[VND] PREPARE_PAIR slot=0
[VND] TX_SKIP busy/inflight tag=ADC0-ASY2
[VND] PREPARE_PAIR slot=0
[VND] PREPARE_PAIR slot=0
[VND] TX_SKIP busy/inflight tag=ADC0-ASY2
[VND] PREPARE_PAIR slot=0
[VND] PREPARE_PAIR slot=0
[VND] TX_SKIP busy/inflight tag=ADC0-ASY2
[VND] PREPARE_PAIR slot=0
[VND] PREPARE_PAIR slot=0
[VND] TX_SKIP busy/inflight tag=ADC0-ASY2
[VND] PREPARE_PAIR slot=0
[VND] PREPARE_PAIR slot=0
[VND] TX_SKIP busy/inflight tag=ADC0-ASY2
[VND] PREPARE_PAIR slot=0
[VND] PREPARE_PAIR slot=0
[VND] TX_SKIP busy/inflight tag=ADC0-ASY2
[VND] PREPARE_PAIR slot=0
[VND] PREPARE_PAIR slot=0
[VND] TX_SKIP busy/inflight tag=ADC0-ASY2
[VND] PREPARE_PAIR slot=0
[VND] PREPARE_PAIR slot=0
[VND] TX_SKIP busy/inflight tag=ADC0-ASY2
[VND] PREPARE_PAIR slot=0
[VND] PREPARE_PAIR slot=0
[VND] TX_SKIP busy/inflight tag=ADC0-ASY2
[VND] PREPARE_PAIR slot=0
[VND] PREPARE_PAIR slot=0
[VND] TX_SKIP busy/inflight tag=ADC0-ASY2
[VND] PREPARE_PAIR slot=0
[VND] PREPARE_PAIR slot=0
[VND] TX_SKIP busy/inflight tag=ADC0-ASY2
[VND] PREPARE_PAIR slot=0
[VND] PREPARE_PAIR slot=0
[VND] TX_SKIP busy/inflight tag=ADC0-ASY2
[VND] PREPARE_PAIR slot=0
[VND] PREPARE_PAIR slot=0
[VND] TX_SKIP busy/inflight tag=ADC0-ASY2
[VND] PREPARE_PAIR slot=0
[VND] PREPARE_PAIR slot=0
[VND] TX_SKIP busy/inflight tag=ADC0-ASY2
[VND] PREPARE_PAIR slot=0
[VND] PREPARE_PAIR slot=0
[VND] TX_SKIP busy/inflight tag=ADC0-ASY2
[VND] PREPARE_PAIR slot=0
[VND] PREPARE_PAIR slot=0
[VND] TX_SKIP busy/inflight tag=ADC0-ASY2
[VND] PREPARE_PAIR slot=0
[VND] PREPARE_PAIR slot=0
[VND] TX_SKIP busy/inflight tag=ADC0-ASY2
[VND] PREPARE_PAIR slot=0
[VND] PREPARE_PAIR slot=0
[VND] TX_SKIP busy/inflight tag=ADC0-ASY2
[VND] PREPARE_PAIR slot=0
[VND] PREPARE_PAIR slot=0
[VND] TX_SKIP busy/inflight tag=ADC0-ASY2
[VND] PREPARE_PAIR slot=0
[VND] PREPARE_PAIR slot=0
[VND] TX_SKIP busy/inflight tag=ADC0-ASY2
[VND] PREPARE_PAIR slot=0
[VND] PREPARE_PAIR slot=0
[VND] TX_SKIP busy/inflight tag=ADC0-ASY2
[VND] PREPARE_PAIR slot=0
[VND] PREPARE_PAIR slot=0
[VND] TX_SKIP busy/inflight tag=ADC0-ASY2
[VND] PREPARE_PAIR slot=0
[VND] PREPARE_PAIR slot=0
[VND] TX_SKIP busy/inflight tag=ADC0-ASY2
[VND] PREPARE_PAIR slot=0
[VND] PREPARE_PAIR slot=0
[VND] TX_SKIP busy/inflight tag=ADC0-ASY2
[VND] PREPARE_PAIR slot=0
[VND] PREPARE_PAIR slot=0
[VND] TX_SKIP busy/inflight tag=ADC0-ASY2
[VND] PREPARE_PAIR slot=0
[VND] PREPARE_PAIR slot=0
[VND] TX_SKIP busy/inflight tag=ADC0-ASY2
[VND] PREPARE_PAIR slot=0
[VND] PREPARE_PAIR slot=0
[VND] TX_SKIP busy/inflight tag=ADC0-ASY2
[VND] PREPARE_PAIR slot=0
[VND] PREPARE_PAIR slot=0
[VND] TX_SKIP busy/inflight tag=ADC0-ASY2
[VND] PREPARE_PAIR slot=0
[VND] PREPARE_PAIR slot=0
[VND] TX_SKIP busy/inflight tag=ADC0-ASY2
[VND] PREPARE_PAIR slot=0
[VND] PREPARE_PAIR slot=0
[VND] TX_SKIP busy/inflight tag=ADC0-ASY2
[VND] PREPARE_PAIR slot=0
[VND] PREPARE_PAIR slot=0
[VND] TX_SKIP busy/inflight tag=ADC0-ASY2
[VND] PREPARE_PAIR slot=0
[VND] PREPARE_PAIR slot=0
[VND] TX_SKIP busy/inflight tag=ADC0-ASY2
[VND] PREPARE_PAIR slot=0
[VND] PREPARE_PAIR slot=0
[VND] TX_SKIP busy/inflight tag=ADC0-ASY2
[VND] PREPARE_PAIR slot=0
[VND] PREPARE_PAIR slot=0
[VND] TX_SKIP busy/inflight tag=ADC0-ASY2
[VND] PREPARE_PAIR slot=0
[VND] PREPARE_PAIR slot=0
[VND] TX_SKIP busy/inflight tag=ADC0-ASY2
[VND] PREPARE_PAIR slot=0
[VND] PREPARE_PAIR slot=0
[VND] TX_SKIP busy/inflight tag=ADC0-ASY2
[VND] PREPARE_PAIR slot=0
[VND] PREPARE_PAIR slot=0
[VND] TX_SKIP busy/inflight tag=ADC0-ASY2
[VND] PREPARE_PAIR slot=0
[VND] PREPARE_PAIR slot=0
[VND] TX_SKIP busy/inflight tag=ADC0-ASY2
[VND] PREPARE_PAIR slot=0
[VND] PREPARE_PAIR slot=0
[VND] TX_SKIP busy/inflight tag=ADC0-ASY2
[VND] PREPARE_PAIR slot=0
[VND] PREPARE_PAIR slot=0
[VND] TX_SKIP busy/inflight tag=ADC0-ASY2
[VND] PREPARE_PAIR slot=0
[VND] PREPARE_PAIR slot=0
[VND] TX_SKIP busy/inflight tag=ADC0-ASY2
[VND] PREPARE_PAIR slot=0
[VND] PREPARE_PAIR slot=0
[VND] TX_SKIP busy/inflight tag=ADC0-ASY2
[VND] PREPARE_PAIR slot=0
[VND] PREPARE_PAIR slot=0
[VND] TX_SKIP busy/inflight tag=ADC0-ASY2
[VND] PREPARE_PAIR slot=0
[VND] PREPARE_PAIR slot=0
[VND] TX_SKIP busy/inflight tag=ADC0-ASY2
[VND] PREPARE_PAIR slot=0
[VND] PREPARE_PAIR slot=0
[VND] TX_SKIP busy/inflight tag=ADC0-ASY2
[VND] PREPARE_PAIR slot=0
[VND] PREPARE_PAIR slot=0
[VND] TX_SKIP busy/inflight tag=ADC0-ASY2
[VND] PREPARE_PAIR slot=0
[VND] PREPARE_PAIR slot=0
[VND] TX_SKIP busy/inflight tag=ADC0-ASY2
[VND] PREPARE_PAIR slot=0
[VND] PREPARE_PAIR slot=0
[VND] TX_SKIP busy/inflight tag=ADC0-ASY2
[VND] PREPARE_PAIR slot=0
[VND] PREPARE_PAIR slot=0
[VND] TX_SKIP busy/inflight tag=ADC0-ASY2
[VND] PREPARE_PAIR slot=0
[VND] PREPARE_PAIR slot=0
[VND] TX_SKIP busy/inflight tag=ADC0-ASY2
[VND] PREPARE_PAIR slot=0
[VND] PREPARE_PAIR slot=0
[VND] TX_SKIP busy/inflight tag=ADC0-ASY2
[VND] PREPARE_PAIR slot=0
[VND] PREPARE_PAIR slot=0
[VND] TX_SKIP busy/inflight tag=ADC0-ASY2
[VND] PREPARE_PAIR slot=0
[VND] PREPARE_PAIR slot=0
[VND] TX_SKIP busy/inflight tag=ADC0-ASY2
[VND] PREPARE_PAIR slot=0
[VND] PREPARE_PAIR slot=0
[VND] TX_SKIP busy/inflight tag=ADC0-ASY2
[VND] PREPARE_PAIR slot=0
[VND] PREPARE_PAIR slot=0
[VND] TX_SKIP busy/inflight tag=ADC0-ASY2
[VND] PREPARE_PAIR slot=0
[VND] PREPARE_PAIR slot=0
[VND] TX_SKIP busy/inflight tag=ADC0-ASY2
[VND] PREPARE_PAIR slot=0
[VND] PREPARE_PAIR slot=0
[VND] TX_SKIP busy/inflight tag=ADC0-ASY2
[VND] PREPARE_PAIR slot=0
[VND] PREPARE_PAIR slot=0
[VND] TX_SKIP busy/inflight tag=ADC0-ASY2
[VND] PREPARE_PAIR slot=0
[VND] PREPARE_PAIR slot=0
[VND] TX_SKIP busy/inflight tag=ADC0-ASY2
[VND] PREPARE_PAIR slot=0
[VND] PREPARE_PAIR slot=0
[VND] TX_SKIP busy/inflight tag=ADC0-ASY2
[VND] PREPARE_PAIR slot=0
[VND] PREPARE_PAIR slot=0
[VND] TX_SKIP busy/inflight tag=ADC0-ASY2
[VND] PREPARE_PAIR slot=0
[VND] PREPARE_PAIR slot=0
[VND] TX_SKIP busy/inflight tag=ADC0-ASY2
[VND] PREPARE_PAIR slot=0
[VND] PREPARE_PAIR slot=0
[VND] TX_SKIP busy/inflight tag=ADC0-ASY2
[VND] PREPARE_PAIR slot=0
[VND] PREPARE_PAIR slot=0
[VND] TX_SKIP busy/inflight tag=ADC0-ASY2
[VND] PREPARE_PAIR slot=0
[VND] PREPARE_PAIR slot=0
[VND] TX_SKIP busy/inflight tag=ADC0-ASY2
[VND] PREPARE_PAIR slot=0
[VND] PREPARE_PAIR slot=0
[VND] TX_SKIP busy/inflight tag=ADC0-ASY2
[VND] PREPARE_PAIR slot=0
[VND] PREPARE_PAIR slot=0
[VND] TX_SKIP busy/inflight tag=ADC0-ASY2
[VND] PREPARE_PAIR slot=0
[VND] PREPARE_PAIR slot=0
[VND] TX_SKIP busy/inflight tag=ADC0-ASY2
[VND] PREPARE_PAIR slot=0
[VND] PREPARE_PAIR slot=0
[VND] TX_SKIP busy/inflight tag=ADC0-ASY2
[VND] PREPARE_PAIR slot=0
[VND] PREPARE_PAIR slot=0
[VND] TX_SKIP busy/inflight tag=ADC0-ASY2
[VND] PREPARE_PAIR slot=0
[VND] PREPARE_PAIR slot=0
[VND] TX_SKIP busy/inflight tag=ADC0-ASY2
[VND] PREPARE_PAIR slot=0
[VND] PREPARE_PAIR slot=0
[VND] TX_SKIP busy/inflight tag=ADC0-ASY2
[VND] PREPARE_PAIR slot=0
[VND] PREPARE_PAIR slot=0
[VND] TX_SKIP busy/inflight tag=ADC0-ASY2
[VND] PREPARE_PAIR slot=0
[VND] PREPARE_PAIR slot=0
[VND] TX_SKIP busy/inflight tag=ADC0-ASY2
[VND] PREPARE_PAIR slot=0
[VND] PREPARE_PAIR slot=0
[VND] TX_SKIP busy/inflight tag=ADC0-ASY2
[VND] PREPARE_PAIR slot=0
[VND] PREPARE_PAIR slot=0
[VND] TX_SKIP busy/inflight tag=ADC0-ASY2
[VND] PREPARE_PAIR slot=0
[VND] PREPARE_PAIR slot=0
[VND] TX_SKIP busy/inflight tag=ADC0-ASY2
[VND] PREPARE_PAIR slot=0
[VND] PREPARE_PAIR slot=0
[VND] TX_SKIP busy/inflight tag=ADC0-ASY2
[VND] PREPARE_PAIR slot=0
[VND] PREPARE_PAIR slot=0
[VND] TX_SKIP busy/inflight tag=ADC0-ASY2
[VND] PREPARE_PAIR slot=0
[VND] PREPARE_PAIR slot=0
[VND] TX_SKIP busy/inflight tag=ADC0-ASY2
[VND] PREPARE_PAIR slot=0
[VND] PREPARE_PAIR slot=0
[VND] TX_SKIP busy/inflight tag=ADC0-ASY2
[VND] PREPARE_PAIR slot=0
[VND] PREPARE_PAIR slot=0
[VND] TX_SKIP busy/inflight tag=ADC0-ASY2
[VND] PREPARE_PAIR slot=0
[VND] PREPARE_PAIR slot=0
[VND] TX_SKIP busy/inflight tag=ADC0-ASY2
[VND] PREPARE_PAIR slot=0
[VND] PREPARE_PAIR slot=0
[VND] TX_SKIP busy/inflight tag=ADC0-ASY2
[VND] PREPARE_PAIR slot=0
[VND] PREPARE_PAIR slot=0
[VND] TX_SKIP busy/inflight tag=ADC0-ASY2
[VND] PREPARE_PAIR slot=0
[VND] PREPARE_PAIR slot=0
[VND] TX_SKIP busy/inflight tag=ADC0-ASY2
[VND] PREPARE_PAIR slot=0
[VND] PREPARE_PAIR slot=0
[VND] TX_SKIP busy/inflight tag=ADC0-ASY2
[VND] PREPARE_PAIR slot=0
[VND] PREPARE_PAIR slot=0
[VND] TX_SKIP busy/inflight tag=ADC0-ASY2
[VND] PREPARE_PAIR slot=0
[VND] PREPARE_PAIR slot=0
[VND] TX_SKIP busy/inflight tag=ADC0-ASY2
[VND] PREPARE_PAIR slot=0
[VND] PREPARE_PAIR slot=0
[VND] TX_SKIP busy/inflight tag=ADC0-ASY2
[VND] PREPARE_PAIR slot=0
[VND] PREPARE_PAIR slot=0
[VND] TX_SKIP busy/inflight tag=ADC0-ASY2
[VND] PREPARE_PAIR slot=0
[VND] PREPARE_PAIR slot=0
[VND] TX_SKIP busy/inflight tag=ADC0-ASY2
[VND] PREPARE_PAIR slot=0
[VND] PREPARE_PAIR slot=0
[VND] TX_SKIP busy/inflight tag=ADC0-ASY2
[VND] PREPARE_PAIR slot=0
[VND] PREPARE_PAIR slot=0
[VND] TX_SKIP busy/inflight tag=ADC0-ASY2
[VND] PREPARE_PAIR slot=0
[VND] PREPARE_PAIR slot=0
[VND] TX_SKIP busy/inflight tag=ADC0-ASY2
[VND] PREPARE_PAIR slot=0
[VND] PREPARE_PAIR slot=0
[VND] TX_SKIP busy/inflight tag=ADC0-ASY2
[VND] PREPARE_PAIR slot=0
[VND] PREPARE_PAIR slot=0
[VND] TX_SKIP busy/inflight tag=ADC0-ASY2
[VND] PREPARE_PAIR slot=0
[VND] PREPARE_PAIR slot=0
[VND] TX_SKIP busy/inflight tag=ADC0-ASY2
[VND] PREPARE_PAIR slot=0
[VND] PREPARE_PAIR slot=0
[VND] TX_SKIP busy/inflight tag=ADC0-ASY2
[VND] PREPARE_PAIR slot=0
[VND] PREPARE_PAIR slot=0
[VND] TX_SKIP busy/inflight tag=ADC0-ASY2
[VND] PREPARE_PAIR slot=0
[VND] PREPARE_PAIR slot=0
[VND] TX_SKIP busy/inflight tag=ADC0-ASY2
[VND] PREPARE_PAIR slot=0
[VND] PREPARE_PAIR slot=0
[VND] TX_SKIP busy/inflight tag=ADC0-ASY2
[VND] PREPARE_PAIR slot=0
[VND] PREPARE_PAIR slot=0
[VND] TX_SKIP busy/inflight tag=ADC0-ASY2
[VND] PREPARE_PAIR slot=0
[VND] PREPARE_PAIR slot=0
[VND] TX_SKIP busy/inflight tag=ADC0-ASY2
[VND] PREPARE_PAIR slot=0
[VND] PREPARE_PAIR slot=0
[VND] TX_SKIP busy/inflight tag=ADC0-ASY2
[VND] PREPARE_PAIR slot=0
[VND] PREPARE_PAIR slot=0
[VND] TX_SKIP busy/inflight tag=ADC0-ASY2
[VND] PREPARE_PAIR slot=0
[VND] PREPARE_PAIR slot=0
[VND] TX_SKIP busy/inflight tag=ADC0-ASY2
[VND] PREPARE_PAIR slot=0
[VND] PREPARE_PAIR slot=0
[VND] TX_SKIP busy/inflight tag=ADC0-ASY2
[VND] PREPARE_PAIR slot=0
[VND] PREPARE_PAIR slot=0
[VND] TX_SKIP busy/inflight tag=ADC0-ASY2
[VND] PREPARE_PAIR slot=0
[VND] PREPARE_PAIR slot=0
[VND] TX_SKIP busy/inflight tag=ADC0-ASY2
[VND] PREPARE_PAIR slot=0
[VND] PREPARE_PAIR slot=0
[VND] TX_SKIP busy/inflight tag=ADC0-ASY2
[VND] PREPARE_PAIR slot=0
[VND] PREPARE_PAIR slot=0
[VND] TX_SKIP busy/inflight tag=ADC0-ASY2
[VND] PREPARE_PAIR slot=0
[VND] PREPARE_PAIR slot=0
[VND] TX_SKIP busy/inflight tag=ADC0-ASY2
[VND] PREPARE_PAIR slot=0
[VND] PREPARE_PAIR slot=0
[VND] TX_SKIP busy/inflight tag=ADC0-ASY2
[VND] PREPARE_PAIR slot=0
[VND] PREPARE_PAIR slot=0
[VND] TX_SKIP busy/inflight tag=ADC0-ASY2
[VND] PREPARE_PAIR slot=0
[VND] PREPARE_PAIR slot=0
[VND] TX_SKIP busy/inflight tag=ADC0-ASY2
[VND] PREPARE_PAIR slot=0
[VND] PREPARE_PAIR slot=0
[VND] TX_SKIP busy/inflight tag=ADC0-ASY2
[VND] PREPARE_PAIR slot=0
[VND] PREPARE_PAIR slot=0
[VND] TX_SKIP busy/inflight tag=ADC0-ASY2
[VND] PREPARE_PAIR slot=0
[VND] PREPARE_PAIR slot=0
[VND] TX_SKIP busy/inflight tag=ADC0-ASY2
[VND] PREPARE_PAIR slot=0
[VND] PREPARE_PAIR slot=0
[VND] TX_SKIP busy/inflight tag=ADC0-ASY2
[VND] PREPARE_PAIR slot=0
[VND] PREPARE_PAIR slot=0
[VND] TX_SKIP busy/inflight tag=ADC0-ASY2
[VND] PREPARE_PAIR slot=0
[VND] PREPARE_PAIR slot=0
[VND] TX_SKIP busy/inflight tag=ADC0-ASY2
[VND] PREPARE_PAIR slot=0
[VND] PREPARE_PAIR slot=0
[VND] TX_SKIP busy/inflight tag=ADC0-ASY2
[VND] PREPARE_PAIR slot=0
[VND] PREPARE_PAIR slot=0
[VND] TX_SKIP busy/inflight tag=ADC0-ASY2
[VND] PREPARE_PAIR slot=0
[VND] PREPARE_PAIR slot=0
[VND] TX_SKIP busy/inflight tag=ADC0-ASY2
[VND] PREPARE_PAIR slot=0
[VND] PREPARE_PAIR slot=0
[VND] TX_SKIP busy/inflight tag=ADC0-ASY2
[VND] PREPARE_PAIR slot=0
[VND] PREPARE_PAIR slot=0
[VND] TX_SKIP busy/inflight tag=ADC0-ASY2
[VND] PREPARE_PAIR slot=0
[VND] PREPARE_PAIR slot=0
[VND] TX_SKIP busy/inflight tag=ADC0-ASY2
[VND] PREPARE_PAIR slot=0
[VND] PREPARE_PAIR slot=0
[VND] TX_SKIP busy/inflight tag=ADC0-ASY2
[VND] PREPARE_PAIR slot=0
[VND] PREPARE_PAIR slot=0
[VND] TX_SKIP busy/inflight tag=ADC0-ASY2
[VND] PREPARE_PAIR slot=0
[VND] PREPARE_PAIR slot=0
[VND] TX_SKIP busy/inflight tag=ADC0-ASY2
[VND] PREPARE_PAIR slot=0
[VND] PREPARE_PAIR slot=0
[VND] TX_SKIP busy/inflight tag=ADC0-ASY2
[VND] PREPARE_PAIR slot=0
[VND] PREPARE_PAIR slot=0
[VND] TX_SKIP busy/inflight tag=ADC0-ASY2
[VND] PREPARE_PAIR slot=0
[VND] PREPARE_PAIR slot=0
[VND] TX_SKIP busy/inflight tag=ADC0-ASY2
[VND] PREPARE_PAIR slot=0
[VND] PREPARE_PAIR slot=0
[VND] TX_SKIP busy/inflight tag=ADC0-ASY2
[VND] PREPARE_PAIR slot=0
[VND] PREPARE_PAIR slot=0
[VND] TX_SKIP busy/inflight tag=ADC0-ASY2
[VND] PREPARE_PAIR slot=0
[VND] PREPARE_PAIR slot=0
[VND] TX_SKIP busy/inflight tag=ADC0-ASY2
[VND] PREPARE_PAIR slot=0
[VND] PREPARE_PAIR slot=0
[VND] TX_SKIP busy/inflight tag=ADC0-ASY2
[VND] PREPARE_PAIR slot=0
[VND] PREPARE_PAIR slot=0
[VND] TX_SKIP busy/inflight tag=ADC0-ASY2
[VND] PREPARE_PAIR slot=0
[VND] PREPARE_PAIR slot=0
[VND] TX_SKIP busy/inflight tag=ADC0-ASY2
[VND] PREPARE_PAIR slot=0
[VND] PREPARE_PAIR slot=0
[VND] TX_SKIP busy/inflight tag=ADC0-ASY2
[VND] PREPARE_PAIR slot=0
[VND] PREPARE_PAIR slot=0
[VND] TX_SKIP busy/inflight tag=ADC0-ASY2
[VND] PREPARE_PAIR slot=0
[VND] PREPARE_PAIR slot=0
[VND] TX_SKIP busy/inflight tag=ADC0-ASY2
[VND] PREPARE_PAIR slot=0
[VND] PREPARE_PAIR slot=0
[VND] TX_SKIP busy/inflight tag=ADC0-ASY2
[VND] PREPARE_PAIR slot=0
[VND] PREPARE_PAIR slot=0
[VND] TX_SKIP busy/inflight tag=ADC0-ASY2
[VND] PREPARE_PAIR slot=0
[VND] PREPARE_PAIR slot=0
[VND] TX_SKIP busy/inflight tag=ADC0-ASY2
[VND] PREPARE_PAIR slot=0
[VND] PREPARE_PAIR slot=0
[VND] TX_SKIP busy/inflight tag=ADC0-ASY2
[VND] PREPARE_PAIR slot=0
[VND] PREPARE_PAIR slot=0
[VND] TX_SKIP busy/inflight tag=ADC0-ASY2
[VND] PREPARE_PAIR slot=0
[VND] PREPARE_PAIR slot=0
[VND] TX_SKIP busy/inflight tag=ADC0-ASY2
[VND] PREPARE_PAIR slot=0
[VND] PREPARE_PAIR slot=0
[VND] TX_SKIP busy/inflight tag=ADC0-ASY2
[VND] PREPARE_PAIR slot=0
[VND] PREPARE_PAIR slot=0
[VND] TX_SKIP busy/inflight tag=ADC0-ASY2
[VND] PREPARE_PAIR slot=0
[VND] PREPARE_PAIR slot=0
[VND] TX_SKIP busy/inflight tag=ADC0-ASY2
[VND] PREPARE_PAIR slot=0
[VND] PREPARE_PAIR slot=0
[VND] TX_SKIP busy/inflight tag=ADC0-ASY2
[VND] PREPARE_PAIR slot=0
[VND] PREPARE_PAIR slot=0
[VND] TX_SKIP busy/inflight tag=ADC0-ASY2
[VND] PREPARE_PAIR slot=0
[VND] PREPARE_PAIR slot=0
[VND] TX_SKIP busy/inflight tag=ADC0-ASY2
[VND] PREPARE_PAIR slot=0
[VND] PREPARE_PAIR slot=0
[VND] TX_SKIP busy/inflight tag=ADC0-ASY2
[VND] PREPARE_PAIR slot=0
[VND] PREPARE_PAIR slot=0
[VND] TX_SKIP busy/inflight tag=ADC0-ASY2
[VND] PREPARE_PAIR slot=0
[VND] PREPARE_PAIR slot=0
[VND] TX_SKIP busy/inflight tag=ADC0-ASY2
[VND] PREPARE_PAIR slot=0
[VND] PREPARE_PAIR slot=0
[VND] TX_SKIP busy/inflight tag=ADC0-ASY2
[VND] PREPARE_PAIR slot=0
[VND] PREPARE_PAIR slot=0
[VND] TX_SKIP busy/inflight tag=ADC0-ASY2
[VND] PREPARE_PAIR slot=0
[VND] PREPARE_PAIR slot=0
[VND] TX_SKIP busy/inflight tag=ADC0-ASY2
[VND] PREPARE_PAIR slot=0
[VND] PREPARE_PAIR slot=0
[VND] TX_SKIP busy/inflight tag=ADC0-ASY2
[VND] PREPARE_PAIR slot=0
[VND] PREPARE_PAIR slot=0
[VND] TX_SKIP busy/inflight tag=ADC0-ASY2
[VND] PREPARE_PAIR slot=0
[VND] PREPARE_PAIR slot=0
[VND] TX_SKIP busy/inflight tag=ADC0-ASY2
[VND] PREPARE_PAIR slot=0
[VND] PREPARE_PAIR slot=0
[VND] TX_SKIP busy/inflight tag=ADC0-ASY2
[VND] PREPARE_PAIR slot=0
[VND] PREPARE_PAIR slot=0
[VND] TX_SKIP busy/inflight tag=ADC0-ASY2
[VND] PREPARE_PAIR slot=0
[VND] PREPARE_PAIR slot=0
[VND] TX_SKIP busy/inflight tag=ADC0-ASY2
[VND] PREPARE_PAIR slot=0
[VND] PREPARE_PAIR slot=0
[VND] TX_SKIP busy/inflight tag=ADC0-ASY2
[VND] PREPARE_PAIR slot=0
[VND] PREPARE_PAIR slot=0
[VND] TX_SKIP busy/inflight tag=ADC0-ASY2
[VND] PREPARE_PAIR slot=0
[VND] PREPARE_PAIR slot=0
[VND] TX_SKIP busy/inflight tag=ADC0-ASY2
[VND] PREPARE_PAIR slot=0
[VND] PREPARE_PAIR slot=0
[VND] TX_SKIP busy/inflight tag=ADC0-ASY2
[VND] PREPARE_PAIR slot=0
[VND] PREPARE_PAIR slot=0
[VND] TX_SKIP busy/inflight tag=ADC0-ASY2
[VND] PREPARE_PAIR slot=0
[VND] PREPARE_PAIR slot=0
[VND] TX_SKIP busy/inflight tag=ADC0-ASY2
[VND] PREPARE_PAIR slot=0
[VND] PREPARE_PAIR slot=0
[VND] TX_SKIP busy/inflight tag=ADC0-ASY2
[VND] PREPARE_PAIR slot=0
[VND] PREPARE_PAIR slot=0
[VND] TX_SKIP busy/inflight tag=ADC0-ASY2
[VND] PREPARE_PAIR slot=0
[VND] PREPARE_PAIR slot=0
[VND] TX_SKIP busy/inflight tag=ADC0-ASY2
[VND] PREPARE_PAIR slot=0
[VND] PREPARE_PAIR slot=0
[VND] TX_SKIP busy/inflight tag=ADC0-ASY2
[VND] PREPARE_PAIR slot=0
[VND] PREPARE_PAIR slot=0
[VND] TX_SKIP busy/inflight tag=ADC0-ASY2
[VND] PREPARE_PAIR slot=0
[VND] PREPARE_PAIR slot=0
[VND] TX_SKIP busy/inflight tag=ADC0-ASY2
[VND] PREPARE_PAIR slot=0
[VND] PREPARE_PAIR slot=0
[VND] TX_SKIP busy/inflight tag=ADC0-ASY2
[VND] PREPARE_PAIR slot=0
[VND] PREPARE_PAIR slot=0
[VND] TX_SKIP busy/inflight tag=ADC0-ASY2
[VND] PREPARE_PAIR slot=0
[VND] PREPARE_PAIR slot=0
[VND] TX_SKIP busy/inflight tag=ADC0-ASY2
[VND] PREPARE_PAIR slot=0
[VND] PREPARE_PAIR slot=0
[VND] TX_SKIP busy/inflight tag=ADC0-ASY2
[VND] PREPARE_PAIR slot=0
[VND] PREPARE_PAIR slot=0
[VND] TX_SKIP busy/inflight tag=ADC0-ASY2
[VND] PREPARE_PAIR slot=0
[VND] PREPARE_PAIR slot=0
[VND] TX_SKIP busy/inflight tag=ADC0-ASY2
[VND] PREPARE_PAIR slot=0
[VND] PREPARE_PAIR slot=0
[VND] TX_SKIP busy/inflight tag=ADC0-ASY2
[VND] PREPARE_PAIR slot=0
[VND] PREPARE_PAIR slot=0
[VND] TX_SKIP busy/inflight tag=ADC0-ASY2
[VND] PREPARE_PAIR slot=0
[VND] PREPARE_PAIR slot=0
[VND] TX_SKIP busy/inflight tag=ADC0-ASY2
[VND] PREPARE_PAIR slot=0
[VND] PREPARE_PAIR slot=0
[VND] TX_SKIP busy/inflight tag=ADC0-ASY2
[VND] PREPARE_PAIR slot=0
[VND] PREPARE_PAIR slot=0
[VND] TX_SKIP busy/inflight tag=ADC0-ASY2
[VND] PREPARE_PAIR slot=0
[VND] PREPARE_PAIR slot=0
[VND] TX_SKIP busy/inflight tag=ADC0-ASY2
[VND] PREPARE_PAIR slot=0
[VND] PREPARE_PAIR slot=0
[VND] TX_SKIP busy/inflight tag=ADC0-ASY2
[VND] PREPARE_PAIR slot=0
[VND] PREPARE_PAIR slot=0
[VND] TX_SKIP busy/inflight tag=ADC0-ASY2
[VND] PREPARE_PAIR slot=0
[VND] PREPARE_PAIR slot=0
[VND] TX_SKIP busy/inflight tag=ADC0-ASY2
[VND] PREPARE_PAIR slot=0
[VND] PREPARE_PAIR slot=0
[VND] TX_SKIP busy/inflight tag=ADC0-ASY2
[VND] PREPARE_PAIR slot=0
[VND] PREPARE_PAIR slot=0
[VND] TX_SKIP busy/inflight tag=ADC0-ASY2
[VND] PREPARE_PAIR slot=0
[VND] PREPARE_PAIR slot=0
[VND] TX_SKIP busy/inflight tag=ADC0-ASY2
[VND] PREPARE_PAIR slot=0
[VND] PREPARE_PAIR slot=0
[VND] TX_SKIP busy/inflight tag=ADC0-ASY2
[VND] PREPARE_PAIR slot=0
[VND] PREPARE_PAIR slot=0
[VND] TX_SKIP busy/inflight tag=ADC0-ASY2
[VND] PREPARE_PAIR slot=0
[VND] PREPARE_PAIR slot=0
[VND] TX_SKIP busy/inflight tag=ADC0-ASY2
[VND] PREPARE_PAIR slot=0
[VND] PREPARE_PAIR slot=0
[VND] TX_SKIP busy/inflight tag=ADC0-ASY2
[VND] PREPARE_PAIR slot=0
[VND] PREPARE_PAIR slot=0
[VND] TX_SKIP busy/inflight tag=ADC0-ASY2
[VND] PREPARE_PAIR slot=0
[VND] PREPARE_PAIR slot=0
[VND] TX_SKIP busy/inflight tag=ADC0-ASY2
[VND] PREPARE_PAIR slot=0
[VND] PREPARE_PAIR slot=0
[VND] TX_SKIP busy/inflight tag=ADC0-ASY2
[VND] PREPARE_PAIR slot=0
[VND] PREPARE_PAIR slot=0
[VND] TX_SKIP busy/inflight tag=ADC0-ASY2
[VND] PREPARE_PAIR slot=0
[VND] PREPARE_PAIR slot=0
[VND] TX_SKIP busy/inflight tag=ADC0-ASY2
[VND] PREPARE_PAIR slot=0
[VND] PREPARE_PAIR slot=0
[VND] TX_SKIP busy/inflight tag=ADC0-ASY2
[VND] PREPARE_PAIR slot=0
[VND] PREPARE_PAIR slot=0
[VND] TX_SKIP busy/inflight tag=ADC0-ASY2
[VND] PREPARE_PAIR slot=0
[VND] PREPARE_PAIR slot=0
[VND] TX_SKIP busy/inflight tag=ADC0-ASY2
[VND] PREPARE_PAIR slot=0
[VND] PREPARE_PAIR slot=0
[VND] TX_SKIP busy/inflight tag=ADC0-ASY2
[VND] PREPARE_PAIR slot=0
[VND] PREPARE_PAIR slot=0
[VND] TX_SKIP busy/inflight tag=ADC0-ASY2
[VND] PREPARE_PAIR slot=0
[VND] PREPARE_PAIR slot=0
[VND] TX_SKIP busy/inflight tag=ADC0-ASY2
[VND] PREPARE_PAIR slot=0
[VND] PREPARE_PAIR slot=0
[VND] TX_SKIP busy/inflight tag=ADC0-ASY2
[VND] PREPARE_PAIR slot=0
[VND] PREPARE_PAIR slot=0
[VND] TX_SKIP busy/inflight tag=ADC0-ASY2
[VND] PREPARE_PAIR slot=0
[VND] PREPARE_PAIR slot=0
[VND] TX_SKIP busy/inflight tag=ADC0-ASY2
[VND] PREPARE_PAIR slot=0
[VND] PREPARE_PAIR slot=0
[VND] TX_SKIP busy/inflight tag=ADC0-ASY2
[VND] PREPARE_PAIR slot=0
[VND] PREPARE_PAIR slot=0
[VND] TX_SKIP busy/inflight tag=ADC0-ASY2
[VND] PREPARE_PAIR slot=0
[VND] PREPARE_PAIR slot=0
[VND] TX_SKIP busy/inflight tag=ADC0-ASY2
[VND] PREPARE_PAIR slot=0
[VND] PREPARE_PAIR slot=0
[VND] TX_SKIP busy/inflight tag=ADC0-ASY2
[VND] PREPARE_PAIR slot=0
[VND] PREPARE_PAIR slot=0
[VND] TX_SKIP busy/inflight tag=ADC0-ASY2
[VND] PREPARE_PAIR slot=0
[VND] PREPARE_PAIR slot=0
[VND] TX_SKIP busy/inflight tag=ADC0-ASY2
[VND] PREPARE_PAIR slot=0
[VND] PREPARE_PAIR slot=0
[VND] TX_SKIP busy/inflight tag=ADC0-ASY2
[VND] PREPARE_PAIR slot=0
[VND] PREPARE_PAIR slot=0
[VND] TX_SKIP busy/inflight tag=ADC0-ASY2
[VND] PREPARE_PAIR slot=0
[VND] PREPARE_PAIR slot=0
[VND] TX_SKIP busy/inflight tag=ADC0-ASY2
[VND] PREPARE_PAIR slot=0
[VND] PREPARE_PAIR slot=0
[VND] TX_SKIP busy/inflight tag=ADC0-ASY2
[VND] PREPARE_PAIR slot=0
[VND] PREPARE_PAIR slot=0
[VND] TX_SKIP busy/inflight tag=ADC0-ASY2
[VND] PREPARE_PAIR slot=0
[VND] PREPARE_PAIR slot=0
[VND] TX_SKIP busy/inflight tag=ADC0-ASY2
[VND] PREPARE_PAIR slot=0
[VND] PREPARE_PAIR slot=0
[VND] TX_SKIP busy/inflight tag=ADC0-ASY2
[VND] PREPARE_PAIR slot=0
[VND] PREPARE_PAIR slot=0
[VND] TX_SKIP busy/inflight tag=ADC0-ASY2
[VND] PREPARE_PAIR slot=0
[VND] PREPARE_PAIR slot=0
[VND] TX_SKIP busy/inflight tag=ADC0-ASY2
[VND] PREPARE_PAIR slot=0
[VND] PREPARE_PAIR slot=0
[VND] TX_SKIP busy/inflight tag=ADC0-ASY2
[VND] PREPARE_PAIR slot=0
[VND] PREPARE_PAIR slot=0
[VND] TX_SKIP busy/inflight tag=ADC0-ASY2
[VND] PREPARE_PAIR slot=0
[VND] PREPARE_PAIR slot=0
[VND] TX_SKIP busy/inflight tag=ADC0-ASY2
[VND] PREPARE_PAIR slot=0
[VND] PREPARE_PAIR slot=0
[VND] TX_SKIP busy/inflight tag=ADC0-ASY2
[VND] PREPARE_PAIR slot=0
[VND] PREPARE_PAIR slot=0
[VND] TX_SKIP busy/inflight tag=ADC0-ASY2
[VND] PREPARE_PAIR slot=0
[VND] PREPARE_PAIR slot=0
[VND] TX_SKIP busy/inflight tag=ADC0-ASY2
[VND] PREPARE_PAIR slot=0
[VND] PREPARE_PAIR slot=0
[VND] TX_SKIP busy/inflight tag=ADC0-ASY2
[VND] PREPARE_PAIR slot=0
[VND] PREPARE_PAIR slot=0
[VND] TX_SKIP busy/inflight tag=ADC0-ASY2
[VND] PREPARE_PAIR slot=0
[VND] PREPARE_PAIR slot=0
[VND] TX_SKIP busy/inflight tag=ADC0-ASY2
[VND] PREPARE_PAIR slot=0
[VND] PREPARE_PAIR slot=0
[VND] TX_SKIP busy/inflight tag=ADC0-ASY2
[VND] PREPARE_PAIR slot=0
[VND] PREPARE_PAIR slot=0
[VND] TX_SKIP busy/inflight tag=ADC0-ASY2
[VND] PREPARE_PAIR slot=0
[VND] PREPARE_PAIR slot=0
[VND] TX_SKIP busy/inflight tag=ADC0-ASY2
[VND] PREPARE_PAIR slot=0
[VND] PREPARE_PAIR slot=0
[VND] TX_SKIP busy/inflight tag=ADC0-ASY2
[VND] PREPARE_PAIR slot=0
[VND] PREPARE_PAIR slot=0
[VND] TX_SKIP busy/inflight tag=ADC0-ASY2
[VND] PREPARE_PAIR slot=0
[VND] PREPARE_PAIR slot=0
[VND] TX_SKIP busy/inflight tag=ADC0-ASY2
[VND] PREPARE_PAIR slot=0
[VND] PREPARE_PAIR slot=0
[VND] TX_SKIP busy/inflight tag=ADC0-ASY2
[VND] PREPARE_PAIR slot=0
[VND] PREPARE_PAIR slot=0
[VND] TX_SKIP busy/inflight tag=ADC0-ASY2
[VND] PREPARE_PAIR slot=0
[VND] PREPARE_PAIR slot=0
[VND] TX_SKIP busy/inflight tag=ADC0-ASY2
[VND] PREPARE_PAIR slot=0
[VND] PREPARE_PAIR slot=0
[VND] TX_SKIP busy/inflight tag=ADC0-ASY2
[VND] PREPARE_PAIR slot=0
[VND] PREPARE_PAIR slot=0
[VND] TX_SKIP busy/inflight tag=ADC0-ASY2
[VND] PREPARE_PAIR slot=0
[VND] PREPARE_PAIR slot=0
[VND] TX_SKIP busy/inflight tag=ADC0-ASY2
[VND] PREPARE_PAIR slot=0
[VND] PREPARE_PAIR slot=0
[VND] TX_SKIP busy/inflight tag=ADC0-ASY2
[VND] PREPARE_PAIR slot=0
[VND] PREPARE_PAIR slot=0
[VND] TX_SKIP busy/inflight tag=ADC0-ASY2
[VND] PREPARE_PAIR slot=0
[VND] PREPARE_PAIR slot=0
[VND] TX_SKIP busy/inflight tag=ADC0-ASY2
[VND] PREPARE_PAIR slot=0
[VND] PREPARE_PAIR slot=0
[VND] TX_SKIP busy/inflight tag=ADC0-ASY2
[VND] PREPARE_PAIR slot=0
[VND] PREPARE_PAIR slot=0
[VND] TX_SKIP busy/inflight tag=ADC0-ASY2
[VND] PREPARE_PAIR slot=0
[VND] PREPARE_PAIR slot=0
[VND] TX_SKIP busy/inflight tag=ADC0-ASY2
[VND] PREPARE_PAIR slot=0
[VND] PREPARE_PAIR slot=0
[VND] TX_SKIP busy/inflight tag=ADC0-ASY2
[VND] PREPARE_PAIR slot=0
[VND] PREPARE_PAIR slot=0
[VND] TX_SKIP busy/inflight tag=ADC0-ASY2
[VND] PREPARE_PAIR slot=0
[VND] PREPARE_PAIR slot=0
[VND] TX_SKIP busy/inflight tag=ADC0-ASY2
[VND] PREPARE_PAIR slot=0
[VND] PREPARE_PAIR slot=0
[VND] TX_SKIP busy/inflight tag=ADC0-ASY2
[VND] PREPARE_PAIR slot=0
[VND] PREPARE_PAIR slot=0
[VND] TX_SKIP busy/inflight tag=ADC0-ASY2
[VND] PREPARE_PAIR slot=0
[VND] PREPARE_PAIR slot=0
[VND] TX_SKIP busy/inflight tag=ADC0-ASY2
[VND] PREPARE_PAIR slot=0
[VND] PREPARE_PAIR slot=0
[VND] TX_SKIP busy/inflight tag=ADC0-ASY2
[VND] PREPARE_PAIR slot=0
[VND] PREPARE_PAIR slot=0
[VND] TX_SKIP busy/inflight tag=ADC0-ASY2
[VND] PREPARE_PAIR slot=0
[VND] PREPARE_PAIR slot=0
[VND] TX_SKIP busy/inflight tag=ADC0-ASY2
[VND] PREPARE_PAIR slot=0
[VND] PREPARE_PAIR slot=0
[VND] TX_SKIP busy/inflight tag=ADC0-ASY2
[VND] PREPARE_PAIR slot=0
[VND] PREPARE_PAIR slot=0
[VND] TX_SKIP busy/inflight tag=ADC0-ASY2
[VND] PREPARE_PAIR slot=0
[VND] PREPARE_PAIR slot=0
[VND] TX_SKIP busy/inflight tag=ADC0-ASY2
[VND] PREPARE_PAIR slot=0
[VND] PREPARE_PAIR slot=0
[VND] TX_SKIP busy/inflight tag=ADC0-ASY2
[VND] PREPARE_PAIR slot=0
[VND] PREPARE_PAIR slot=0
[VND] TX_SKIP busy/inflight tag=ADC0-ASY2
[VND] PREPARE_PAIR slot=0
[VND] PREPARE_PAIR slot=0
[VND] TX_SKIP busy/inflight tag=ADC0-ASY2
[VND] PREPARE_PAIR slot=0
[VND] PREPARE_PAIR slot=0
[VND] TX_SKIP busy/inflight tag=ADC0-ASY2
[VND] PREPARE_PAIR slot=0
[VND] PREPARE_PAIR slot=0
[VND] TX_SKIP busy/inflight tag=ADC0-ASY2
[VND] PREPARE_PAIR slot=0
[VND] PREPARE_PAIR slot=0
[VND] TX_SKIP busy/inflight tag=ADC0-ASY2
[VND] PREPARE_PAIR slot=0
[VND] PREPARE_PAIR slot=0
[VND] TX_SKIP busy/inflight tag=ADC0-ASY2
[VND] PREPARE_PAIR slot=0
[VND] PREPARE_PAIR slot=0
[VND] TX_SKIP busy/inflight tag=ADC0-ASY2
[VND] PREPARE_PAIR slot=0
[VND] PREPARE_PAIR slot=0
[VND] TX_SKIP busy/inflight tag=ADC0-ASY2
[VND] PREPARE_PAIR slot=0
[VND] PREPARE_PAIR slot=0
[VND] TX_SKIP busy/inflight tag=ADC0-ASY2
[VND] PREPARE_PAIR slot=0
[VND] PREPARE_PAIR slot=0
[VND] TX_SKIP busy/inflight tag=ADC0-ASY2
[VND] PREPARE_PAIR slot=0
[VND] PREPARE_PAIR slot=0
[VND] TX_SKIP busy/inflight tag=ADC0-ASY2
[VND] PREPARE_PAIR slot=0
[VND] PREPARE_PAIR slot=0
[VND] TX_SKIP busy/inflight tag=ADC0-ASY2
[VND] PREPARE_PAIR slot=0
[VND] PREPARE_PAIR slot=0
[VND] TX_SKIP busy/inflight tag=ADC0-ASY2
[VND] PREPARE_PAIR slot=0
[VND] PREPARE_PAIR slot=0
[VND] TX_SKIP busy/inflight tag=ADC0-ASY2
[VND] PREPARE_PAIR slot=0
[VND] PREPARE_PAIR slot=0
[VND] TX_SKIP busy/inflight tag=ADC0-ASY2
[VND] PREPARE_PAIR slot=0
[VND] PREPARE_PAIR slot=0
[VND] TX_SKIP busy/inflight tag=ADC0-ASY2
[VND] PREPARE_PAIR slot=0
[VND] PREPARE_PAIR slot=0
[VND] TX_SKIP busy/inflight tag=ADC0-ASY2
[VND] PREPARE_PAIR slot=0
[VND] PREPARE_PAIR slot=0
[VND] TX_SKIP busy/inflight tag=ADC0-ASY2
[VND] PREPARE_PAIR slot=0
[VND] PREPARE_PAIR slot=0
[VND] TX_SKIP busy/inflight tag=ADC0-ASY2
[VND] PREPARE_PAIR slot=0
[VND] PREPARE_PAIR slot=0
[VND] TX_SKIP busy/inflight tag=ADC0-ASY2
[VND] PREPARE_PAIR slot=0
[VND] PREPARE_PAIR slot=0
[VND] TX_SKIP busy/inflight tag=ADC0-ASY2
[VND] PREPARE_PAIR slot=0
[VND] PREPARE_PAIR slot=0
[VND] TX_SKIP busy/inflight tag=ADC0-ASY2
[VND] PREPARE_PAIR slot=0
[VND] PREPARE_PAIR slot=0
[VND] TX_SKIP busy/inflight tag=ADC0-ASY2
[VND] PREPARE_PAIR slot=0
[VND] PREPARE_PAIR slot=0
[VND] TX_SKIP busy/inflight tag=ADC0-ASY2
[VND] PREPARE_PAIR slot=0
[VND] PREPARE_PAIR slot=0
[VND] TX_SKIP busy/inflight tag=ADC0-ASY2
[VND] PREPARE_PAIR slot=0
[VND] PREPARE_PAIR slot=0
[VND] TX_SKIP busy/inflight tag=ADC0-ASY2
[VND] PREPARE_PAIR slot=0
[VND] PREPARE_PAIR slot=0
[VND] TX_SKIP busy/inflight tag=ADC0-ASY2
[VND] PREPARE_PAIR slot=0
[VND] PREPARE_PAIR slot=0
[VND] TX_SKIP busy/inflight tag=ADC0-ASY2
[VND] PREPARE_PAIR slot=0
[VND] PREPARE_PAIR slot=0
[VND] TX_SKIP busy/inflight tag=ADC0-ASY2
[VND] PREPARE_PAIR slot=0
[VND] PREPARE_PAIR slot=0
[VND] TX_SKIP busy/inflight tag=ADC0-ASY2
[VND] PREPARE_PAIR slot=0
[VND] PREPARE_PAIR slot=0
[VND] TX_SKIP busy/inflight tag=ADC0-ASY2
[VND] PREPARE_PAIR slot=0
[VND] PREPARE_PAIR slot=0
[VND] TX_SKIP busy/inflight tag=ADC0-ASY2
[VND] PREPARE_PAIR slot=0
[VND] PREPARE_PAIR slot=0
[VND] TX_SKIP busy/inflight tag=ADC0-ASY2
[VND] PREPARE_PAIR slot=0
[VND] PREPARE_PAIR slot=0
[VND] TX_SKIP busy/inflight tag=ADC0-ASY2
[VND] PREPARE_PAIR slot=0
[VND] PREPARE_PAIR slot=0
[VND] TX_SKIP busy/inflight tag=ADC0-ASY2
[VND] PREPARE_PAIR slot=0
[VND] PREPARE_PAIR slot=0
[VND] TX_SKIP busy/inflight tag=ADC0-ASY2
[VND] PREPARE_PAIR slot=0
[VND] PREPARE_PAIR slot=0
[VND] TX_SKIP busy/inflight tag=ADC0-ASY2
[VND] PREPARE_PAIR slot=0
[VND] PREPARE_PAIR slot=0
[VND] TX_SKIP busy/inflight tag=ADC0-ASY2
[VND] PREPARE_PAIR slot=0
[VND] PREPARE_PAIR slot=0
[VND] TX_SKIP busy/inflight tag=ADC0-ASY2
[VND] PREPARE_PAIR slot=0
[VND] PREPARE_PAIR slot=0
[VND] TX_SKIP busy/inflight tag=ADC0-ASY2
[VND] PREPARE_PAIR slot=0
[VND] PREPARE_PAIR slot=0
[VND] TX_SKIP busy/inflight tag=ADC0-ASY2
[VND] PREPARE_PAIR slot=0
[VND] PREPARE_PAIR slot=0
[VND] TX_SKIP busy/inflight tag=ADC0-ASY2
[VND] PREPARE_PAIR slot=0
[VND] PREPARE_PAIR slot=0
[VND] TX_SKIP busy/inflight tag=ADC0-ASY2
[VND] PREPARE_PAIR slot=0
[VND] PREPARE_PAIR slot=0
[VND] TX_SKIP busy/inflight tag=ADC0-ASY2
[VND] PREPARE_PAIR slot=0
[VND] PREPARE_PAIR slot=0
[VND] TX_SKIP busy/inflight tag=ADC0-ASY2
[VND] PREPARE_PAIR slot=0
[VND] PREPARE_PAIR slot=0
[VND] TX_SKIP busy/inflight tag=ADC0-ASY2
[VND] PREPARE_PAIR slot=0
[VND] PREPARE_PAIR slot=0
[VND] TX_SKIP busy/inflight tag=ADC0-ASY2
[VND] PREPARE_PAIR slot=0
[VND] PREPARE_PAIR slot=0
[VND] TX_SKIP busy/inflight tag=ADC0-ASY2
[VND] PREPARE_PAIR slot=0
[VND] PREPARE_PAIR slot=0
[VND] TX_SKIP busy/inflight tag=ADC0-ASY2
[VND] PREPARE_PAIR slot=0
[VND] PREPARE_PAIR slot=0
[VND] TX_SKIP busy/inflight tag=ADC0-ASY2
[VND] PREPARE_PAIR slot=0
[VND] PREPARE_PAIR slot=0
[VND] TX_SKIP busy/inflight tag=ADC0-ASY2
[VND] PREPARE_PAIR slot=0
[VND] PREPARE_PAIR slot=0
[VND] TX_SKIP busy/inflight tag=ADC0-ASY2
[VND] PREPARE_PAIR slot=0
[VND] PREPARE_PAIR slot=0
[VND] TX_SKIP busy/inflight tag=ADC0-ASY2
[VND] PREPARE_PAIR slot=0
[VND] PREPARE_PAIR slot=0
[VND] TX_SKIP busy/inflight tag=ADC0-ASY2
[VND] PREPARE_PAIR slot=0
[VND] PREPARE_PAIR slot=0
[VND] TX_SKIP busy/inflight tag=ADC0-ASY2
[VND] PREPARE_PAIR slot=0
[VND] PREPARE_PAIR slot=0
[VND] TX_SKIP busy/inflight tag=ADC0-ASY2
[VND] PREPARE_PAIR slot=0
[VND] PREPARE_PAIR slot=0
[VND] TX_SKIP busy/inflight tag=ADC0-ASY2
[VND] PREPARE_PAIR slot=0
[VND] PREPARE_PAIR slot=0
[VND] TX_SKIP busy/inflight tag=ADC0-ASY2
[VND] PREPARE_PAIR slot=0
[VND] PREPARE_PAIR slot=0
[VND] TX_SKIP busy/inflight tag=ADC0-ASY2
[VND] PREPARE_PAIR slot=0
[VND] PREPARE_PAIR slot=0
[VND] TX_SKIP busy/inflight tag=ADC0-ASY2
[VND] PREPARE_PAIR slot=0
[VND] PREPARE_PAIR slot=0
[VND] TX_SKIP busy/inflight tag=ADC0-ASY2
[VND] PREPARE_PAIR slot=0
[VND] PREPARE_PAIR slot=0
[VND] TX_SKIP busy/inflight tag=ADC0-ASY2
[VND] PREPARE_PAIR slot=0
[VND] PREPARE_PAIR slot=0
[VND] TX_SKIP busy/inflight tag=ADC0-ASY2
[VND] PREPARE_PAIR slot=0
[VND] PREPARE_PAIR slot=0
[VND] TX_SKIP busy/inflight tag=ADC0-ASY2
[VND] PREPARE_PAIR slot=0
[VND] PREPARE_PAIR slot=0
[VND] TX_SKIP busy/inflight tag=ADC0-ASY2
[VND] PREPARE_PAIR slot=0
[VND] PREPARE_PAIR slot=0
[VND] TX_SKIP busy/inflight tag=ADC0-ASY2
[VND] PREPARE_PAIR slot=0
[VND] PREPARE_PAIR slot=0
[VND] TX_SKIP busy/inflight tag=ADC0-ASY2
[VND] PREPARE_PAIR slot=0
[VND] PREPARE_PAIR slot=0
[VND] TX_SKIP busy/inflight tag=ADC0-ASY2
[VND] PREPARE_PAIR slot=0
[VND] PREPARE_PAIR slot=0
[VND] TX_SKIP busy/inflight tag=ADC0-ASY2
[VND] PREPARE_PAIR slot=0
[VND] PREPARE_PAIR slot=0
[VND] TX_SKIP busy/inflight tag=ADC0-ASY2
[VND] PREPARE_PAIR slot=0
[VND] PREPARE_PAIR slot=0
[VND] TX_SKIP busy/inflight tag=ADC0-ASY2
[VND] PREPARE_PAIR slot=0
[VND] PREPARE_PAIR slot=0
[VND] TX_SKIP busy/inflight tag=ADC0-ASY2
[VND] PREPARE_PAIR slot=0
[VND] PREPARE_PAIR slot=0
[VND] TX_SKIP busy/inflight tag=ADC0-ASY2
[VND] PREPARE_PAIR slot=0
[VND] PREPARE_PAIR slot=0
[VND] TX_SKIP busy/inflight tag=ADC0-ASY2
[VND] PREPARE_PAIR slot=0
[VND] PREPARE_PAIR slot=0
[VND] TX_SKIP busy/inflight tag=ADC0-ASY2
[VND] PREPARE_PAIR slot=0
[VND] PREPARE_PAIR slot=0
[VND] TX_SKIP busy/inflight tag=ADC0-ASY2
[VND] PREPARE_PAIR slot=0
[VND] PREPARE_PAIR slot=0
[VND] TX_SKIP busy/inflight tag=ADC0-ASY2
[VND] PREPARE_PAIR slot=0
[VND] PREPARE_PAIR slot=0
[VND] TX_SKIP busy/inflight tag=ADC0-ASY2
[VND] PREPARE_PAIR slot=0
[VND] PREPARE_PAIR slot=0
[VND] TX_SKIP busy/inflight tag=ADC0-ASY2
[VND] PREPARE_PAIR slot=0
[VND] PREPARE_PAIR slot=0
[VND] TX_SKIP busy/inflight tag=ADC0-ASY2
[VND] PREPARE_PAIR slot=0
[VND] PREPARE_PAIR slot=0
[VND] TX_SKIP busy/inflight tag=ADC0-ASY2
[VND] PREPARE_PAIR slot=0
[VND] PREPARE_PAIR slot=0
[VND] TX_SKIP busy/inflight tag=ADC0-ASY2
[VND] PREPARE_PAIR slot=0
[VND] PREPARE_PAIR slot=0
[VND] TX_SKIP busy/inflight tag=ADC0-ASY2
[VND] PREPARE_PAIR slot=0
[VND] PREPARE_PAIR slot=0
[VND] TX_SKIP busy/inflight tag=ADC0-ASY2
[VND] PREPARE_PAIR slot=0
[VND] PREPARE_PAIR slot=0
[VND] TX_SKIP busy/inflight tag=ADC0-ASY2
[VND] PREPARE_PAIR slot=0
[VND] PREPARE_PAIR slot=0
[VND] TX_SKIP busy/inflight tag=ADC0-ASY2
[VND] PREPARE_PAIR slot=0
[VND] PREPARE_PAIR slot=0
[VND] TX_SKIP busy/inflight tag=ADC0-ASY2
[VND] PREPARE_PAIR slot=0
[VND] PREPARE_PAIR slot=0
[VND] TX_SKIP busy/inflight tag=ADC0-ASY2
[VND] PREPARE_PAIR slot=0
[VND] PREPARE_PAIR slot=0
[VND] TX_SKIP busy/inflight tag=ADC0-ASY2
[VND] PREPARE_PAIR slot=0
[VND] PREPARE_PAIR slot=0
[VND] TX_SKIP busy/inflight tag=ADC0-ASY2
[VND] PREPARE_PAIR slot=0
[VND] PREPARE_PAIR slot=0
[VND] TX_SKIP busy/inflight tag=ADC0-ASY2
[VND] PREPARE_PAIR slot=0
[VND] PREPARE_PAIR slot=0
[VND] TX_SKIP busy/inflight tag=ADC0-ASY2
[VND] PREPARE_PAIR slot=0
[VND] PREPARE_PAIR slot=0
[VND] TX_SKIP busy/inflight tag=ADC0-ASY2
[VND] PREPARE_PAIR slot=0
[VND] PREPARE_PAIR slot=0
[VND] TX_SKIP busy/inflight tag=ADC0-ASY2
[VND] PREPARE_PAIR slot=0
[VND] PREPARE_PAIR slot=0
[VND] TX_SKIP busy/inflight tag=ADC0-ASY2
[VND] PREPARE_PAIR slot=0
[VND] PREPARE_PAIR slot=0
[VND] TX_SKIP busy/inflight tag=ADC0-ASY2
[VND] PREPARE_PAIR slot=0
[VND] PREPARE_PAIR slot=0
[VND] TX_SKIP busy/inflight tag=ADC0-ASY2
[VND] PREPARE_PAIR slot=0
[VND] PREPARE_PAIR slot=0
[VND] TX_SKIP busy/inflight tag=ADC0-ASY2
[VND] PREPARE_PAIR slot=0
[VND] PREPARE_PAIR slot=0
[VND] TX_SKIP busy/inflight tag=ADC0-ASY2
[VND] PREPARE_PAIR slot=0
[VND] PREPARE_PAIR slot=0
[VND] TX_SKIP busy/inflight tag=ADC0-ASY2
[VND] PREPARE_PAIR slot=0
[VND] PREPARE_PAIR slot=0
[VND] TX_SKIP busy/inflight tag=ADC0-ASY2
[VND] PREPARE_PAIR slot=0
[VND] PREPARE_PAIR slot=0
[VND] TX_SKIP busy/inflight tag=ADC0-ASY2
[VND] PREPARE_PAIR slot=0
[VND] PREPARE_PAIR slot=0
[VND] TX_SKIP busy/inflight tag=ADC0-ASY2
[VND] PREPARE_PAIR slot=0
[VND] PREPARE_PAIR slot=0
[VND] TX_SKIP busy/inflight tag=ADC0-ASY2
[VND] PREPARE_PAIR slot=0
[VND] PREPARE_PAIR slot=0
[VND] TX_SKIP busy/inflight tag=ADC0-ASY2
[VND] PREPARE_PAIR slot=0
[VND] PREPARE_PAIR slot=0
[VND] TX_SKIP busy/inflight tag=ADC0-ASY2
[VND] PREPARE_PAIR slot=0
[VND] PREPARE_PAIR slot=0
[VND] TX_SKIP busy/inflight tag=ADC0-ASY2
[VND] PREPARE_PAIR slot=0
[VND] PREPARE_PAIR slot=0
[VND] TX_SKIP busy/inflight tag=ADC0-ASY2
[VND] PREPARE_PAIR slot=0
[VND] PREPARE_PAIR slot=0
[VND] TX_SKIP busy/inflight tag=ADC0-ASY2
[VND] PREPARE_PAIR slot=0
[VND] PREPARE_PAIR slot=0
[VND] TX_SKIP busy/inflight tag=ADC0-ASY2
[VND] PREPARE_PAIR slot=0
[VND] PREPARE_PAIR slot=0
[VND] TX_SKIP busy/inflight tag=ADC0-ASY2
[VND] PREPARE_PAIR slot=0
[VND] PREPARE_PAIR slot=0
[VND] TX_SKIP busy/inflight tag=ADC0-ASY2
[VND] PREPARE_PAIR slot=0
[VND] PREPARE_PAIR slot=0
[VND] TX_SKIP busy/inflight tag=ADC0-ASY2
[VND] PREPARE_PAIR slot=0
[VND] PREPARE_PAIR slot=0
[VND] TX_SKIP busy/inflight tag=ADC0-ASY2
[VND] PREPARE_PAIR slot=0
[VND] PREPARE_PAIR slot=0
[VND] TX_SKIP busy/inflight tag=ADC0-ASY2
[VND] PREPARE_PAIR slot=0
[VND] PREPARE_PAIR slot=0
[VND] TX_SKIP busy/inflight tag=ADC0-ASY2
[VND] PREPARE_PAIR slot=0
[VND] PREPARE_PAIR slot=0
[VND] TX_SKIP busy/inflight tag=ADC0-ASY2
[VND] PREPARE_PAIR slot=0
[VND] PREPARE_PAIR slot=0
[VND] TX_SKIP busy/inflight tag=ADC0-ASY2
[VND] PREPARE_PAIR slot=0
[VND] PREPARE_PAIR slot=0
[VND] TX_SKIP busy/inflight tag=ADC0-ASY2
[VND] PREPARE_PAIR slot=0
[VND] PREPARE_PAIR slot=0
[VND] TX_SKIP busy/inflight tag=ADC0-ASY2
[VND] PREPARE_PAIR slot=0
[VND] PREPARE_PAIR slot=0
[VND] TX_SKIP busy/inflight tag=ADC0-ASY2
[VND] PREPARE_PAIR slot=0
[VND] PREPARE_PAIR slot=0
[VND] TX_SKIP busy/inflight tag=ADC0-ASY2
[VND] PREPARE_PAIR slot=0
[VND] PREPARE_PAIR slot=0
[VND] TX_SKIP busy/inflight tag=ADC0-ASY2
[VND] PREPARE_PAIR slot=0
[VND] PREPARE_PAIR slot=0
[VND] TX_SKIP busy/inflight tag=ADC0-ASY2
[VND] PREPARE_PAIR slot=0
[VND] PREPARE_PAIR slot=0
[VND] TX_SKIP busy/inflight tag=ADC0-ASY2
[VND] PREPARE_PAIR slot=0
[VND] PREPARE_PAIR slot=0
[VND] TX_SKIP busy/inflight tag=ADC0-ASY2
[VND] PREPARE_PAIR slot=0
[VND] PREPARE_PAIR slot=0
[VND] TX_SKIP busy/inflight tag=ADC0-ASY2
[VND] PREPARE_PAIR slot=0
[VND] PREPARE_PAIR slot=0
[VND] TX_SKIP busy/inflight tag=ADC0-ASY2
[VND] PREPARE_PAIR slot=0
[VND] PREPARE_PAIR slot=0
[VND] TX_SKIP busy/inflight tag=ADC0-ASY2
[VND] PREPARE_PAIR slot=0
[VND] PREPARE_PAIR slot=0
[VND] TX_SKIP busy/inflight tag=ADC0-ASY2
[VND] PREPARE_PAIR slot=0
[VND] PREPARE_PAIR slot=0
[VND] TX_SKIP busy/inflight tag=ADC0-ASY2
[VND] PREPARE_PAIR slot=0
[VND] PREPARE_PAIR slot=0
[VND] TX_SKIP busy/inflight tag=ADC0-ASY2
[VND] PREPARE_PAIR slot=0
[VND] PREPARE_PAIR slot=0
[VND] TX_SKIP busy/inflight tag=ADC0-ASY2
[VND] PREPARE_PAIR slot=0
[VND] PREPARE_PAIR slot=0
[VND] TX_SKIP busy/inflight tag=ADC0-ASY2
[VND] PREPARE_PAIR slot=0
[VND] PREPARE_PAIR slot=0
[VND] TX_SKIP busy/inflight tag=ADC0-ASY2
[VND] PREPARE_PAIR slot=0
[VND] PREPARE_PAIR slot=0
[VND] TX_SKIP busy/inflight tag=ADC0-ASY2
[VND] PREPARE_PAIR slot=0
[VND] PREPARE_PAIR slot=0
[VND] TX_SKIP busy/inflight tag=ADC0-ASY2
[VND] PREPARE_PAIR slot=0
[VND] PREPARE_PAIR slot=0
[VND] TX_SKIP busy/inflight tag=ADC0-ASY2
[VND] PREPARE_PAIR slot=0
[VND] PREPARE_PAIR slot=0
[VND] TX_SKIP busy/inflight tag=ADC0-ASY2
[VND] PREPARE_PAIR slot=0
[VND] PREPARE_PAIR slot=0
[VND] TX_SKIP busy/inflight tag=ADC0-ASY2
[VND] PREPARE_PAIR slot=0
[VND] PREPARE_PAIR slot=0
[VND] TX_SKIP busy/inflight tag=ADC0-ASY2
[VND] PREPARE_PAIR slot=0
[VND] PREPARE_PAIR slot=0
[VND] TX_SKIP busy/inflight tag=ADC0-ASY2
[VND] PREPARE_PAIR slot=0
[VND] PREPARE_PAIR slot=0
[VND] TX_SKIP busy/inflight tag=ADC0-ASY2
[VND] PREPARE_PAIR slot=0
[VND] PREPARE_PAIR slot=0
[VND] TX_SKIP busy/inflight tag=ADC0-ASY2
[VND] PREPARE_PAIR slot=0
[VND] PREPARE_PAIR slot=0
[VND] TX_SKIP busy/inflight tag=ADC0-ASY2
[VND] PREPARE_PAIR slot=0
[VND] PREPARE_PAIR slot=0
[VND] TX_SKIP busy/inflight tag=ADC0-ASY2
[VND] PREPARE_PAIR slot=0
[VND] PREPARE_PAIR slot=0
[VND] TX_SKIP busy/inflight tag=ADC0-ASY2
[VND] PREPARE_PAIR slot=0
[VND] PREPARE_PAIR slot=0
[VND] TX_SKIP busy/inflight tag=ADC0-ASY2
[VND] PREPARE_PAIR slot=0
[VND] PREPARE_PAIR slot=0
[VND] TX_SKIP busy/inflight tag=ADC0-ASY2
[VND] PREPARE_PAIR slot=0
[VND] PREPARE_PAIR slot=0
[VND] TX_SKIP busy/inflight tag=ADC0-ASY2
[VND] PREPARE_PAIR slot=0
[VND] PREPARE_PAIR slot=0
[VND] TX_SKIP busy/inflight tag=ADC0-ASY2
[VND] PREPARE_PAIR slot=0
[VND] PREPARE_PAIR slot=0
[VND] TX_SKIP busy/inflight tag=ADC0-ASY2
[VND] PREPARE_PAIR slot=0
[VND] PREPARE_PAIR slot=0
[VND] TX_SKIP busy/inflight tag=ADC0-ASY2
[VND] PREPARE_PAIR slot=0
[VND] PREPARE_PAIR slot=0
[VND] TX_SKIP busy/inflight tag=ADC0-ASY2
[VND] PREPARE_PAIR slot=0
[VND] PREPARE_PAIR slot=0
[VND] TX_SKIP busy/inflight tag=ADC0-ASY2
[VND] PREPARE_PAIR slot=0
[VND] PREPARE_PAIR slot=0
[VND] TX_SKIP busy/inflight tag=ADC0-ASY2
[VND] PREPARE_PAIR slot=0
[VND] PREPARE_PAIR slot=0
[VND] TX_SKIP busy/inflight tag=ADC0-ASY2
[VND] PREPARE_PAIR slot=0
[VND] PREPARE_PAIR slot=0
[VND] TX_SKIP busy/inflight tag=ADC0-ASY2
[VND] PREPARE_PAIR slot=0
[VND] PREPARE_PAIR slot=0
[VND] TX_SKIP busy/inflight tag=ADC0-ASY2
[VND] PREPARE_PAIR slot=0
[VND] PREPARE_PAIR slot=0
[VND] TX_SKIP busy/inflight tag=ADC0-ASY2
[VND] PREPARE_PAIR slot=0
[VND] PREPARE_PAIR slot=0
[VND] TX_SKIP busy/inflight tag=ADC0-ASY2
[VND] PREPARE_PAIR slot=0
[VND] PREPARE_PAIR slot=0
[VND] TX_SKIP busy/inflight tag=ADC0-ASY2
[VND] PREPARE_PAIR slot=0
[VND] PREPARE_PAIR slot=0
[VND] TX_SKIP busy/inflight tag=ADC0-ASY2
[VND] PREPARE_PAIR slot=0
[VND] PREPARE_PAIR slot=0
[VND] TX_SKIP busy/inflight tag=ADC0-ASY2
[VND] PREPARE_PAIR slot=0
[VND] PREPARE_PAIR slot=0
[VND] TX_SKIP busy/inflight tag=ADC0-ASY2
[VND] PREPARE_PAIR slot=0
[VND] PREPARE_PAIR slot=0
[VND] TX_SKIP busy/inflight tag=ADC0-ASY2
[VND] PREPARE_PAIR slot=0
[VND] PREPARE_PAIR slot=0
[VND] TX_SKIP busy/inflight tag=ADC0-ASY2
[VND] PREPARE_PAIR slot=0
[VND] PREPARE_PAIR slot=0
[VND] TX_SKIP busy/inflight tag=ADC0-ASY2
[VND] PREPARE_PAIR slot=0
[VND] PREPARE_PAIR slot=0
[VND] TX_SKIP busy/inflight tag=ADC0-ASY2
[VND] PREPARE_PAIR slot=0
[VND] PREPARE_PAIR slot=0
[VND] TX_SKIP busy/inflight tag=ADC0-ASY2
[VND] PREPARE_PAIR slot=0
[VND] PREPARE_PAIR slot=0
[VND] TX_SKIP busy/inflight tag=ADC0-ASY2
[VND] PREPARE_PAIR slot=0
[VND] PREPARE_PAIR slot=0
[VND] TX_SKIP busy/inflight tag=ADC0-ASY2
[VND] PREPARE_PAIR slot=0
[VND] PREPARE_PAIR slot=0
[VND] TX_SKIP busy/inflight tag=ADC0-ASY2
[VND] PREPARE_PAIR slot=0
[VND] PREPARE_PAIR slot=0
[VND] TX_SKIP busy/inflight tag=ADC0-ASY2
[VND] PREPARE_PAIR slot=0
[VND] PREPARE_PAIR slot=0
[VND] TX_SKIP busy/inflight tag=ADC0-ASY2
[VND] PREPARE_PAIR slot=0
[VND] PREPARE_PAIR slot=0
[VND] TX_SKIP busy/inflight tag=ADC0-ASY2
[VND] PREPARE_PAIR slot=0
[VND] PREPARE_PAIR slot=0
[VND] TX_SKIP busy/inflight tag=ADC0-ASY2
[VND] PREPARE_PAIR slot=0
[VND] PREPARE_PAIR slot=0
[VND] TX_SKIP busy/inflight tag=ADC0-ASY2
[VND] PREPARE_PAIR slot=0
[VND] PREPARE_PAIR slot=0
[VND] TX_SKIP busy/inflight tag=ADC0-ASY2
[VND] PREPARE_PAIR slot=0
[VND] PREPARE_PAIR slot=0
[VND] TX_SKIP busy/inflight tag=ADC0-ASY2
[VND] PREPARE_PAIR slot=0
[VND] PREPARE_PAIR slot=0
[VND] TX_SKIP busy/inflight tag=ADC0-ASY2
[VND] PREPARE_PAIR slot=0
[VND] PREPARE_PAIR slot=0
[VND] TX_SKIP busy/inflight tag=ADC0-ASY2
[VND] PREPARE_PAIR slot=0
[VND] PREPARE_PAIR slot=0
[VND] TX_SKIP busy/inflight tag=ADC0-ASY2
[VND] PREPARE_PAIR slot=0
[VND] PREPARE_PAIR slot=0
[VND] TX_SKIP busy/inflight tag=ADC0-ASY2
[VND] PREPARE_PAIR slot=0
[VND] PREPARE_PAIR slot=0
[VND] TX_SKIP busy/inflight tag=ADC0-ASY2
[VND] PREPARE_PAIR slot=0
[VND] PREPARE_PAIR slot=0
[VND] TX_SKIP busy/inflight tag=ADC0-ASY2
[VND] PREPARE_PAIR slot=0
[VND] PREPARE_PAIR slot=0
[VND] TX_SKIP busy/inflight tag=ADC0-ASY2
[VND] PREPARE_PAIR slot=0
[VND] PREPARE_PAIR slot=0
[VND] TX_SKIP busy/inflight tag=ADC0-ASY2
[VND] PREPARE_PAIR slot=0
[VND] PREPARE_PAIR slot=0
[VND] TX_SKIP busy/inflight tag=ADC0-ASY2
[VND] PREPARE_PAIR slot=0
[VND] PREPARE_PAIR slot=0
[VND] TX_SKIP busy/inflight tag=ADC0-ASY2
[VND] PREPARE_PAIR slot=0
[VND] PREPARE_PAIR slot=0
[VND] TX_SKIP busy/inflight tag=ADC0-ASY2
[VND] PREPARE_PAIR slot=0
[VND] PREPARE_PAIR slot=0
[VND] TX_SKIP busy/inflight tag=ADC0-ASY2
[VND] PREPARE_PAIR slot=0
[VND] PREPARE_PAIR slot=0
[VND] TX_SKIP busy/inflight tag=ADC0-ASY2
[VND] PREPARE_PAIR slot=0
[VND] PREPARE_PAIR slot=0
[VND] TX_SKIP busy/inflight tag=ADC0-ASY2
[VND] PREPARE_PAIR slot=0
[VND] PREPARE_PAIR slot=0
[VND] TX_SKIP busy/inflight tag=ADC0-ASY2
[VND] PREPARE_PAIR slot=0
[VND] PREPARE_PAIR slot=0
[VND] TX_SKIP busy/inflight tag=ADC0-ASY2
[VND] PREPARE_PAIR slot=0
[VND] PREPARE_PAIR slot=0
[VND] TX_SKIP busy/inflight tag=ADC0-ASY2
[VND] PREPARE_PAIR slot=0
[VND] PREPARE_PAIR slot=0
[VND] TX_SKIP busy/inflight tag=ADC0-ASY2
[VND] PREPARE_PAIR slot=0
[VND] PREPARE_PAIR slot=0
[VND] TX_SKIP busy/inflight tag=ADC0-ASY2
[VND] PREPARE_PAIR slot=0
[VND] PREPARE_PAIR slot=0
[VND] TX_SKIP busy/inflight tag=ADC0-ASY2
[VND] PREPARE_PAIR slot=0
[VND] PREPARE_PAIR slot=0
[VND] TX_SKIP busy/inflight tag=ADC0-ASY2
[VND] PREPARE_PAIR slot=0
[VND] PREPARE_PAIR slot=0
[VND] TX_SKIP busy/inflight tag=ADC0-ASY2
[VND] PREPARE_PAIR slot=0
[VND] PREPARE_PAIR slot=0
[VND] TX_SKIP busy/inflight tag=ADC0-ASY2
[VND] PREPARE_PAIR slot=0
[VND] PREPARE_PAIR slot=0
[VND] TX_SKIP busy/inflight tag=ADC0-ASY2
[VND] PREPARE_PAIR slot=0
[VND] PREPARE_PAIR slot=0
[VND] TX_SKIP busy/inflight tag=ADC0-ASY2
[VND] PREPARE_PAIR slot=0
[VND] PREPARE_PAIR slot=0
[VND] TX_SKIP busy/inflight tag=ADC0-ASY2
[VND] PREPARE_PAIR slot=0
[VND] PREPARE_PAIR slot=0
[VND] TX_SKIP busy/inflight tag=ADC0-ASY2
[VND] PREPARE_PAIR slot=0
[VND] PREPARE_PAIR slot=0
[VND] TX_SKIP busy/inflight tag=ADC0-ASY2
[VND] PREPARE_PAIR slot=0
[VND] PREPARE_PAIR slot=0
[VND] TX_SKIP busy/inflight tag=ADC0-ASY2
[VND] PREPARE_PAIR slot=0
[VND] PREPARE_PAIR slot=0
[VND] TX_SKIP busy/inflight tag=ADC0-ASY2
[VND] PREPARE_PAIR slot=0
[VND] PREPARE_PAIR slot=0
[VND] TX_SKIP busy/inflight tag=ADC0-ASY2
[VND] PREPARE_PAIR slot=0
[VND] PREPARE_PAIR slot=0
[VND] TX_SKIP busy/inflight tag=ADC0-ASY2
[VND] PREPARE_PAIR slot=0
[VND] PREPARE_PAIR slot=0
[VND] TX_SKIP busy/inflight tag=ADC0-ASY2
[VND] PREPARE_PAIR slot=0
[VND] PREPARE_PAIR slot=0
[VND] TX_SKIP busy/inflight tag=ADC0-ASY2
[VND] PREPARE_PAIR slot=0
[VND] PREPARE_PAIR slot=0
[VND] TX_SKIP busy/inflight tag=ADC0-ASY2
[VND] PREPARE_PAIR slot=0
[VND] PREPARE_PAIR slot=0
[VND] TX_SKIP busy/inflight tag=ADC0-ASY2
[VND] PREPARE_PAIR slot=0
[VND] PREPARE_PAIR slot=0
[VND] TX_SKIP busy/inflight tag=ADC0-ASY2
[VND] PREPARE_PAIR slot=0
[VND] PREPARE_PAIR slot=0
[VND] TX_SKIP busy/inflight tag=ADC0-ASY2
[VND] PREPARE_PAIR slot=0
[VND] PREPARE_PAIR slot=0
[VND] TX_SKIP busy/inflight tag=ADC0-ASY2
[VND] PREPARE_PAIR slot=0
[VND] PREPARE_PAIR slot=0
[VND] TX_SKIP busy/inflight tag=ADC0-ASY2
[VND] PREPARE_PAIR slot=0
[VND] PREPARE_PAIR slot=0
[VND] TX_SKIP busy/inflight tag=ADC0-ASY2
[VND] PREPARE_PAIR slot=0
[VND] PREPARE_PAIR slot=0
[VND] TX_SKIP busy/inflight tag=ADC0-ASY2
[VND] PREPARE_PAIR slot=0
[VND] PREPARE_PAIR slot=0
[VND] TX_SKIP busy/inflight tag=ADC0-ASY2
[VND] PREPARE_PAIR slot=0
[VND] PREPARE_PAIR slot=0
[VND] TX_SKIP busy/inflight tag=ADC0-ASY2
[VND] PREPARE_PAIR slot=0
[VND] PREPARE_PAIR slot=0
[VND] TX_SKIP busy/inflight tag=ADC0-ASY2
[VND] PREPARE_PAIR slot=0
[VND] PREPARE_PAIR slot=0
[VND] TX_SKIP busy/inflight tag=ADC0-ASY2
[VND] PREPARE_PAIR slot=0
[VND] PREPARE_PAIR slot=0
[VND] TX_SKIP busy/inflight tag=ADC0-ASY2
[VND] PREPARE_PAIR slot=0
[VND] PREPARE_PAIR slot=0
[VND] TX_SKIP busy/inflight tag=ADC0-ASY2
[VND] PREPARE_PAIR slot=0
[VND] PREPARE_PAIR slot=0
[VND] TX_SKIP busy/inflight tag=ADC0-ASY2
[VND] PREPARE_PAIR slot=0
[VND] PREPARE_PAIR slot=0
[VND] TX_SKIP busy/inflight tag=ADC0-ASY2
[VND] PREPARE_PAIR slot=0
[VND] PREPARE_PAIR slot=0
[VND] TX_SKIP busy/inflight tag=ADC0-ASY2
[VND] PREPARE_PAIR slot=0
[VND] PREPARE_PAIR slot=0
[VND] TX_SKIP busy/inflight tag=ADC0-ASY2
[VND] PREPARE_PAIR slot=0
[VND] PREPARE_PAIR slot=0
[VND] TX_SKIP busy/inflight tag=ADC0-ASY2
[VND] PREPARE_PAIR slot=0
[VND] PREPARE_PAIR slot=0
[VND] TX_SKIP busy/inflight tag=ADC0-ASY2
[VND] PREPARE_PAIR slot=0
[VND] PREPARE_PAIR slot=0
[VND] TX_SKIP busy/inflight tag=ADC0-ASY2
[VND] PREPARE_PAIR slot=0
[VND] PREPARE_PAIR slot=0
[VND] TX_SKIP busy/inflight tag=ADC0-ASY2
[VND] PREPARE_PAIR slot=0
[VND] PREPARE_PAIR slot=0
[VND] TX_SKIP busy/inflight tag=ADC0-ASY2
[VND] PREPARE_PAIR slot=0
[VND] PREPARE_PAIR slot=0
[VND] TX_SKIP busy/inflight tag=ADC0-ASY2
[VND] PREPARE_PAIR slot=0
[VND] PREPARE_PAIR slot=0
[VND] TX_SKIP busy/inflight tag=ADC0-ASY2
[VND] PREPARE_PAIR slot=0
[VND] PREPARE_PAIR slot=0
[VND] TX_SKIP busy/inflight tag=ADC0-ASY2
[VND] PREPARE_PAIR slot=0
[VND] PREPARE_PAIR slot=0
[VND] TX_SKIP busy/inflight tag=ADC0-ASY2
[VND] PREPARE_PAIR slot=0
[VND] PREPARE_PAIR slot=0
[VND] TX_SKIP busy/inflight tag=ADC0-ASY2
[VND] PREPARE_PAIR slot=0
[VND] PREPARE_PAIR slot=0
[VND] TX_SKIP busy/inflight tag=ADC0-ASY2
[VND] PREPARE_PAIR slot=0
[VND] PREPARE_PAIR slot=0
[VND] TX_SKIP busy/inflight tag=ADC0-ASY2
[VND] PREPARE_PAIR slot=0
[VND] PREPARE_PAIR slot=0
[VND] TX_SKIP busy/inflight tag=ADC0-ASY2
[VND] PREPARE_PAIR slot=0
[VND] PREPARE_PAIR slot=0
[VND] TX_SKIP busy/inflight tag=ADC0-ASY2
[VND] PREPARE_PAIR slot=0
[VND] PREPARE_PAIR slot=0
[VND] TX_SKIP busy/inflight tag=ADC0-ASY2
[VND] PREPARE_PAIR slot=0
[VND] PREPARE_PAIR slot=0
[VND] TX_SKIP busy/inflight tag=ADC0-ASY2
[VND] PREPARE_PAIR slot=0
[VND] PREPARE_PAIR slot=0
[VND] TX_SKIP busy/inflight tag=ADC0-ASY2
[VND] PREPARE_PAIR slot=0
[VND] PREPARE_PAIR slot=0
[VND] TX_SKIP busy/inflight tag=ADC0-ASY2
[VND] PREPARE_PAIR slot=0
[VND] PREPARE_PAIR slot=0
[VND] TX_SKIP busy/inflight tag=ADC0-ASY2
[VND] PREPARE_PAIR slot=0
[VND] PREPARE_PAIR slot=0
[VND] TX_SKIP busy/inflight tag=ADC0-ASY2
[VND] PREPARE_PAIR slot=0
[VND] PREPARE_PAIR slot=0
[VND] TX_SKIP busy/inflight tag=ADC0-ASY2
[VND] PREPARE_PAIR slot=0
[VND] PREPARE_PAIR slot=0
[VND] TX_SKIP busy/inflight tag=ADC0-ASY2
[VND] PREPARE_PAIR slot=0
[VND] PREPARE_PAIR slot=0
[VND] TX_SKIP busy/inflight tag=ADC0-ASY2
[VND] PREPARE_PAIR slot=0
[VND] PREPARE_PAIR slot=0
[VND] TX_SKIP busy/inflight tag=ADC0-ASY2
[VND] PREPARE_PAIR slot=0
[VND] PREPARE_PAIR slot=0
[VND] TX_SKIP busy/inflight tag=ADC0-ASY2
[VND] PREPARE_PAIR slot=0
[VND] PREPARE_PAIR slot=0
[VND] TX_SKIP busy/inflight tag=ADC0-ASY2
[VND] PREPARE_PAIR slot=0
[VND] PREPARE_PAIR slot=0
[VND] TX_SKIP busy/inflight tag=ADC0-ASY2
[VND] PREPARE_PAIR slot=0
[VND] PREPARE_PAIR slot=0
[VND] TX_SKIP busy/inflight tag=ADC0-ASY2
[VND] PREPARE_PAIR slot=0
[VND] PREPARE_PAIR slot=0
[VND] TX_SKIP busy/inflight tag=ADC0-ASY2
[VND] PREPARE_PAIR slot=0
[VND] PREPARE_PAIR slot=0
[VND] TX_SKIP busy/inflight tag=ADC0-ASY2
[VND] PREPARE_PAIR slot=0
[VND] PREPARE_PAIR slot=0
[VND] TX_SKIP busy/inflight tag=ADC0-ASY2
[VND] PREPARE_PAIR slot=0
[VND] PREPARE_PAIR slot=0
[VND] TX_SKIP busy/inflight tag=ADC0-ASY2
[VND] PREPARE_PAIR slot=0
[VND] PREPARE_PAIR slot=0
[VND] TX_SKIP busy/inflight tag=ADC0-ASY2
[VND] PREPARE_PAIR slot=0
[VND] PREPARE_PAIR slot=0
[VND] TX_SKIP busy/inflight tag=ADC0-ASY2
[VND] PREPARE_PAIR slot=0
[VND] PREPARE_PAIR slot=0
[VND] TX_SKIP busy/inflight tag=ADC0-ASY2
[VND] PREPARE_PAIR slot=0
[VND] PREPARE_PAIR slot=0
[VND] TX_SKIP busy/inflight tag=ADC0-ASY2
[VND] PREPARE_PAIR slot=0
[VND] PREPARE_PAIR slot=0
[VND] TX_SKIP busy/inflight tag=ADC0-ASY2
[VND] PREPARE_PAIR slot=0
[VND] PREPARE_PAIR slot=0
[VND] TX_SKIP busy/inflight tag=ADC0-ASY2
[VND] PREPARE_PAIR slot=0
[VND] PREPARE_PAIR slot=0
[VND] TX_SKIP busy/inflight tag=ADC0-ASY2
[VND] PREPARE_PAIR slot=0
[VND] PREPARE_PAIR slot=0
[VND] TX_SKIP busy/inflight tag=ADC0-ASY2
[VND] PREPARE_PAIR slot=0
[VND] PREPARE_PAIR slot=0
[VND] TX_SKIP busy/inflight tag=ADC0-ASY2
[VND] PREPARE_PAIR slot=0
[VND] PREPARE_PAIR slot=0
[VND] TX_SKIP busy/inflight tag=ADC0-ASY2
[VND] PREPARE_PAIR slot=0
[VND] PREPARE_PAIR slot=0
[VND] TX_SKIP busy/inflight tag=ADC0-ASY2
[VND] PREPARE_PAIR slot=0
[VND] PREPARE_PAIR slot=0
[VND] TX_SKIP busy/inflight tag=ADC0-ASY2
[VND] PREPARE_PAIR slot=0
[VND] PREPARE_PAIR slot=0
[VND] TX_SKIP busy/inflight tag=ADC0-ASY2
[VND] PREPARE_PAIR slot=0
[VND] PREPARE_PAIR slot=0
[VND] TX_SKIP busy/inflight tag=ADC0-ASY2
[VND] PREPARE_PAIR slot=0
[VND] PREPARE_PAIR slot=0
[VND] TX_SKIP busy/inflight tag=ADC0-ASY2
[VND] PREPARE_PAIR slot=0
[VND] PREPARE_PAIR slot=0
[VND] TX_SKIP busy/inflight tag=ADC0-ASY2
[VND] PREPARE_PAIR slot=0
[VND] PREPARE_PAIR slot=0
[VND] TX_SKIP busy/inflight tag=ADC0-ASY2
[VND] PREPARE_PAIR slot=0
[VND] PREPARE_PAIR slot=0
[VND] TX_SKIP busy/inflight tag=ADC0-ASY2
[VND] PREPARE_PAIR slot=0
[VND] PREPARE_PAIR slot=0
[VND] TX_SKIP busy/inflight tag=ADC0-ASY2
[VND] PREPARE_PAIR slot=0
[VND] PREPARE_PAIR slot=0
[VND] TX_SKIP busy/inflight tag=ADC0-ASY2
[VND] PREPARE_PAIR slot=0
[VND] PREPARE_PAIR slot=0
[VND] TX_SKIP busy/inflight tag=ADC0-ASY2
[VND] PREPARE_PAIR slot=0
[VND] PREPARE_PAIR slot=0
[VND] TX_SKIP busy/inflight tag=ADC0-ASY2
[VND] PREPARE_PAIR slot=0
[VND] PREPARE_PAIR slot=0
[VND] TX_SKIP busy/inflight tag=ADC0-ASY2
[VND] PREPARE_PAIR slot=0
[VND] PREPARE_PAIR slot=0
[VND] TX_SKIP busy/inflight tag=ADC0-ASY2
[VND] PREPARE_PAIR slot=0
[VND] PREPARE_PAIR slot=0
[VND] TX_SKIP busy/inflight tag=ADC0-ASY2
[VND] PREPARE_PAIR slot=0
[VND] PREPARE_PAIR slot=0
[VND] TX_SKIP busy/inflight tag=ADC0-ASY2
[VND] PREPARE_PAIR slot=0
[VND] PREPARE_PAIR slot=0
[VND] TX_SKIP busy/inflight tag=ADC0-ASY2
[VND] PREPARE_PAIR slot=0
[VND] PREPARE_PAIR slot=0
[VND] TX_SKIP busy/inflight tag=ADC0-ASY2
[VND] PREPARE_PAIR slot=0
[VND] PREPARE_PAIR slot=0
[VND] TX_SKIP busy/inflight tag=ADC0-ASY2
[VND] PREPARE_PAIR slot=0
[VND] PREPARE_PAIR slot=0
[VND] TX_SKIP busy/inflight tag=ADC0-ASY2
[VND] PREPARE_PAIR slot=0
[VND] PREPARE_PAIR slot=0
[VND] TX_SKIP busy/inflight tag=ADC0-ASY2
[VND] PREPARE_PAIR slot=0
[VND] PREPARE_PAIR slot=0
[VND] TX_SKIP busy/inflight tag=ADC0-ASY2
[VND] PREPARE_PAIR slot=0
[VND] PREPARE_PAIR slot=0
[VND] TX_SKIP busy/inflight tag=ADC0-ASY2
[VND] PREPARE_PAIR slot=0
[VND] PREPARE_PAIR slot=0
[VND] TX_SKIP busy/inflight tag=ADC0-ASY2
[VND] PREPARE_PAIR slot=0
[VND] PREPARE_PAIR slot=0
[VND] TX_SKIP busy/inflight tag=ADC0-ASY2
[VND] PREPARE_PAIR slot=0
[VND] PREPARE_PAIR slot=0
[VND] TX_SKIP busy/inflight tag=ADC0-ASY2
[VND] PREPARE_PAIR slot=0
[VND] PREPARE_PAIR slot=0
[VND] TX_SKIP busy/inflight tag=ADC0-ASY2
[VND] PREPARE_PAIR slot=0
[VND] PREPARE_PAIR slot=0
[VND] TX_SKIP busy/inflight tag=ADC0-ASY2
[VND] PREPARE_PAIR slot=0
[VND] PREPARE_PAIR slot=0
[VND] TX_SKIP busy/inflight tag=ADC0-ASY2
[VND] PREPARE_PAIR slot=0
[VND] PREPARE_PAIR slot=0
[VND] TX_SKIP busy/inflight tag=ADC0-ASY2
[VND] PREPARE_PAIR slot=0
[VND] PREPARE_PAIR slot=0
[VND] TX_SKIP busy/inflight tag=ADC0-ASY2
[VND] PREPARE_PAIR slot=0
[VND] PREPARE_PAIR slot=0
[VND] TX_SKIP busy/inflight tag=ADC0-ASY2
[VND] PREPARE_PAIR slot=0
[VND] PREPARE_PAIR slot=0
[VND] TX_SKIP busy/inflight tag=ADC0-ASY2
[VND] PREPARE_PAIR slot=0
[VND] PREPARE_PAIR slot=0
[VND] TX_SKIP busy/inflight tag=ADC0-ASY2
[VND] PREPARE_PAIR slot=0
[VND] PREPARE_PAIR slot=0
[VND] TX_SKIP busy/inflight tag=ADC0-ASY2
[VND] PREPARE_PAIR slot=0
[VND] PREPARE_PAIR slot=0
[VND] TX_SKIP busy/inflight tag=ADC0-ASY2
[VND] PREPARE_PAIR slot=0
[VND] PREPARE_PAIR slot=0
[VND] TX_SKIP busy/inflight tag=ADC0-ASY2
[VND] PREPARE_PAIR slot=0
[VND] PREPARE_PAIR slot=0
[VND] TX_SKIP busy/inflight tag=ADC0-ASY2
[VND] PREPARE_PAIR slot=0
[VND] PREPARE_PAIR slot=0
[VND] TX_SKIP busy/inflight tag=ADC0-ASY2
[VND] PREPARE_PAIR slot=0
[VND] PREPARE_PAIR slot=0
[VND] TX_SKIP busy/inflight tag=ADC0-ASY2
[VND] PREPARE_PAIR slot=0
[VND] PREPARE_PAIR slot=0
[VND] TX_SKIP busy/inflight tag=ADC0-ASY2
[VND] PREPARE_PAIR slot=0
[VND] PREPARE_PAIR slot=0
[VND] TX_SKIP busy/inflight tag=ADC0-ASY2
[VND] PREPARE_PAIR slot=0
[VND] PREPARE_PAIR slot=0
[VND] TX_SKIP busy/inflight tag=ADC0-ASY2
[VND] PREPARE_PAIR slot=0
[VND] PREPARE_PAIR slot=0
[VND] TX_SKIP busy/inflight tag=ADC0-ASY2
[VND] PREPARE_PAIR slot=0
[VND] PREPARE_PAIR slot=0
[VND] TX_SKIP busy/inflight tag=ADC0-ASY2
[VND] PREPARE_PAIR slot=0
[VND] PREPARE_PAIR slot=0
[VND] TX_SKIP busy/inflight tag=ADC0-ASY2
[VND] PREPARE_PAIR slot=0
[VND] PREPARE_PAIR slot=0
[VND] TX_SKIP busy/inflight tag=ADC0-ASY2
[VND] PREPARE_PAIR slot=0
[VND] PREPARE_PAIR slot=0
[VND] TX_SKIP busy/inflight tag=ADC0-ASY2
[VND] PREPARE_PAIR slot=0
[VND] PREPARE_PAIR slot=0
[VND] TX_SKIP busy/inflight tag=ADC0-ASY2
[VND] PREPARE_PAIR slot=0
[VND] PREPARE_PAIR slot=0
[VND] TX_SKIP busy/inflight tag=ADC0-ASY2
[VND] PREPARE_PAIR slot=0
[VND] PREPARE_PAIR slot=0
[VND] TX_SKIP busy/inflight tag=ADC0-ASY2
[VND] PREPARE_PAIR slot=0
[VND] PREPARE_PAIR slot=0
[VND] TX_SKIP busy/inflight tag=ADC0-ASY2
[VND] PREPARE_PAIR slot=0
[VND] PREPARE_PAIR slot=0
[VND] TX_SKIP busy/inflight tag=ADC0-ASY2
[VND] PREPARE_PAIR slot=0
[VND] PREPARE_PAIR slot=0
[VND] TX_SKIP busy/inflight tag=ADC0-ASY2
[VND] PREPARE_PAIR slot=0
[VND] PREPARE_PAIR slot=0
[VND] TX_SKIP busy/inflight tag=ADC0-ASY2
[VND] PREPARE_PAIR slot=0
[VND] PREPARE_PAIR slot=0
[VND] TX_SKIP busy/inflight tag=ADC0-ASY2
[VND] PREPARE_PAIR slot=0
[VND] PREPARE_PAIR slot=0
[VND] TX_SKIP busy/inflight tag=ADC0-ASY2
[VND] PREPARE_PAIR slot=0
[VND] PREPARE_PAIR slot=0
[VND] TX_SKIP busy/inflight tag=ADC0-ASY2
[VND] PREPARE_PAIR slot=0
[VND] PREPARE_PAIR slot=0
[VND] TX_SKIP busy/inflight tag=ADC0-ASY2
[VND] PREPARE_PAIR slot=0
[VND] PREPARE_PAIR slot=0
[VND] TX_SKIP busy/inflight tag=ADC0-ASY2
[VND] PREPARE_PAIR slot=0
[VND] PREPARE_PAIR slot=0
[VND] TX_SKIP busy/inflight tag=ADC0-ASY2
[VND] PREPARE_PAIR slot=0
[VND] PREPARE_PAIR slot=0
[VND] TX_SKIP busy/inflight tag=ADC0-ASY2
[VND] PREPARE_PAIR slot=0
[VND] PREPARE_PAIR slot=0
[VND] TX_SKIP busy/inflight tag=ADC0-ASY2
[VND] PREPARE_PAIR slot=0
[VND] PREPARE_PAIR slot=0
[VND] TX_SKIP busy/inflight tag=ADC0-ASY2
[VND] PREPARE_PAIR slot=0
[VND] PREPARE_PAIR slot=0
[VND] TX_SKIP busy/inflight tag=ADC0-ASY2
[VND] PREPARE_PAIR slot=0
[VND] PREPARE_PAIR slot=0
[VND] TX_SKIP busy/inflight tag=ADC0-ASY2
[VND] PREPARE_PAIR slot=0
[VND] PREPARE_PAIR slot=0
[VND] TX_SKIP busy/inflight tag=ADC0-ASY2
[VND] PREPARE_PAIR slot=0
[VND] PREPARE_PAIR slot=0
[VND] TX_SKIP busy/inflight tag=ADC0-ASY2
[VND] PREPARE_PAIR slot=0
[VND] PREPARE_PAIR slot=0
[VND] TX_SKIP busy/inflight tag=ADC0-ASY2
[VND] PREPARE_PAIR slot=0
[VND] PREPARE_PAIR slot=0
[VND] TX_SKIP busy/inflight tag=ADC0-ASY2
[VND] PREPARE_PAIR slot=0
[VND] PREPARE_PAIR slot=0
[VND] TX_SKIP busy/inflight tag=ADC0-ASY2
[VND] PREPARE_PAIR slot=0
[VND] PREPARE_PAIR slot=0
[VND] TX_SKIP busy/inflight tag=ADC0-ASY2
[VND] PREPARE_PAIR slot=0
[VND] PREPARE_PAIR slot=0
[VND] TX_SKIP busy/inflight tag=ADC0-ASY2
[VND] PREPARE_PAIR slot=0
[VND] PREPARE_PAIR slot=0
[VND] TX_SKIP busy/inflight tag=ADC0-ASY2
[VND] PREPARE_PAIR slot=0
[VND] PREPARE_PAIR slot=0
[VND] TX_SKIP busy/inflight tag=ADC0-ASY2
[VND] PREPARE_PAIR slot=0
[VND] PREPARE_PAIR slot=0
[VND] TX_SKIP busy/inflight tag=ADC0-ASY2
[VND] PREPARE_PAIR slot=0
[VND] PREPARE_PAIR slot=0
[VND] TX_SKIP busy/inflight tag=ADC0-ASY2
[VND] PREPARE_PAIR slot=0
[VND] PREPARE_PAIR slot=0
[VND] TX_SKIP busy/inflight tag=ADC0-ASY2
[VND] PREPARE_PAIR slot=0
[VND] PREPARE_PAIR slot=0
[VND] TX_SKIP busy/inflight tag=ADC0-ASY2
[VND] PREPARE_PAIR slot=0
[VND] PREPARE_PAIR slot=0
[VND] TX_SKIP busy/inflight tag=ADC0-ASY2
[VND] PREPARE_PAIR slot=0
[VND] PREPARE_PAIR slot=0
[VND] TX_SKIP busy/inflight tag=ADC0-ASY2
[VND] PREPARE_PAIR slot=0
[VND] PREPARE_PAIR slot=0
[VND] TX_SKIP busy/inflight tag=ADC0-ASY2
[VND] PREPARE_PAIR slot=0
[VND] PREPARE_PAIR slot=0
[VND] TX_SKIP busy/inflight tag=ADC0-ASY2
[VND] PREPARE_PAIR slot=0
[VND] PREPARE_PAIR slot=0
[VND] TX_SKIP busy/inflight tag=ADC0-ASY2
[VND] PREPARE_PAIR slot=0
[VND] PREPARE_PAIR slot=0
[VND] TX_SKIP busy/inflight tag=ADC0-ASY2
[VND] PREPARE_PAIR slot=0
[VND] PREPARE_PAIR slot=0
[VND] TX_SKIP busy/inflight tag=ADC0-ASY2
[VND] PREPARE_PAIR slot=0
[VND] PREPARE_PAIR slot=0
[VND] TX_SKIP busy/inflight tag=ADC0-ASY2
[VND] PREPARE_PAIR slot=0
[VND] PREPARE_PAIR slot=0
[VND] TX_SKIP busy/inflight tag=ADC0-ASY2
[VND] PREPARE_PAIR slot=0
[VND] PREPARE_PAIR slot=0
[VND] TX_SKIP busy/inflight tag=ADC0-ASY2
[VND] PREPARE_PAIR slot=0
[VND] PREPARE_PAIR slot=0
[VND] TX_SKIP busy/inflight tag=ADC0-ASY2
[VND] PREPARE_PAIR slot=0
[VND] PREPARE_PAIR slot=0
[VND] TX_SKIP busy/inflight tag=ADC0-ASY2
[VND] PREPARE_PAIR slot=0
[VND] PREPARE_PAIR slot=0
[VND] TX_SKIP busy/inflight tag=ADC0-ASY2
[VND] PREPARE_PAIR slot=0
[VND] PREPARE_PAIR slot=0
[VND] TX_SKIP busy/inflight tag=ADC0-ASY2
[VND] PREPARE_PAIR slot=0
[VND] PREPARE_PAIR slot=0
[VND] TX_SKIP busy/inflight tag=ADC0-ASY2
[VND] PREPARE_PAIR slot=0
[VND] PREPARE_PAIR slot=0
[VND] TX_SKIP busy/inflight tag=ADC0-ASY2
[VND] PREPARE_PAIR slot=0
[VND] PREPARE_PAIR slot=0
[VND] TX_SKIP busy/inflight tag=ADC0-ASY2
[VND] PREPARE_PAIR slot=0
[VND] PREPARE_PAIR slot=0
[VND] TX_SKIP busy/inflight tag=ADC0-ASY2
[VND] PREPARE_PAIR slot=0
[VND] PREPARE_PAIR slot=0
[VND] TX_SKIP busy/inflight tag=ADC0-ASY2
[VND] PREPARE_PAIR slot=0
[VND] PREPARE_PAIR slot=0
[VND] TX_SKIP busy/inflight tag=ADC0-ASY2
[VND] PREPARE_PAIR slot=0
[VND] PREPARE_PAIR slot=0
[VND] TX_SKIP busy/inflight tag=ADC0-ASY2
[VND] PREPARE_PAIR slot=0
[VND] PREPARE_PAIR slot=0
[VND] TX_SKIP busy/inflight tag=ADC0-ASY2
[VND] PREPARE_PAIR slot=0
[VND] PREPARE_PAIR slot=0
[VND] TX_SKIP busy/inflight tag=ADC0-ASY2
[VND] PREPARE_PAIR slot=0
[VND] PREPARE_PAIR slot=0
[VND] TX_SKIP busy/inflight tag=ADC0-ASY2
[VND] PREPARE_PAIR slot=0
[VND] PREPARE_PAIR slot=0
[VND] TX_SKIP busy/inflight tag=ADC0-ASY2
[VND] PREPARE_PAIR slot=0
[VND] PREPARE_PAIR slot=0
[VND] TX_SKIP busy/inflight tag=ADC0-ASY2
[VND] PREPARE_PAIR slot=0
[VND] PREPARE_PAIR slot=0
[VND] TX_SKIP busy/inflight tag=ADC0-ASY2
[VND] PREPARE_PAIR slot=0
[VND] PREPARE_PAIR slot=0
[VND] TX_SKIP busy/inflight tag=ADC0-ASY2
[VND] PREPARE_PAIR slot=0
[VND] PREPARE_PAIR slot=0
[VND] TX_SKIP busy/inflight tag=ADC0-ASY2
[VND] PREPARE_PAIR slot=0
[VND] PREPARE_PAIR slot=0
[VND] TX_SKIP busy/inflight tag=ADC0-ASY2
[VND] PREPARE_PAIR slot=0
[VND] PREPARE_PAIR slot=0
[VND] TX_SKIP busy/inflight tag=ADC0-ASY2
[VND] PREPARE_PAIR slot=0
[VND] PREPARE_PAIR slot=0
[VND] TX_SKIP busy/inflight tag=ADC0-ASY2
[VND] PREPARE_PAIR slot=0
[VND] PREPARE_PAIR slot=0
[VND] TX_SKIP busy/inflight tag=ADC0-ASY2
[VND] PREPARE_PAIR slot=0
[VND] PREPARE_PAIR slot=0
[VND] TX_SKIP busy/inflight tag=ADC0-ASY2
[VND] PREPARE_PAIR slot=0
[VND] PREPARE_PAIR slot=0
[VND] TX_SKIP busy/inflight tag=ADC0-ASY2
[VND] PREPARE_PAIR slot=0
[VND] PREPARE_PAIR slot=0
[VND] TX_SKIP busy/inflight tag=ADC0-ASY2
[VND] PREPARE_PAIR slot=0
[VND] PREPARE_PAIR slot=0
[VND] TX_SKIP busy/inflight tag=ADC0-ASY2
[VND] PREPARE_PAIR slot=0
[VND] PREPARE_PAIR slot=0
[VND] TX_SKIP busy/inflight tag=ADC0-ASY2
[VND] PREPARE_PAIR slot=0
[VND] PREPARE_PAIR slot=0
[VND] TX_SKIP busy/inflight tag=ADC0-ASY2
[VND] PREPARE_PAIR slot=0
[VND] PREPARE_PAIR slot=0
[VND] TX_SKIP busy/inflight tag=ADC0-ASY2
[VND] PREPARE_PAIR slot=0
[VND] PREPARE_PAIR slot=0
[VND] TX_SKIP busy/inflight tag=ADC0-ASY2
[VND] PREPARE_PAIR slot=0
[VND] PREPARE_PAIR slot=0
[VND] TX_SKIP busy/inflight tag=ADC0-ASY2
[VND] PREPARE_PAIR slot=0
[VND] PREPARE_PAIR slot=0
[VND] TX_SKIP busy/inflight tag=ADC0-ASY2
[VND] PREPARE_PAIR slot=0
[VND] PREPARE_PAIR slot=0
[VND] TX_SKIP busy/inflight tag=ADC0-ASY2
[VND] PREPARE_PAIR slot=0
[VND] PREPARE_PAIR slot=0
[VND] TX_SKIP busy/inflight tag=ADC0-ASY2
[VND] PREPARE_PAIR slot=0
[VND] PREPARE_PAIR slot=0
[VND] TX_SKIP busy/inflight tag=ADC0-ASY2
[VND] PREPARE_PAIR slot=0
[VND] PREPARE_PAIR slot=0
[VND] TX_SKIP busy/inflight tag=ADC0-ASY2
[VND] PREPARE_PAIR slot=0
[VND] PREPARE_PAIR slot=0
[VND] TX_SKIP busy/inflight tag=ADC0-ASY2
[VND] PREPARE_PAIR slot=0
[VND] PREPARE_PAIR slot=0
[VND] TX_SKIP busy/inflight tag=ADC0-ASY2
[VND] PREPARE_PAIR slot=0
[VND] PREPARE_PAIR slot=0
[VND] TX_SKIP busy/inflight tag=ADC0-ASY2
[VND] PREPARE_PAIR slot=0
[VND] PREPARE_PAIR slot=0
[VND] TX_SKIP busy/inflight tag=ADC0-ASY2
[VND] PREPARE_PAIR slot=0
[VND] PREPARE_PAIR slot=0
[VND] TX_SKIP busy/inflight tag=ADC0-ASY2
[VND] PREPARE_PAIR slot=0
[VND] PREPARE_PAIR slot=0
[VND] TX_SKIP busy/inflight tag=ADC0-ASY2
[VND] PREPARE_PAIR slot=0
[VND] PREPARE_PAIR slot=0
[VND] TX_SKIP busy/inflight tag=ADC0-ASY2
[VND] PREPARE_PAIR slot=0
[VND] PREPARE_PAIR slot=0
[VND] TX_SKIP busy/inflight tag=ADC0-ASY2
[VND] PREPARE_PAIR slot=0
[VND] PREPARE_PAIR slot=0
[VND] TX_SKIP busy/inflight tag=ADC0-ASY2
[VND] PREPARE_PAIR slot=0
[VND] PREPARE_PAIR slot=0
[VND] TX_SKIP busy/inflight tag=ADC0-ASY2
[VND] PREPARE_PAIR slot=0
[VND] PREPARE_PAIR slot=0
[VND] TX_SKIP busy/inflight tag=ADC0-ASY2
[VND] PREPARE_PAIR slot=0
[VND] PREPARE_PAIR slot=0
[VND] TX_SKIP busy/inflight tag=ADC0-ASY2
[VND] PREPARE_PAIR slot=0
[VND] PREPARE_PAIR slot=0
[VND] TX_SKIP busy/inflight tag=ADC0-ASY2
[VND] PREPARE_PAIR slot=0
[VND] PREPARE_PAIR slot=0
[VND] TX_SKIP busy/inflight tag=ADC0-ASY2
[VND] PREPARE_PAIR slot=0
[VND] PREPARE_PAIR slot=0
[VND] TX_SKIP busy/inflight tag=ADC0-ASY2
[VND] PREPARE_PAIR slot=0
[VND] PREPARE_PAIR slot=0
[VND] TX_SKIP busy/inflight tag=ADC0-ASY2
[VND] PREPARE_PAIR slot=0
[VND] PREPARE_PAIR slot=0
[VND] TX_SKIP busy/inflight tag=ADC0-ASY2
[VND] PREPARE_PAIR slot=0
[VND] PREPARE_PAIR slot=0
[VND] TX_SKIP busy/inflight tag=ADC0-ASY2
[VND] PREPARE_PAIR slot=0
[VND] PREPARE_PAIR slot=0
[VND] TX_SKIP busy/inflight tag=ADC0-ASY2
[VND] PREPARE_PAIR slot=0
[VND] PREPARE_PAIR slot=0
[VND] TX_SKIP busy/inflight tag=ADC0-ASY2
[VND] PREPARE_PAIR slot=0
[VND] PREPARE_PAIR slot=0
[VND] TX_SKIP busy/inflight tag=ADC0-ASY2
[VND] PREPARE_PAIR slot=0
[VND] PREPARE_PAIR slot=0
[VND] TX_SKIP busy/inflight tag=ADC0-ASY2
[VND] PREPARE_PAIR slot=0
[VND] PREPARE_PAIR slot=0
[VND] TX_SKIP busy/inflight tag=ADC0-ASY2
[VND] PREPARE_PAIR slot=0
[VND] PREPARE_PAIR slot=0
[VND] TX_SKIP busy/inflight tag=ADC0-ASY2
[VND] PREPARE_PAIR slot=0
[VND] PREPARE_PAIR slot=0
[VND] TX_SKIP busy/inflight tag=ADC0-ASY2
[VND] PREPARE_PAIR slot=0
[VND] PREPARE_PAIR slot=0
[VND] TX_SKIP busy/inflight tag=ADC0-ASY2
[VND] PREPARE_PAIR slot=0
[VND] PREPARE_PAIR slot=0
[VND] TX_SKIP busy/inflight tag=ADC0-ASY2
[VND] PREPARE_PAIR slot=0
[VND] PREPARE_PAIR slot=0
[VND] TX_SKIP busy/inflight tag=ADC0-ASY2
[VND] PREPARE_PAIR slot=0
[VND] PREPARE_PAIR slot=0
[VND] TX_SKIP busy/inflight tag=ADC0-ASY2
[VND] PREPARE_PAIR slot=0
[VND] PREPARE_PAIR slot=0
[VND] TX_SKIP busy/inflight tag=ADC0-ASY2
[VND] PREPARE_PAIR slot=0
[VND] PREPARE_PAIR slot=0
[VND] TX_SKIP busy/inflight tag=ADC0-ASY2
[VND] PREPARE_PAIR slot=0
[VND] PREPARE_PAIR slot=0
[VND] TX_SKIP busy/inflight tag=ADC0-ASY2
[VND] PREPARE_PAIR slot=0
[VND] PREPARE_PAIR slot=0
[VND] TX_SKIP busy/inflight tag=ADC0-ASY2
[VND] PREPARE_PAIR slot=0
[VND] PREPARE_PAIR slot=0
[VND] TX_SKIP busy/inflight tag=ADC0-ASY2
[VND] PREPARE_PAIR slot=0
[VND] PREPARE_PAIR slot=0
[VND] TX_SKIP busy/inflight tag=ADC0-ASY2
[VND] PREPARE_PAIR slot=0
[VND] PREPARE_PAIR slot=0
[VND] TX_SKIP busy/inflight tag=ADC0-ASY2
[VND] PREPARE_PAIR slot=0
[VND] PREPARE_PAIR slot=0
[VND] TX_SKIP busy/inflight tag=ADC0-ASY2
[VND] PREPARE_PAIR slot=0
[VND] PREPARE_PAIR slot=0
[VND] TX_SKIP busy/inflight tag=ADC0-ASY2
[VND] PREPARE_PAIR slot=0
[VND] PREPARE_PAIR slot=0
[VND] TX_SKIP busy/inflight tag=ADC0-ASY2
[VND] PREPARE_PAIR slot=0
[VND] PREPARE_PAIR slot=0
[VND] TX_SKIP busy/inflight tag=ADC0-ASY2
[VND] PREPARE_PAIR slot=0
[VND] PREPARE_PAIR slot=0
[VND] TX_SKIP busy/inflight tag=ADC0-ASY2
[VND] PREPARE_PAIR slot=0
[VND] PREPARE_PAIR slot=0
[VND] TX_SKIP busy/inflight tag=ADC0-ASY2
[VND] PREPARE_PAIR slot=0
[VND] PREPARE_PAIR slot=0
[VND] TX_SKIP busy/inflight tag=ADC0-ASY2
[VND] PREPARE_PAIR slot=0
[VND] PREPARE_PAIR slot=0
[VND] TX_SKIP busy/inflight tag=ADC0-ASY2
[VND] PREPARE_PAIR slot=0
[VND] PREPARE_PAIR slot=0
[VND] TX_SKIP busy/inflight tag=ADC0-ASY2
[VND] PREPARE_PAIR slot=0
[VND] PREPARE_PAIR slot=0
[VND] TX_SKIP busy/inflight tag=ADC0-ASY2
[VND] PREPARE_PAIR slot=0
[VND] PREPARE_PAIR slot=0
[VND] TX_SKIP busy/inflight tag=ADC0-ASY2
[VND] PREPARE_PAIR slot=0
[VND] PREPARE_PAIR slot=0
[VND] TX_SKIP busy/inflight tag=ADC0-ASY2
[VND] PREPARE_PAIR slot=0
[VND] PREPARE_PAIR slot=0
[VND] TX_SKIP busy/inflight tag=ADC0-ASY2
[VND] PREPARE_PAIR slot=0
[VND] PREPARE_PAIR slot=0
[VND] TX_SKIP busy/inflight tag=ADC0-ASY2
[VND] PREPARE_PAIR slot=0
[VND] PREPARE_PAIR slot=0
[VND] TX_SKIP busy/inflight tag=ADC0-ASY2
[VND] PREPARE_PAIR slot=0
[VND] PREPARE_PAIR slot=0
[VND] TX_SKIP busy/inflight tag=ADC0-ASY2
[VND] PREPARE_PAIR slot=0
[VND] PREPARE_PAIR slot=0
[VND] TX_SKIP busy/inflight tag=ADC0-ASY2
[VND] PREPARE_PAIR slot=0
[VND] PREPARE_PAIR slot=0
[VND] TX_SKIP busy/inflight tag=ADC0-ASY2
[VND] PREPARE_PAIR slot=0
[VND] PREPARE_PAIR slot=0
[VND] TX_SKIP busy/inflight tag=ADC0-ASY2
[VND] PREPARE_PAIR slot=0
[VND] PREPARE_PAIR slot=0
[VND] TX_SKIP busy/inflight tag=ADC0-ASY2
[VND] PREPARE_PAIR slot=0
[VND] PREPARE_PAIR slot=0
[VND] TX_SKIP busy/inflight tag=ADC0-ASY2
[VND] PREPARE_PAIR slot=0
[VND] PREPARE_PAIR slot=0
[VND] TX_SKIP busy/inflight tag=ADC0-ASY2
[VND] PREPARE_PAIR slot=0
[VND] PREPARE_PAIR slot=0
[VND] TX_SKIP busy/inflight tag=ADC0-ASY2
[VND] PREPARE_PAIR slot=0
[VND] PREPARE_PAIR slot=0
[VND] TX_SKIP busy/inflight tag=ADC0-ASY2
[VND] PREPARE_PAIR slot=0
[VND] PREPARE_PAIR slot=0
[VND] TX_SKIP busy/inflight tag=ADC0-ASY2
[VND] PREPARE_PAIR slot=0
[VND] PREPARE_PAIR slot=0
[VND] TX_SKIP busy/inflight tag=ADC0-ASY2
[VND] PREPARE_PAIR slot=0
[VND] PREPARE_PAIR slot=0
[VND] TX_SKIP busy/inflight tag=ADC0-ASY2
[VND] PREPARE_PAIR slot=0
[VND] PREPARE_PAIR slot=0
[VND] TX_SKIP busy/inflight tag=ADC0-ASY2
[VND] PREPARE_PAIR slot=0
[VND] PREPARE_PAIR slot=0
[VND] TX_SKIP busy/inflight tag=ADC0-ASY2
[VND] PREPARE_PAIR slot=0
[VND] PREPARE_PAIR slot=0
[VND] TX_SKIP busy/inflight tag=ADC0-ASY2
[VND] PREPARE_PAIR slot=0
[VND] PREPARE_PAIR slot=0
[VND] TX_SKIP busy/inflight tag=ADC0-ASY2
[VND] PREPARE_PAIR slot=0
[VND] PREPARE_PAIR slot=0
[VND] TX_SKIP busy/inflight tag=ADC0-ASY2
[VND] PREPARE_PAIR slot=0
[VND] PREPARE_PAIR slot=0
[VND] TX_SKIP busy/inflight tag=ADC0-ASY2
[VND] PREPARE_PAIR slot=0
[VND] PREPARE_PAIR slot=0
[VND] TX_SKIP busy/inflight tag=ADC0-ASY2
[VND] PREPARE_PAIR slot=0
[VND] PREPARE_PAIR slot=0
[VND] TX_SKIP busy/inflight tag=ADC0-ASY2
[VND] PREPARE_PAIR slot=0
[VND] PREPARE_PAIR slot=0
[VND] TX_SKIP busy/inflight tag=ADC0-ASY2
[VND] PREPARE_PAIR slot=0
[VND] PREPARE_PAIR slot=0
[VND] TX_SKIP busy/inflight tag=ADC0-ASY2
[VND] PREPARE_PAIR slot=0
[VND] PREPARE_PAIR slot=0
[VND] TX_SKIP busy/inflight tag=ADC0-ASY2
[VND] PREPARE_PAIR slot=0
[VND] PREPARE_PAIR slot=0
[VND] TX_SKIP busy/inflight tag=ADC0-ASY2
[VND] PREPARE_PAIR slot=0
[VND] PREPARE_PAIR slot=0
[VND] TX_SKIP busy/inflight tag=ADC0-ASY2
[VND] PREPARE_PAIR slot=0
[VND] PREPARE_PAIR slot=0
[VND] TX_SKIP busy/inflight tag=ADC0-ASY2
[VND] PREPARE_PAIR slot=0
[VND] PREPARE_PAIR slot=0
[VND] TX_SKIP busy/inflight tag=ADC0-ASY2
[VND] PREPARE_PAIR slot=0
[VND] PREPARE_PAIR slot=0
[VND] TX_SKIP busy/inflight tag=ADC0-ASY2
[VND] PREPARE_PAIR slot=0
[VND] PREPARE_PAIR slot=0
[VND] TX_SKIP busy/inflight tag=ADC0-ASY2
[VND] PREPARE_PAIR slot=0
[VND] PREPARE_PAIR slot=0
[VND] TX_SKIP busy/inflight tag=ADC0-ASY2
[VND] PREPARE_PAIR slot=0
[VND] PREPARE_PAIR slot=0
[VND] TX_SKIP busy/inflight tag=ADC0-ASY2
[VND] PREPARE_PAIR slot=0
[VND] PREPARE_PAIR slot=0
[VND] TX_SKIP busy/inflight tag=ADC0-ASY2
[VND] PREPARE_PAIR slot=0
[VND] PREPARE_PAIR slot=0
[VND] TX_SKIP busy/inflight tag=ADC0-ASY2
[VND] PREPARE_PAIR slot=0
[VND] PREPARE_PAIR slot=0
[VND] TX_SKIP busy/inflight tag=ADC0-ASY2
[VND] PREPARE_PAIR slot=0
[VND] PREPARE_PAIR slot=0
[VND] TX_SKIP busy/inflight tag=ADC0-ASY2
[VND] PREPARE_PAIR slot=0
[VND] PREPARE_PAIR slot=0
[VND] TX_SKIP busy/inflight tag=ADC0-ASY2
[VND] PREPARE_PAIR slot=0
[VND] PREPARE_PAIR slot=0
[VND] TX_SKIP busy/inflight tag=ADC0-ASY2
[VND] PREPARE_PAIR slot=0
[VND] PREPARE_PAIR slot=0
[VND] TX_SKIP busy/inflight tag=ADC0-ASY2
[VND] PREPARE_PAIR slot=0
[VND] PREPARE_PAIR slot=0
[VND] TX_SKIP busy/inflight tag=ADC0-ASY2
[VND] PREPARE_PAIR slot=0
[VND] PREPARE_PAIR slot=0
[VND] TX_SKIP busy/inflight tag=ADC0-ASY2
[VND] PREPARE_PAIR slot=0
[VND] PREPARE_PAIR slot=0
[VND] TX_SKIP busy/inflight tag=ADC0-ASY2
[VND] PREPARE_PAIR slot=0
[VND] PREPARE_PAIR slot=0
[VND] TX_SKIP busy/inflight tag=ADC0-ASY2
[VND] PREPARE_PAIR slot=0
[VND] PREPARE_PAIR slot=0
[VND] TX_SKIP busy/inflight tag=ADC0-ASY2
[VND] PREPARE_PAIR slot=0
[VND] PREPARE_PAIR slot=0
[VND] TX_SKIP busy/inflight tag=ADC0-ASY2
[VND] PREPARE_PAIR slot=0
[VND] PREPARE_PAIR slot=0
[VND] TX_SKIP busy/inflight tag=ADC0-ASY2
[VND] PREPARE_PAIR slot=0
[VND] PREPARE_PAIR slot=0
[VND] TX_SKIP busy/inflight tag=ADC0-ASY2
[VND] PREPARE_PAIR slot=0
[VND] PREPARE_PAIR slot=0
[VND] TX_SKIP busy/inflight tag=ADC0-ASY2
[VND] PREPARE_PAIR slot=0
[VND] PREPARE_PAIR slot=0
[VND] TX_SKIP busy/inflight tag=ADC0-ASY2
[VND] PREPARE_PAIR slot=0
[VND] PREPARE_PAIR slot=0
[VND] TX_SKIP busy/inflight tag=ADC0-ASY2
[VND] PREPARE_PAIR slot=0
[VND] PREPARE_PAIR slot=0
[VND] TX_SKIP busy/inflight tag=ADC0-ASY2
[VND] PREPARE_PAIR slot=0
[VND] PREPARE_PAIR slot=0
[VND] TX_SKIP busy/inflight tag=ADC0-ASY2
[VND] PREPARE_PAIR slot=0
[VND] PREPARE_PAIR slot=0
[VND] TX_SKIP busy/inflight tag=ADC0-ASY2
[VND] PREPARE_PAIR slot=0
[VND] PREPARE_PAIR slot=0
[VND] TX_SKIP busy/inflight tag=ADC0-ASY2
[VND] PREPARE_PAIR slot=0
[VND] PREPARE_PAIR slot=0
[VND] TX_SKIP busy/inflight tag=ADC0-ASY2
[VND] PREPARE_PAIR slot=0
[VND] PREPARE_PAIR slot=0
[VND] TX_SKIP busy/inflight tag=ADC0-ASY2
[VND] PREPARE_PAIR slot=0
[VND] PREPARE_PAIR slot=0
[VND] TX_SKIP busy/inflight tag=ADC0-ASY2
[VND] PREPARE_PAIR slot=0
[VND] PREPARE_PAIR slot=0
[VND] TX_SKIP busy/inflight tag=ADC0-ASY2
[VND] PREPARE_PAIR slot=0
[VND] PREPARE_PAIR slot=0
[VND] TX_SKIP busy/inflight tag=ADC0-ASY2
[VND] PREPARE_PAIR slot=0
[VND] PREPARE_PAIR slot=0
[VND] TX_SKIP busy/inflight tag=ADC0-ASY2
[VND] PREPARE_PAIR slot=0
[VND] PREPARE_PAIR slot=0
[VND] TX_SKIP busy/inflight tag=ADC0-ASY2
[VND] PREPARE_PAIR slot=0
[VND] PREPARE_PAIR slot=0
[VND] TX_SKIP busy/inflight tag=ADC0-ASY2
[VND] PREPARE_PAIR slot=0
[VND] PREPARE_PAIR slot=0
[VND] TX_SKIP busy/inflight tag=ADC0-ASY2
[VND] PREPARE_PAIR slot=0
[VND] PREPARE_PAIR slot=0
[VND] TX_SKIP busy/inflight tag=ADC0-ASY2
[VND] PREPARE_PAIR slot=0
[VND] PREPARE_PAIR slot=0
[VND] TX_SKIP busy/inflight tag=ADC0-ASY2
[VND] PREPARE_PAIR slot=0
[VND] PREPARE_PAIR slot=0
[VND] TX_SKIP busy/inflight tag=ADC0-ASY2
[VND] PREPARE_PAIR slot=0
[VND] PREPARE_PAIR slot=0
[VND] TX_SKIP busy/inflight tag=ADC0-ASY2
[VND] PREPARE_PAIR slot=0
[VND] PREPARE_PAIR slot=0
[VND] TX_SKIP busy/inflight tag=ADC0-ASY2
[VND] PREPARE_PAIR slot=0
[VND] PREPARE_PAIR slot=0
[VND] TX_SKIP busy/inflight tag=ADC0-ASY2
[VND] PREPARE_PAIR slot=0
[VND] PREPARE_PAIR slot=0
[VND] TX_SKIP busy/inflight tag=ADC0-ASY2
[VND] PREPARE_PAIR slot=0
[VND] PREPARE_PAIR slot=0
[VND] TX_SKIP busy/inflight tag=ADC0-ASY2
[VND] PREPARE_PAIR slot=0
[VND] PREPARE_PAIR slot=0
[VND] TX_SKIP busy/inflight tag=ADC0-ASY2
[VND] PREPARE_PAIR slot=0
[VND] PREPARE_PAIR slot=0
[VND] TX_SKIP busy/inflight tag=ADC0-ASY2
[VND] PREPARE_PAIR slot=0
[VND] PREPARE_PAIR slot=0
[VND] TX_SKIP busy/inflight tag=ADC0-ASY2
[VND] PREPARE_PAIR slot=0
[VND] PREPARE_PAIR slot=0
[VND] TX_SKIP busy/inflight tag=ADC0-ASY2
[VND] PREPARE_PAIR slot=0
[VND] PREPARE_PAIR slot=0
[VND] TX_SKIP busy/inflight tag=ADC0-ASY2
[VND] PREPARE_PAIR slot=0
[VND] PREPARE_PAIR slot=0
[VND] TX_SKIP busy/inflight tag=ADC0-ASY2
[VND] PREPARE_PAIR slot=0
[VND] PREPARE_PAIR slot=0
[VND] TX_SKIP busy/inflight tag=ADC0-ASY2
[VND] PREPARE_PAIR slot=0
[VND] PREPARE_PAIR slot=0
[VND] TX_SKIP busy/inflight tag=ADC0-ASY2
[VND] PREPARE_PAIR slot=0
[VND] PREPARE_PAIR slot=0
[VND] TX_SKIP busy/inflight tag=ADC0-ASY2
[VND] PREPARE_PAIR slot=0
[VND] PREPARE_PAIR slot=0
[VND] TX_SKIP busy/inflight tag=ADC0-ASY2
[VND] PREPARE_PAIR slot=0
[VND] PREPARE_PAIR slot=0
[VND] TX_SKIP busy/inflight tag=ADC0-ASY2
[VND] PREPARE_PAIR slot=0
[VND] PREPARE_PAIR slot=0
[VND] TX_SKIP busy/inflight tag=ADC0-ASY2
[VND] PREPARE_PAIR slot=0
[VND] PREPARE_PAIR slot=0
[VND] TX_SKIP busy/inflight tag=ADC0-ASY2
[VND] PREPARE_PAIR slot=0
[VND] PREPARE_PAIR slot=0
[VND] TX_SKIP busy/inflight tag=ADC0-ASY2
[VND] PREPARE_PAIR slot=0
[VND] PREPARE_PAIR slot=0
[VND] TX_SKIP busy/inflight tag=ADC0-ASY2
[VND] PREPARE_PAIR slot=0
[VND] PREPARE_PAIR slot=0
[VND] TX_SKIP busy/inflight tag=ADC0-ASY2
[VND] PREPARE_PAIR slot=0
[VND] PREPARE_PAIR slot=0
[VND] TX_SKIP busy/inflight tag=ADC0-ASY2
[VND] PREPARE_PAIR slot=0
[VND] PREPARE_PAIR slot=0
[VND] TX_SKIP busy/inflight tag=ADC0-ASY2
[VND] PREPARE_PAIR slot=0
[VND] PREPARE_PAIR slot=0
[VND] TX_SKIP busy/inflight tag=ADC0-ASY2
[VND] PREPARE_PAIR slot=0
[VND] PREPARE_PAIR slot=0
[VND] TX_SKIP busy/inflight tag=ADC0-ASY2
[VND] PREPARE_PAIR slot=0
[VND] PREPARE_PAIR slot=0
[VND] TX_SKIP busy/inflight tag=ADC0-ASY2
[VND] PREPARE_PAIR slot=0
[VND] PREPARE_PAIR slot=0
[VND] TX_SKIP busy/inflight tag=ADC0-ASY2
[VND] PREPARE_PAIR slot=0
[VND] PREPARE_PAIR slot=0
[VND] TX_SKIP busy/inflight tag=ADC0-ASY2
[VND] PREPARE_PAIR slot=0
[VND] PREPARE_PAIR slot=0
[VND] TX_SKIP busy/inflight tag=ADC0-ASY2
[VND] PREPARE_PAIR slot=0
[VND] PREPARE_PAIR slot=0
[VND] TX_SKIP busy/inflight tag=ADC0-ASY2
[VND] PREPARE_PAIR slot=0
[VND] PREPARE_PAIR slot=0
[VND] TX_SKIP busy/inflight tag=ADC0-ASY2
[VND] PREPARE_PAIR slot=0
[VND] PREPARE_PAIR slot=0
[VND] TX_SKIP busy/inflight tag=ADC0-ASY2
[VND] PREPARE_PAIR slot=0
[VND] PREPARE_PAIR slot=0
[VND] TX_SKIP busy/inflight tag=ADC0-ASY2
[VND] PREPARE_PAIR slot=0
[VND] PREPARE_PAIR slot=0
[VND] TX_SKIP busy/inflight tag=ADC0-ASY2
[VND] PREPARE_PAIR slot=0
[VND] PREPARE_PAIR slot=0
[VND] TX_SKIP busy/inflight tag=ADC0-ASY2
[VND] PREPARE_PAIR slot=0
[VND] PREPARE_PAIR slot=0
[VND] TX_SKIP busy/inflight tag=ADC0-ASY2
[VND] PREPARE_PAIR slot=0
[VND] PREPARE_PAIR slot=0
[VND] TX_SKIP busy/inflight tag=ADC0-ASY2
[VND] PREPARE_PAIR slot=0
[VND] PREPARE_PAIR slot=0
[VND] TX_SKIP busy/inflight tag=ADC0-ASY2
[VND] PREPARE_PAIR slot=0
[VND] PREPARE_PAIR slot=0
[VND] TX_SKIP busy/inflight tag=ADC0-ASY2
[VND] PREPARE_PAIR slot=0
[VND] PREPARE_PAIR slot=0
[VND] TX_SKIP busy/inflight tag=ADC0-ASY2
[VND] PREPARE_PAIR slot=0
[VND] PREPARE_PAIR slot=0
[VND] TX_SKIP busy/inflight tag=ADC0-ASY2
[VND] PREPARE_PAIR slot=0
[VND] PREPARE_PAIR slot=0
[VND] TX_SKIP busy/inflight tag=ADC0-ASY2
[VND] PREPARE_PAIR slot=0
[VND] PREPARE_PAIR slot=0
[VND] TX_SKIP busy/inflight tag=ADC0-ASY2
[VND] PREPARE_PAIR slot=0
[VND] PREPARE_PAIR slot=0
[VND] TX_SKIP busy/inflight tag=ADC0-ASY2
[VND] PREPARE_PAIR slot=0
[VND] PREPARE_PAIR slot=0
[VND] TX_SKIP busy/inflight tag=ADC0-ASY2
[VND] PREPARE_PAIR slot=0
[VND] PREPARE_PAIR slot=0
[VND] TX_SKIP busy/inflight tag=ADC0-ASY2
[VND] PREPARE_PAIR slot=0
[VND] PREPARE_PAIR slot=0
[VND] TX_SKIP busy/inflight tag=ADC0-ASY2
[VND] PREPARE_PAIR slot=0
[VND] PREPARE_PAIR slot=0
[VND] TX_SKIP busy/inflight tag=ADC0-ASY2
[VND] PREPARE_PAIR slot=0
[VND] PREPARE_PAIR slot=0
[VND] TX_SKIP busy/inflight tag=ADC0-ASY2
[VND] PREPARE_PAIR slot=0
[VND] PREPARE_PAIR slot=0
[VND] TX_SKIP busy/inflight tag=ADC0-ASY2
[VND] PREPARE_PAIR slot=0
[VND] PREPARE_PAIR slot=0
[VND] TX_SKIP busy/inflight tag=ADC0-ASY2
[VND] PREPARE_PAIR slot=0
[VND] PREPARE_PAIR slot=0
[VND] TX_SKIP busy/inflight tag=ADC0-ASY2
[VND] PREPARE_PAIR slot=0
[VND] PREPARE_PAIR slot=0
[VND] TX_SKIP busy/inflight tag=ADC0-ASY2
[VND] PREPARE_PAIR slot=0
[VND] PREPARE_PAIR slot=0
[VND] TX_SKIP busy/inflight tag=ADC0-ASY2
[VND] PREPARE_PAIR slot=0
[VND] PREPARE_PAIR slot=0
[VND] TX_SKIP busy/inflight tag=ADC0-ASY2
[VND] PREPARE_PAIR slot=0
[VND] PREPARE_PAIR slot=0
[VND] TX_SKIP busy/inflight tag=ADC0-ASY2
[VND] PREPARE_PAIR slot=0
[VND] PREPARE_PAIR slot=0
[VND] TX_SKIP busy/inflight tag=ADC0-ASY2
[VND] PREPARE_PAIR slot=0
[VND] PREPARE_PAIR slot=0
[VND] TX_SKIP busy/inflight tag=ADC0-ASY2
[VND] PREPARE_PAIR slot=0
[VND] PREPARE_PAIR slot=0
[VND] TX_SKIP busy/inflight tag=ADC0-ASY2
[VND] PREPARE_PAIR slot=0
[VND] PREPARE_PAIR slot=0
[VND] TX_SKIP busy/inflight tag=ADC0-ASY2
[VND] PREPARE_PAIR slot=0
[VND] PREPARE_PAIR slot=0
[VND] TX_SKIP busy/inflight tag=ADC0-ASY2
[VND] PREPARE_PAIR slot=0
[VND] PREPARE_PAIR slot=0
[VND] TX_SKIP busy/inflight tag=ADC0-ASY2
[VND] PREPARE_PAIR slot=0
[VND] PREPARE_PAIR slot=0
[VND] TX_SKIP busy/inflight tag=ADC0-ASY2
[VND] PREPARE_PAIR slot=0
[VND] PREPARE_PAIR slot=0
[VND] TX_SKIP busy/inflight tag=ADC0-ASY2
[VND] PREPARE_PAIR slot=0
[VND] PREPARE_PAIR slot=0
[VND] TX_SKIP busy/inflight tag=ADC0-ASY2
[VND] PREPARE_PAIR slot=0
[VND] PREPARE_PAIR slot=0
[VND] TX_SKIP busy/inflight tag=ADC0-ASY2
[VND] PREPARE_PAIR slot=0
[VND] PREPARE_PAIR slot=0
[VND] TX_SKIP busy/inflight tag=ADC0-ASY2
[VND] PREPARE_PAIR slot=0
[VND] PREPARE_PAIR slot=0
[VND] TX_SKIP busy/inflight tag=ADC0-ASY2
[VND] PREPARE_PAIR slot=0
[VND] PREPARE_PAIR slot=0
[VND] TX_SKIP busy/inflight tag=ADC0-ASY2
[VND] PREPARE_PAIR slot=0
[VND] PREPARE_PAIR slot=0
[VND] TX_SKIP busy/inflight tag=ADC0-ASY2
[VND] PREPARE_PAIR slot=0
[VND] PREPARE_PAIR slot=0
[VND] TX_SKIP busy/inflight tag=ADC0-ASY2
[VND] PREPARE_PAIR slot=0
[VND] PREPARE_PAIR slot=0
[VND] TX_SKIP busy/inflight tag=ADC0-ASY2
[VND] PREPARE_PAIR slot=0
[VND] PREPARE_PAIR slot=0
[VND] TX_SKIP busy/inflight tag=ADC0-ASY2
[VND] PREPARE_PAIR slot=0
[VND] PREPARE_PAIR slot=0
[VND] TX_SKIP busy/inflight tag=ADC0-ASY2
[VND] PREPARE_PAIR slot=0
[VND] PREPARE_PAIR slot=0
[VND] TX_SKIP busy/inflight tag=ADC0-ASY2
[VND] PREPARE_PAIR slot=0
[VND] PREPARE_PAIR slot=0
[VND] TX_SKIP busy/inflight tag=ADC0-ASY2
[VND] PREPARE_PAIR slot=0
[VND] PREPARE_PAIR slot=0
[VND] TX_SKIP busy/inflight tag=ADC0-ASY2
[VND] PREPARE_PAIR slot=0
[VND] PREPARE_PAIR slot=0
[VND] TX_SKIP busy/inflight tag=ADC0-ASY2
[VND] PREPARE_PAIR slot=0
[VND] PREPARE_PAIR slot=0
[VND] TX_SKIP busy/inflight tag=ADC0-ASY2
[VND] PREPARE_PAIR slot=0
[VND] PREPARE_PAIR slot=0
[VND] TX_SKIP busy/inflight tag=ADC0-ASY2
[VND] PREPARE_PAIR slot=0
[VND] PREPARE_PAIR slot=0
[VND] TX_SKIP busy/inflight tag=ADC0-ASY2
[VND] PREPARE_PAIR slot=0
[VND] PREPARE_PAIR slot=0
[VND] TX_SKIP busy/inflight tag=ADC0-ASY2
[VND] PREPARE_PAIR slot=0
[VND] PREPARE_PAIR slot=0
[VND] TX_SKIP busy/inflight tag=ADC0-ASY2
[VND] PREPARE_PAIR slot=0
[VND] PREPARE_PAIR slot=0
[VND] TX_SKIP busy/inflight tag=ADC0-ASY2
[VND] PREPARE_PAIR slot=0
[VND] PREPARE_PAIR slot=0
[VND] TX_SKIP busy/inflight tag=ADC0-ASY2
[VND] PREPARE_PAIR slot=0
[VND] PREPARE_PAIR slot=0
[VND] TX_SKIP busy/inflight tag=ADC0-ASY2
[VND] PREPARE_PAIR slot=0
[VND] PREPARE_PAIR slot=0
[VND] TX_SKIP busy/inflight tag=ADC0-ASY2
[VND] PREPARE_PAIR slot=0
[VND] PREPARE_PAIR slot=0
[VND] TX_SKIP busy/inflight tag=ADC0-ASY2
[VND] PREPARE_PAIR slot=0
[VND] PREPARE_PAIR slot=0
[VND] TX_SKIP busy/inflight tag=ADC0-ASY2
[VND] PREPARE_PAIR slot=0
[VND] PREPARE_PAIR slot=0
[VND] TX_SKIP busy/inflight tag=ADC0-ASY2
[VND] PREPARE_PAIR slot=0
[VND] PREPARE_PAIR slot=0
[VND] TX_SKIP busy/inflight tag=ADC0-ASY2
[VND] PREPARE_PAIR slot=0
[VND] PREPARE_PAIR slot=0
[VND] TX_SKIP busy/inflight tag=ADC0-ASY2
[VND] PREPARE_PAIR slot=0
[VND] PREPARE_PAIR slot=0
[VND] TX_SKIP busy/inflight tag=ADC0-ASY2
[VND] PREPARE_PAIR slot=0
[VND] PREPARE_PAIR slot=0
[VND] TX_SKIP busy/inflight tag=ADC0-ASY2
[VND] PREPARE_PAIR slot=0
[VND] PREPARE_PAIR slot=0
[VND] TX_SKIP busy/inflight tag=ADC0-ASY2
[VND] PREPARE_PAIR slot=0
[VND] PREPARE_PAIR slot=0
[VND] TX_SKIP busy/inflight tag=ADC0-ASY2
[VND] PREPARE_PAIR slot=0
[VND] PREPARE_PAIR slot=0
[VND] TX_SKIP busy/inflight tag=ADC0-ASY2
[VND] PREPARE_PAIR slot=0
[VND] PREPARE_PAIR slot=0
[VND] TX_SKIP busy/inflight tag=ADC0-ASY2
[VND] PREPARE_PAIR slot=0
[VND] PREPARE_PAIR slot=0
[VND] TX_SKIP busy/inflight tag=ADC0-ASY2
[VND] PREPARE_PAIR slot=0
[VND] PREPARE_PAIR slot=0
[VND] TX_SKIP busy/inflight tag=ADC0-ASY2
[VND] PREPARE_PAIR slot=0
[VND] PREPARE_PAIR slot=0
[VND] TX_SKIP busy/inflight tag=ADC0-ASY2
[VND] PREPARE_PAIR slot=0
[VND] PREPARE_PAIR slot=0
[VND] TX_SKIP busy/inflight tag=ADC0-ASY2
[VND] PREPARE_PAIR slot=0
[VND] PREPARE_PAIR slot=0
[VND] TX_SKIP busy/inflight tag=ADC0-ASY2
[VND] PREPARE_PAIR slot=0
[VND] PREPARE_PAIR slot=0
[VND] TX_SKIP busy/inflight tag=ADC0-ASY2
[VND] PREPARE_PAIR slot=0
[VND] PREPARE_PAIR slot=0
[VND] TX_SKIP busy/inflight tag=ADC0-ASY2
[VND] PREPARE_PAIR slot=0
[VND] PREPARE_PAIR slot=0
[VND] TX_SKIP busy/inflight tag=ADC0-ASY2
[VND] PREPARE_PAIR slot=0
[VND] PREPARE_PAIR slot=0
[VND] TX_SKIP busy/inflight tag=ADC0-ASY2
[VND] PREPARE_PAIR slot=0
[VND] PREPARE_PAIR slot=0
[VND] TX_SKIP busy/inflight tag=ADC0-ASY2
[VND] PREPARE_PAIR slot=0
[VND] PREPARE_PAIR slot=0
[VND] TX_SKIP busy/inflight tag=ADC0-ASY2
[VND] PREPARE_PAIR slot=0
[VND] PREPARE_PAIR slot=0
[VND] TX_SKIP busy/inflight tag=ADC0-ASY2
[VND] PREPARE_PAIR slot=0
[VND] PREPARE_PAIR slot=0
[VND] TX_SKIP busy/inflight tag=ADC0-ASY2
[VND] PREPARE_PAIR slot=0
[VND] PREPARE_PAIR slot=0
[VND] TX_SKIP busy/inflight tag=ADC0-ASY2
[VND] PREPARE_PAIR slot=0
[VND] PREPARE_PAIR slot=0
[VND] TX_SKIP busy/inflight tag=ADC0-ASY2
[VND] PREPARE_PAIR slot=0
[VND] PREPARE_PAIR slot=0
[VND] TX_SKIP busy/inflight tag=ADC0-ASY2
[VND] PREPARE_PAIR slot=0
[VND] PREPARE_PAIR slot=0
[VND] TX_SKIP busy/inflight tag=ADC0-ASY2
[VND] PREPARE_PAIR slot=0
[VND] PREPARE_PAIR slot=0
[VND] TX_SKIP busy/inflight tag=ADC0-ASY2
[VND] PREPARE_PAIR slot=0
[VND] PREPARE_PAIR slot=0
[VND] TX_SKIP busy/inflight tag=ADC0-ASY2
[VND] PREPARE_PAIR slot=0
[VND] PREPARE_PAIR slot=0
[VND] TX_SKIP busy/inflight tag=ADC0-ASY2
[VND] PREPARE_PAIR slot=0
[VND] PREPARE_PAIR slot=0
[VND] TX_SKIP busy/inflight tag=ADC0-ASY2
[VND] PREPARE_PAIR slot=0
[VND] PREPARE_PAIR slot=0
[VND] TX_SKIP busy/inflight tag=ADC0-ASY2
[VND] PREPARE_PAIR slot=0
[VND] PREPARE_PAIR slot=0
[VND] TX_SKIP busy/inflight tag=ADC0-ASY2
[VND] PREPARE_PAIR slot=0
[VND] PREPARE_PAIR slot=0
[VND] TX_SKIP busy/inflight tag=ADC0-ASY2
[VND] PREPARE_PAIR slot=0
[VND] PREPARE_PAIR slot=0
[VND] TX_SKIP busy/inflight tag=ADC0-ASY2
[VND] PREPARE_PAIR slot=0
[VND] PREPARE_PAIR slot=0
[VND] TX_SKIP busy/inflight tag=ADC0-ASY2
[VND] PREPARE_PAIR slot=0
[VND] PREPARE_PAIR slot=0
[VND] TX_SKIP busy/inflight tag=ADC0-ASY2
[VND] PREPARE_PAIR slot=0
[VND] PREPARE_PAIR slot=0
[VND] TX_SKIP busy/inflight tag=ADC0-ASY2
[VND] PREPARE_PAIR slot=0
[VND] PREPARE_PAIR slot=0
[VND] TX_SKIP busy/inflight tag=ADC0-ASY2
[VND] PREPARE_PAIR slot=0
[VND] PREPARE_PAIR slot=0
[VND] TX_SKIP busy/inflight tag=ADC0-ASY2
[VND] PREPARE_PAIR slot=0
[VND] PREPARE_PAIR slot=0
[VND] TX_SKIP busy/inflight tag=ADC0-ASY2
[VND] PREPARE_PAIR slot=0
[VND] PREPARE_PAIR slot=0
[VND] TX_SKIP busy/inflight tag=ADC0-ASY2
[VND] PREPARE_PAIR slot=0
[VND] PREPARE_PAIR slot=0
[VND] TX_SKIP busy/inflight tag=ADC0-ASY2
[VND] PREPARE_PAIR slot=0
[VND] PREPARE_PAIR slot=0
[VND] TX_SKIP busy/inflight tag=ADC0-ASY2
[VND] PREPARE_PAIR slot=0
[VND] PREPARE_PAIR slot=0
[VND] TX_SKIP busy/inflight tag=ADC0-ASY2
[VND] PREPARE_PAIR slot=0
[VND] PREPARE_PAIR slot=0
[VND] TX_SKIP busy/inflight tag=ADC0-ASY2
[VND] PREPARE_PAIR slot=0
[VND] PREPARE_PAIR slot=0
[VND] TX_SKIP busy/inflight tag=ADC0-ASY2
[VND] PREPARE_PAIR slot=0
[VND] PREPARE_PAIR slot=0
[VND] TX_SKIP busy/inflight tag=ADC0-ASY2
[VND] PREPARE_PAIR slot=0
[VND] PREPARE_PAIR slot=0
[VND] TX_SKIP busy/inflight tag=ADC0-ASY2
[VND] PREPARE_PAIR slot=0
[VND] PREPARE_PAIR slot=0
[VND] TX_SKIP busy/inflight tag=ADC0-ASY2
[VND] PREPARE_PAIR slot=0
[VND] PREPARE_PAIR slot=0
[VND] TX_SKIP busy/inflight tag=ADC0-ASY2
[VND] PREPARE_PAIR slot=0
[VND] PREPARE_PAIR slot=0
[VND] TX_SKIP busy/inflight tag=ADC0-ASY2
[VND] PREPARE_PAIR slot=0
[VND] PREPARE_PAIR slot=0
[VND] TX_SKIP busy/inflight tag=ADC0-ASY2
[VND] PREPARE_PAIR slot=0
[VND] PREPARE_PAIR slot=0
[VND] TX_SKIP busy/inflight tag=ADC0-ASY2
[VND] PREPARE_PAIR slot=0
[VND] PREPARE_PAIR slot=0
[VND] TX_SKIP busy/inflight tag=ADC0-ASY2
[VND] PREPARE_PAIR slot=0
[VND] PREPARE_PAIR slot=0
[VND] TX_SKIP busy/inflight tag=ADC0-ASY2
[VND] PREPARE_PAIR slot=0
[VND] PREPARE_PAIR slot=0
[VND] TX_SKIP busy/inflight tag=ADC0-ASY2
[VND] PREPARE_PAIR slot=0
[VND] PREPARE_PAIR slot=0
[VND] TX_SKIP busy/inflight tag=ADC0-ASY2
[VND] PREPARE_PAIR slot=0
[VND] PREPARE_PAIR slot=0
[VND] TX_SKIP busy/inflight tag=ADC0-ASY2
[VND] PREPARE_PAIR slot=0
[VND] PREPARE_PAIR slot=0
[VND] TX_SKIP busy/inflight tag=ADC0-ASY2
[VND] PREPARE_PAIR slot=0
[VND] PREPARE_PAIR slot=0
[VND] TX_SKIP busy/inflight tag=ADC0-ASY2
[VND] PREPARE_PAIR slot=0
[VND] PREPARE_PAIR slot=0
[VND] TX_SKIP busy/inflight tag=ADC0-ASY2
[VND] PREPARE_PAIR slot=0
[VND] PREPARE_PAIR slot=0
[VND] TX_SKIP busy/inflight tag=ADC0-ASY2
[VND] PREPARE_PAIR slot=0
[VND] PREPARE_PAIR slot=0
[VND] TX_SKIP busy/inflight tag=ADC0-ASY2
[VND] PREPARE_PAIR slot=0
[VND] PREPARE_PAIR slot=0
[VND] TX_SKIP busy/inflight tag=ADC0-ASY2
[VND] PREPARE_PAIR slot=0
[VND] PREPARE_PAIR slot=0
[VND] TX_SKIP busy/inflight tag=ADC0-ASY2
[VND] PREPARE_PAIR slot=0
[VND] PREPARE_PAIR slot=0
[VND] TX_SKIP busy/inflight tag=ADC0-ASY2
[VND] PREPARE_PAIR slot=0
[VND] PREPARE_PAIR slot=0
[VND] TX_SKIP busy/inflight tag=ADC0-ASY2
[VND] PREPARE_PAIR slot=0
[VND] PREPARE_PAIR slot=0
[VND] TX_SKIP busy/inflight tag=ADC0-ASY2
[VND] PREPARE_PAIR slot=0
[VND] PREPARE_PAIR slot=0
[VND] TX_SKIP busy/inflight tag=ADC0-ASY2
[VND] PREPARE_PAIR slot=0
[VND] PREPARE_PAIR slot=0
[VND] TX_SKIP busy/inflight tag=ADC0-ASY2
[VND] PREPARE_PAIR slot=0
[VND] PREPARE_PAIR slot=0
[VND] TX_SKIP busy/inflight tag=ADC0-ASY2
[VND] PREPARE_PAIR slot=0
[VND] PREPARE_PAIR slot=0
[VND] TX_SKIP busy/inflight tag=ADC0-ASY2
[VND] PREPARE_PAIR slot=0
[VND] PREPARE_PAIR slot=0
[VND] TX_SKIP busy/inflight tag=ADC0-ASY2
[VND] PREPARE_PAIR slot=0
[VND] PREPARE_PAIR slot=0
[VND] TX_SKIP busy/inflight tag=ADC0-ASY2
[VND] PREPARE_PAIR slot=0
[VND] PREPARE_PAIR slot=0
[VND] TX_SKIP busy/inflight tag=ADC0-ASY2
[VND] PREPARE_PAIR slot=0
[VND] PREPARE_PAIR slot=0
[VND] TX_SKIP busy/inflight tag=ADC0-ASY2
[VND] PREPARE_PAIR slot=0
[VND] PREPARE_PAIR slot=0
[VND] TX_SKIP busy/inflight tag=ADC0-ASY2
[VND] PREPARE_PAIR slot=0
[VND] PREPARE_PAIR slot=0
[VND] TX_SKIP busy/inflight tag=ADC0-ASY2
[VND] PREPARE_PAIR slot=0
[VND] PREPARE_PAIR slot=0
[VND] TX_SKIP busy/inflight tag=ADC0-ASY2
[VND] PREPARE_PAIR slot=0
[VND] PREPARE_PAIR slot=0
[VND] TX_SKIP busy/inflight tag=ADC0-ASY2
[VND] PREPARE_PAIR slot=0
[VND] PREPARE_PAIR slot=0
[VND] TX_SKIP busy/inflight tag=ADC0-ASY2
[VND] PREPARE_PAIR slot=0
[VND] PREPARE_PAIR slot=0
[VND] TX_SKIP busy/inflight tag=ADC0-ASY2
[VND] PREPARE_PAIR slot=0
[VND] PREPARE_PAIR slot=0
[VND] TX_SKIP busy/inflight tag=ADC0-ASY2
[VND] PREPARE_PAIR slot=0
[VND] PREPARE_PAIR slot=0
[VND] TX_SKIP busy/inflight tag=ADC0-ASY2
[VND] PREPARE_PAIR slot=0
[VND] PREPARE_PAIR slot=0
[VND] TX_SKIP busy/inflight tag=ADC0-ASY2
[VND] PREPARE_PAIR slot=0
[VND] PREPARE_PAIR slot=0
[VND] TX_SKIP busy/inflight tag=ADC0-ASY2
[VND] PREPARE_PAIR slot=0
[VND] PREPARE_PAIR slot=0
[VND] TX_SKIP busy/inflight tag=ADC0-ASY2
[VND] PREPARE_PAIR slot=0
[VND] PREPARE_PAIR slot=0
[VND] TX_SKIP busy/inflight tag=ADC0-ASY2
[VND] PREPARE_PAIR slot=0
[VND] PREPARE_PAIR slot=0
[VND] TX_SKIP busy/inflight tag=ADC0-ASY2
[VND] PREPARE_PAIR slot=0
[VND] PREPARE_PAIR slot=0
[VND] TX_SKIP busy/inflight tag=ADC0-ASY2
[VND] PREPARE_PAIR slot=0
[VND] PREPARE_PAIR slot=0
[VND] TX_SKIP busy/inflight tag=ADC0-ASY2
[VND] PREPARE_PAIR slot=0
[VND] PREPARE_PAIR slot=0
[VND] TX_SKIP busy/inflight tag=ADC0-ASY2
[VND] PREPARE_PAIR slot=0
[VND] PREPARE_PAIR slot=0
[VND] TX_SKIP busy/inflight tag=ADC0-ASY2
[VND] PREPARE_PAIR slot=0
[VND] PREPARE_PAIR slot=0
[VND] TX_SKIP busy/inflight tag=ADC0-ASY2
[VND] PREPARE_PAIR slot=0
[VND] PREPARE_PAIR slot=0
[VND] TX_SKIP busy/inflight tag=ADC0-ASY2
[VND] PREPARE_PAIR slot=0
[VND] PREPARE_PAIR slot=0
[VND] TX_SKIP busy/inflight tag=ADC0-ASY2
[VND] PREPARE_PAIR slot=0
[VND] PREPARE_PAIR slot=0
[VND] TX_SKIP busy/inflight tag=ADC0-ASY2
[VND] PREPARE_PAIR slot=0
[VND] PREPARE_PAIR slot=0
[VND] TX_SKIP busy/inflight tag=ADC0-ASY2
[VND] PREPARE_PAIR slot=0
[VND] PREPARE_PAIR slot=0
[VND] TX_SKIP busy/inflight tag=ADC0-ASY2
[VND] PREPARE_PAIR slot=0
[VND] PREPARE_PAIR slot=0
[VND] TX_SKIP busy/inflight tag=ADC0-ASY2
[VND] PREPARE_PAIR slot=0
[VND] PREPARE_PAIR slot=0
[VND] TX_SKIP busy/inflight tag=ADC0-ASY2
[VND] PREPARE_PAIR slot=0
[VND] PREPARE_PAIR slot=0
[VND] TX_SKIP busy/inflight tag=ADC0-ASY2
[VND] PREPARE_PAIR slot=0
[VND] PREPARE_PAIR slot=0
[VND] TX_SKIP busy/inflight tag=ADC0-ASY2
[VND] PREPARE_PAIR slot=0
[VND] PREPARE_PAIR slot=0
[VND] TX_SKIP busy/inflight tag=ADC0-ASY2
[VND] PREPARE_PAIR slot=0
[VND] PREPARE_PAIR slot=0
[VND] TX_SKIP busy/inflight tag=ADC0-ASY2
[VND] PREPARE_PAIR slot=0
[VND] PREPARE_PAIR slot=0
[VND] TX_SKIP busy/inflight tag=ADC0-ASY2
[VND] PREPARE_PAIR slot=0
[VND] PREPARE_PAIR slot=0
[VND] TX_SKIP busy/inflight tag=ADC0-ASY2
[VND] PREPARE_PAIR slot=0
[VND] PREPARE_PAIR slot=0
[VND] TX_SKIP busy/inflight tag=ADC0-ASY2
[VND] PREPARE_PAIR slot=0
[VND] PREPARE_PAIR slot=0
[VND] TX_SKIP busy/inflight tag=ADC0-ASY2
[VND] PREPARE_PAIR slot=0
[VND] PREPARE_PAIR slot=0
[VND] TX_SKIP busy/inflight tag=ADC0-ASY2
[VND] PREPARE_PAIR slot=0
[VND] PREPARE_PAIR slot=0
[VND] TX_SKIP busy/inflight tag=ADC0-ASY2
[VND] PREPARE_PAIR slot=0
[VND] PREPARE_PAIR slot=0
[VND] TX_SKIP busy/inflight tag=ADC0-ASY2
[VND] PREPARE_PAIR slot=0
[VND] PREPARE_PAIR slot=0
[VND] TX_SKIP busy/inflight tag=ADC0-ASY2
[VND] PREPARE_PAIR slot=0
[VND] PREPARE_PAIR slot=0
[VND] TX_SKIP busy/inflight tag=ADC0-ASY2
[VND] PREPARE_PAIR slot=0
[VND] PREPARE_PAIR slot=0
[VND] TX_SKIP busy/inflight tag=ADC0-ASY2
[VND] PREPARE_PAIR slot=0
[VND] PREPARE_PAIR slot=0
[VND] TX_SKIP busy/inflight tag=ADC0-ASY2
[VND] PREPARE_PAIR slot=0
[VND] PREPARE_PAIR slot=0
[VND] TX_SKIP busy/inflight tag=ADC0-ASY2
[VND] PREPARE_PAIR slot=0
[VND] PREPARE_PAIR slot=0
[VND] TX_SKIP busy/inflight tag=ADC0-ASY2
[VND] PREPARE_PAIR slot=0
[VND] PREPARE_PAIR slot=0
[VND] TX_SKIP busy/inflight tag=ADC0-ASY2
[VND] PREPARE_PAIR slot=0
[VND] PREPARE_PAIR slot=0
[VND] TX_SKIP busy/inflight tag=ADC0-ASY2
[VND] PREPARE_PAIR slot=0
[VND] PREPARE_PAIR slot=0
[VND] TX_SKIP busy/inflight tag=ADC0-ASY2
[VND] PREPARE_PAIR slot=0
[VND] PREPARE_PAIR slot=0
[VND] TX_SKIP busy/inflight tag=ADC0-ASY2
[VND] PREPARE_PAIR slot=0
[VND] PREPARE_PAIR slot=0
[VND] TX_SKIP busy/inflight tag=ADC0-ASY2
[VND] PREPARE_PAIR slot=0
[VND] PREPARE_PAIR slot=0
[VND] TX_SKIP busy/inflight tag=ADC0-ASY2
[VND] PREPARE_PAIR slot=0
[VND] PREPARE_PAIR slot=0
[VND] TX_SKIP busy/inflight tag=ADC0-ASY2
[VND] PREPARE_PAIR slot=0
[VND] PREPARE_PAIR slot=0
[VND] TX_SKIP busy/inflight tag=ADC0-ASY2
[VND] PREPARE_PAIR slot=0
[VND] PREPARE_PAIR slot=0
[VND] TX_SKIP busy/inflight tag=ADC0-ASY2
[VND] PREPARE_PAIR slot=0
[VND] PREPARE_PAIR slot=0
[VND] TX_SKIP busy/inflight tag=ADC0-ASY2
[VND] PREPARE_PAIR slot=0
[VND] PREPARE_PAIR slot=0
[VND] TX_SKIP busy/inflight tag=ADC0-ASY2
[VND] PREPARE_PAIR slot=0
[VND] PREPARE_PAIR slot=0
[VND] TX_SKIP busy/inflight tag=ADC0-ASY2
[VND] PREPARE_PAIR slot=0
[VND] PREPARE_PAIR slot=0
[VND] TX_SKIP busy/inflight tag=ADC0-ASY2
[VND] PREPARE_PAIR slot=0
[VND] PREPARE_PAIR slot=0
[VND] TX_SKIP busy/inflight tag=ADC0-ASY2
[VND] PREPARE_PAIR slot=0
[VND] PREPARE_PAIR slot=0
[VND] TX_SKIP busy/inflight tag=ADC0-ASY2
[VND] PREPARE_PAIR slot=0
[VND] PREPARE_PAIR slot=0
[VND] TX_SKIP busy/inflight tag=ADC0-ASY2
[VND] PREPARE_PAIR slot=0
[VND] PREPARE_PAIR slot=0
[VND] TX_SKIP busy/inflight tag=ADC0-ASY2
[VND] PREPARE_PAIR slot=0
[VND] PREPARE_PAIR slot=0
[VND] TX_SKIP busy/inflight tag=ADC0-ASY2
[VND] PREPARE_PAIR slot=0
[VND] PREPARE_PAIR slot=0
[VND] TX_SKIP busy/inflight tag=ADC0-ASY2
[VND] PREPARE_PAIR slot=0
[VND] PREPARE_PAIR slot=0
[VND] TX_SKIP busy/inflight tag=ADC0-ASY2
[VND] PREPARE_PAIR slot=0
[VND] PREPARE_PAIR slot=0
[VND] TX_SKIP busy/inflight tag=ADC0-ASY2
[VND] PREPARE_PAIR slot=0
[VND] PREPARE_PAIR slot=0
[VND] TX_SKIP busy/inflight tag=ADC0-ASY2
[VND] PREPARE_PAIR slot=0
[VND] PREPARE_PAIR slot=0
[VND] TX_SKIP busy/inflight tag=ADC0-ASY2
[VND] PREPARE_PAIR slot=0
[VND] PREPARE_PAIR slot=0
[VND] TX_SKIP busy/inflight tag=ADC0-ASY2
[VND] PREPARE_PAIR slot=0
[VND] PREPARE_PAIR slot=0
[VND] TX_SKIP busy/inflight tag=ADC0-ASY2
[VND] PREPARE_PAIR slot=0
[VND] PREPARE_PAIR slot=0
[VND] TX_SKIP busy/inflight tag=ADC0-ASY2
[VND] PREPARE_PAIR slot=0
[VND] PREPARE_PAIR slot=0
[VND] TX_SKIP busy/inflight tag=ADC0-ASY2
[VND] PREPARE_PAIR slot=0
[VND] PREPARE_PAIR slot=0
[VND] TX_SKIP busy/inflight tag=ADC0-ASY2
[VND] PREPARE_PAIR slot=0
[VND] PREPARE_PAIR slot=0
[VND] TX_SKIP busy/inflight tag=ADC0-ASY2
[VND] PREPARE_PAIR slot=0
[VND] PREPARE_PAIR slot=0
[VND] TX_SKIP busy/inflight tag=ADC0-ASY2
[VND] PREPARE_PAIR slot=0
[VND] PREPARE_PAIR slot=0
[VND] TX_SKIP busy/inflight tag=ADC0-ASY2
[VND] PREPARE_PAIR slot=0
[VND] PREPARE_PAIR slot=0
[VND] TX_SKIP busy/inflight tag=ADC0-ASY2
[VND] PREPARE_PAIR slot=0
[VND] PREPARE_PAIR slot=0
[VND] TX_SKIP busy/inflight tag=ADC0-ASY2
[VND] PREPARE_PAIR slot=0
[VND] PREPARE_PAIR slot=0
[VND] TX_SKIP busy/inflight tag=ADC0-ASY2
[VND] PREPARE_PAIR slot=0
[VND] PREPARE_PAIR slot=0
[VND] TX_SKIP busy/inflight tag=ADC0-ASY2
[VND] PREPARE_PAIR slot=0
[VND] PREPARE_PAIR slot=0
[VND] TX_SKIP busy/inflight tag=ADC0-ASY2
[VND] PREPARE_PAIR slot=0
[VND] PREPARE_PAIR slot=0
[VND] TX_SKIP busy/inflight tag=ADC0-ASY2
[VND] PREPARE_PAIR slot=0
[VND] PREPARE_PAIR slot=0
[VND] TX_SKIP busy/inflight tag=ADC0-ASY2
[VND] PREPARE_PAIR slot=0
[VND] PREPARE_PAIR slot=0
[VND] TX_SKIP busy/inflight tag=ADC0-ASY2
[VND] PREPARE_PAIR slot=0
[VND] PREPARE_PAIR slot=0
[VND] TX_SKIP busy/inflight tag=ADC0-ASY2
[VND] PREPARE_PAIR slot=0
[VND] PREPARE_PAIR slot=0
[VND] TX_SKIP busy/inflight tag=ADC0-ASY2
[VND] PREPARE_PAIR slot=0
[VND] PREPARE_PAIR slot=0
[VND] TX_SKIP busy/inflight tag=ADC0-ASY2
[VND] PREPARE_PAIR slot=0
[VND] PREPARE_PAIR slot=0
[VND] TX_SKIP busy/inflight tag=ADC0-ASY2
[VND] PREPARE_PAIR slot=0
[VND] PREPARE_PAIR slot=0
[VND] TX_SKIP busy/inflight tag=ADC0-ASY2
[VND] PREPARE_PAIR slot=0
[VND] PREPARE_PAIR slot=0
[VND] TX_SKIP busy/inflight tag=ADC0-ASY2
[VND] PREPARE_PAIR slot=0
[VND] PREPARE_PAIR slot=0
[VND] TX_SKIP busy/inflight tag=ADC0-ASY2
[VND] PREPARE_PAIR slot=0
[VND] PREPARE_PAIR slot=0
[VND] TX_SKIP busy/inflight tag=ADC0-ASY2
[VND] PREPARE_PAIR slot=0
[VND] PREPARE_PAIR slot=0
[VND] TX_SKIP busy/inflight tag=ADC0-ASY2
[VND] PREPARE_PAIR slot=0
[VND] PREPARE_PAIR slot=0
[VND] TX_SKIP busy/inflight tag=ADC0-ASY2
[VND] PREPARE_PAIR slot=0
[VND] PREPARE_PAIR slot=0
[VND] TX_SKIP busy/inflight tag=ADC0-ASY2
[VND] PREPARE_PAIR slot=0
[VND] PREPARE_PAIR slot=0
[VND] TX_SKIP busy/inflight tag=ADC0-ASY2
[VND] PREPARE_PAIR slot=0
[VND] PREPARE_PAIR slot=0
[VND] TX_SKIP busy/inflight tag=ADC0-ASY2
[VND] PREPARE_PAIR slot=0
[VND] PREPARE_PAIR slot=0
[VND] TX_SKIP busy/inflight tag=ADC0-ASY2
[VND] PREPARE_PAIR slot=0
[VND] PREPARE_PAIR slot=0
[VND] TX_SKIP busy/inflight tag=ADC0-ASY2
[VND] PREPARE_PAIR slot=0
[VND] PREPARE_PAIR slot=0
[VND] TX_SKIP busy/inflight tag=ADC0-ASY2
[VND] PREPARE_PAIR slot=0
[VND] PREPARE_PAIR slot=0
[VND] TX_SKIP busy/inflight tag=ADC0-ASY2
[VND] PREPARE_PAIR slot=0
[VND] PREPARE_PAIR slot=0
[VND] TX_SKIP busy/inflight tag=ADC0-ASY2
[VND] PREPARE_PAIR slot=0
[VND] PREPARE_PAIR slot=0
[VND] TX_SKIP busy/inflight tag=ADC0-ASY2
[VND] PREPARE_PAIR slot=0
[VND] PREPARE_PAIR slot=0
[VND] TX_SKIP busy/inflight tag=ADC0-ASY2
[VND] PREPARE_PAIR slot=0
[VND] PREPARE_PAIR slot=0
[VND] TX_SKIP busy/inflight tag=ADC0-ASY2
[VND] PREPARE_PAIR slot=0
[VND] PREPARE_PAIR slot=0
[VND] TX_SKIP busy/inflight tag=ADC0-ASY2
[VND] PREPARE_PAIR slot=0
[VND] PREPARE_PAIR slot=0
[VND] TX_SKIP busy/inflight tag=ADC0-ASY2
[VND] PREPARE_PAIR slot=0
[VND] PREPARE_PAIR slot=0
[VND] TX_SKIP busy/inflight tag=ADC0-ASY2
[VND] PREPARE_PAIR slot=0
[VND] PREPARE_PAIR slot=0
[VND] TX_SKIP busy/inflight tag=ADC0-ASY2
[VND] PREPARE_PAIR slot=0
[VND] PREPARE_PAIR slot=0
[VND] TX_SKIP busy/inflight tag=ADC0-ASY2
[VND] PREPARE_PAIR slot=0
[VND] PREPARE_PAIR slot=0
[VND] TX_SKIP busy/inflight tag=ADC0-ASY2
[VND] PREPARE_PAIR slot=0
[VND] PREPARE_PAIR slot=0
[VND] TX_SKIP busy/inflight tag=ADC0-ASY2
[VND] PREPARE_PAIR slot=0
[VND] PREPARE_PAIR slot=0
[VND] TX_SKIP busy/inflight tag=ADC0-ASY2
[VND] PREPARE_PAIR slot=0
[VND] PREPARE_PAIR slot=0
[VND] TX_SKIP busy/inflight tag=ADC0-ASY2
[VND] PREPARE_PAIR slot=0
[VND] PREPARE_PAIR slot=0
[VND] TX_SKIP busy/inflight tag=ADC0-ASY2
[VND] PREPARE_PAIR slot=0
[VND] PREPARE_PAIR slot=0
[VND] TX_SKIP busy/inflight tag=ADC0-ASY2
[VND] PREPARE_PAIR slot=0
[VND] PREPARE_PAIR slot=0
[VND] TX_SKIP busy/inflight tag=ADC0-ASY2
[VND] PREPARE_PAIR slot=0
[VND] PREPARE_PAIR slot=0
[VND] TX_SKIP busy/inflight tag=ADC0-ASY2
[VND] PREPARE_PAIR slot=0
[VND] PREPARE_PAIR slot=0
[VND] TX_SKIP busy/inflight tag=ADC0-ASY2
[VND] PREPARE_PAIR slot=0
[VND] PREPARE_PAIR slot=0
[VND] TX_SKIP busy/inflight tag=ADC0-ASY2
[VND] PREPARE_PAIR slot=0
[VND] PREPARE_PAIR slot=0
[VND] TX_SKIP busy/inflight tag=ADC0-ASY2
[VND] PREPARE_PAIR slot=0
[VND] PREPARE_PAIR slot=0
[VND] TX_SKIP busy/inflight tag=ADC0-ASY2
[VND] PREPARE_PAIR slot=0
[VND] PREPARE_PAIR slot=0
[VND] TX_SKIP busy/inflight tag=ADC0-ASY2
[VND] PREPARE_PAIR slot=0
[VND] PREPARE_PAIR slot=0
[VND] TX_SKIP busy/inflight tag=ADC0-ASY2
[VND] PREPARE_PAIR slot=0
[VND] PREPARE_PAIR slot=0
[VND] TX_SKIP busy/inflight tag=ADC0-ASY2
[VND] PREPARE_PAIR slot=0
[VND] PREPARE_PAIR slot=0
[VND] TX_SKIP busy/inflight tag=ADC0-ASY2
[VND] PREPARE_PAIR slot=0
[VND] PREPARE_PAIR slot=0
[VND] TX_SKIP busy/inflight tag=ADC0-ASY2
[VND] PREPARE_PAIR slot=0
[VND] PREPARE_PAIR slot=0
[VND] TX_SKIP busy/inflight tag=ADC0-ASY2
[VND] PREPARE_PAIR slot=0
[VND] PREPARE_PAIR slot=0
[VND] TX_SKIP busy/inflight tag=ADC0-ASY2
[VND] PREPARE_PAIR slot=0
[VND] PREPARE_PAIR slot=0
[VND] TX_SKIP busy/inflight tag=ADC0-ASY2
[VND] PREPARE_PAIR slot=0
[VND] PREPARE_PAIR slot=0
[VND] TX_SKIP busy/inflight tag=ADC0-ASY2
[VND] PREPARE_PAIR slot=0
[VND] PREPARE_PAIR slot=0
[VND] TX_SKIP busy/inflight tag=ADC0-ASY2
[VND] PREPARE_PAIR slot=0
[VND] PREPARE_PAIR slot=0
[VND] TX_SKIP busy/inflight tag=ADC0-ASY2
[VND] PREPARE_PAIR slot=0
[VND] PREPARE_PAIR slot=0
[VND] TX_SKIP busy/inflight tag=ADC0-ASY2
[VND] PREPARE_PAIR slot=0
[VND] PREPARE_PAIR slot=0
[VND] TX_SKIP busy/inflight tag=ADC0-ASY2
[VND] PREPARE_PAIR slot=0
[VND] PREPARE_PAIR slot=0
[VND] TX_SKIP busy/inflight tag=ADC0-ASY2
[VND] PREPARE_PAIR slot=0
[VND] PREPARE_PAIR slot=0
[VND] TX_SKIP busy/inflight tag=ADC0-ASY2
[VND] PREPARE_PAIR slot=0
[VND] PREPARE_PAIR slot=0
[VND] TX_SKIP busy/inflight tag=ADC0-ASY2
[VND] PREPARE_PAIR slot=0
[VND] PREPARE_PAIR slot=0
[VND] TX_SKIP busy/inflight tag=ADC0-ASY2
[VND] PREPARE_PAIR slot=0
[VND] PREPARE_PAIR slot=0
[VND] TX_SKIP busy/inflight tag=ADC0-ASY2
[VND] PREPARE_PAIR slot=0
[VND] PREPARE_PAIR slot=0
[VND] TX_SKIP busy/inflight tag=ADC0-ASY2
[VND] PREPARE_PAIR slot=0
[VND] PREPARE_PAIR slot=0
[VND] TX_SKIP busy/inflight tag=ADC0-ASY2
[VND] PREPARE_PAIR slot=0
[VND] PREPARE_PAIR slot=0
[VND] TX_SKIP busy/inflight tag=ADC0-ASY2
[VND] PREPARE_PAIR slot=0
[VND] PREPARE_PAIR slot=0
[VND] TX_SKIP busy/inflight tag=ADC0-ASY2
[VND] PREPARE_PAIR slot=0
[VND] PREPARE_PAIR slot=0
[VND] TX_SKIP busy/inflight tag=ADC0-ASY2
[VND] PREPARE_PAIR slot=0
[VND] PREPARE_PAIR slot=0
[VND] TX_SKIP busy/inflight tag=ADC0-ASY2
[VND] PREPARE_PAIR slot=0
[VND] PREPARE_PAIR slot=0
[VND] TX_SKIP busy/inflight tag=ADC0-ASY2
[VND] PREPARE_PAIR slot=0
[VND] PREPARE_PAIR slot=0
[VND] TX_SKIP busy/inflight tag=ADC0-ASY2
[VND] PREPARE_PAIR slot=0
[VND] PREPARE_PAIR slot=0
[VND] TX_SKIP busy/inflight tag=ADC0-ASY2
[VND] PREPARE_PAIR slot=0
[VND] PREPARE_PAIR slot=0
[VND] TX_SKIP busy/inflight tag=ADC0-ASY2
[VND] PREPARE_PAIR slot=0
[VND] PREPARE_PAIR slot=0
[VND] TX_SKIP busy/inflight tag=ADC0-ASY2
[VND] PREPARE_PAIR slot=0
[VND] PREPARE_PAIR slot=0
[VND] TX_SKIP busy/inflight tag=ADC0-ASY2
[VND] PREPARE_PAIR slot=0
[VND] PREPARE_PAIR slot=0
[VND] TX_SKIP busy/inflight tag=ADC0-ASY2
[VND] PREPARE_PAIR slot=0
[VND] PREPARE_PAIR slot=0
[VND] TX_SKIP busy/inflight tag=ADC0-ASY2
[VND] PREPARE_PAIR slot=0
[VND] PREPARE_PAIR slot=0
[VND] TX_SKIP busy/inflight tag=ADC0-ASY2
[VND] PREPARE_PAIR slot=0
[VND] PREPARE_PAIR slot=0
[VND] TX_SKIP busy/inflight tag=ADC0-ASY2
[VND] PREPARE_PAIR slot=0
[VND] PREPARE_PAIR slot=0
[VND] TX_SKIP busy/inflight tag=ADC0-ASY2
[VND] PREPARE_PAIR slot=0
[VND] PREPARE_PAIR slot=0
[VND] TX_SKIP busy/inflight tag=ADC0-ASY2
[VND] PREPARE_PAIR slot=0
[VND] PREPARE_PAIR slot=0
[VND] TX_SKIP busy/inflight tag=ADC0-ASY2
[VND] PREPARE_PAIR slot=0
[VND] PREPARE_PAIR slot=0
[VND] TX_SKIP busy/inflight tag=ADC0-ASY2
[VND] PREPARE_PAIR slot=0
[VND] PREPARE_PAIR slot=0
[VND] TX_SKIP busy/inflight tag=ADC0-ASY2
[VND] PREPARE_PAIR slot=0
[VND] PREPARE_PAIR slot=0
[VND] TX_SKIP busy/inflight tag=ADC0-ASY2
[VND] PREPARE_PAIR slot=0
[VND] PREPARE_PAIR slot=0
[VND] TX_SKIP busy/inflight tag=ADC0-ASY2
[VND] PREPARE_PAIR slot=0
[VND] PREPARE_PAIR slot=0
[VND] TX_SKIP busy/inflight tag=ADC0-ASY2
[VND] PREPARE_PAIR slot=0
[VND] PREPARE_PAIR slot=0
[VND] TX_SKIP busy/inflight tag=ADC0-ASY2
[VND] PREPARE_PAIR slot=0
[VND] PREPARE_PAIR slot=0
[VND] TX_SKIP busy/inflight tag=ADC0-ASY2
[VND] PREPARE_PAIR slot=0
[VND] PREPARE_PAIR slot=0
[VND] TX_SKIP busy/inflight tag=ADC0-ASY2
[VND] PREPARE_PAIR slot=0
[VND] PREPARE_PAIR slot=0
[VND] TX_SKIP busy/inflight tag=ADC0-ASY2
[VND] PREPARE_PAIR slot=0
[VND] PREPARE_PAIR slot=0
[VND] TX_SKIP busy/inflight tag=ADC0-ASY2
[VND] PREPARE_PAIR slot=0
[VND] PREPARE_PAIR slot=0
[VND] TX_SKIP busy/inflight tag=ADC0-ASY2
[VND] PREPARE_PAIR slot=0
[VND] PREPARE_PAIR slot=0
[VND] TX_SKIP busy/inflight tag=ADC0-ASY2
[VND] PREPARE_PAIR slot=0
[VND] PREPARE_PAIR slot=0
[VND] TX_SKIP busy/inflight tag=ADC0-ASY2
[VND] PREPARE_PAIR slot=0
[VND] PREPARE_PAIR slot=0
[VND] TX_SKIP busy/inflight tag=ADC0-ASY2
[VND] PREPARE_PAIR slot=0
[VND] PREPARE_PAIR slot=0
[VND] TX_SKIP busy/inflight tag=ADC0-ASY2
[VND] PREPARE_PAIR slot=0
[VND] PREPARE_PAIR slot=0
[VND] TX_SKIP busy/inflight tag=ADC0-ASY2
[VND] PREPARE_PAIR slot=0
[VND] PREPARE_PAIR slot=0
[VND] TX_SKIP busy/inflight tag=ADC0-ASY2
[VND] PREPARE_PAIR slot=0
[VND] PREPARE_PAIR slot=0
[VND] TX_SKIP busy/inflight tag=ADC0-ASY2
[VND] PREPARE_PAIR slot=0
[VND] PREPARE_PAIR slot=0
[VND] TX_SKIP busy/inflight tag=ADC0-ASY2
[VND] PREPARE_PAIR slot=0
[VND] PREPARE_PAIR slot=0
[VND] TX_SKIP busy/inflight tag=ADC0-ASY2
[VND] PREPARE_PAIR slot=0
[VND] PREPARE_PAIR slot=0
[VND] TX_SKIP busy/inflight tag=ADC0-ASY2
[VND] PREPARE_PAIR slot=0
[VND] PREPARE_PAIR slot=0
[VND] TX_SKIP busy/inflight tag=ADC0-ASY2
[VND] PREPARE_PAIR slot=0
[VND] PREPARE_PAIR slot=0
[VND] TX_SKIP busy/inflight tag=ADC0-ASY2
[VND] PREPARE_PAIR slot=0
[VND] PREPARE_PAIR slot=0
[VND] TX_SKIP busy/inflight tag=ADC0-ASY2
[VND] PREPARE_PAIR slot=0
[VND] PREPARE_PAIR slot=0
[VND] TX_SKIP busy/inflight tag=ADC0-ASY2
[VND] PREPARE_PAIR slot=0
[VND] PREPARE_PAIR slot=0
[VND] TX_SKIP busy/inflight tag=ADC0-ASY2
[VND] PREPARE_PAIR slot=0
[VND] PREPARE_PAIR slot=0
[VND] TX_SKIP busy/inflight tag=ADC0-ASY2
[VND] PREPARE_PAIR slot=0
[VND] PREPARE_PAIR slot=0
[VND] TX_SKIP busy/inflight tag=ADC0-ASY2
[VND] PREPARE_PAIR slot=0
[VND] PREPARE_PAIR slot=0
[VND] TX_SKIP busy/inflight tag=ADC0-ASY2
[VND] PREPARE_PAIR slot=0
[VND] PREPARE_PAIR slot=0
[VND] TX_SKIP busy/inflight tag=ADC0-ASY2
[VND] PREPARE_PAIR slot=0
[VND] PREPARE_PAIR slot=0
[VND] TX_SKIP busy/inflight tag=ADC0-ASY2
[VND] PREPARE_PAIR slot=0
[VND] PREPARE_PAIR slot=0
[VND] TX_SKIP busy/inflight tag=ADC0-ASY2
[VND] PREPARE_PAIR slot=0
[VND] PREPARE_PAIR slot=0
[VND] TX_SKIP busy/inflight tag=ADC0-ASY2
[VND] PREPARE_PAIR slot=0
[VND] PREPARE_PAIR slot=0
[VND] TX_SKIP busy/inflight tag=ADC0-ASY2
[VND] PREPARE_PAIR slot=0
[VND] PREPARE_PAIR slot=0
[VND] TX_SKIP busy/inflight tag=ADC0-ASY2
[VND] PREPARE_PAIR slot=0
[VND] PREPARE_PAIR slot=0
[VND] TX_SKIP busy/inflight tag=ADC0-ASY2
[VND] PREPARE_PAIR slot=0
[VND] PREPARE_PAIR slot=0
[VND] TX_SKIP busy/inflight tag=ADC0-ASY2
[VND] PREPARE_PAIR slot=0
[VND] PREPARE_PAIR slot=0
[VND] TX_SKIP busy/inflight tag=ADC0-ASY2
[VND] PREPARE_PAIR slot=0
[VND] PREPARE_PAIR slot=0
[VND] TX_SKIP busy/inflight tag=ADC0-ASY2
[VND] PREPARE_PAIR slot=0
[VND] PREPARE_PAIR slot=0
[VND] TX_SKIP busy/inflight tag=ADC0-ASY2
[VND] PREPARE_PAIR slot=0
[VND] PREPARE_PAIR slot=0
[VND] TX_SKIP busy/inflight tag=ADC0-ASY2
[VND] PREPARE_PAIR slot=0
[VND] PREPARE_PAIR slot=0
[VND] TX_SKIP busy/inflight tag=ADC0-ASY2
[VND] PREPARE_PAIR slot=0
[VND] PREPARE_PAIR slot=0
[VND] TX_SKIP busy/inflight tag=ADC0-ASY2
[VND] PREPARE_PAIR slot=0
[VND] PREPARE_PAIR slot=0
[VND] TX_SKIP busy/inflight tag=ADC0-ASY2
[VND] PREPARE_PAIR slot=0
[VND] PREPARE_PAIR slot=0
[VND] TX_SKIP busy/inflight tag=ADC0-ASY2
[VND] PREPARE_PAIR slot=0
[VND] PREPARE_PAIR slot=0
[VND] TX_SKIP busy/inflight tag=ADC0-ASY2
[VND] PREPARE_PAIR slot=0
[VND] PREPARE_PAIR slot=0
[VND] TX_SKIP busy/inflight tag=ADC0-ASY2
[VND] PREPARE_PAIR slot=0
[VND] PREPARE_PAIR slot=0
[VND] TX_SKIP busy/inflight tag=ADC0-ASY2
[VND] PREPARE_PAIR slot=0
[VND] PREPARE_PAIR slot=0
[VND] TX_SKIP busy/inflight tag=ADC0-ASY2
[VND] PREPARE_PAIR slot=0
[VND] PREPARE_PAIR slot=0
[VND] TX_SKIP busy/inflight tag=ADC0-ASY2
[VND] PREPARE_PAIR slot=0
[VND] PREPARE_PAIR slot=0
[VND] TX_SKIP busy/inflight tag=ADC0-ASY2
[VND] PREPARE_PAIR slot=0
[VND] PREPARE_PAIR slot=0
[VND] TX_SKIP busy/inflight tag=ADC0-ASY2
[VND] PREPARE_PAIR slot=0
[VND] PREPARE_PAIR slot=0
[VND] TX_SKIP busy/inflight tag=ADC0-ASY2
[VND] PREPARE_PAIR slot=0
[VND] PREPARE_PAIR slot=0
[VND] TX_SKIP busy/inflight tag=ADC0-ASY2
[VND] PREPARE_PAIR slot=0
[VND] PREPARE_PAIR slot=0
[VND] TX_SKIP busy/inflight tag=ADC0-ASY2
[VND] PREPARE_PAIR slot=0
[VND] PREPARE_PAIR slot=0
[VND] TX_SKIP busy/inflight tag=ADC0-ASY2
[VND] PREPARE_PAIR slot=0
[VND] PREPARE_PAIR slot=0
[VND] TX_SKIP busy/inflight tag=ADC0-ASY2
[VND] PREPARE_PAIR slot=0
[VND] PREPARE_PAIR slot=0
[VND] TX_SKIP busy/inflight tag=ADC0-ASY2
[VND] PREPARE_PAIR slot=0
[VND] PREPARE_PAIR slot=0
[VND] TX_SKIP busy/inflight tag=ADC0-ASY2
[VND] PREPARE_PAIR slot=0
[VND] PREPARE_PAIR slot=0
[VND] TX_SKIP busy/inflight tag=ADC0-ASY2
[VND] PREPARE_PAIR slot=0
[VND] PREPARE_PAIR slot=0
[VND] TX_SKIP busy/inflight tag=ADC0-ASY2
[VND] PREPARE_PAIR slot=0
[VND] PREPARE_PAIR slot=0
[VND] TX_SKIP busy/inflight tag=ADC0-ASY2
[VND] PREPARE_PAIR slot=0
[VND] PREPARE_PAIR slot=0
[VND] TX_SKIP busy/inflight tag=ADC0-ASY2
[VND] PREPARE_PAIR slot=0
[VND] PREPARE_PAIR slot=0
[VND] TX_SKIP busy/inflight tag=ADC0-ASY2
[VND] PREPARE_PAIR slot=0
[VND] PREPARE_PAIR slot=0
[VND] TX_SKIP busy/inflight tag=ADC0-ASY2
[VND] PREPARE_PAIR slot=0
[VND] PREPARE_PAIR slot=0
[VND] TX_SKIP busy/inflight tag=ADC0-ASY2
[VND] PREPARE_PAIR slot=0
[VND] PREPARE_PAIR slot=0
[VND] TX_SKIP busy/inflight tag=ADC0-ASY2
[VND] PREPARE_PAIR slot=0
[VND] PREPARE_PAIR slot=0
[VND] TX_SKIP busy/inflight tag=ADC0-ASY2
[VND] PREPARE_PAIR slot=0
[VND] PREPARE_PAIR slot=0
[VND] TX_SKIP busy/inflight tag=ADC0-ASY2
[VND] PREPARE_PAIR slot=0
[VND] PREPARE_PAIR slot=0
[VND] TX_SKIP busy/inflight tag=ADC0-ASY2
[VND] PREPARE_PAIR slot=0
[VND] PREPARE_PAIR slot=0
[VND] TX_SKIP busy/inflight tag=ADC0-ASY2
[VND] PREPARE_PAIR slot=0
[VND] PREPARE_PAIR slot=0
[VND] TX_SKIP busy/inflight tag=ADC0-ASY2
[VND] PREPARE_PAIR slot=0
[VND] PREPARE_PAIR slot=0
[VND] TX_SKIP busy/inflight tag=ADC0-ASY2
[VND] PREPARE_PAIR slot=0
[VND] PREPARE_PAIR slot=0
[VND] TX_SKIP busy/inflight tag=ADC0-ASY2
[VND] PREPARE_PAIR slot=0
[VND] PREPARE_PAIR slot=0
[VND] TX_SKIP busy/inflight tag=ADC0-ASY2
[VND] PREPARE_PAIR slot=0
[VND] PREPARE_PAIR slot=0
[VND] TX_SKIP busy/inflight tag=ADC0-ASY2
[VND] PREPARE_PAIR slot=0
[VND] PREPARE_PAIR slot=0
[VND] TX_SKIP busy/inflight tag=ADC0-ASY2
[VND] PREPARE_PAIR slot=0
[VND] PREPARE_PAIR slot=0
[VND] TX_SKIP busy/inflight tag=ADC0-ASY2
[VND] PREPARE_PAIR slot=0
[VND] PREPARE_PAIR slot=0
[VND] TX_SKIP busy/inflight tag=ADC0-ASY2
[VND] PREPARE_PAIR slot=0
[VND] PREPARE_PAIR slot=0
[VND] TX_SKIP busy/inflight tag=ADC0-ASY2
[VND] PREPARE_PAIR slot=0
[VND] PREPARE_PAIR slot=0
[VND] TX_SKIP busy/inflight tag=ADC0-ASY2
[VND] PREPARE_PAIR slot=0
[VND] PREPARE_PAIR slot=0
[VND] TX_SKIP busy/inflight tag=ADC0-ASY2
[VND] PREPARE_PAIR slot=0
[VND] PREPARE_PAIR slot=0
[VND] TX_SKIP busy/inflight tag=ADC0-ASY2
[VND] PREPARE_PAIR slot=0
[VND] PREPARE_PAIR slot=0
[VND] TX_SKIP busy/inflight tag=ADC0-ASY2
[VND] PREPARE_PAIR slot=0
[VND] PREPARE_PAIR slot=0
[VND] TX_SKIP busy/inflight tag=ADC0-ASY2
[VND] PREPARE_PAIR slot=0
[VND] PREPARE_PAIR slot=0
[VND] TX_SKIP busy/inflight tag=ADC0-ASY2
[VND] PREPARE_PAIR slot=0
[VND] PREPARE_PAIR slot=0
[VND] TX_SKIP busy/inflight tag=ADC0-ASY2
[VND] PREPARE_PAIR slot=0
[VND] PREPARE_PAIR slot=0
[VND] TX_SKIP busy/inflight tag=ADC0-ASY2
[VND] PREPARE_PAIR slot=0
[VND] PREPARE_PAIR slot=0
[VND] TX_SKIP busy/inflight tag=ADC0-ASY2
[VND] PREPARE_PAIR slot=0
[VND] PREPARE_PAIR slot=0
[VND] TX_SKIP busy/inflight tag=ADC0-ASY2
[VND] PREPARE_PAIR slot=0
[VND] PREPARE_PAIR slot=0
[VND] TX_SKIP busy/inflight tag=ADC0-ASY2
[VND] PREPARE_PAIR slot=0
[VND] PREPARE_PAIR slot=0
[VND] TX_SKIP busy/inflight tag=ADC0-ASY2
[VND] PREPARE_PAIR slot=0
[VND] PREPARE_PAIR slot=0
[VND] TX_SKIP busy/inflight tag=ADC0-ASY2
[VND] PREPARE_PAIR slot=0
[VND] PREPARE_PAIR slot=0
[VND] TX_SKIP busy/inflight tag=ADC0-ASY2
[VND] PREPARE_PAIR slot=0
[VND] PREPARE_PAIR slot=0
[VND] TX_SKIP busy/inflight tag=ADC0-ASY2
[VND] PREPARE_PAIR slot=0
[VND] PREPARE_PAIR slot=0
[VND] TX_SKIP busy/inflight tag=ADC0-ASY2
[VND] PREPARE_PAIR slot=0
[VND] PREPARE_PAIR slot=0
[VND] TX_SKIP busy/inflight tag=ADC0-ASY2
[VND] PREPARE_PAIR slot=0
[VND] PREPARE_PAIR slot=0
[VND] TX_SKIP busy/inflight tag=ADC0-ASY2
[VND] PREPARE_PAIR slot=0
[VND] PREPARE_PAIR slot=0
[VND] TX_SKIP busy/inflight tag=ADC0-ASY2
[VND] PREPARE_PAIR slot=0
[VND] PREPARE_PAIR slot=0
[VND] TX_SKIP busy/inflight tag=ADC0-ASY2
[VND] PREPARE_PAIR slot=0
[VND] PREPARE_PAIR slot=0
[VND] TX_SKIP busy/inflight tag=ADC0-ASY2
[VND] PREPARE_PAIR slot=0
[VND] PREPARE_PAIR slot=0
[VND] TX_SKIP busy/inflight tag=ADC0-ASY2
[VND] PREPARE_PAIR slot=0
[VND] PREPARE_PAIR slot=0
[VND] TX_SKIP busy/inflight tag=ADC0-ASY2
[VND] PREPARE_PAIR slot=0
[VND] PREPARE_PAIR slot=0
[VND] TX_SKIP busy/inflight tag=ADC0-ASY2
[VND] PREPARE_PAIR slot=0
[VND] PREPARE_PAIR slot=0
[VND] TX_SKIP busy/inflight tag=ADC0-ASY2
[VND] PREPARE_PAIR slot=0
[VND] PREPARE_PAIR slot=0
[VND] TX_SKIP busy/inflight tag=ADC0-ASY2
[VND] PREPARE_PAIR slot=0
[VND] PREPARE_PAIR slot=0
[VND] TX_SKIP busy/inflight tag=ADC0-ASY2
[VND] PREPARE_PAIR slot=0
[VND] PREPARE_PAIR slot=0
[VND] TX_SKIP busy/inflight tag=ADC0-ASY2
[VND] PREPARE_PAIR slot=0
[VND] PREPARE_PAIR slot=0
[VND] TX_SKIP busy/inflight tag=ADC0-ASY2
[VND] PREPARE_PAIR slot=0
[VND] PREPARE_PAIR slot=0
[VND] TX_SKIP busy/inflight tag=ADC0-ASY2
[VND] PREPARE_PAIR slot=0
[VND] PREPARE_PAIR slot=0
[VND] TX_SKIP busy/inflight tag=ADC0-ASY2
[VND] PREPARE_PAIR slot=0
[VND] PREPARE_PAIR slot=0
[VND] TX_SKIP busy/inflight tag=ADC0-ASY2
[VND] PREPARE_PAIR slot=0
[VND] PREPARE_PAIR slot=0
[VND] TX_SKIP busy/inflight tag=ADC0-ASY2
[VND] PREPARE_PAIR slot=0
[VND] PREPARE_PAIR slot=0
[VND] TX_SKIP busy/inflight tag=ADC0-ASY2
[VND] PREPARE_PAIR slot=0
[VND] PREPARE_PAIR slot=0
[VND] TX_SKIP busy/inflight tag=ADC0-ASY2
[VND] PREPARE_PAIR slot=0
[VND] PREPARE_PAIR slot=0
[VND] TX_SKIP busy/inflight tag=ADC0-ASY2
[VND] PREPARE_PAIR slot=0
[VND] PREPARE_PAIR slot=0
[VND] TX_SKIP busy/inflight tag=ADC0-ASY2
[VND] PREPARE_PAIR slot=0
[VND] PREPARE_PAIR slot=0
[VND] TX_SKIP busy/inflight tag=ADC0-ASY2
[VND] PREPARE_PAIR slot=0
[VND] PREPARE_PAIR slot=0
[VND] TX_SKIP busy/inflight tag=ADC0-ASY2
[VND] PREPARE_PAIR slot=0
[VND] PREPARE_PAIR slot=0
[VND] TX_SKIP busy/inflight tag=ADC0-ASY2
[VND] PREPARE_PAIR slot=0
[VND] PREPARE_PAIR slot=0
[VND] TX_SKIP busy/inflight tag=ADC0-ASY2
[VND] PREPARE_PAIR slot=0
[VND] PREPARE_PAIR slot=0
[VND] TX_SKIP busy/inflight tag=ADC0-ASY2
[VND] PREPARE_PAIR slot=0
[VND] PREPARE_PAIR slot=0
[VND] TX_SKIP busy/inflight tag=ADC0-ASY2
[VND] PREPARE_PAIR slot=0
[VND] PREPARE_PAIR slot=0
[VND] TX_SKIP busy/inflight tag=ADC0-ASY2
[VND] PREPARE_PAIR slot=0
[VND] PREPARE_PAIR slot=0
[VND] TX_SKIP busy/inflight tag=ADC0-ASY2
[VND] PREPARE_PAIR slot=0
[VND] PREPARE_PAIR slot=0
[VND] TX_SKIP busy/inflight tag=ADC0-ASY2
[VND] PREPARE_PAIR slot=0
[VND] PREPARE_PAIR slot=0
[VND] TX_SKIP busy/inflight tag=ADC0-ASY2
[VND] PREPARE_PAIR slot=0
[VND] PREPARE_PAIR slot=0
[VND] TX_SKIP busy/inflight tag=ADC0-ASY2
[VND] PREPARE_PAIR slot=0
[VND] PREPARE_PAIR slot=0
[VND] TX_SKIP busy/inflight tag=ADC0-ASY2
[VND] PREPARE_PAIR slot=0
[VND] PREPARE_PAIR slot=0
[VND] TX_SKIP busy/inflight tag=ADC0-ASY2
[VND] PREPARE_PAIR slot=0
[VND] PREPARE_PAIR slot=0
[VND] TX_SKIP busy/inflight tag=ADC0-ASY2
[VND] PREPARE_PAIR slot=0
[VND] PREPARE_PAIR slot=0
[VND] TX_SKIP busy/inflight tag=ADC0-ASY2
[VND] PREPARE_PAIR slot=0
[VND] PREPARE_PAIR slot=0
[VND] TX_SKIP busy/inflight tag=ADC0-ASY2
[VND] PREPARE_PAIR slot=0
[VND] PREPARE_PAIR slot=0
[VND] TX_SKIP busy/inflight tag=ADC0-ASY2
[VND] PREPARE_PAIR slot=0
[VND] PREPARE_PAIR slot=0
[VND] TX_SKIP busy/inflight tag=ADC0-ASY2
[VND] PREPARE_PAIR slot=0
[VND] PREPARE_PAIR slot=0
[VND] TX_SKIP busy/inflight tag=ADC0-ASY2
[VND] PREPARE_PAIR slot=0
[VND] PREPARE_PAIR slot=0
[VND] TX_SKIP busy/inflight tag=ADC0-ASY2
[VND] PREPARE_PAIR slot=0
[VND] PREPARE_PAIR slot=0
[VND] TX_SKIP busy/inflight tag=ADC0-ASY2
[VND] PREPARE_PAIR slot=0
[VND] PREPARE_PAIR slot=0
[VND] TX_SKIP busy/inflight tag=ADC0-ASY2
[VND] PREPARE_PAIR slot=0
[VND] PREPARE_PAIR slot=0
[VND] TX_SKIP busy/inflight tag=ADC0-ASY2
[VND] PREPARE_PAIR slot=0
[VND] PREPARE_PAIR slot=0
[VND] TX_SKIP busy/inflight tag=ADC0-ASY2
[VND] PREPARE_PAIR slot=0
[VND] PREPARE_PAIR slot=0
[VND] TX_SKIP busy/inflight tag=ADC0-ASY2
[VND] PREPARE_PAIR slot=0
[VND] PREPARE_PAIR slot=0
[VND] TX_SKIP busy/inflight tag=ADC0-ASY2
[VND] PREPARE_PAIR slot=0
[VND] PREPARE_PAIR slot=0
[VND] TX_SKIP busy/inflight tag=ADC0-ASY2
[VND] PREPARE_PAIR slot=0
[VND] PREPARE_PAIR slot=0
[VND] TX_SKIP busy/inflight tag=ADC0-ASY2
[VND] PREPARE_PAIR slot=0
[VND] PREPARE_PAIR slot=0
[VND] TX_SKIP busy/inflight tag=ADC0-ASY2
[VND] PREPARE_PAIR slot=0
[VND] PREPARE_PAIR slot=0
[VND] TX_SKIP busy/inflight tag=ADC0-ASY2
[VND] PREPARE_PAIR slot=0
[VND] PREPARE_PAIR slot=0
[VND] TX_SKIP busy/inflight tag=ADC0-ASY2
[VND] PREPARE_PAIR slot=0
[VND] PREPARE_PAIR slot=0
[VND] TX_SKIP busy/inflight tag=ADC0-ASY2
[VND] PREPARE_PAIR slot=0
[VND] PREPARE_PAIR slot=0
[VND] TX_SKIP busy/inflight tag=ADC0-ASY2
[VND] PREPARE_PAIR slot=0
[VND] PREPARE_PAIR slot=0
[VND] TX_SKIP busy/inflight tag=ADC0-ASY2
[VND] PREPARE_PAIR slot=0
[VND] PREPARE_PAIR slot=0
[VND] TX_SKIP busy/inflight tag=ADC0-ASY2
[VND] PREPARE_PAIR slot=0
[VND] PREPARE_PAIR slot=0
[VND] TX_SKIP busy/inflight tag=ADC0-ASY2
[VND] PREPARE_PAIR slot=0
[VND] PREPARE_PAIR slot=0
[VND] TX_SKIP busy/inflight tag=ADC0-ASY2
[VND] PREPARE_PAIR slot=0
[VND] PREPARE_PAIR slot=0
[VND] TX_SKIP busy/inflight tag=ADC0-ASY2
[VND] PREPARE_PAIR slot=0
[VND] PREPARE_PAIR slot=0
[VND] TX_SKIP busy/inflight tag=ADC0-ASY2
[VND] PREPARE_PAIR slot=0
[VND] PREPARE_PAIR slot=0
[VND] TX_SKIP busy/inflight tag=ADC0-ASY2
[VND] PREPARE_PAIR slot=0
[VND] PREPARE_PAIR slot=0
[VND] TX_SKIP busy/inflight tag=ADC0-ASY2
[VND] PREPARE_PAIR slot=0
[VND] PREPARE_PAIR slot=0
[VND] TX_SKIP busy/inflight tag=ADC0-ASY2
[VND] PREPARE_PAIR slot=0
[VND] PREPARE_PAIR slot=0
[VND] TX_SKIP busy/inflight tag=ADC0-ASY2
[VND] PREPARE_PAIR slot=0
[VND] PREPARE_PAIR slot=0
[VND] TX_SKIP busy/inflight tag=ADC0-ASY2
[VND] PREPARE_PAIR slot=0
[VND] PREPARE_PAIR slot=0
[VND] TX_SKIP busy/inflight tag=ADC0-ASY2
[VND] PREPARE_PAIR slot=0
[VND] PREPARE_PAIR slot=0
[VND] TX_SKIP busy/inflight tag=ADC0-ASY2
[VND] PREPARE_PAIR slot=0
[VND] PREPARE_PAIR slot=0
[VND] TX_SKIP busy/inflight tag=ADC0-ASY2
[VND] PREPARE_PAIR slot=0
[VND] PREPARE_PAIR slot=0
[VND] TX_SKIP busy/inflight tag=ADC0-ASY2
[VND] PREPARE_PAIR slot=0
[VND] PREPARE_PAIR slot=0
[VND] TX_SKIP busy/inflight tag=ADC0-ASY2
[VND] PREPARE_PAIR slot=0
[VND] PREPARE_PAIR slot=0
[VND] TX_SKIP busy/inflight tag=ADC0-ASY2
[VND] PREPARE_PAIR slot=0
[VND] PREPARE_PAIR slot=0
[VND] TX_SKIP busy/inflight tag=ADC0-ASY2
[VND] PREPARE_PAIR slot=0
[VND] PREPARE_PAIR slot=0
[VND] TX_SKIP busy/inflight tag=ADC0-ASY2
[VND] PREPARE_PAIR slot=0
[VND] PREPARE_PAIR slot=0
[VND] TX_SKIP busy/inflight tag=ADC0-ASY2
[VND] PREPARE_PAIR slot=0
[VND] PREPARE_PAIR slot=0
[VND] TX_SKIP busy/inflight tag=ADC0-ASY2
[VND] PREPARE_PAIR slot=0
[VND] PREPARE_PAIR slot=0
[VND] TX_SKIP busy/inflight tag=ADC0-ASY2
[VND] PREPARE_PAIR slot=0
[VND] PREPARE_PAIR slot=0
[VND] TX_SKIP busy/inflight tag=ADC0-ASY2
[VND] PREPARE_PAIR slot=0
[VND] PREPARE_PAIR slot=0
[VND] TX_SKIP busy/inflight tag=ADC0-ASY2
[VND] PREPARE_PAIR slot=0
[VND] PREPARE_PAIR slot=0
[VND] TX_SKIP busy/inflight tag=ADC0-ASY2
[VND] PREPARE_PAIR slot=0
[VND] PREPARE_PAIR slot=0
[VND] TX_SKIP busy/inflight tag=ADC0-ASY2
[VND] PREPARE_PAIR slot=0
[VND] PREPARE_PAIR slot=0
[VND] TX_SKIP busy/inflight tag=ADC0-ASY2
[VND] PREPARE_PAIR slot=0
[VND] PREPARE_PAIR slot=0
[VND] TX_SKIP busy/inflight tag=ADC0-ASY2
[VND] PREPARE_PAIR slot=0
[VND] PREPARE_PAIR slot=0
[VND] TX_SKIP busy/inflight tag=ADC0-ASY2
[VND] PREPARE_PAIR slot=0
[VND] PREPARE_PAIR slot=0
[VND] TX_SKIP busy/inflight tag=ADC0-ASY2
[VND] PREPARE_PAIR slot=0
[VND] PREPARE_PAIR slot=0
[VND] TX_SKIP busy/inflight tag=ADC0-ASY2
[VND] PREPARE_PAIR slot=0
[VND] PREPARE_PAIR slot=0
[VND] TX_SKIP busy/inflight tag=ADC0-ASY2
[VND] PREPARE_PAIR slot=0
[VND] PREPARE_PAIR slot=0
[VND] TX_SKIP busy/inflight tag=ADC0-ASY2
[VND] PREPARE_PAIR slot=0
[VND] PREPARE_PAIR slot=0
[VND] TX_SKIP busy/inflight tag=ADC0-ASY2
[VND] PREPARE_PAIR slot=0
[VND] PREPARE_PAIR slot=0
[VND] TX_SKIP busy/inflight tag=ADC0-ASY2
[VND] PREPARE_PAIR slot=0
[VND] PREPARE_PAIR slot=0
[VND] TX_SKIP busy/inflight tag=ADC0-ASY2
[VND] PREPARE_PAIR slot=0
[VND] PREPARE_PAIR slot=0
[VND] TX_SKIP busy/inflight tag=ADC0-ASY2
[VND] PREPARE_PAIR slot=0
[VND] PREPARE_PAIR slot=0
[VND] TX_SKIP busy/inflight tag=ADC0-ASY2
[VND] PREPARE_PAIR slot=0
[VND] PREPARE_PAIR slot=0
[VND] TX_SKIP busy/inflight tag=ADC0-ASY2
[VND] PREPARE_PAIR slot=0
[VND] PREPARE_PAIR slot=0
[VND] TX_SKIP busy/inflight tag=ADC0-ASY2
[VND] PREPARE_PAIR slot=0
[VND] PREPARE_PAIR slot=0
[VND] TX_SKIP busy/inflight tag=ADC0-ASY2
[VND] PREPARE_PAIR slot=0
[VND] PREPARE_PAIR slot=0
[VND] TX_SKIP busy/inflight tag=ADC0-ASY2
[VND] PREPARE_PAIR slot=0
[VND] PREPARE_PAIR slot=0
[VND] TX_SKIP busy/inflight tag=ADC0-ASY2
[VND] PREPARE_PAIR slot=0
[VND] PREPARE_PAIR slot=0
[VND] TX_SKIP busy/inflight tag=ADC0-ASY2
[VND] PREPARE_PAIR slot=0
[VND] PREPARE_PAIR slot=0
[VND] TX_SKIP busy/inflight tag=ADC0-ASY2
[VND] PREPARE_PAIR slot=0
[VND] PREPARE_PAIR slot=0
[VND] TX_SKIP busy/inflight tag=ADC0-ASY2
[VND] PREPARE_PAIR slot=0
[VND] PREPARE_PAIR slot=0
[VND] TX_SKIP busy/inflight tag=ADC0-ASY2
[VND] PREPARE_PAIR slot=0
[VND] PREPARE_PAIR slot=0
[VND] TX_SKIP busy/inflight tag=ADC0-ASY2
[VND] PREPARE_PAIR slot=0
[VND] PREPARE_PAIR slot=0
[VND] TX_SKIP busy/inflight tag=ADC0-ASY2
[VND] PREPARE_PAIR slot=0
[VND] PREPARE_PAIR slot=0
[VND] TX_SKIP busy/inflight tag=ADC0-ASY2
[VND] PREPARE_PAIR slot=0
[VND] PREPARE_PAIR slot=0
[VND] TX_SKIP busy/inflight tag=ADC0-ASY2
[VND] PREPARE_PAIR slot=0
[VND] PREPARE_PAIR slot=0
[VND] TX_SKIP busy/inflight tag=ADC0-ASY2
[VND] PREPARE_PAIR slot=0
[VND] PREPARE_PAIR slot=0
[VND] TX_SKIP busy/inflight tag=ADC0-ASY2
[VND] PREPARE_PAIR slot=0
[VND] PREPARE_PAIR slot=0
[VND] TX_SKIP busy/inflight tag=ADC0-ASY2
[VND] PREPARE_PAIR slot=0
[VND] PREPARE_PAIR slot=0
[VND] TX_SKIP busy/inflight tag=ADC0-ASY2
[VND] PREPARE_PAIR slot=0
[VND] PREPARE_PAIR slot=0
[VND] TX_SKIP busy/inflight tag=ADC0-ASY2
[VND] PREPARE_PAIR slot=0
[VND] PREPARE_PAIR slot=0
[VND] TX_SKIP busy/inflight tag=ADC0-ASY2
[VND] PREPARE_PAIR slot=0
[VND] PREPARE_PAIR slot=0
[VND] TX_SKIP busy/inflight tag=ADC0-ASY2
[VND] PREPARE_PAIR slot=0
[VND] PREPARE_PAIR slot=0
[VND] TX_SKIP busy/inflight tag=ADC0-ASY2
[VND] PREPARE_PAIR slot=0
[VND] PREPARE_PAIR slot=0
[VND] TX_SKIP busy/inflight tag=ADC0-ASY2
[VND] PREPARE_PAIR slot=0
[VND] PREPARE_PAIR slot=0
[VND] TX_SKIP busy/inflight tag=ADC0-ASY2
[VND] PREPARE_PAIR slot=0
[VND] PREPARE_PAIR slot=0
[VND] TX_SKIP busy/inflight tag=ADC0-ASY2
[VND] PREPARE_PAIR slot=0
[VND] PREPARE_PAIR slot=0
[VND] TX_SKIP busy/inflight tag=ADC0-ASY2
[VND] PREPARE_PAIR slot=0
[VND] PREPARE_PAIR slot=0
[VND] TX_SKIP busy/inflight tag=ADC0-ASY2
[VND] PREPARE_PAIR slot=0
[VND] PREPARE_PAIR slot=0
[VND] TX_SKIP busy/inflight tag=ADC0-ASY2
[VND] PREPARE_PAIR slot=0
[VND] PREPARE_PAIR slot=0
[VND] TX_SKIP busy/inflight tag=ADC0-ASY2
[VND] PREPARE_PAIR slot=0
[VND] PREPARE_PAIR slot=0
[VND] TX_SKIP busy/inflight tag=ADC0-ASY2
[VND] PREPARE_PAIR slot=0
[VND] PREPARE_PAIR slot=0
[VND] TX_SKIP busy/inflight tag=ADC0-ASY2
[VND] PREPARE_PAIR slot=0
[VND] PREPARE_PAIR slot=0
[VND] TX_SKIP busy/inflight tag=ADC0-ASY2
[VND] PREPARE_PAIR slot=0
[VND] PREPARE_PAIR slot=0
[VND] TX_SKIP busy/inflight tag=ADC0-ASY2
[VND] PREPARE_PAIR slot=0
[VND] PREPARE_PAIR slot=0
[VND] TX_SKIP busy/inflight tag=ADC0-ASY2
[VND] PREPARE_PAIR slot=0
[VND] PREPARE_PAIR slot=0
[VND] TX_SKIP busy/inflight tag=ADC0-ASY2
[VND] PREPARE_PAIR slot=0
[VND] PREPARE_PAIR slot=0
[VND] TX_SKIP busy/inflight tag=ADC0-ASY2
[VND] PREPARE_PAIR slot=0
[VND] PREPARE_PAIR slot=0
[VND] TX_SKIP busy/inflight tag=ADC0-ASY2
[VND] PREPARE_PAIR slot=0
[VND] PREPARE_PAIR slot=0
[VND] TX_SKIP busy/inflight tag=ADC0-ASY2
[VND] PREPARE_PAIR slot=0
[VND] PREPARE_PAIR slot=0
[VND] TX_SKIP busy/inflight tag=ADC0-ASY2
[VND] PREPARE_PAIR slot=0
[VND] PREPARE_PAIR slot=0
[VND] TX_SKIP busy/inflight tag=ADC0-ASY2
[VND] PREPARE_PAIR slot=0
[VND] PREPARE_PAIR slot=0
[VND] TX_SKIP busy/inflight tag=ADC0-ASY2
[VND] PREPARE_PAIR slot=0
[VND] PREPARE_PAIR slot=0
[VND] TX_SKIP busy/inflight tag=ADC0-ASY2
[VND] PREPARE_PAIR slot=0
[VND] PREPARE_PAIR slot=0
[VND] TX_SKIP busy/inflight tag=ADC0-ASY2
[VND] PREPARE_PAIR slot=0
[VND] PREPARE_PAIR slot=0
[VND] TX_SKIP busy/inflight tag=ADC0-ASY2
[VND] PREPARE_PAIR slot=0
[VND] PREPARE_PAIR slot=0
[VND] TX_SKIP busy/inflight tag=ADC0-ASY2
[VND] PREPARE_PAIR slot=0
[VND] PREPARE_PAIR slot=0
[VND] TX_SKIP busy/inflight tag=ADC0-ASY2
[VND] PREPARE_PAIR slot=0
[VND] PREPARE_PAIR slot=0
[VND] TX_SKIP busy/inflight tag=ADC0-ASY2
[VND] PREPARE_PAIR slot=0
[VND] PREPARE_PAIR slot=0
[VND] TX_SKIP busy/inflight tag=ADC0-ASY2
[VND] PREPARE_PAIR slot=0
[VND] PREPARE_PAIR slot=0
[VND] TX_SKIP busy/inflight tag=ADC0-ASY2
[VND] PREPARE_PAIR slot=0
[VND] PREPARE_PAIR slot=0
[VND] TX_SKIP busy/inflight tag=ADC0-ASY2
[VND] PREPARE_PAIR slot=0
[VND] PREPARE_PAIR slot=0
[VND] TX_SKIP busy/inflight tag=ADC0-ASY2
[VND] PREPARE_PAIR slot=0
[VND] PREPARE_PAIR slot=0
[VND] TX_SKIP busy/inflight tag=ADC0-ASY2
[VND] PREPARE_PAIR slot=0
[VND] PREPARE_PAIR slot=0
[VND] TX_SKIP busy/inflight tag=ADC0-ASY2
[VND] PREPARE_PAIR slot=0
[VND] PREPARE_PAIR slot=0
[VND] TX_SKIP busy/inflight tag=ADC0-ASY2
[VND] PREPARE_PAIR slot=0
[VND] PREPARE_PAIR slot=0
[VND] TX_SKIP busy/inflight tag=ADC0-ASY2
[VND] PREPARE_PAIR slot=0
[VND] PREPARE_PAIR slot=0
[VND] TX_SKIP busy/inflight tag=ADC0-ASY2
[VND] PREPARE_PAIR slot=0
[VND] PREPARE_PAIR slot=0
[VND] TX_SKIP busy/inflight tag=ADC0-ASY2
[VND] PREPARE_PAIR slot=0
[VND] PREPARE_PAIR slot=0
[VND] TX_SKIP busy/inflight tag=ADC0-ASY2
[VND] PREPARE_PAIR slot=0
[VND] PREPARE_PAIR slot=0
[VND] TX_SKIP busy/inflight tag=ADC0-ASY2
[VND] PREPARE_PAIR slot=0
[VND] PREPARE_PAIR slot=0
[VND] TX_SKIP busy/inflight tag=ADC0-ASY2
[VND] PREPARE_PAIR slot=0
[VND] PREPARE_PAIR slot=0
[VND] TX_SKIP busy/inflight tag=ADC0-ASY2
[VND] PREPARE_PAIR slot=0
[VND] PREPARE_PAIR slot=0
[VND] TX_SKIP busy/inflight tag=ADC0-ASY2
[VND] PREPARE_PAIR slot=0
[VND] PREPARE_PAIR slot=0
[VND] TX_SKIP busy/inflight tag=ADC0-ASY2
[VND] PREPARE_PAIR slot=0
[VND] PREPARE_PAIR slot=0
[VND] TX_SKIP busy/inflight tag=ADC0-ASY2
[VND] PREPARE_PAIR slot=0
[VND] PREPARE_PAIR slot=0
[VND] TX_SKIP busy/inflight tag=ADC0-ASY2
[VND] PREPARE_PAIR slot=0
[VND] PREPARE_PAIR slot=0
[VND] TX_SKIP busy/inflight tag=ADC0-ASY2
[VND] PREPARE_PAIR slot=0
[VND] PREPARE_PAIR slot=0
[VND] TX_SKIP busy/inflight tag=ADC0-ASY2
[VND] PREPARE_PAIR slot=0
[VND] PREPARE_PAIR slot=0
[VND] TX_SKIP busy/inflight tag=ADC0-ASY2
[VND] PREPARE_PAIR slot=0
[VND] PREPARE_PAIR slot=0
[VND] TX_SKIP busy/inflight tag=ADC0-ASY2
[VND] PREPARE_PAIR slot=0
[VND] PREPARE_PAIR slot=0
[VND] TX_SKIP busy/inflight tag=ADC0-ASY2
[VND] PREPARE_PAIR slot=0
[VND] PREPARE_PAIR slot=0
[VND] TX_SKIP busy/inflight tag=ADC0-ASY2
[VND] PREPARE_PAIR slot=0
[VND] PREPARE_PAIR slot=0
[VND] TX_SKIP busy/inflight tag=ADC0-ASY2
[VND] PREPARE_PAIR slot=0
[VND] PREPARE_PAIR slot=0
[VND] TX_SKIP busy/inflight tag=ADC0-ASY2
[VND] PREPARE_PAIR slot=0
[VND] PREPARE_PAIR slot=0
[VND] TX_SKIP busy/inflight tag=ADC0-ASY2
[VND] PREPARE_PAIR slot=0
[VND] PREPARE_PAIR slot=0
[VND] TX_SKIP busy/inflight tag=ADC0-ASY2
[VND] PREPARE_PAIR slot=0
[VND] PREPARE_PAIR slot=0
[VND] TX_SKIP busy/inflight tag=ADC0-ASY2
[VND] PREPARE_PAIR slot=0
[VND] PREPARE_PAIR slot=0
[VND] TX_SKIP busy/inflight tag=ADC0-ASY2
[VND] PREPARE_PAIR slot=0
[VND] PREPARE_PAIR slot=0
[VND] TX_SKIP busy/inflight tag=ADC0-ASY2
[VND] PREPARE_PAIR slot=0
[VND] PREPARE_PAIR slot=0
[VND] TX_SKIP busy/inflight tag=ADC0-ASY2
[VND] PREPARE_PAIR slot=0
[VND] PREPARE_PAIR slot=0
[VND] TX_SKIP busy/inflight tag=ADC0-ASY2
[VND] PREPARE_PAIR slot=0
[VND] PREPARE_PAIR slot=0
[VND] TX_SKIP busy/inflight tag=ADC0-ASY2
[VND] PREPARE_PAIR slot=0
[VND] PREPARE_PAIR slot=0
[VND] TX_SKIP busy/inflight tag=ADC0-ASY2
[VND] PREPARE_PAIR slot=0
[VND] PREPARE_PAIR slot=0
[VND] TX_SKIP busy/inflight tag=ADC0-ASY2
[VND] PREPARE_PAIR slot=0
[VND] PREPARE_PAIR slot=0
[VND] TX_SKIP busy/inflight tag=ADC0-ASY2
[VND] PREPARE_PAIR slot=0
[VND] PREPARE_PAIR slot=0
[VND] TX_SKIP busy/inflight tag=ADC0-ASY2
[VND] PREPARE_PAIR slot=0
[VND] PREPARE_PAIR slot=0
[VND] TX_SKIP busy/inflight tag=ADC0-ASY2
[VND] PREPARE_PAIR slot=0
[VND] PREPARE_PAIR slot=0
[VND] TX_SKIP busy/inflight tag=ADC0-ASY2
[VND] PREPARE_PAIR slot=0
[VND] PREPARE_PAIR slot=0
[VND] TX_SKIP busy/inflight tag=ADC0-ASY2
[VND] PREPARE_PAIR slot=0
[VND] PREPARE_PAIR slot=0
[VND] TX_SKIP busy/inflight tag=ADC0-ASY2
[VND] PREPARE_PAIR slot=0
[VND] PREPARE_PAIR slot=0
[VND] TX_SKIP busy/inflight tag=ADC0-ASY2
[VND] PREPARE_PAIR slot=0
[VND] PREPARE_PAIR slot=0
[VND] TX_SKIP busy/inflight tag=ADC0-ASY2
[VND] PREPARE_PAIR slot=0
[VND] PREPARE_PAIR slot=0
[VND] TX_SKIP busy/inflight tag=ADC0-ASY2
[VND] PREPARE_PAIR slot=0
[VND] PREPARE_PAIR slot=0
[VND] TX_SKIP busy/inflight tag=ADC0-ASY2
[VND] PREPARE_PAIR slot=0
[VND] PREPARE_PAIR slot=0
[VND] TX_SKIP busy/inflight tag=ADC0-ASY2
[VND] PREPARE_PAIR slot=0
[VND] PREPARE_PAIR slot=0
[VND] TX_SKIP busy/inflight tag=ADC0-ASY2
[VND] PREPARE_PAIR slot=0
[VND] PREPARE_PAIR slot=0
[VND] TX_SKIP busy/inflight tag=ADC0-ASY2
[VND] PREPARE_PAIR slot=0
[VND] PREPARE_PAIR slot=0
[VND] TX_SKIP busy/inflight tag=ADC0-ASY2
[VND] PREPARE_PAIR slot=0
[VND] PREPARE_PAIR slot=0
[VND] TX_SKIP busy/inflight tag=ADC0-ASY2
[VND] PREPARE_PAIR slot=0
[VND] PREPARE_PAIR slot=0
[VND] TX_SKIP busy/inflight tag=ADC0-ASY2
[VND] PREPARE_PAIR slot=0
[VND] PREPARE_PAIR slot=0
[VND] TX_SKIP busy/inflight tag=ADC0-ASY2
[VND] PREPARE_PAIR slot=0
[VND] PREPARE_PAIR slot=0
[VND] TX_SKIP busy/inflight tag=ADC0-ASY2
[VND] PREPARE_PAIR slot=0
[VND] PREPARE_PAIR slot=0
[VND] TX_SKIP busy/inflight tag=ADC0-ASY2
[VND] PREPARE_PAIR slot=0
[VND] PREPARE_PAIR slot=0
[VND] TX_SKIP busy/inflight tag=ADC0-ASY2
[VND] PREPARE_PAIR slot=0
[VND] PREPARE_PAIR slot=0
[VND] TX_SKIP busy/inflight tag=ADC0-ASY2
[VND] PREPARE_PAIR slot=0
[VND] PREPARE_PAIR slot=0
[VND] TX_SKIP busy/inflight tag=ADC0-ASY2
[VND] PREPARE_PAIR slot=0
[VND] PREPARE_PAIR slot=0
[VND] TX_SKIP busy/inflight tag=ADC0-ASY2
[VND] PREPARE_PAIR slot=0
[VND] PREPARE_PAIR slot=0
[VND] TX_SKIP busy/inflight tag=ADC0-ASY2
[VND] PREPARE_PAIR slot=0
[VND] PREPARE_PAIR slot=0
[VND] TX_SKIP busy/inflight tag=ADC0-ASY2
[VND] PREPARE_PAIR slot=0
[VND] PREPARE_PAIR slot=0
[VND] TX_SKIP busy/inflight tag=ADC0-ASY2
[VND] PREPARE_PAIR slot=0
[VND] PREPARE_PAIR slot=0
[VND] TX_SKIP busy/inflight tag=ADC0-ASY2
[VND] PREPARE_PAIR slot=0
[VND] PREPARE_PAIR slot=0
[VND] TX_SKIP busy/inflight tag=ADC0-ASY2
[VND] PREPARE_PAIR slot=0
[VND] PREPARE_PAIR slot=0
[VND] TX_SKIP busy/inflight tag=ADC0-ASY2
[VND] PREPARE_PAIR slot=0
[VND] PREPARE_PAIR slot=0
[VND] TX_SKIP busy/inflight tag=ADC0-ASY2
[VND] PREPARE_PAIR slot=0
[VND] PREPARE_PAIR slot=0
[VND] TX_SKIP busy/inflight tag=ADC0-ASY2
[VND] PREPARE_PAIR slot=0
[VND] PREPARE_PAIR slot=0
[VND] TX_SKIP busy/inflight tag=ADC0-ASY2
[VND] PREPARE_PAIR slot=0
[VND] PREPARE_PAIR slot=0
[VND] TX_SKIP busy/inflight tag=ADC0-ASY2
[VND] PREPARE_PAIR slot=0
[VND] PREPARE_PAIR slot=0
[VND] TX_SKIP busy/inflight tag=ADC0-ASY2
[VND] PREPARE_PAIR slot=0
[VND] PREPARE_PAIR slot=0
[VND] TX_SKIP busy/inflight tag=ADC0-ASY2
[VND] PREPARE_PAIR slot=0
[VND] PREPARE_PAIR slot=0
[VND] TX_SKIP busy/inflight tag=ADC0-ASY2
[VND] PREPARE_PAIR slot=0
[VND] PREPARE_PAIR slot=0
[VND] TX_SKIP busy/inflight tag=ADC0-ASY2
[VND] PREPARE_PAIR slot=0
[VND] PREPARE_PAIR slot=0
[VND] TX_SKIP busy/inflight tag=ADC0-ASY2
[VND] PREPARE_PAIR slot=0
[VND] PREPARE_PAIR slot=0
[VND] TX_SKIP busy/inflight tag=ADC0-ASY2
[VND] PREPARE_PAIR slot=0
[VND] PREPARE_PAIR slot=0
[VND] TX_SKIP busy/inflight tag=ADC0-ASY2
[VND] PREPARE_PAIR slot=0
[VND] PREPARE_PAIR slot=0
[VND] TX_SKIP busy/inflight tag=ADC0-ASY2
[VND] PREPARE_PAIR slot=0
[VND] PREPARE_PAIR slot=0
[VND] TX_SKIP busy/inflight tag=ADC0-ASY2
[VND] PREPARE_PAIR slot=0
[VND] PREPARE_PAIR slot=0
[VND] TX_SKIP busy/inflight tag=ADC0-ASY2
[VND] PREPARE_PAIR slot=0
[VND] PREPARE_PAIR slot=0
[VND] TX_SKIP busy/inflight tag=ADC0-ASY2
[VND] PREPARE_PAIR slot=0
[VND] PREPARE_PAIR slot=0
[VND] TX_SKIP busy/inflight tag=ADC0-ASY2
[VND] PREPARE_PAIR slot=0
[VND] PREPARE_PAIR slot=0
[VND] TX_SKIP busy/inflight tag=ADC0-ASY2
[VND] PREPARE_PAIR slot=0
[VND] PREPARE_PAIR slot=0
[VND] TX_SKIP busy/inflight tag=ADC0-ASY2
[VND] PREPARE_PAIR slot=0
[VND] PREPARE_PAIR slot=0
[VND] TX_SKIP busy/inflight tag=ADC0-ASY2
[VND] PREPARE_PAIR slot=0
[VND] PREPARE_PAIR slot=0
[VND] TX_SKIP busy/inflight tag=ADC0-ASY2
[VND] PREPARE_PAIR slot=0
[VND] PREPARE_PAIR slot=0
[VND] TX_SKIP busy/inflight tag=ADC0-ASY2
[VND] PREPARE_PAIR slot=0
[VND] PREPARE_PAIR slot=0
[VND] TX_SKIP busy/inflight tag=ADC0-ASY2
[VND] PREPARE_PAIR slot=0
[VND] PREPARE_PAIR slot=0
[VND] TX_SKIP busy/inflight tag=ADC0-ASY2
[VND] PREPARE_PAIR slot=0
[VND] PREPARE_PAIR slot=0
[VND] TX_SKIP busy/inflight tag=ADC0-ASY2
[VND] PREPARE_PAIR slot=0
[VND] PREPARE_PAIR slot=0
[VND] TX_SKIP busy/inflight tag=ADC0-ASY2
[VND] PREPARE_PAIR slot=0
[VND] PREPARE_PAIR slot=0
[VND] TX_SKIP busy/inflight tag=ADC0-ASY2
[VND] PREPARE_PAIR slot=0
[VND] PREPARE_PAIR slot=0
[VND] TX_SKIP busy/inflight tag=ADC0-ASY2
[VND] PREPARE_PAIR slot=0
[VND] PREPARE_PAIR slot=0
[VND] TX_SKIP busy/inflight tag=ADC0-ASY2
[VND] PREPARE_PAIR slot=0
[VND] PREPARE_PAIR slot=0
[VND] TX_SKIP busy/inflight tag=ADC0-ASY2
[VND] PREPARE_PAIR slot=0
[VND] PREPARE_PAIR slot=0
[VND] TX_SKIP busy/inflight tag=ADC0-ASY2
[VND] PREPARE_PAIR slot=0
[VND] PREPARE_PAIR slot=0
[VND] TX_SKIP busy/inflight tag=ADC0-ASY2
[VND] PREPARE_PAIR slot=0
[VND] PREPARE_PAIR slot=0
[VND] TX_SKIP busy/inflight tag=ADC0-ASY2
[VND] PREPARE_PAIR slot=0
[VND] PREPARE_PAIR slot=0
[VND] TX_SKIP busy/inflight tag=ADC0-ASY2
[VND] PREPARE_PAIR slot=0
[VND] PREPARE_PAIR slot=0
[VND] TX_SKIP busy/inflight tag=ADC0-ASY2
[VND] PREPARE_PAIR slot=0
[VND] PREPARE_PAIR slot=0
[VND] TX_SKIP busy/inflight tag=ADC0-ASY2
[VND] PREPARE_PAIR slot=0
[VND] PREPARE_PAIR slot=0
[VND] TX_SKIP busy/inflight tag=ADC0-ASY2
[VND] PREPARE_PAIR slot=0
[VND] PREPARE_PAIR slot=0
[VND] TX_SKIP busy/inflight tag=ADC0-ASY2
[VND] PREPARE_PAIR slot=0
[VND] PREPARE_PAIR slot=0
[VND] TX_SKIP busy/inflight tag=ADC0-ASY2
[VND] PREPARE_PAIR slot=0
[VND] PREPARE_PAIR slot=0
[VND] TX_SKIP busy/inflight tag=ADC0-ASY2
[VND] PREPARE_PAIR slot=0
[VND] PREPARE_PAIR slot=0
[VND] TX_SKIP busy/inflight tag=ADC0-ASY2
[VND] PREPARE_PAIR slot=0
[VND] PREPARE_PAIR slot=0
[VND] TX_SKIP busy/inflight tag=ADC0-ASY2
[VND] PREPARE_PAIR slot=0
[VND] PREPARE_PAIR slot=0
[VND] TX_SKIP busy/inflight tag=ADC0-ASY2
[VND] PREPARE_PAIR slot=0
[VND] PREPARE_PAIR slot=0
[VND] TX_SKIP busy/inflight tag=ADC0-ASY2
[VND] PREPARE_PAIR slot=0
[VND] PREPARE_PAIR slot=0
[VND] TX_SKIP busy/inflight tag=ADC0-ASY2
[VND] PREPARE_PAIR slot=0
[VND] PREPARE_PAIR slot=0
[VND] TX_SKIP busy/inflight tag=ADC0-ASY2
[VND] PREPARE_PAIR slot=0
[VND] PREPARE_PAIR slot=0
[VND] TX_SKIP busy/inflight tag=ADC0-ASY2
[VND] PREPARE_PAIR slot=0
[VND] PREPARE_PAIR slot=0
[VND] TX_SKIP busy/inflight tag=ADC0-ASY2
[VND] PREPARE_PAIR slot=0
[VND] PREPARE_PAIR slot=0
[VND] TX_SKIP busy/inflight tag=ADC0-ASY2
[VND] PREPARE_PAIR slot=0
[VND] PREPARE_PAIR slot=0
[VND] TX_SKIP busy/inflight tag=ADC0-ASY2
[VND] PREPARE_PAIR slot=0
[VND] PREPARE_PAIR slot=0
[VND] TX_SKIP busy/inflight tag=ADC0-ASY2
[VND] PREPARE_PAIR slot=0
[VND] PREPARE_PAIR slot=0
[VND] TX_SKIP busy/inflight tag=ADC0-ASY2
[VND] PREPARE_PAIR slot=0
[VND] PREPARE_PAIR slot=0
[VND] TX_SKIP busy/inflight tag=ADC0-ASY2
[VND] PREPARE_PAIR slot=0
[VND] PREPARE_PAIR slot=0
[VND] TX_SKIP busy/inflight tag=ADC0-ASY2
[VND] PREPARE_PAIR slot=0
[VND] PREPARE_PAIR slot=0
[VND] TX_SKIP busy/inflight tag=ADC0-ASY2
[VND] PREPARE_PAIR slot=0
[VND] PREPARE_PAIR slot=0
[VND] TX_SKIP busy/inflight tag=ADC0-ASY2
[VND] PREPARE_PAIR slot=0
[VND] PREPARE_PAIR slot=0
[VND] TX_SKIP busy/inflight tag=ADC0-ASY2
[VND] PREPARE_PAIR slot=0
[VND] PREPARE_PAIR slot=0
[VND] TX_SKIP busy/inflight tag=ADC0-ASY2
[VND] PREPARE_PAIR slot=0
[VND] PREPARE_PAIR slot=0
[VND] TX_SKIP busy/inflight tag=ADC0-ASY2
[VND] PREPARE_PAIR slot=0
[VND] PREPARE_PAIR slot=0
[VND] TX_SKIP busy/inflight tag=ADC0-ASY2
[VND] PREPARE_PAIR slot=0
[VND] PREPARE_PAIR slot=0
[VND] TX_SKIP busy/inflight tag=ADC0-ASY2
[VND] PREPARE_PAIR slot=0
[VND] PREPARE_PAIR slot=0
[VND] TX_SKIP busy/inflight tag=ADC0-ASY2
[VND] PREPARE_PAIR slot=0
[VND] PREPARE_PAIR slot=0
[VND] TX_SKIP busy/inflight tag=ADC0-ASY2
[VND] PREPARE_PAIR slot=0
[VND] PREPARE_PAIR slot=0
[VND] TX_SKIP busy/inflight tag=ADC0-ASY2
[VND] PREPARE_PAIR slot=0
[VND] PREPARE_PAIR slot=0
[VND] TX_SKIP busy/inflight tag=ADC0-ASY2
[VND] PREPARE_PAIR slot=0
[VND] PREPARE_PAIR slot=0
[VND] TX_SKIP busy/inflight tag=ADC0-ASY2
[VND] PREPARE_PAIR slot=0
[VND] PREPARE_PAIR slot=0
[VND] TX_SKIP busy/inflight tag=ADC0-ASY2
[VND] PREPARE_PAIR slot=0
[VND] PREPARE_PAIR slot=0
[VND] TX_SKIP busy/inflight tag=ADC0-ASY2
[VND] PREPARE_PAIR slot=0
[VND] PREPARE_PAIR slot=0
[VND] TX_SKIP busy/inflight tag=ADC0-ASY2
[VND] PREPARE_PAIR slot=0
[VND] PREPARE_PAIR slot=0
[VND] TX_SKIP busy/inflight tag=ADC0-ASY2
[VND] PREPARE_PAIR slot=0
[VND] PREPARE_PAIR slot=0
[VND] TX_SKIP busy/inflight tag=ADC0-ASY2
[VND] PREPARE_PAIR slot=0
[VND] PREPARE_PAIR slot=0
[VND] TX_SKIP busy/inflight tag=ADC0-ASY2
[VND] PREPARE_PAIR slot=0
[VND] PREPARE_PAIR slot=0
[VND] TX_SKIP busy/inflight tag=ADC0-ASY2
[VND] PREPARE_PAIR slot=0
[VND] PREPARE_PAIR slot=0
[VND] TX_SKIP busy/inflight tag=ADC0-ASY2
[VND] PREPARE_PAIR slot=0
[VND] PREPARE_PAIR slot=0
[VND] TX_SKIP busy/inflight tag=ADC0-ASY2
[VND] PREPARE_PAIR slot=0
[VND] PREPARE_PAIR slot=0
[VND] TX_SKIP busy/inflight tag=ADC0-ASY2
[VND] PREPARE_PAIR slot=0
[VND] PREPARE_PAIR slot=0
[VND] TX_SKIP busy/inflight tag=ADC0-ASY2
[VND] PREPARE_PAIR slot=0
[VND] PREPARE_PAIR slot=0
[VND] TX_SKIP busy/inflight tag=ADC0-ASY2
[VND] PREPARE_PAIR slot=0
[VND] PREPARE_PAIR slot=0
[VND] TX_SKIP busy/inflight tag=ADC0-ASY2
[VND] PREPARE_PAIR slot=0
[VND] PREPARE_PAIR slot=0
[VND] TX_SKIP busy/inflight tag=ADC0-ASY2
[VND] PREPARE_PAIR slot=0
[VND] PREPARE_PAIR slot=0
[VND] TX_SKIP busy/inflight tag=ADC0-ASY2
[VND] PREPARE_PAIR slot=0
[VND] PREPARE_PAIR slot=0
[VND] TX_SKIP busy/inflight tag=ADC0-ASY2
[VND] PREPARE_PAIR slot=0
[VND] PREPARE_PAIR slot=0
[VND] TX_SKIP busy/inflight tag=ADC0-ASY2
[VND] PREPARE_PAIR slot=0
[VND] PREPARE_PAIR slot=0
[VND] TX_SKIP busy/inflight tag=ADC0-ASY2
[VND] PREPARE_PAIR slot=0
[VND] PREPARE_PAIR slot=0
[VND] TX_SKIP busy/inflight tag=ADC0-ASY2
[VND] PREPARE_PAIR slot=0
[VND] PREPARE_PAIR slot=0
[VND] TX_SKIP busy/inflight tag=ADC0-ASY2
[VND] PREPARE_PAIR slot=0
[VND] PREPARE_PAIR slot=0
[VND] TX_SKIP busy/inflight tag=ADC0-ASY2
[VND] PREPARE_PAIR slot=0
[VND] PREPARE_PAIR slot=0
[VND] TX_SKIP busy/inflight tag=ADC0-ASY2
[VND] PREPARE_PAIR slot=0
[VND] PREPARE_PAIR slot=0
[VND] TX_SKIP busy/inflight tag=ADC0-ASY2
[VND] PREPARE_PAIR slot=0
[VND] PREPARE_PAIR slot=0
[VND] TX_SKIP busy/inflight tag=ADC0-ASY2
[VND] PREPARE_PAIR slot=0
[VND] PREPARE_PAIR slot=0
[VND] TX_SKIP busy/inflight tag=ADC0-ASY2
[VND] PREPARE_PAIR slot=0
[VND] PREPARE_PAIR slot=0
[VND] TX_SKIP busy/inflight tag=ADC0-ASY2
[VND] PREPARE_PAIR slot=0
[VND] PREPARE_PAIR slot=0
[VND] TX_SKIP busy/inflight tag=ADC0-ASY2
[VND] PREPARE_PAIR slot=0
[VND] PREPARE_PAIR slot=0
[VND] TX_SKIP busy/inflight tag=ADC0-ASY2
[VND] PREPARE_PAIR slot=0
[VND] PREPARE_PAIR slot=0
[VND] TX_SKIP busy/inflight tag=ADC0-ASY2
[VND] PREPARE_PAIR slot=0
[VND] PREPARE_PAIR slot=0
[VND] TX_SKIP busy/inflight tag=ADC0-ASY2
[VND] PREPARE_PAIR slot=0
[VND] PREPARE_PAIR slot=0
[VND] TX_SKIP busy/inflight tag=ADC0-ASY2
[VND] PREPARE_PAIR slot=0
[VND] PREPARE_PAIR slot=0
[VND] TX_SKIP busy/inflight tag=ADC0-ASY2
[VND] PREPARE_PAIR slot=0
[VND] PREPARE_PAIR slot=0
[VND] TX_SKIP busy/inflight tag=ADC0-ASY2
[VND] PREPARE_PAIR slot=0
[VND] PREPARE_PAIR slot=0
[VND] TX_SKIP busy/inflight tag=ADC0-ASY2
[VND] PREPARE_PAIR slot=0
[VND] PREPARE_PAIR slot=0
[VND] TX_SKIP busy/inflight tag=ADC0-ASY2
[VND] PREPARE_PAIR slot=0
[VND] PREPARE_PAIR slot=0
[VND] TX_SKIP busy/inflight tag=ADC0-ASY2
[VND] PREPARE_PAIR slot=0
[VND] PREPARE_PAIR slot=0
[VND] TX_SKIP busy/inflight tag=ADC0-ASY2
[VND] PREPARE_PAIR slot=0
[VND] PREPARE_PAIR slot=0
[VND] TX_SKIP busy/inflight tag=ADC0-ASY2
[VND] PREPARE_PAIR slot=0
[VND] PREPARE_PAIR slot=0
[VND] TX_SKIP busy/inflight tag=ADC0-ASY2
[VND] PREPARE_PAIR slot=0
[VND] PREPARE_PAIR slot=0
[VND] TX_SKIP busy/inflight tag=ADC0-ASY2
[VND] PREPARE_PAIR slot=0
[VND] PREPARE_PAIR slot=0
[VND] TX_SKIP busy/inflight tag=ADC0-ASY2
[VND] PREPARE_PAIR slot=0
[VND] PREPARE_PAIR slot=0
[VND] TX_SKIP busy/inflight tag=ADC0-ASY2
[VND] PREPARE_PAIR slot=0
[VND] PREPARE_PAIR slot=0
[VND] TX_SKIP busy/inflight tag=ADC0-ASY2
[VND] PREPARE_PAIR slot=0
[VND] PREPARE_PAIR slot=0
[VND] TX_SKIP busy/inflight tag=ADC0-ASY2
[VND] PREPARE_PAIR slot=0
[VND] PREPARE_PAIR slot=0
[VND] TX_SKIP busy/inflight tag=ADC0-ASY2
[VND] PREPARE_PAIR slot=0
[VND] PREPARE_PAIR slot=0
[VND] TX_SKIP busy/inflight tag=ADC0-ASY2
[VND] PREPARE_PAIR slot=0
[VND] PREPARE_PAIR slot=0
[VND] TX_SKIP busy/inflight tag=ADC0-ASY2
[VND] PREPARE_PAIR slot=0
[VND] PREPARE_PAIR slot=0
[VND] TX_SKIP busy/inflight tag=ADC0-ASY2
[VND] PREPARE_PAIR slot=0
[VND] PREPARE_PAIR slot=0
[VND] TX_SKIP busy/inflight tag=ADC0-ASY2
[VND] PREPARE_PAIR slot=0
[VND] PREPARE_PAIR slot=0
[VND] TX_SKIP busy/inflight tag=ADC0-ASY2
[VND] PREPARE_PAIR slot=0
[VND] PREPARE_PAIR slot=0
[VND] TX_SKIP busy/inflight tag=ADC0-ASY2
[VND] PREPARE_PAIR slot=0
[VND] PREPARE_PAIR slot=0
[VND] TX_SKIP busy/inflight tag=ADC0-ASY2
[VND] PREPARE_PAIR slot=0
[VND] PREPARE_PAIR slot=0
[VND] TX_SKIP busy/inflight tag=ADC0-ASY2
[VND] PREPARE_PAIR slot=0
[VND] PREPARE_PAIR slot=0
[VND] TX_SKIP busy/inflight tag=ADC0-ASY2
[VND] PREPARE_PAIR slot=0
[VND] PREPARE_PAIR slot=0
[VND] TX_SKIP busy/inflight tag=ADC0-ASY2
[VND] PREPARE_PAIR slot=0
[VND] PREPARE_PAIR slot=0
[VND] TX_SKIP busy/inflight tag=ADC0-ASY2
[VND] PREPARE_PAIR slot=0
[VND] PREPARE_PAIR slot=0
[VND] TX_SKIP busy/inflight tag=ADC0-ASY2
[VND] PREPARE_PAIR slot=0
[VND] PREPARE_PAIR slot=0
[VND] TX_SKIP busy/inflight tag=ADC0-ASY2
[VND] PREPARE_PAIR slot=0
[VND] PREPARE_PAIR slot=0
[VND] TX_SKIP busy/inflight tag=ADC0-ASY2
[VND] PREPARE_PAIR slot=0
[VND] PREPARE_PAIR slot=0
[VND] TX_SKIP busy/inflight tag=ADC0-ASY2
[VND] PREPARE_PAIR slot=0
[VND] PREPARE_PAIR slot=0
[VND] TX_SKIP busy/inflight tag=ADC0-ASY2
[VND] PREPARE_PAIR slot=0
[VND] PREPARE_PAIR slot=0
[VND] TX_SKIP busy/inflight tag=ADC0-ASY2
[VND] PREPARE_PAIR slot=0
[VND] PREPARE_PAIR slot=0
[VND] TX_SKIP busy/inflight tag=ADC0-ASY2
[VND] PREPARE_PAIR slot=0
[VND] PREPARE_PAIR slot=0
[VND] TX_SKIP busy/inflight tag=ADC0-ASY2
[VND] PREPARE_PAIR slot=0
[VND] PREPARE_PAIR slot=0
[VND] TX_SKIP busy/inflight tag=ADC0-ASY2
[VND] PREPARE_PAIR slot=0
[VND] PREPARE_PAIR slot=0
[VND] TX_SKIP busy/inflight tag=ADC0-ASY2
[VND] PREPARE_PAIR slot=0
[VND] PREPARE_PAIR slot=0
[VND] TX_SKIP busy/inflight tag=ADC0-ASY2
[VND] PREPARE_PAIR slot=0
[VND] PREPARE_PAIR slot=0
[VND] TX_SKIP busy/inflight tag=ADC0-ASY2
[VND] PREPARE_PAIR slot=0
[VND] PREPARE_PAIR slot=0
[VND] TX_SKIP busy/inflight tag=ADC0-ASY2
[VND] PREPARE_PAIR slot=0
[VND] PREPARE_PAIR slot=0
[VND] TX_SKIP busy/inflight tag=ADC0-ASY2
[VND] PREPARE_PAIR slot=0
[VND] PREPARE_PAIR slot=0
[VND] TX_SKIP busy/inflight tag=ADC0-ASY2
[VND] PREPARE_PAIR slot=0
[VND] PREPARE_PAIR slot=0
[VND] TX_SKIP busy/inflight tag=ADC0-ASY2
[VND] PREPARE_PAIR slot=0
[VND] PREPARE_PAIR slot=0
[VND] TX_SKIP busy/inflight tag=ADC0-ASY2
[VND] PREPARE_PAIR slot=0
[VND] PREPARE_PAIR slot=0
[VND] TX_SKIP busy/inflight tag=ADC0-ASY2
[VND] PREPARE_PAIR slot=0
[VND] PREPARE_PAIR slot=0
[VND] TX_SKIP busy/inflight tag=ADC0-ASY2
[VND] PREPARE_PAIR slot=0
[VND] PREPARE_PAIR slot=0
[VND] TX_SKIP busy/inflight tag=ADC0-ASY2
[VND] PREPARE_PAIR slot=0
[VND] PREPARE_PAIR slot=0
[VND] TX_SKIP busy/inflight tag=ADC0-ASY2
[VND] PREPARE_PAIR slot=0
[VND] PREPARE_PAIR slot=0
[VND] TX_SKIP busy/inflight tag=ADC0-ASY2
[VND] PREPARE_PAIR slot=0
[VND] PREPARE_PAIR slot=0
[VND] TX_SKIP busy/inflight tag=ADC0-ASY2
[VND] PREPARE_PAIR slot=0
[VND] PREPARE_PAIR slot=0
[VND] TX_SKIP busy/inflight tag=ADC0-ASY2
[VND] PREPARE_PAIR slot=0
[VND] PREPARE_PAIR slot=0
[VND] TX_SKIP busy/inflight tag=ADC0-ASY2
[VND] PREPARE_PAIR slot=0
[VND] PREPARE_PAIR slot=0
[VND] TX_SKIP busy/inflight tag=ADC0-ASY2
[VND] PREPARE_PAIR slot=0
[VND] PREPARE_PAIR slot=0
[VND] TX_SKIP busy/inflight tag=ADC0-ASY2
[VND] PREPARE_PAIR slot=0
[VND] PREPARE_PAIR slot=0
[VND] TX_SKIP busy/inflight tag=ADC0-ASY2
[VND] PREPARE_PAIR slot=0
[VND] PREPARE_PAIR slot=0
[VND] TX_SKIP busy/inflight tag=ADC0-ASY2
[VND] PREPARE_PAIR slot=0
[VND] PREPARE_PAIR slot=0
[VND] TX_SKIP busy/inflight tag=ADC0-ASY2
[VND] PREPARE_PAIR slot=0
[VND] PREPARE_PAIR slot=0
[VND] TX_SKIP busy/inflight tag=ADC0-ASY2
[VND] PREPARE_PAIR slot=0
[VND] PREPARE_PAIR slot=0
[VND] TX_SKIP busy/inflight tag=ADC0-ASY2
[VND] PREPARE_PAIR slot=0
[VND] PREPARE_PAIR slot=0
[VND] TX_SKIP busy/inflight tag=ADC0-ASY2
[VND] PREPARE_PAIR slot=0
[VND] PREPARE_PAIR slot=0
[VND] TX_SKIP busy/inflight tag=ADC0-ASY2
[VND] PREPARE_PAIR slot=0
[VND] PREPARE_PAIR slot=0
[VND] TX_SKIP busy/inflight tag=ADC0-ASY2
[VND] PREPARE_PAIR slot=0
[VND] PREPARE_PAIR slot=0
[VND] TX_SKIP busy/inflight tag=ADC0-ASY2
[VND] PREPARE_PAIR slot=0
[VND] PREPARE_PAIR slot=0
[VND] TX_SKIP busy/inflight tag=ADC0-ASY2
[VND] PREPARE_PAIR slot=0
[VND] PREPARE_PAIR slot=0
[VND] TX_SKIP busy/inflight tag=ADC0-ASY2
[VND] PREPARE_PAIR slot=0
[VND] PREPARE_PAIR slot=0
[VND] TX_SKIP busy/inflight tag=ADC0-ASY2
[VND] PREPARE_PAIR slot=0
[VND] PREPARE_PAIR slot=0
[VND] TX_SKIP busy/inflight tag=ADC0-ASY2
[VND] PREPARE_PAIR slot=0
[VND] PREPARE_PAIR slot=0
[VND] TX_SKIP busy/inflight tag=ADC0-ASY2
[VND] PREPARE_PAIR slot=0
[VND] PREPARE_PAIR slot=0
[VND] TX_SKIP busy/inflight tag=ADC0-ASY2
[VND] PREPARE_PAIR slot=0
[VND] PREPARE_PAIR slot=0
[VND] TX_SKIP busy/inflight tag=ADC0-ASY2
[VND] PREPARE_PAIR slot=0
[VND] PREPARE_PAIR slot=0
[VND] TX_SKIP busy/inflight tag=ADC0-ASY2
[VND] PREPARE_PAIR slot=0
[VND] PREPARE_PAIR slot=0
[VND] TX_SKIP busy/inflight tag=ADC0-ASY2
[VND] PREPARE_PAIR slot=0
[VND] PREPARE_PAIR slot=0
[VND] TX_SKIP busy/inflight tag=ADC0-ASY2
[VND] PREPARE_PAIR slot=0
[VND] PREPARE_PAIR slot=0
[VND] TX_SKIP busy/inflight tag=ADC0-ASY2
[VND] PREPARE_PAIR slot=0
[VND] PREPARE_PAIR slot=0
[VND] TX_SKIP busy/inflight tag=ADC0-ASY2
[VND] PREPARE_PAIR slot=0
[VND] PREPARE_PAIR slot=0
[VND] TX_SKIP busy/inflight tag=ADC0-ASY2
[VND] PREPARE_PAIR slot=0
[VND] PREPARE_PAIR slot=0
[VND] TX_SKIP busy/inflight tag=ADC0-ASY2
[VND] PREPARE_PAIR slot=0
[VND] PREPARE_PAIR slot=0
[VND] TX_SKIP busy/inflight tag=ADC0-ASY2
[VND] PREPARE_PAIR slot=0
[VND] PREPARE_PAIR slot=0
[VND] TX_SKIP busy/inflight tag=ADC0-ASY2
[VND] PREPARE_PAIR slot=0
[VND] PREPARE_PAIR slot=0
[VND] TX_SKIP busy/inflight tag=ADC0-ASY2
[VND] PREPARE_PAIR slot=0
[VND] PREPARE_PAIR slot=0
[VND] TX_SKIP busy/inflight tag=ADC0-ASY2
[VND] PREPARE_PAIR slot=0
[VND] PREPARE_PAIR slot=0
[VND] TX_SKIP busy/inflight tag=ADC0-ASY2
[VND] PREPARE_PAIR slot=0
[VND] PREPARE_PAIR slot=0
[VND] TX_SKIP busy/inflight tag=ADC0-ASY2
[VND] PREPARE_PAIR slot=0
[VND] PREPARE_PAIR slot=0
[VND] TX_SKIP busy/inflight tag=ADC0-ASY2
[VND] PREPARE_PAIR slot=0
[VND] PREPARE_PAIR slot=0
[VND] TX_SKIP busy/inflight tag=ADC0-ASY2
[VND] PREPARE_PAIR slot=0
[VND] PREPARE_PAIR slot=0
[VND] TX_SKIP busy/inflight tag=ADC0-ASY2
[VND] PREPARE_PAIR slot=0
[VND] PREPARE_PAIR slot=0
[VND] TX_SKIP busy/inflight tag=ADC0-ASY2
[VND] PREPARE_PAIR slot=0
[VND] PREPARE_PAIR slot=0
[VND] TX_SKIP busy/inflight tag=ADC0-ASY2
[VND] PREPARE_PAIR slot=0
[VND] PREPARE_PAIR slot=0
[VND] TX_SKIP busy/inflight tag=ADC0-ASY2
[VND] PREPARE_PAIR slot=0
[VND] PREPARE_PAIR slot=0
[VND] TX_SKIP busy/inflight tag=ADC0-ASY2
[VND] PREPARE_PAIR slot=0
[VND] PREPARE_PAIR slot=0
[VND] TX_SKIP busy/inflight tag=ADC0-ASY2
[VND] PREPARE_PAIR slot=0
[VND] PREPARE_PAIR slot=0
[VND] TX_SKIP busy/inflight tag=ADC0-ASY2
[VND] PREPARE_PAIR slot=0
[VND] PREPARE_PAIR slot=0
[VND] TX_SKIP busy/inflight tag=ADC0-ASY2
[VND] PREPARE_PAIR slot=0
[VND] PREPARE_PAIR slot=0
[VND] TX_SKIP busy/inflight tag=ADC0-ASY2
[VND] PREPARE_PAIR slot=0
[VND] PREPARE_PAIR slot=0
[VND] TX_SKIP busy/inflight tag=ADC0-ASY2
[VND] PREPARE_PAIR slot=0
[VND] PREPARE_PAIR slot=0
[VND] TX_SKIP busy/inflight tag=ADC0-ASY2
[VND] PREPARE_PAIR slot=0
[VND] PREPARE_PAIR slot=0
[VND] TX_SKIP busy/inflight tag=ADC0-ASY2
[VND] PREPARE_PAIR slot=0
[VND] PREPARE_PAIR slot=0
[VND] TX_SKIP busy/inflight tag=ADC0-ASY2
[VND] PREPARE_PAIR slot=0
[VND] PREPARE_PAIR slot=0
[VND] TX_SKIP busy/inflight tag=ADC0-ASY2
[VND] PREPARE_PAIR slot=0
[VND] PREPARE_PAIR slot=0
[VND] TX_SKIP busy/inflight tag=ADC0-ASY2
[VND] PREPARE_PAIR slot=0
[VND] PREPARE_PAIR slot=0
[VND] TX_SKIP busy/inflight tag=ADC0-ASY2
[VND] PREPARE_PAIR slot=0
[VND] PREPARE_PAIR slot=0
[VND] TX_SKIP busy/inflight tag=ADC0-ASY2
[VND] PREPARE_PAIR slot=0
[VND] PREPARE_PAIR slot=0
[VND] TX_SKIP busy/inflight tag=ADC0-ASY2
[VND] PREPARE_PAIR slot=0
[VND] PREPARE_PAIR slot=0
[VND] TX_SKIP busy/inflight tag=ADC0-ASY2
[VND] PREPARE_PAIR slot=0
[VND] PREPARE_PAIR slot=0
[VND] TX_SKIP busy/inflight tag=ADC0-ASY2
[VND] PREPARE_PAIR slot=0
[VND] PREPARE_PAIR slot=0
[VND] TX_SKIP busy/inflight tag=ADC0-ASY2
[VND] PREPARE_PAIR slot=0
[VND] PREPARE_PAIR slot=0
[VND] TX_SKIP busy/inflight tag=ADC0-ASY2
[VND] PREPARE_PAIR slot=0
[VND] PREPARE_PAIR slot=0
[VND] TX_SKIP busy/inflight tag=ADC0-ASY2
[VND] PREPARE_PAIR slot=0
[VND] PREPARE_PAIR slot=0
[VND] TX_SKIP busy/inflight tag=ADC0-ASY2
[VND] PREPARE_PAIR slot=0
[VND] PREPARE_PAIR slot=0
[VND] TX_SKIP busy/inflight tag=ADC0-ASY2
[VND] PREPARE_PAIR slot=0
[VND] PREPARE_PAIR slot=0
[VND] TX_SKIP busy/inflight tag=ADC0-ASY2
[VND] PREPARE_PAIR slot=0
[VND] PREPARE_PAIR slot=0
[VND] TX_SKIP busy/inflight tag=ADC0-ASY2
[VND] PREPARE_PAIR slot=0
[VND] PREPARE_PAIR slot=0
[VND] TX_SKIP busy/inflight tag=ADC0-ASY2
[VND] PREPARE_PAIR slot=0
[VND] PREPARE_PAIR slot=0
[VND] TX_SKIP busy/inflight tag=ADC0-ASY2
[VND] PREPARE_PAIR slot=0
[VND] PREPARE_PAIR slot=0
[VND] TX_SKIP busy/inflight tag=ADC0-ASY2
[VND] PREPARE_PAIR slot=0
[VND] PREPARE_PAIR slot=0
[VND] TX_SKIP busy/inflight tag=ADC0-ASY2
[VND] PREPARE_PAIR slot=0
[VND] PREPARE_PAIR slot=0
[VND] TX_SKIP busy/inflight tag=ADC0-ASY2
[VND] PREPARE_PAIR slot=0
[VND] PREPARE_PAIR slot=0
[VND] TX_SKIP busy/inflight tag=ADC0-ASY2
[VND] PREPARE_PAIR slot=0
[VND] PREPARE_PAIR slot=0
[VND] TX_SKIP busy/inflight tag=ADC0-ASY2
[VND] PREPARE_PAIR slot=0
[VND] PREPARE_PAIR slot=0
[VND] TX_SKIP busy/inflight tag=ADC0-ASY2
[VND] PREPARE_PAIR slot=0
[VND] PREPARE_PAIR slot=0
[VND] TX_SKIP busy/inflight tag=ADC0-ASY2
[VND] PREPARE_PAIR slot=0
[VND] PREPARE_PAIR slot=0
[VND] TX_SKIP busy/inflight tag=ADC0-ASY2
[VND] PREPARE_PAIR slot=0
[VND] PREPARE_PAIR slot=0
[VND] TX_SKIP busy/inflight tag=ADC0-ASY2
[VND] PREPARE_PAIR slot=0
[VND] PREPARE_PAIR slot=0
[VND] TX_SKIP busy/inflight tag=ADC0-ASY2
[VND] PREPARE_PAIR slot=0
[VND] PREPARE_PAIR slot=0
[VND] TX_SKIP busy/inflight tag=ADC0-ASY2
[VND] PREPARE_PAIR slot=0
[VND] PREPARE_PAIR slot=0
[VND] TX_SKIP busy/inflight tag=ADC0-ASY2
[VND] PREPARE_PAIR slot=0
[VND] PREPARE_PAIR slot=0
[VND] TX_SKIP busy/inflight tag=ADC0-ASY2
[VND] PREPARE_PAIR slot=0
[VND] PREPARE_PAIR slot=0
[VND] TX_SKIP busy/inflight tag=ADC0-ASY2
[VND] PREPARE_PAIR slot=0
[VND] PREPARE_PAIR slot=0
[VND] TX_SKIP busy/inflight tag=ADC0-ASY2
[VND] PREPARE_PAIR slot=0
[VND] PREPARE_PAIR slot=0
[VND] TX_SKIP busy/inflight tag=ADC0-ASY2
[VND] PREPARE_PAIR slot=0
[VND] PREPARE_PAIR slot=0
[VND] TX_SKIP busy/inflight tag=ADC0-ASY2
[VND] PREPARE_PAIR slot=0
[VND] PREPARE_PAIR slot=0
[VND] TX_SKIP busy/inflight tag=ADC0-ASY2
[VND] PREPARE_PAIR slot=0
[VND] PREPARE_PAIR slot=0
[VND] TX_SKIP busy/inflight tag=ADC0-ASY2
[VND] PREPARE_PAIR slot=0
[VND] PREPARE_PAIR slot=0
[VND] TX_SKIP busy/inflight tag=ADC0-ASY2
[VND] PREPARE_PAIR slot=0
[VND] PREPARE_PAIR slot=0
[VND] TX_SKIP busy/inflight tag=ADC0-ASY2
[VND] PREPARE_PAIR slot=0
[VND] PREPARE_PAIR slot=0
[VND] TX_SKIP busy/inflight tag=ADC0-ASY2
[VND] PREPARE_PAIR slot=0
[VND] PREPARE_PAIR slot=0
[VND] TX_SKIP busy/inflight tag=ADC0-ASY2
[VND] PREPARE_PAIR slot=0
[VND] PREPARE_PAIR slot=0
[VND] TX_SKIP busy/inflight tag=ADC0-ASY2
[VND] PREPARE_PAIR slot=0
[VND] PREPARE_PAIR slot=0
[VND] TX_SKIP busy/inflight tag=ADC0-ASY2
[VND] PREPARE_PAIR slot=0
[VND] PREPARE_PAIR slot=0
[VND] TX_SKIP busy/inflight tag=ADC0-ASY2
[VND] PREPARE_PAIR slot=0
[VND] PREPARE_PAIR slot=0
[VND] TX_SKIP busy/inflight tag=ADC0-ASY2
[VND] PREPARE_PAIR slot=0
[VND] PREPARE_PAIR slot=0
[VND] TX_SKIP busy/inflight tag=ADC0-ASY2
[VND] PREPARE_PAIR slot=0
[VND] PREPARE_PAIR slot=0
[VND] TX_SKIP busy/inflight tag=ADC0-ASY2
[VND] PREPARE_PAIR slot=0
[VND] PREPARE_PAIR slot=0
[VND] TX_SKIP busy/inflight tag=ADC0-ASY2
[VND] PREPARE_PAIR slot=0
[VND] PREPARE_PAIR slot=0
[VND] TX_SKIP busy/inflight tag=ADC0-ASY2
[VND] PREPARE_PAIR slot=0
[VND] PREPARE_PAIR slot=0
[VND] TX_SKIP busy/inflight tag=ADC0-ASY2
[VND] PREPARE_PAIR slot=0
[VND] PREPARE_PAIR slot=0
[VND] TX_SKIP busy/inflight tag=ADC0-ASY2
[VND] PREPARE_PAIR slot=0
[VND] PREPARE_PAIR slot=0
[VND] TX_SKIP busy/inflight tag=ADC0-ASY2
[VND] PREPARE_PAIR slot=0
[VND] PREPARE_PAIR slot=0
[VND] TX_SKIP busy/inflight tag=ADC0-ASY2
[VND] PREPARE_PAIR slot=0
[VND] PREPARE_PAIR slot=0
[VND] TX_SKIP busy/inflight tag=ADC0-ASY2
[VND] PREPARE_PAIR slot=0
[VND] PREPARE_PAIR slot=0
[VND] TX_SKIP busy/inflight tag=ADC0-ASY2
[VND] PREPARE_PAIR slot=0
[VND] PREPARE_PAIR slot=0
[VND] TX_SKIP busy/inflight tag=ADC0-ASY2
[VND] PREPARE_PAIR slot=0
[VND] PREPARE_PAIR slot=0
[VND] TX_SKIP busy/inflight tag=ADC0-ASY2
[VND] PREPARE_PAIR slot=0
[VND] PREPARE_PAIR slot=0
[VND] TX_SKIP busy/inflight tag=ADC0-ASY2
[VND] PREPARE_PAIR slot=0
[VND] PREPARE_PAIR slot=0
[VND] TX_SKIP busy/inflight tag=ADC0-ASY2
[VND] PREPARE_PAIR slot=0
[VND] PREPARE_PAIR slot=0
[VND] TX_SKIP busy/inflight tag=ADC0-ASY2
[VND] PREPARE_PAIR slot=0
[VND] PREPARE_PAIR slot=0
[VND] TX_SKIP busy/inflight tag=ADC0-ASY2
[VND] PREPARE_PAIR slot=0
[VND] PREPARE_PAIR slot=0
[VND] TX_SKIP busy/inflight tag=ADC0-ASY2
[VND] PREPARE_PAIR slot=0
[VND] PREPARE_PAIR slot=0
[VND] TX_SKIP busy/inflight tag=ADC0-ASY2
[VND] PREPARE_PAIR slot=0
[VND] PREPARE_PAIR slot=0
[VND] TX_SKIP busy/inflight tag=ADC0-ASY2
[VND] PREPARE_PAIR slot=0
[VND] PREPARE_PAIR slot=0
[VND] TX_SKIP busy/inflight tag=ADC0-ASY2
[VND] PREPARE_PAIR slot=0
[VND] PREPARE_PAIR slot=0
[VND] TX_SKIP busy/inflight tag=ADC0-ASY2
[VND] PREPARE_PAIR slot=0
[VND] PREPARE_PAIR slot=0
[VND] TX_SKIP busy/inflight tag=ADC0-ASY2
[VND] PREPARE_PAIR slot=0
[VND] PREPARE_PAIR slot=0
[VND] TX_SKIP busy/inflight tag=ADC0-ASY2
[VND] PREPARE_PAIR slot=0
[VND] PREPARE_PAIR slot=0
[VND] TX_SKIP busy/inflight tag=ADC0-ASY2
[VND] PREPARE_PAIR slot=0
[VND] PREPARE_PAIR slot=0
[VND] TX_SKIP busy/inflight tag=ADC0-ASY2
[VND] PREPARE_PAIR slot=0
[VND] PREPARE_PAIR slot=0
[VND] TX_SKIP busy/inflight tag=ADC0-ASY2
[VND] PREPARE_PAIR slot=0
[VND] PREPARE_PAIR slot=0
[VND] TX_SKIP busy/inflight tag=ADC0-ASY2
[VND] PREPARE_PAIR slot=0
[VND] PREPARE_PAIR slot=0
[VND] TX_SKIP busy/inflight tag=ADC0-ASY2
[VND] PREPARE_PAIR slot=0
[VND] PREPARE_PAIR slot=0
[VND] TX_SKIP busy/inflight tag=ADC0-ASY2
[VND] PREPARE_PAIR slot=0
[VND] PREPARE_PAIR slot=0
[VND] TX_SKIP busy/inflight tag=ADC0-ASY2
[VND] PREPARE_PAIR slot=0
[VND] PREPARE_PAIR slot=0
[VND] TX_SKIP busy/inflight tag=ADC0-ASY2
[VND] PREPARE_PAIR slot=0
[VND] PREPARE_PAIR slot=0
[VND] TX_SKIP busy/inflight tag=ADC0-ASY2
[VND] PREPARE_PAIR slot=0
[VND] PREPARE_PAIR slot=0
[VND] TX_SKIP busy/inflight tag=ADC0-ASY2
[VND] PREPARE_PAIR slot=0
[VND] PREPARE_PAIR slot=0
[VND] TX_SKIP busy/inflight tag=ADC0-ASY2
[VND] PREPARE_PAIR slot=0
[VND] PREPARE_PAIR slot=0
[VND] TX_SKIP busy/inflight tag=ADC0-ASY2
[VND] PREPARE_PAIR slot=0
[VND] PREPARE_PAIR slot=0
[VND] TX_SKIP busy/inflight tag=ADC0-ASY2
[VND] PREPARE_PAIR slot=0
[VND] PREPARE_PAIR slot=0
[VND] TX_SKIP busy/inflight tag=ADC0-ASY2
[VND] PREPARE_PAIR slot=0
[VND] PREPARE_PAIR slot=0
[VND] TX_SKIP busy/inflight tag=ADC0-ASY2
[VND] PREPARE_PAIR slot=0
[VND] PREPARE_PAIR slot=0
[VND] TX_SKIP busy/inflight tag=ADC0-ASY2
[VND] PREPARE_PAIR slot=0
[VND] PREPARE_PAIR slot=0
[VND] TX_SKIP busy/inflight tag=ADC0-ASY2
[VND] PREPARE_PAIR slot=0
[VND] PREPARE_PAIR slot=0
[VND] TX_SKIP busy/inflight tag=ADC0-ASY2
[VND] PREPARE_PAIR slot=0
[VND] PREPARE_PAIR slot=0
[VND] TX_SKIP busy/inflight tag=ADC0-ASY2
[VND] PREPARE_PAIR slot=0
[VND] PREPARE_PAIR slot=0
[VND] TX_SKIP busy/inflight tag=ADC0-ASY2
[VND] PREPARE_PAIR slot=0
[VND] PREPARE_PAIR slot=0
[VND] TX_SKIP busy/inflight tag=ADC0-ASY2
[VND] PREPARE_PAIR slot=0
[VND] PREPARE_PAIR slot=0
[VND] TX_SKIP busy/inflight tag=ADC0-ASY2
[VND] PREPARE_PAIR slot=0
[VND] PREPARE_PAIR slot=0
[VND] TX_SKIP busy/inflight tag=ADC0-ASY2
[VND] PREPARE_PAIR slot=0
[VND] PREPARE_PAIR slot=0
[VND] TX_SKIP busy/inflight tag=ADC0-ASY2
[VND] PREPARE_PAIR slot=0
[VND] PREPARE_PAIR slot=0
[VND] TX_SKIP busy/inflight tag=ADC0-ASY2
[VND] PREPARE_PAIR slot=0
[VND] PREPARE_PAIR slot=0
[VND] TX_SKIP busy/inflight tag=ADC0-ASY2
[VND] PREPARE_PAIR slot=0
[VND] PREPARE_PAIR slot=0
[VND] TX_SKIP busy/inflight tag=ADC0-ASY2
[VND] PREPARE_PAIR slot=0
[VND] PREPARE_PAIR slot=0
[VND] TX_SKIP busy/inflight tag=ADC0-ASY2
[VND] PREPARE_PAIR slot=0
[VND] PREPARE_PAIR slot=0
[VND] TX_SKIP busy/inflight tag=ADC0-ASY2
[VND] PREPARE_PAIR slot=0
[VND] PREPARE_PAIR slot=0
[VND] TX_SKIP busy/inflight tag=ADC0-ASY2
[VND] PREPARE_PAIR slot=0
[VND] PREPARE_PAIR slot=0
[VND] TX_SKIP busy/inflight tag=ADC0-ASY2
[VND] PREPARE_PAIR slot=0
[VND] PREPARE_PAIR slot=0
[VND] TX_SKIP busy/inflight tag=ADC0-ASY2
[VND] PREPARE_PAIR slot=0
[VND] PREPARE_PAIR slot=0
[VND] TX_SKIP busy/inflight tag=ADC0-ASY2
[VND] PREPARE_PAIR slot=0
[VND] PREPARE_PAIR slot=0
[VND] TX_SKIP busy/inflight tag=ADC0-ASY2
[VND] PREPARE_PAIR slot=0
[VND] PREPARE_PAIR slot=0
[VND] TX_SKIP busy/inflight tag=ADC0-ASY2
[VND] PREPARE_PAIR slot=0
[VND] PREPARE_PAIR slot=0
[VND] TX_SKIP busy/inflight tag=ADC0-ASY2
[VND] PREPARE_PAIR slot=0
[VND] PREPARE_PAIR slot=0
[VND] TX_SKIP busy/inflight tag=ADC0-ASY2
[VND] PREPARE_PAIR slot=0
[VND] PREPARE_PAIR slot=0
[VND] TX_SKIP busy/inflight tag=ADC0-ASY2
[VND] PREPARE_PAIR slot=0
[VND] PREPARE_PAIR slot=0
[VND] TX_SKIP busy/inflight tag=ADC0-ASY2
[VND] PREPARE_PAIR slot=0
[VND] PREPARE_PAIR slot=0
[VND] TX_SKIP busy/inflight tag=ADC0-ASY2
[VND] PREPARE_PAIR slot=0
[VND] PREPARE_PAIR slot=0
[VND] TX_SKIP busy/inflight tag=ADC0-ASY2
[VND] PREPARE_PAIR slot=0
[VND] PREPARE_PAIR slot=0
[VND] TX_SKIP busy/inflight tag=ADC0-ASY2
[VND] PREPARE_PAIR slot=0
[VND] PREPARE_PAIR slot=0
[VND] TX_SKIP busy/inflight tag=ADC0-ASY2
[VND] PREPARE_PAIR slot=0
[VND] PREPARE_PAIR slot=0
[VND] TX_SKIP busy/inflight tag=ADC0-ASY2
[VND] PREPARE_PAIR slot=0
[VND] PREPARE_PAIR slot=0
[VND] TX_SKIP busy/inflight tag=ADC0-ASY2
[VND] PREPARE_PAIR slot=0
[VND] PREPARE_PAIR slot=0
[VND] TX_SKIP busy/inflight tag=ADC0-ASY2
[VND] PREPARE_PAIR slot=0
[VND] PREPARE_PAIR slot=0
[VND] TX_SKIP busy/inflight tag=ADC0-ASY2
[VND] PREPARE_PAIR slot=0
[VND] PREPARE_PAIR slot=0
[VND] TX_SKIP busy/inflight tag=ADC0-ASY2
[VND] PREPARE_PAIR slot=0
[VND] PREPARE_PAIR slot=0
[VND] TX_SKIP busy/inflight tag=ADC0-ASY2
[VND] PREPARE_PAIR slot=0
[VND] PREPARE_PAIR slot=0
[VND] TX_SKIP busy/inflight tag=ADC0-ASY2
[VND] PREPARE_PAIR slot=0
[VND] PREPARE_PAIR slot=0
[VND] TX_SKIP busy/inflight tag=ADC0-ASY2
[VND] PREPARE_PAIR slot=0
[VND] PREPARE_PAIR slot=0
[VND] TX_SKIP busy/inflight tag=ADC0-ASY2
[VND] PREPARE_PAIR slot=0
[VND] PREPARE_PAIR slot=0
[VND] TX_SKIP busy/inflight tag=ADC0-ASY2
[VND] PREPARE_PAIR slot=0
[VND] PREPARE_PAIR slot=0
[VND] TX_SKIP busy/inflight tag=ADC0-ASY2
[VND] PREPARE_PAIR slot=0
[VND] PREPARE_PAIR slot=0
[VND] TX_SKIP busy/inflight tag=ADC0-ASY2
[VND] PREPARE_PAIR slot=0
[VND] PREPARE_PAIR slot=0
[VND] TX_SKIP busy/inflight tag=ADC0-ASY2
[VND] PREPARE_PAIR slot=0
[VND] PREPARE_PAIR slot=0
[VND] TX_SKIP busy/inflight tag=ADC0-ASY2
[VND] PREPARE_PAIR slot=0
[VND] PREPARE_PAIR slot=0
[VND] TX_SKIP busy/inflight tag=ADC0-ASY2
[VND] PREPARE_PAIR slot=0
[VND] PREPARE_PAIR slot=0
[VND] TX_SKIP busy/inflight tag=ADC0-ASY2
[VND] PREPARE_PAIR slot=0
[VND] PREPARE_PAIR slot=0
[VND] TX_SKIP busy/inflight tag=ADC0-ASY2
[VND] PREPARE_PAIR slot=0
[VND] PREPARE_PAIR slot=0
[VND] TX_SKIP busy/inflight tag=ADC0-ASY2
[VND] PREPARE_PAIR slot=0
[VND] PREPARE_PAIR slot=0
[VND] TX_SKIP busy/inflight tag=ADC0-ASY2
[VND] PREPARE_PAIR slot=0
[VND] PREPARE_PAIR slot=0
[VND] TX_SKIP busy/inflight tag=ADC0-ASY2
[VND] PREPARE_PAIR slot=0
[VND] PREPARE_PAIR slot=0
[VND] TX_SKIP busy/inflight tag=ADC0-ASY2
[VND] PREPARE_PAIR slot=0
[VND] PREPARE_PAIR slot=0
[VND] TX_SKIP busy/inflight tag=ADC0-ASY2
[VND] PREPARE_PAIR slot=0
[VND] PREPARE_PAIR slot=0
[VND] TX_SKIP busy/inflight tag=ADC0-ASY2
[VND] PREPARE_PAIR slot=0
[VND] PREPARE_PAIR slot=0
[VND] TX_SKIP busy/inflight tag=ADC0-ASY2
[VND] PREPARE_PAIR slot=0
[VND] PREPARE_PAIR slot=0
[VND] TX_SKIP busy/inflight tag=ADC0-ASY2
[VND] PREPARE_PAIR slot=0
[VND] PREPARE_PAIR slot=0
[VND] TX_SKIP busy/inflight tag=ADC0-ASY2
[VND] PREPARE_PAIR slot=0
[VND] PREPARE_PAIR slot=0
[VND] TX_SKIP busy/inflight tag=ADC0-ASY2
[VND] PREPARE_PAIR slot=0
[VND] PREPARE_PAIR slot=0
[VND] TX_SKIP busy/inflight tag=ADC0-ASY2
[VND] PREPARE_PAIR slot=0
[VND] PREPARE_PAIR slot=0
[VND] TX_SKIP busy/inflight tag=ADC0-ASY2
[VND] PREPARE_PAIR slot=0
[VND] PREPARE_PAIR slot=0
[VND] TX_SKIP busy/inflight tag=ADC0-ASY2
[VND] PREPARE_PAIR slot=0
[VND] PREPARE_PAIR slot=0
[VND] TX_SKIP busy/inflight tag=ADC0-ASY2
[VND] PREPARE_PAIR slot=0
[VND] PREPARE_PAIR slot=0
[VND] TX_SKIP busy/inflight tag=ADC0-ASY2
[VND] PREPARE_PAIR slot=0
[VND] PREPARE_PAIR slot=0
[VND] TX_SKIP busy/inflight tag=ADC0-ASY2
[VND] PREPARE_PAIR slot=0
[VND] PREPARE_PAIR slot=0
[VND] TX_SKIP busy/inflight tag=ADC0-ASY2
[VND] PREPARE_PAIR slot=0
[VND] PREPARE_PAIR slot=0
[VND] TX_SKIP busy/inflight tag=ADC0-ASY2
[VND] PREPARE_PAIR slot=0
[VND] PREPARE_PAIR slot=0
[VND] TX_SKIP busy/inflight tag=ADC0-ASY2
[VND] PREPARE_PAIR slot=0
[VND] PREPARE_PAIR slot=0
[VND] TX_SKIP busy/inflight tag=ADC0-ASY2
[VND] PREPARE_PAIR slot=0
[VND] PREPARE_PAIR slot=0
[VND] TX_SKIP busy/inflight tag=ADC0-ASY2
[VND] PREPARE_PAIR slot=0
[VND] PREPARE_PAIR slot=0
[VND] TX_SKIP busy/inflight tag=ADC0-ASY2
[VND] PREPARE_PAIR slot=0
[VND] PREPARE_PAIR slot=0
[VND] TX_SKIP busy/inflight tag=ADC0-ASY2
[VND] PREPARE_PAIR slot=0
[VND] PREPARE_PAIR slot=0
[VND] TX_SKIP busy/inflight tag=ADC0-ASY2
[VND] PREPARE_PAIR slot=0
[VND] PREPARE_PAIR slot=0
[VND] TX_SKIP busy/inflight tag=ADC0-ASY2
[VND] PREPARE_PAIR slot=0
[VND] PREPARE_PAIR slot=0
[VND] TX_SKIP busy/inflight tag=ADC0-ASY2
[VND] PREPARE_PAIR slot=0
[VND] PREPARE_PAIR slot=0
[VND] TX_SKIP busy/inflight tag=ADC0-ASY2
[VND] PREPARE_PAIR slot=0
[VND] PREPARE_PAIR slot=0
[VND] TX_SKIP busy/inflight tag=ADC0-ASY2
[VND] PREPARE_PAIR slot=0
[VND] PREPARE_PAIR slot=0
[VND] TX_SKIP busy/inflight tag=ADC0-ASY2
[VND] PREPARE_PAIR slot=0
[VND] PREPARE_PAIR slot=0
[VND] TX_SKIP busy/inflight tag=ADC0-ASY2
[VND] PREPARE_PAIR slot=0
[VND] PREPARE_PAIR slot=0
[VND] TX_SKIP busy/inflight tag=ADC0-ASY2
[VND] PREPARE_PAIR slot=0
[VND] PREPARE_PAIR slot=0
[VND] TX_SKIP busy/inflight tag=ADC0-ASY2
[VND] PREPARE_PAIR slot=0
[VND] PREPARE_PAIR slot=0
[VND] TX_SKIP busy/inflight tag=ADC0-ASY2
[VND] PREPARE_PAIR slot=0
[VND] PREPARE_PAIR slot=0
[VND] TX_SKIP busy/inflight tag=ADC0-ASY2
[VND] PREPARE_PAIR slot=0
[VND] PREPARE_PAIR slot=0
[VND] TX_SKIP busy/inflight tag=ADC0-ASY2
[VND] PREPARE_PAIR slot=0
[VND] PREPARE_PAIR slot=0
[VND] TX_SKIP busy/inflight tag=ADC0-ASY2
[VND] PREPARE_PAIR slot=0
[VND] PREPARE_PAIR slot=0
[VND] TX_SKIP busy/inflight tag=ADC0-ASY2
[VND] PREPARE_PAIR slot=0
[VND] PREPARE_PAIR slot=0
[VND] TX_SKIP busy/inflight tag=ADC0-ASY2
[VND] PREPARE_PAIR slot=0
[VND] PREPARE_PAIR slot=0
[VND] TX_SKIP busy/inflight tag=ADC0-ASY2
[VND] PREPARE_PAIR slot=0
[VND] PREPARE_PAIR slot=0
[VND] TX_SKIP busy/inflight tag=ADC0-ASY2
[VND] PREPARE_PAIR slot=0
[VND] PREPARE_PAIR slot=0
[VND] TX_SKIP busy/inflight tag=ADC0-ASY2
[VND] PREPARE_PAIR slot=0
[VND] PREPARE_PAIR slot=0
[VND] TX_SKIP busy/inflight tag=ADC0-ASY2
[VND] PREPARE_PAIR slot=0
[VND] PREPARE_PAIR slot=0
[VND] TX_SKIP busy/inflight tag=ADC0-ASY2
[VND] PREPARE_PAIR slot=0
[VND] PREPARE_PAIR slot=0
[VND] TX_SKIP busy/inflight tag=ADC0-ASY2
[VND] PREPARE_PAIR slot=0
[VND] PREPARE_PAIR slot=0
[VND] TX_SKIP busy/inflight tag=ADC0-ASY2
[VND] PREPARE_PAIR slot=0
[VND] PREPARE_PAIR slot=0
[VND] TX_SKIP busy/inflight tag=ADC0-ASY2
[VND] PREPARE_PAIR slot=0
[VND] PREPARE_PAIR slot=0
[VND] TX_SKIP busy/inflight tag=ADC0-ASY2
[VND] PREPARE_PAIR slot=0
[VND] PREPARE_PAIR slot=0
[VND] TX_SKIP busy/inflight tag=ADC0-ASY2
[VND] PREPARE_PAIR slot=0
[VND] PREPARE_PAIR slot=0
[VND] TX_SKIP busy/inflight tag=ADC0-ASY2
[VND] PREPARE_PAIR slot=0
[VND] PREPARE_PAIR slot=0
[VND] TX_SKIP busy/inflight tag=ADC0-ASY2
[VND] PREPARE_PAIR slot=0
[VND] PREPARE_PAIR slot=0
[VND] TX_SKIP busy/inflight tag=ADC0-ASY2
[VND] PREPARE_PAIR slot=0
[VND] PREPARE_PAIR slot=0
[VND] TX_SKIP busy/inflight tag=ADC0-ASY2
[VND] PREPARE_PAIR slot=0
[VND] PREPARE_PAIR slot=0
[VND] TX_SKIP busy/inflight tag=ADC0-ASY2
[VND] PREPARE_PAIR slot=0
[VND] PREPARE_PAIR slot=0
[VND] TX_SKIP busy/inflight tag=ADC0-ASY2
[VND] PREPARE_PAIR slot=0
[VND] PREPARE_PAIR slot=0
[VND] TX_SKIP busy/inflight tag=ADC0-ASY2
[VND] PREPARE_PAIR slot=0
[VND] PREPARE_PAIR slot=0
[VND] TX_SKIP busy/inflight tag=ADC0-ASY2
[VND] PREPARE_PAIR slot=0
[VND] PREPARE_PAIR slot=0
[VND] TX_SKIP busy/inflight tag=ADC0-ASY2
[VND] PREPARE_PAIR slot=0
[VND] PREPARE_PAIR slot=0
[VND] TX_SKIP busy/inflight tag=ADC0-ASY2
[VND] PREPARE_PAIR slot=0
[VND] PREPARE_PAIR slot=0
[VND] TX_SKIP busy/inflight tag=ADC0-ASY2
[VND] PREPARE_PAIR slot=0
[VND] PREPARE_PAIR slot=0
[VND] TX_SKIP busy/inflight tag=ADC0-ASY2
[VND] PREPARE_PAIR slot=0
[VND] PREPARE_PAIR slot=0
[VND] TX_SKIP busy/inflight tag=ADC0-ASY2
[VND] PREPARE_PAIR slot=0
[VND] PREPARE_PAIR slot=0
[VND] TX_SKIP busy/inflight tag=ADC0-ASY2
[VND] PREPARE_PAIR slot=0
[VND] PREPARE_PAIR slot=0
[VND] TX_SKIP busy/inflight tag=ADC0-ASY2
[VND] PREPARE_PAIR slot=0
[VND] PREPARE_PAIR slot=0
[VND] TX_SKIP busy/inflight tag=ADC0-ASY2
[VND] PREPARE_PAIR slot=0
[VND] PREPARE_PAIR slot=0
[VND] TX_SKIP busy/inflight tag=ADC0-ASY2
[VND] PREPARE_PAIR slot=0
[VND] PREPARE_PAIR slot=0
[VND] TX_SKIP busy/inflight tag=ADC0-ASY2
[VND] PREPARE_PAIR slot=0
[VND] PREPARE_PAIR slot=0
[VND] TX_SKIP busy/inflight tag=ADC0-ASY2
[VND] PREPARE_PAIR slot=0
[VND] PREPARE_PAIR slot=0
[VND] TX_SKIP busy/inflight tag=ADC0-ASY2
[VND] PREPARE_PAIR slot=0
[VND] PREPARE_PAIR slot=0
[VND] TX_SKIP busy/inflight tag=ADC0-ASY2
[VND] PREPARE_PAIR slot=0
[VND] PREPARE_PAIR slot=0
[VND] TX_SKIP busy/inflight tag=ADC0-ASY2
[VND] PREPARE_PAIR slot=0
[VND] PREPARE_PAIR slot=0
[VND] TX_SKIP busy/inflight tag=ADC0-ASY2
[VND] PREPARE_PAIR slot=0
[VND] PREPARE_PAIR slot=0
[VND] TX_SKIP busy/inflight tag=ADC0-ASY2
[VND] PREPARE_PAIR slot=0
[VND] PREPARE_PAIR slot=0
[VND] TX_SKIP busy/inflight tag=ADC0-ASY2
[VND] PREPARE_PAIR slot=0
[VND] PREPARE_PAIR slot=0
[VND] TX_SKIP busy/inflight tag=ADC0-ASY2
[VND] PREPARE_PAIR slot=0
[VND] PREPARE_PAIR slot=0
[VND] TX_SKIP busy/inflight tag=ADC0-ASY2
[VND] PREPARE_PAIR slot=0
[VND] PREPARE_PAIR slot=0
[VND] TX_SKIP busy/inflight tag=ADC0-ASY2
[VND] PREPARE_PAIR slot=0
[VND] PREPARE_PAIR slot=0
[VND] TX_SKIP busy/inflight tag=ADC0-ASY2
[VND] PREPARE_PAIR slot=0
[VND] PREPARE_PAIR slot=0
[VND] TX_SKIP busy/inflight tag=ADC0-ASY2
[VND] PREPARE_PAIR slot=0
[VND] PREPARE_PAIR slot=0
[VND] TX_SKIP busy/inflight tag=ADC0-ASY2
[VND] PREPARE_PAIR slot=0
[VND] PREPARE_PAIR slot=0
[VND] TX_SKIP busy/inflight tag=ADC0-ASY2
[VND] PREPARE_PAIR slot=0
[VND] PREPARE_PAIR slot=0
[VND] TX_SKIP busy/inflight tag=ADC0-ASY2
[VND] PREPARE_PAIR slot=0
[VND] PREPARE_PAIR slot=0
[VND] TX_SKIP busy/inflight tag=ADC0-ASY2
[VND] PREPARE_PAIR slot=0
[VND] PREPARE_PAIR slot=0
[VND] TX_SKIP busy/inflight tag=ADC0-ASY2
[VND] PREPARE_PAIR slot=0
[VND] PREPARE_PAIR slot=0
[VND] TX_SKIP busy/inflight tag=ADC0-ASY2
[VND] PREPARE_PAIR slot=0
[VND] PREPARE_PAIR slot=0
[VND] TX_SKIP busy/inflight tag=ADC0-ASY2
[VND] PREPARE_PAIR slot=0
[VND] PREPARE_PAIR slot=0
[VND] TX_SKIP busy/inflight tag=ADC0-ASY2
[VND] PREPARE_PAIR slot=0
[VND] PREPARE_PAIR slot=0
[VND] TX_SKIP busy/inflight tag=ADC0-ASY2
[VND] PREPARE_PAIR slot=0
[VND] PREPARE_PAIR slot=0
[VND] TX_SKIP busy/inflight tag=ADC0-ASY2
[VND] PREPARE_PAIR slot=0
[VND] PREPARE_PAIR slot=0
[VND] TX_SKIP busy/inflight tag=ADC0-ASY2
[VND] PREPARE_PAIR slot=0
[VND] PREPARE_PAIR slot=0
[VND] TX_SKIP busy/inflight tag=ADC0-ASY2
[VND] PREPARE_PAIR slot=0
[VND] PREPARE_PAIR slot=0
[VND] TX_SKIP busy/inflight tag=ADC0-ASY2
[VND] PREPARE_PAIR slot=0
[VND] PREPARE_PAIR slot=0
[VND] TX_SKIP busy/inflight tag=ADC0-ASY2
[VND] PREPARE_PAIR slot=0
[VND] PREPARE_PAIR slot=0
[VND] TX_SKIP busy/inflight tag=ADC0-ASY2
[VND] PREPARE_PAIR slot=0
[VND] PREPARE_PAIR slot=0
[VND] TX_SKIP busy/inflight tag=ADC0-ASY2
[VND] PREPARE_PAIR slot=0
[VND] PREPARE_PAIR slot=0
[VND] TX_SKIP busy/inflight tag=ADC0-ASY2
[VND] PREPARE_PAIR slot=0
[VND] PREPARE_PAIR slot=0
[VND] TX_SKIP busy/inflight tag=ADC0-ASY2
[VND] PREPARE_PAIR slot=0
[VND] PREPARE_PAIR slot=0
[VND] TX_SKIP busy/inflight tag=ADC0-ASY2
[VND] PREPARE_PAIR slot=0
[VND] PREPARE_PAIR slot=0
[VND] TX_SKIP busy/inflight tag=ADC0-ASY2
[VND] PREPARE_PAIR slot=0
[VND] PREPARE_PAIR slot=0
[VND] TX_SKIP busy/inflight tag=ADC0-ASY2
[VND] PREPARE_PAIR slot=0
[VND] PREPARE_PAIR slot=0
[VND] TX_SKIP busy/inflight tag=ADC0-ASY2
[VND] PREPARE_PAIR slot=0
[VND] PREPARE_PAIR slot=0
[VND] TX_SKIP busy/inflight tag=ADC0-ASY2
[VND] PREPARE_PAIR slot=0
[VND] PREPARE_PAIR slot=0
[VND] TX_SKIP busy/inflight tag=ADC0-ASY2
[VND] PREPARE_PAIR slot=0
[VND] PREPARE_PAIR slot=0
[VND] TX_SKIP busy/inflight tag=ADC0-ASY2
[VND] PREPARE_PAIR slot=0
[VND] PREPARE_PAIR slot=0
[VND] TX_SKIP busy/inflight tag=ADC0-ASY2
[VND] PREPARE_PAIR slot=0
[VND] PREPARE_PAIR slot=0
[VND] TX_SKIP busy/inflight tag=ADC0-ASY2
[VND] PREPARE_PAIR slot=0
[VND] PREPARE_PAIR slot=0
[VND] TX_SKIP busy/inflight tag=ADC0-ASY2
[VND] PREPARE_PAIR slot=0
[VND] PREPARE_PAIR slot=0
[VND] TX_SKIP busy/inflight tag=ADC0-ASY2
[VND] PREPARE_PAIR slot=0
[VND] PREPARE_PAIR slot=0
[VND] TX_SKIP busy/inflight tag=ADC0-ASY2
[VND] PREPARE_PAIR slot=0
[VND] PREPARE_PAIR slot=0
[VND] TX_SKIP busy/inflight tag=ADC0-ASY2
[VND] PREPARE_PAIR slot=0
[VND] PREPARE_PAIR slot=0
[VND] TX_SKIP busy/inflight tag=ADC0-ASY2
[VND] PREPARE_PAIR slot=0
[VND] PREPARE_PAIR slot=0
[VND] TX_SKIP busy/inflight tag=ADC0-ASY2
[VND] PREPARE_PAIR slot=0
[VND] PREPARE_PAIR slot=0
[VND] TX_SKIP busy/inflight tag=ADC0-ASY2
[VND] PREPARE_PAIR slot=0
[VND] PREPARE_PAIR slot=0
[VND] TX_SKIP busy/inflight tag=ADC0-ASY2
[VND] PREPARE_PAIR slot=0
[VND] PREPARE_PAIR slot=0
[VND] TX_SKIP busy/inflight tag=ADC0-ASY2
[VND] PREPARE_PAIR slot=0
[VND] PREPARE_PAIR slot=0
[VND] TX_SKIP busy/inflight tag=ADC0-ASY2
[VND] PREPARE_PAIR slot=0
[VND] PREPARE_PAIR slot=0
[VND] TX_SKIP busy/inflight tag=ADC0-ASY2
[VND] PREPARE_PAIR slot=0
[VND] PREPARE_PAIR slot=0
[VND] TX_SKIP busy/inflight tag=ADC0-ASY2
[VND] PREPARE_PAIR slot=0
[VND] PREPARE_PAIR slot=0
[VND] TX_SKIP busy/inflight tag=ADC0-ASY2
[VND] PREPARE_PAIR slot=0
[VND] PREPARE_PAIR slot=0
[VND] TX_SKIP busy/inflight tag=ADC0-ASY2
[VND] PREPARE_PAIR slot=0
[VND] PREPARE_PAIR slot=0
[VND] TX_SKIP busy/inflight tag=ADC0-ASY2
[VND] PREPARE_PAIR slot=0
[VND] PREPARE_PAIR slot=0
[VND] TX_SKIP busy/inflight tag=ADC0-ASY2
[VND] PREPARE_PAIR slot=0
[VND] PREPARE_PAIR slot=0
[VND] TX_SKIP busy/inflight tag=ADC0-ASY2
[VND] PREPARE_PAIR slot=0
[VND] PREPARE_PAIR slot=0
[VND] TX_SKIP busy/inflight tag=ADC0-ASY2
[VND] PREPARE_PAIR slot=0
[VND] PREPARE_PAIR slot=0
[VND] TX_SKIP busy/inflight tag=ADC0-ASY2
[VND] PREPARE_PAIR slot=0
[VND] PREPARE_PAIR slot=0
[VND] TX_SKIP busy/inflight tag=ADC0-ASY2
[VND] PREPARE_PAIR slot=0
[VND] PREPARE_PAIR slot=0
[VND] TX_SKIP busy/inflight tag=ADC0-ASY2
[VND] PREPARE_PAIR slot=0
[VND] PREPARE_PAIR slot=0
[VND] TX_SKIP busy/inflight tag=ADC0-ASY2
[VND] PREPARE_PAIR slot=0
[VND] PREPARE_PAIR slot=0
[VND] TX_SKIP busy/inflight tag=ADC0-ASY2
[VND] PREPARE_PAIR slot=0
[VND] PREPARE_PAIR slot=0
[VND] TX_SKIP busy/inflight tag=ADC0-ASY2
[VND] PREPARE_PAIR slot=0
[VND] PREPARE_PAIR slot=0
[VND] TX_SKIP busy/inflight tag=ADC0-ASY2
[VND] PREPARE_PAIR slot=0
[VND] PREPARE_PAIR slot=0
[VND] TX_SKIP busy/inflight tag=ADC0-ASY2
[VND] PREPARE_PAIR slot=0
[VND] PREPARE_PAIR slot=0
[VND] TX_SKIP busy/inflight tag=ADC0-ASY2
[VND] PREPARE_PAIR slot=0
[VND] PREPARE_PAIR slot=0
[VND] TX_SKIP busy/inflight tag=ADC0-ASY2
[VND] PREPARE_PAIR slot=0
[VND] PREPARE_PAIR slot=0
[VND] TX_SKIP busy/inflight tag=ADC0-ASY2
[VND] PREPARE_PAIR slot=0
[VND] PREPARE_PAIR slot=0
[VND] TX_SKIP busy/inflight tag=ADC0-ASY2
[VND] PREPARE_PAIR slot=0
[VND] PREPARE_PAIR slot=0
[VND] TX_SKIP busy/inflight tag=ADC0-ASY2
[VND] PREPARE_PAIR slot=0
[VND] PREPARE_PAIR slot=0
[VND] TX_SKIP busy/inflight tag=ADC0-ASY2
[VND] PREPARE_PAIR slot=0
[VND] PREPARE_PAIR slot=0
[VND] TX_SKIP busy/inflight tag=ADC0-ASY2
[VND] PREPARE_PAIR slot=0
[VND] PREPARE_PAIR slot=0
[VND] TX_SKIP busy/inflight tag=ADC0-ASY2
[VND] PREPARE_PAIR slot=0
[VND] PREPARE_PAIR slot=0
[VND] TX_SKIP busy/inflight tag=ADC0-ASY2
[VND] PREPARE_PAIR slot=0
[VND] PREPARE_PAIR slot=0
[VND] TX_SKIP busy/inflight tag=ADC0-ASY2
[VND] PREPARE_PAIR slot=0
[VND] PREPARE_PAIR slot=0
[VND] TX_SKIP busy/inflight tag=ADC0-ASY2
[VND] PREPARE_PAIR slot=0
[VND] PREPARE_PAIR slot=0
[VND] TX_SKIP busy/inflight tag=ADC0-ASY2
[VND] PREPARE_PAIR slot=0
[VND] PREPARE_PAIR slot=0
[VND] TX_SKIP busy/inflight tag=ADC0-ASY2
[VND] PREPARE_PAIR slot=0
[VND] PREPARE_PAIR slot=0
[VND] TX_SKIP busy/inflight tag=ADC0-ASY2
[VND] PREPARE_PAIR slot=0
[VND] PREPARE_PAIR slot=0
[VND] TX_SKIP busy/inflight tag=ADC0-ASY2
[VND] PREPARE_PAIR slot=0
[VND] PREPARE_PAIR slot=0
[VND] TX_SKIP busy/inflight tag=ADC0-ASY2
[VND] PREPARE_PAIR slot=0
[VND] PREPARE_PAIR slot=0
[VND] TX_SKIP busy/inflight tag=ADC0-ASY2
[VND] PREPARE_PAIR slot=0
[VND] PREPARE_PAIR slot=0
[VND] TX_SKIP busy/inflight tag=ADC0-ASY2
[VND] PREPARE_PAIR slot=0
[VND] PREPARE_PAIR slot=0
[VND] TX_SKIP busy/inflight tag=ADC0-ASY2
[VND] PREPARE_PAIR slot=0
[VND] PREPARE_PAIR slot=0
[VND] TX_SKIP busy/inflight tag=ADC0-ASY2
[VND] PREPARE_PAIR slot=0
[VND] PREPARE_PAIR slot=0
[VND] TX_SKIP busy/inflight tag=ADC0-ASY2
[VND] PREPARE_PAIR slot=0
[VND] PREPARE_PAIR slot=0
[VND] TX_SKIP busy/inflight tag=ADC0-ASY2
[VND] PREPARE_PAIR slot=0
[VND] PREPARE_PAIR slot=0
[VND] TX_SKIP busy/inflight tag=ADC0-ASY2
[VND] PREPARE_PAIR slot=0
[VND] PREPARE_PAIR slot=0
[VND] TX_SKIP busy/inflight tag=ADC0-ASY2
[VND] PREPARE_PAIR slot=0
[VND] PREPARE_PAIR slot=0
[VND] TX_SKIP busy/inflight tag=ADC0-ASY2
[VND] PREPARE_PAIR slot=0
[VND] PREPARE_PAIR slot=0
[VND] TX_SKIP busy/inflight tag=ADC0-ASY2
[VND] PREPARE_PAIR slot=0
[VND] PREPARE_PAIR slot=0
[VND] TX_SKIP busy/inflight tag=ADC0-ASY2
[VND] PREPARE_PAIR slot=0
[VND] PREPARE_PAIR slot=0
[VND] TX_SKIP busy/inflight tag=ADC0-ASY2
[VND] PREPARE_PAIR slot=0
[VND] PREPARE_PAIR slot=0
[VND] TX_SKIP busy/inflight tag=ADC0-ASY2
[VND] PREPARE_PAIR slot=0
[VND] PREPARE_PAIR slot=0
[VND] TX_SKIP busy/inflight tag=ADC0-ASY2
[VND] PREPARE_PAIR slot=0
[VND] PREPARE_PAIR slot=0
[VND] TX_SKIP busy/inflight tag=ADC0-ASY2
[VND] PREPARE_PAIR slot=0
[VND] PREPARE_PAIR slot=0
[VND] TX_SKIP busy/inflight tag=ADC0-ASY2
[VND] PREPARE_PAIR slot=0
[VND] PREPARE_PAIR slot=0
[VND] TX_SKIP busy/inflight tag=ADC0-ASY2
[VND] PREPARE_PAIR slot=0
[VND] PREPARE_PAIR slot=0
[VND] TX_SKIP busy/inflight tag=ADC0-ASY2
[VND] PREPARE_PAIR slot=0
[VND] PREPARE_PAIR slot=0
[VND] TX_SKIP busy/inflight tag=ADC0-ASY2
[VND] PREPARE_PAIR slot=0
[VND] PREPARE_PAIR slot=0
[VND] TX_SKIP busy/inflight tag=ADC0-ASY2
[VND] PREPARE_PAIR slot=0
[VND] PREPARE_PAIR slot=0
[VND] TX_SKIP busy/inflight tag=ADC0-ASY2
[VND] PREPARE_PAIR slot=0
[VND] PREPARE_PAIR slot=0
[VND] TX_SKIP busy/inflight tag=ADC0-ASY2
[VND] PREPARE_PAIR slot=0
[VND] PREPARE_PAIR slot=0
[VND] TX_SKIP busy/inflight tag=ADC0-ASY2
[VND] PREPARE_PAIR slot=0
[VND] PREPARE_PAIR slot=0
[VND] TX_SKIP busy/inflight tag=ADC0-ASY2
[VND] PREPARE_PAIR slot=0
[VND] PREPARE_PAIR slot=0
[VND] TX_SKIP busy/inflight tag=ADC0-ASY2
[VND] PREPARE_PAIR slot=0
[VND] PREPARE_PAIR slot=0
[VND] TX_SKIP busy/inflight tag=ADC0-ASY2
[VND] PREPARE_PAIR slot=0
[VND] PREPARE_PAIR slot=0
[VND] TX_SKIP busy/inflight tag=ADC0-ASY2
[VND] PREPARE_PAIR slot=0
[VND] PREPARE_PAIR slot=0
[VND] TX_SKIP busy/inflight tag=ADC0-ASY2
[VND] PREPARE_PAIR slot=0
[VND] PREPARE_PAIR slot=0
[VND] TX_SKIP busy/inflight tag=ADC0-ASY2
[VND] PREPARE_PAIR slot=0
[VND] PREPARE_PAIR slot=0
[VND] TX_SKIP busy/inflight tag=ADC0-ASY2
[VND] PREPARE_PAIR slot=0
[VND] PREPARE_PAIR slot=0
[VND] TX_SKIP busy/inflight tag=ADC0-ASY2
[VND] PREPARE_PAIR slot=0
[VND] PREPARE_PAIR slot=0
[VND] TX_SKIP busy/inflight tag=ADC0-ASY2
[VND] PREPARE_PAIR slot=0
[VND] PREPARE_PAIR slot=0
[VND] TX_SKIP busy/inflight tag=ADC0-ASY2
[VND] PREPARE_PAIR slot=0
[VND] PREPARE_PAIR slot=0
[VND] TX_SKIP busy/inflight tag=ADC0-ASY2
[VND] PREPARE_PAIR slot=0
[VND] PREPARE_PAIR slot=0
[VND] TX_SKIP busy/inflight tag=ADC0-ASY2
[VND] PREPARE_PAIR slot=0
[VND] PREPARE_PAIR slot=0
[VND] TX_SKIP busy/inflight tag=ADC0-ASY2
[VND] PREPARE_PAIR slot=0
[VND] PREPARE_PAIR slot=0
[VND] TX_SKIP busy/inflight tag=ADC0-ASY2
[VND] PREPARE_PAIR slot=0
[VND] PREPARE_PAIR slot=0
[VND] TX_SKIP busy/inflight tag=ADC0-ASY2
[VND] PREPARE_PAIR slot=0
[VND] PREPARE_PAIR slot=0
[VND] TX_SKIP busy/inflight tag=ADC0-ASY2
[VND] PREPARE_PAIR slot=0
[VND] PREPARE_PAIR slot=0
[VND] TX_SKIP busy/inflight tag=ADC0-ASY2
[VND] PREPARE_PAIR slot=0
[VND] PREPARE_PAIR slot=0
[VND] TX_SKIP busy/inflight tag=ADC0-ASY2
[VND] PREPARE_PAIR slot=0
[VND] PREPARE_PAIR slot=0
[VND] TX_SKIP busy/inflight tag=ADC0-ASY2
[VND] PREPARE_PAIR slot=0
[VND] PREPARE_PAIR slot=0
[VND] TX_SKIP busy/inflight tag=ADC0-ASY2
[VND] PREPARE_PAIR slot=0
[VND] PREPARE_PAIR slot=0
[VND] TX_SKIP busy/inflight tag=ADC0-ASY2
[VND] PREPARE_PAIR slot=0
[VND] PREPARE_PAIR slot=0
[VND] TX_SKIP busy/inflight tag=ADC0-ASY2
[VND] PREPARE_PAIR slot=0
[VND] PREPARE_PAIR slot=0
[VND] TX_SKIP busy/inflight tag=ADC0-ASY2
[VND] PREPARE_PAIR slot=0
[VND] PREPARE_PAIR slot=0
[VND] TX_SKIP busy/inflight tag=ADC0-ASY2
[VND] PREPARE_PAIR slot=0
[VND] PREPARE_PAIR slot=0
[VND] TX_SKIP busy/inflight tag=ADC0-ASY2
[VND] PREPARE_PAIR slot=0
[VND] PREPARE_PAIR slot=0
[VND] TX_SKIP busy/inflight tag=ADC0-ASY2
[VND] PREPARE_PAIR slot=0
[VND] PREPARE_PAIR slot=0
[VND] TX_SKIP busy/inflight tag=ADC0-ASY2
[VND] PREPARE_PAIR slot=0
[VND] PREPARE_PAIR slot=0
[VND] TX_SKIP busy/inflight tag=ADC0-ASY2
[VND] PREPARE_PAIR slot=0
[VND] PREPARE_PAIR slot=0
[VND] TX_SKIP busy/inflight tag=ADC0-ASY2
[VND] PREPARE_PAIR slot=0
[VND] PREPARE_PAIR slot=0
[VND] TX_SKIP busy/inflight tag=ADC0-ASY2
[VND] PREPARE_PAIR slot=0
[VND] PREPARE_PAIR slot=0
[VND] TX_SKIP busy/inflight tag=ADC0-ASY2
[VND] PREPARE_PAIR slot=0
[VND] PREPARE_PAIR slot=0
[VND] TX_SKIP busy/inflight tag=ADC0-ASY2
[VND] PREPARE_PAIR slot=0
[VND] PREPARE_PAIR slot=0
[VND] TX_SKIP busy/inflight tag=ADC0-ASY2
[VND] PREPARE_PAIR slot=0
[VND] PREPARE_PAIR slot=0
[VND] TX_SKIP busy/inflight tag=ADC0-ASY2
[VND] PREPARE_PAIR slot=0
[VND] PREPARE_PAIR slot=0
[VND] TX_SKIP busy/inflight tag=ADC0-ASY2
[VND] PREPARE_PAIR slot=0
[VND] PREPARE_PAIR slot=0
[VND] TX_SKIP busy/inflight tag=ADC0-ASY2
[VND] PREPARE_PAIR slot=0
[VND] PREPARE_PAIR slot=0
[VND] TX_SKIP busy/inflight tag=ADC0-ASY2
[VND] PREPARE_PAIR slot=0
[VND] PREPARE_PAIR slot=0
[VND] TX_SKIP busy/inflight tag=ADC0-ASY2
[VND] PREPARE_PAIR slot=0
[VND] PREPARE_PAIR slot=0
[VND] TX_SKIP busy/inflight tag=ADC0-ASY2
[VND] PREPARE_PAIR slot=0
[VND] PREPARE_PAIR slot=0
[VND] TX_SKIP busy/inflight tag=ADC0-ASY2
[VND] PREPARE_PAIR slot=0
[VND] PREPARE_PAIR slot=0
[VND] TX_SKIP busy/inflight tag=ADC0-ASY2
[VND] PREPARE_PAIR slot=0
[VND] PREPARE_PAIR slot=0
[VND] TX_SKIP busy/inflight tag=ADC0-ASY2
[VND] PREPARE_PAIR slot=0
[VND] PREPARE_PAIR slot=0
[VND] TX_SKIP busy/inflight tag=ADC0-ASY2
[VND] PREPARE_PAIR slot=0
[VND] PREPARE_PAIR slot=0
[VND] TX_SKIP busy/inflight tag=ADC0-ASY2
[VND] PREPARE_PAIR slot=0
[VND] PREPARE_PAIR slot=0
[VND] TX_SKIP busy/inflight tag=ADC0-ASY2
[VND] PREPARE_PAIR slot=0
[VND] PREPARE_PAIR slot=0
[VND] TX_SKIP busy/inflight tag=ADC0-ASY2
[VND] PREPARE_PAIR slot=0
[VND] PREPARE_PAIR slot=0
[VND] TX_SKIP busy/inflight tag=ADC0-ASY2
[VND] PREPARE_PAIR slot=0
[VND] PREPARE_PAIR slot=0
[VND] TX_SKIP busy/inflight tag=ADC0-ASY2
[VND] PREPARE_PAIR slot=0
[VND] PREPARE_PAIR slot=0
[VND] TX_SKIP busy/inflight tag=ADC0-ASY2
[VND] PREPARE_PAIR slot=0
[VND] PREPARE_PAIR slot=0
[VND] TX_SKIP busy/inflight tag=ADC0-ASY2
[VND] PREPARE_PAIR slot=0
[VND] PREPARE_PAIR slot=0
[VND] TX_SKIP busy/inflight tag=ADC0-ASY2
[VND] PREPARE_PAIR slot=0
[VND] PREPARE_PAIR slot=0
[VND] TX_SKIP busy/inflight tag=ADC0-ASY2
[VND] PREPARE_PAIR slot=0
[VND] PREPARE_PAIR slot=0
[VND] TX_SKIP busy/inflight tag=ADC0-ASY2
[VND] PREPARE_PAIR slot=0
[VND] PREPARE_PAIR slot=0
[VND] TX_SKIP busy/inflight tag=ADC0-ASY2
[VND] PREPARE_PAIR slot=0
[VND] PREPARE_PAIR slot=0
[VND] TX_SKIP busy/inflight tag=ADC0-ASY2
[VND] PREPARE_PAIR slot=0
[VND] PREPARE_PAIR slot=0
[VND] TX_SKIP busy/inflight tag=ADC0-ASY2
[VND] PREPARE_PAIR slot=0
[VND] PREPARE_PAIR slot=0
[VND] TX_SKIP busy/inflight tag=ADC0-ASY2
[VND] PREPARE_PAIR slot=0
[VND] PREPARE_PAIR slot=0
[VND] TX_SKIP busy/inflight tag=ADC0-ASY2
[VND] PREPARE_PAIR slot=0
[VND] PREPARE_PAIR slot=0
[VND] TX_SKIP busy/inflight tag=ADC0-ASY2
[VND] PREPARE_PAIR slot=0
[VND] PREPARE_PAIR slot=0
[VND] TX_SKIP busy/inflight tag=ADC0-ASY2
[VND] PREPARE_PAIR slot=0
[VND] PREPARE_PAIR slot=0
[VND] TX_SKIP busy/inflight tag=ADC0-ASY2
[VND] PREPARE_PAIR slot=0
[VND] PREPARE_PAIR slot=0
[VND] TX_SKIP busy/inflight tag=ADC0-ASY2
[VND] PREPARE_PAIR slot=0
[VND] PREPARE_PAIR slot=0
[VND] TX_SKIP busy/inflight tag=ADC0-ASY2
[VND] PREPARE_PAIR slot=0
[VND] PREPARE_PAIR slot=0
[VND] TX_SKIP busy/inflight tag=ADC0-ASY2
[VND] PREPARE_PAIR slot=0
[VND] PREPARE_PAIR slot=0
[VND] TX_SKIP busy/inflight tag=ADC0-ASY2
[VND] PREPARE_PAIR slot=0
[VND] PREPARE_PAIR slot=0
[VND] TX_SKIP busy/inflight tag=ADC0-ASY2
[VND] PREPARE_PAIR slot=0
[VND] PREPARE_PAIR slot=0
[VND] TX_SKIP busy/inflight tag=ADC0-ASY2
[VND] PREPARE_PAIR slot=0
[VND] PREPARE_PAIR slot=0
[VND] TX_SKIP busy/inflight tag=ADC0-ASY2
[VND] PREPARE_PAIR slot=0
[VND] PREPARE_PAIR slot=0
[VND] TX_SKIP busy/inflight tag=ADC0-ASY2
[VND] PREPARE_PAIR slot=0
[VND] PREPARE_PAIR slot=0
[VND] TX_SKIP busy/inflight tag=ADC0-ASY2
[VND] PREPARE_PAIR slot=0
[VND] PREPARE_PAIR slot=0
[VND] TX_SKIP busy/inflight tag=ADC0-ASY2
[VND] PREPARE_PAIR slot=0
[VND] PREPARE_PAIR slot=0
[VND] TX_SKIP busy/inflight tag=ADC0-ASY2
[VND] PREPARE_PAIR slot=0
[VND] PREPARE_PAIR slot=0
[VND] TX_SKIP busy/inflight tag=ADC0-ASY2
[VND] PREPARE_PAIR slot=0
[VND] PREPARE_PAIR slot=0
[VND] TX_SKIP busy/inflight tag=ADC0-ASY2
[VND] PREPARE_PAIR slot=0
[VND] PREPARE_PAIR slot=0
[VND] TX_SKIP busy/inflight tag=ADC0-ASY2
[VND] PREPARE_PAIR slot=0
[VND] PREPARE_PAIR slot=0
[VND] TX_SKIP busy/inflight tag=ADC0-ASY2
[VND] PREPARE_PAIR slot=0
[VND] PREPARE_PAIR slot=0
[VND] TX_SKIP busy/inflight tag=ADC0-ASY2
[VND] PREPARE_PAIR slot=0
[VND] PREPARE_PAIR slot=0
[VND] TX_SKIP busy/inflight tag=ADC0-ASY2
[VND] PREPARE_PAIR slot=0
[VND] PREPARE_PAIR slot=0
[VND] TX_SKIP busy/inflight tag=ADC0-ASY2
[VND] PREPARE_PAIR slot=0
[VND] PREPARE_PAIR slot=0
[VND] TX_SKIP busy/inflight tag=ADC0-ASY2
[VND] PREPARE_PAIR slot=0
[VND] PREPARE_PAIR slot=0
[VND] TX_SKIP busy/inflight tag=ADC0-ASY2
[VND] PREPARE_PAIR slot=0
[VND] PREPARE_PAIR slot=0
[VND] TX_SKIP busy/inflight tag=ADC0-ASY2
[VND] PREPARE_PAIR slot=0
[VND] PREPARE_PAIR slot=0
[VND] TX_SKIP busy/inflight tag=ADC0-ASY2
[VND] PREPARE_PAIR slot=0
[VND] PREPARE_PAIR slot=0
[VND] TX_SKIP busy/inflight tag=ADC0-ASY2
[VND] PREPARE_PAIR slot=0
[VND] PREPARE_PAIR slot=0
[VND] TX_SKIP busy/inflight tag=ADC0-ASY2
[VND] PREPARE_PAIR slot=0
[VND] PREPARE_PAIR slot=0
[VND] TX_SKIP busy/inflight tag=ADC0-ASY2
[VND] PREPARE_PAIR slot=0
[VND] PREPARE_PAIR slot=0
[VND] TX_SKIP busy/inflight tag=ADC0-ASY2
[VND] PREPARE_PAIR slot=0
[VND] PREPARE_PAIR slot=0
[VND] TX_SKIP busy/inflight tag=ADC0-ASY2
[VND] PREPARE_PAIR slot=0
[VND] PREPARE_PAIR slot=0
[VND] TX_SKIP busy/inflight tag=ADC0-ASY2
[VND] PREPARE_PAIR slot=0
[VND] PREPARE_PAIR slot=0
[VND] TX_SKIP busy/inflight tag=ADC0-ASY2
[VND] PREPARE_PAIR slot=0
[VND] PREPARE_PAIR slot=0
[VND] TX_SKIP busy/inflight tag=ADC0-ASY2
[VND] PREPARE_PAIR slot=0
[VND] PREPARE_PAIR slot=0
[VND] TX_SKIP busy/inflight tag=ADC0-ASY2
[VND] PREPARE_PAIR slot=0
[VND] PREPARE_PAIR slot=0
[VND] TX_SKIP busy/inflight tag=ADC0-ASY2
[VND] PREPARE_PAIR slot=0
[VND] PREPARE_PAIR slot=0
[VND] TX_SKIP busy/inflight tag=ADC0-ASY2
[VND] PREPARE_PAIR slot=0
[VND] PREPARE_PAIR slot=0
[VND] TX_SKIP busy/inflight tag=ADC0-ASY2
[VND] PREPARE_PAIR slot=0
[VND] PREPARE_PAIR slot=0
[VND] TX_SKIP busy/inflight tag=ADC0-ASY2
[VND] PREPARE_PAIR slot=0
[VND] PREPARE_PAIR slot=0
[VND] TX_SKIP busy/inflight tag=ADC0-ASY2
[VND] PREPARE_PAIR slot=0
[VND] PREPARE_PAIR slot=0
[VND] TX_SKIP busy/inflight tag=ADC0-ASY2
[VND] PREPARE_PAIR slot=0
[VND] PREPARE_PAIR slot=0
[VND] TX_SKIP busy/inflight tag=ADC0-ASY2
[VND] PREPARE_PAIR slot=0
[VND] PREPARE_PAIR slot=0
[VND] TX_SKIP busy/inflight tag=ADC0-ASY2
[VND] PREPARE_PAIR slot=0
[VND] PREPARE_PAIR slot=0
[VND] TX_SKIP busy/inflight tag=ADC0-ASY2
[VND] PREPARE_PAIR slot=0
[VND] PREPARE_PAIR slot=0
[VND] TX_SKIP busy/inflight tag=ADC0-ASY2
[VND] PREPARE_PAIR slot=0
[VND] PREPARE_PAIR slot=0
[VND] TX_SKIP busy/inflight tag=ADC0-ASY2
[VND] PREPARE_PAIR slot=0
[VND] PREPARE_PAIR slot=0
[VND] TX_SKIP busy/inflight tag=ADC0-ASY2
[VND] PREPARE_PAIR slot=0
[VND] PREPARE_PAIR slot=0
[VND] TX_SKIP busy/inflight tag=ADC0-ASY2
[VND] PREPARE_PAIR slot=0
[VND] PREPARE_PAIR slot=0
[VND] TX_SKIP busy/inflight tag=ADC0-ASY2
[VND] PREPARE_PAIR slot=0
[VND] PREPARE_PAIR slot=0
[VND] TX_SKIP busy/inflight tag=ADC0-ASY2
[VND] PREPARE_PAIR slot=0
[VND] PREPARE_PAIR slot=0
[VND] TX_SKIP busy/inflight tag=ADC0-ASY2
[VND] PREPARE_PAIR slot=0
[VND] PREPARE_PAIR slot=0
[VND] TX_SKIP busy/inflight tag=ADC0-ASY2
[VND] PREPARE_PAIR slot=0
[VND] PREPARE_PAIR slot=0
[VND] TX_SKIP busy/inflight tag=ADC0-ASY2
[VND] PREPARE_PAIR slot=0
[VND] PREPARE_PAIR slot=0
[VND] TX_SKIP busy/inflight tag=ADC0-ASY2
[VND] PREPARE_PAIR slot=0
[VND] PREPARE_PAIR slot=0
[VND] TX_SKIP busy/inflight tag=ADC0-ASY2
[VND] PREPARE_PAIR slot=0
[VND] PREPARE_PAIR slot=0
[VND] TX_SKIP busy/inflight tag=ADC0-ASY2
[VND] PREPARE_PAIR slot=0
[VND] PREPARE_PAIR slot=0
[VND] TX_SKIP busy/inflight tag=ADC0-ASY2
[VND] PREPARE_PAIR slot=0
[VND] PREPARE_PAIR slot=0
[VND] TX_SKIP busy/inflight tag=ADC0-ASY2
[VND] PREPARE_PAIR slot=0
[VND] PREPARE_PAIR slot=0
[VND] TX_SKIP busy/inflight tag=ADC0-ASY2
[VND] PREPARE_PAIR slot=0
[VND] PREPARE_PAIR slot=0
[VND] TX_SKIP busy/inflight tag=ADC0-ASY2
[VND] PREPARE_PAIR slot=0
[VND] PREPARE_PAIR slot=0
[VND] TX_SKIP busy/inflight tag=ADC0-ASY2
[VND] PREPARE_PAIR slot=0
[VND] PREPARE_PAIR slot=0
[VND] TX_SKIP busy/inflight tag=ADC0-ASY2
[VND] PREPARE_PAIR slot=0
[VND] PREPARE_PAIR slot=0
[VND] TX_SKIP busy/inflight tag=ADC0-ASY2
[VND] PREPARE_PAIR slot=0
[VND] PREPARE_PAIR slot=0
[VND] TX_SKIP busy/inflight tag=ADC0-ASY2
[VND] PREPARE_PAIR slot=0
[VND] PREPARE_PAIR slot=0
[VND] TX_SKIP busy/inflight tag=ADC0-ASY2
[VND] PREPARE_PAIR slot=0
[VND] PREPARE_PAIR slot=0
[VND] TX_SKIP busy/inflight tag=ADC0-ASY2
[VND] PREPARE_PAIR slot=0
[VND] PREPARE_PAIR slot=0
[VND] TX_SKIP busy/inflight tag=ADC0-ASY2
[VND] PREPARE_PAIR slot=0
[VND] PREPARE_PAIR slot=0
[VND] TX_SKIP busy/inflight tag=ADC0-ASY2
[VND] PREPARE_PAIR slot=0
[VND] PREPARE_PAIR slot=0
[VND] TX_SKIP busy/inflight tag=ADC0-ASY2
[VND] PREPARE_PAIR slot=0
[VND] PREPARE_PAIR slot=0
[VND] TX_SKIP busy/inflight tag=ADC0-ASY2
[VND] PREPARE_PAIR slot=0
[VND] PREPARE_PAIR slot=0
[VND] TX_SKIP busy/inflight tag=ADC0-ASY2
[VND] PREPARE_PAIR slot=0
[VND] PREPARE_PAIR slot=0
[VND] TX_SKIP busy/inflight tag=ADC0-ASY2
[VND] PREPARE_PAIR slot=0
[VND] PREPARE_PAIR slot=0
[VND] TX_SKIP busy/inflight tag=ADC0-ASY2
[VND] PREPARE_PAIR slot=0
[VND] PREPARE_PAIR slot=0
[VND] TX_SKIP busy/inflight tag=ADC0-ASY2
[VND] PREPARE_PAIR slot=0
[VND] PREPARE_PAIR slot=0
[VND] TX_SKIP busy/inflight tag=ADC0-ASY2
[VND] PREPARE_PAIR slot=0
[VND] PREPARE_PAIR slot=0
[VND] TX_SKIP busy/inflight tag=ADC0-ASY2
[VND] PREPARE_PAIR slot=0
[VND] PREPARE_PAIR slot=0
[VND] TX_SKIP busy/inflight tag=ADC0-ASY2
[VND] PREPARE_PAIR slot=0
[VND] PREPARE_PAIR slot=0
[VND] TX_SKIP busy/inflight tag=ADC0-ASY2
[VND] PREPARE_PAIR slot=0
[VND] PREPARE_PAIR slot=0
[VND] TX_SKIP busy/inflight tag=ADC0-ASY2
[VND] PREPARE_PAIR slot=0
[VND] PREPARE_PAIR slot=0
[VND] TX_SKIP busy/inflight tag=ADC0-ASY2
[VND] PREPARE_PAIR slot=0
[VND] PREPARE_PAIR slot=0
[VND] TX_SKIP busy/inflight tag=ADC0-ASY2
[VND] PREPARE_PAIR slot=0
[VND] PREPARE_PAIR slot=0
[VND] TX_SKIP busy/inflight tag=ADC0-ASY2
[VND] PREPARE_PAIR slot=0
[VND] PREPARE_PAIR slot=0
[VND] TX_SKIP busy/inflight tag=ADC0-ASY2
[VND] PREPARE_PAIR slot=0
[VND] PREPARE_PAIR slot=0
[VND] TX_SKIP busy/inflight tag=ADC0-ASY2
[VND] PREPARE_PAIR slot=0
[VND] PREPARE_PAIR slot=0
[VND] TX_SKIP busy/inflight tag=ADC0-ASY2
[VND] PREPARE_PAIR slot=0
[VND] PREPARE_PAIR slot=0
[VND] TX_SKIP busy/inflight tag=ADC0-ASY2
[VND] PREPARE_PAIR slot=0
[VND] PREPARE_PAIR slot=0
[VND] TX_SKIP busy/inflight tag=ADC0-ASY2
[VND] PREPARE_PAIR slot=0
[VND] PREPARE_PAIR slot=0
[VND] TX_SKIP busy/inflight tag=ADC0-ASY2
[VND] PREPARE_PAIR slot=0
[VND] PREPARE_PAIR slot=0
[VND] TX_SKIP busy/inflight tag=ADC0-ASY2
[VND] PREPARE_PAIR slot=0
[VND] PREPARE_PAIR slot=0
[VND] TX_SKIP busy/inflight tag=ADC0-ASY2
[VND] PREPARE_PAIR slot=0
[VND] PREPARE_PAIR slot=0
[VND] TX_SKIP busy/inflight tag=ADC0-ASY2
[VND] PREPARE_PAIR slot=0
[VND] PREPARE_PAIR slot=0
[VND] TX_SKIP busy/inflight tag=ADC0-ASY2
[VND] PREPARE_PAIR slot=0
[VND] PREPARE_PAIR slot=0
[VND] TX_SKIP busy/inflight tag=ADC0-ASY2
[VND] PREPARE_PAIR slot=0
[VND] PREPARE_PAIR slot=0
[VND] TX_SKIP busy/inflight tag=ADC0-ASY2
[VND] PREPARE_PAIR slot=0
[VND] PREPARE_PAIR slot=0
[VND] TX_SKIP busy/inflight tag=ADC0-ASY2
[VND] PREPARE_PAIR slot=0
[VND] PREPARE_PAIR slot=0
[VND] TX_SKIP busy/inflight tag=ADC0-ASY2
[VND] PREPARE_PAIR slot=0
[VND] PREPARE_PAIR slot=0
[VND] TX_SKIP busy/inflight tag=ADC0-ASY2
[VND] PREPARE_PAIR slot=0
[VND] PREPARE_PAIR slot=0
[VND] TX_SKIP busy/inflight tag=ADC0-ASY2
[VND] PREPARE_PAIR slot=0
[VND] PREPARE_PAIR slot=0
[VND] TX_SKIP busy/inflight tag=ADC0-ASY2
[VND] PREPARE_PAIR slot=0
[VND] PREPARE_PAIR slot=0
[VND] TX_SKIP busy/inflight tag=ADC0-ASY2
[VND] PREPARE_PAIR slot=0
[VND] PREPARE_PAIR slot=0
[VND] TX_SKIP busy/inflight tag=ADC0-ASY2
[VND] PREPARE_PAIR slot=0
[VND] PREPARE_PAIR slot=0
[VND] TX_SKIP busy/inflight tag=ADC0-ASY2
[VND] PREPARE_PAIR slot=0
[VND] PREPARE_PAIR slot=0
[VND] TX_SKIP busy/inflight tag=ADC0-ASY2
[VND] PREPARE_PAIR slot=0
[VND] PREPARE_PAIR slot=0
[VND] TX_SKIP busy/inflight tag=ADC0-ASY2
[VND] PREPARE_PAIR slot=0
[VND] PREPARE_PAIR slot=0
[VND] TX_SKIP busy/inflight tag=ADC0-ASY2
[VND] PREPARE_PAIR slot=0
[VND] PREPARE_PAIR slot=0
[VND] TX_SKIP busy/inflight tag=ADC0-ASY2
[VND] PREPARE_PAIR slot=0
[VND] PREPARE_PAIR slot=0
[VND] TX_SKIP busy/inflight tag=ADC0-ASY2
[VND] PREPARE_PAIR slot=0
[VND] PREPARE_PAIR slot=0
[VND] TX_SKIP busy/inflight tag=ADC0-ASY2
[VND] PREPARE_PAIR slot=0
[VND] PREPARE_PAIR slot=0
[VND] TX_SKIP busy/inflight tag=ADC0-ASY2
[VND] PREPARE_PAIR slot=0
[VND] PREPARE_PAIR slot=0
[VND] TX_SKIP busy/inflight tag=ADC0-ASY2
[VND] PREPARE_PAIR slot=0
[VND] PREPARE_PAIR slot=0
[VND] TX_SKIP busy/inflight tag=ADC0-ASY2
[VND] PREPARE_PAIR slot=0
[VND] PREPARE_PAIR slot=0
[VND] TX_SKIP busy/inflight tag=ADC0-ASY2
[VND] PREPARE_PAIR slot=0
[VND] PREPARE_PAIR slot=0
[VND] TX_SKIP busy/inflight tag=ADC0-ASY2
[VND] PREPARE_PAIR slot=0
[VND] PREPARE_PAIR slot=0
[VND] TX_SKIP busy/inflight tag=ADC0-ASY2
[VND] PREPARE_PAIR slot=0
[VND] PREPARE_PAIR slot=0
[VND] TX_SKIP busy/inflight tag=ADC0-ASY2
[VND] PREPARE_PAIR slot=0
[VND] PREPARE_PAIR slot=0
[VND] TX_SKIP busy/inflight tag=ADC0-ASY2
[VND] PREPARE_PAIR slot=0
[VND] PREPARE_PAIR slot=0
[VND] TX_SKIP busy/inflight tag=ADC0-ASY2
[VND] PREPARE_PAIR slot=0
[VND] PREPARE_PAIR slot=0
[VND] TX_SKIP busy/inflight tag=ADC0-ASY2
[VND] PREPARE_PAIR slot=0
[VND] PREPARE_PAIR slot=0
[VND] TX_SKIP busy/inflight tag=ADC0-ASY2
[VND] PREPARE_PAIR slot=0
[VND] PREPARE_PAIR slot=0
[VND] TX_SKIP busy/inflight tag=ADC0-ASY2
[VND] PREPARE_PAIR slot=0
[VND] PREPARE_PAIR slot=0
[VND] TX_SKIP busy/inflight tag=ADC0-ASY2
[VND] PREPARE_PAIR slot=0
[VND] PREPARE_PAIR slot=0
[VND] TX_SKIP busy/inflight tag=ADC0-ASY2
[VND] PREPARE_PAIR slot=0
[VND] PREPARE_PAIR slot=0
[VND] TX_SKIP busy/inflight tag=ADC0-ASY2
[VND] PREPARE_PAIR slot=0
[VND] PREPARE_PAIR slot=0
[VND] TX_SKIP busy/inflight tag=ADC0-ASY2
[VND] PREPARE_PAIR slot=0
[VND] PREPARE_PAIR slot=0
[VND] TX_SKIP busy/inflight tag=ADC0-ASY2
[VND] PREPARE_PAIR slot=0
[VND] PREPARE_PAIR slot=0
[VND] TX_SKIP busy/inflight tag=ADC0-ASY2
[VND] PREPARE_PAIR slot=0
[VND] PREPARE_PAIR slot=0
[VND] TX_SKIP busy/inflight tag=ADC0-ASY2
[VND] PREPARE_PAIR slot=0
[VND] PREPARE_PAIR slot=0
[VND] TX_SKIP busy/inflight tag=ADC0-ASY2
[VND] PREPARE_PAIR slot=0
[VND] PREPARE_PAIR slot=0
[VND] TX_SKIP busy/inflight tag=ADC0-ASY2
[VND] PREPARE_PAIR slot=0
[VND] PREPARE_PAIR slot=0
[VND] TX_SKIP busy/inflight tag=ADC0-ASY2
[VND] PREPARE_PAIR slot=0
[VND] PREPARE_PAIR slot=0
[VND] TX_SKIP busy/inflight tag=ADC0-ASY2
[VND] PREPARE_PAIR slot=0
[VND] PREPARE_PAIR slot=0
[VND] TX_SKIP busy/inflight tag=ADC0-ASY2
[VND] PREPARE_PAIR slot=0
[VND] PREPARE_PAIR slot=0
[VND] TX_SKIP busy/inflight tag=ADC0-ASY2
[VND] PREPARE_PAIR slot=0
[VND] PREPARE_PAIR slot=0
[VND] TX_SKIP busy/inflight tag=ADC0-ASY2
[VND] PREPARE_PAIR slot=0
[VND] PREPARE_PAIR slot=0
[VND] TX_SKIP busy/inflight tag=ADC0-ASY2
[VND] PREPARE_PAIR slot=0
[VND] PREPARE_PAIR slot=0
[VND] TX_SKIP busy/inflight tag=ADC0-ASY2
[VND] PREPARE_PAIR slot=0
[VND] PREPARE_PAIR slot=0
[VND] TX_SKIP busy/inflight tag=ADC0-ASY2
[VND] PREPARE_PAIR slot=0
[VND] PREPARE_PAIR slot=0
[VND] TX_SKIP busy/inflight tag=ADC0-ASY2
[VND] PREPARE_PAIR slot=0
[VND] PREPARE_PAIR slot=0
[VND] TX_SKIP busy/inflight tag=ADC0-ASY2
[VND] PREPARE_PAIR slot=0
[VND] PREPARE_PAIR slot=0
[VND] TX_SKIP busy/inflight tag=ADC0-ASY2
[VND] PREPARE_PAIR slot=0
[VND] PREPARE_PAIR slot=0
[VND] TX_SKIP busy/inflight tag=ADC0-ASY2
[VND] PREPARE_PAIR slot=0
[VND] PREPARE_PAIR slot=0
[VND] TX_SKIP busy/inflight tag=ADC0-ASY2
[VND] PREPARE_PAIR slot=0
[VND] PREPARE_PAIR slot=0
[VND] TX_SKIP busy/inflight tag=ADC0-ASY2
[VND] PREPARE_PAIR slot=0
[VND] PREPARE_PAIR slot=0
[VND] TX_SKIP busy/inflight tag=ADC0-ASY2
[VND] PREPARE_PAIR slot=0
[VND] PREPARE_PAIR slot=0
[VND] TX_SKIP busy/inflight tag=ADC0-ASY2
[VND] PREPARE_PAIR slot=0
[VND] PREPARE_PAIR slot=0
[VND] TX_SKIP busy/inflight tag=ADC0-ASY2
[VND] PREPARE_PAIR slot=0
[VND] PREPARE_PAIR slot=0
[VND] TX_SKIP busy/inflight tag=ADC0-ASY2
[VND] PREPARE_PAIR slot=0
[VND] PREPARE_PAIR slot=0
[VND] TX_SKIP busy/inflight tag=ADC0-ASY2
[VND] PREPARE_PAIR slot=0
[VND] PREPARE_PAIR slot=0
[VND] TX_SKIP busy/inflight tag=ADC0-ASY2
[VND] PREPARE_PAIR slot=0
[VND] PREPARE_PAIR slot=0
[VND] TX_SKIP busy/inflight tag=ADC0-ASY2
[VND] PREPARE_PAIR slot=0
[VND] PREPARE_PAIR slot=0
[VND] TX_SKIP busy/inflight tag=ADC0-ASY2
[VND] PREPARE_PAIR slot=0
[VND] PREPARE_PAIR slot=0
[VND] TX_SKIP busy/inflight tag=ADC0-ASY2
[VND] PREPARE_PAIR slot=0
[VND] PREPARE_PAIR slot=0
[VND] TX_SKIP busy/inflight tag=ADC0-ASY2
[VND] PREPARE_PAIR slot=0
[VND] PREPARE_PAIR slot=0
[VND] TX_SKIP busy/inflight tag=ADC0-ASY2
[VND] PREPARE_PAIR slot=0
[VND] PREPARE_PAIR slot=0
[VND] TX_SKIP busy/inflight tag=ADC0-ASY2
[VND] PREPARE_PAIR slot=0
[VND] PREPARE_PAIR slot=0
[VND] TX_SKIP busy/inflight tag=ADC0-ASY2
[VND] PREPARE_PAIR slot=0
[VND] PREPARE_PAIR slot=0
[VND] TX_SKIP busy/inflight tag=ADC0-ASY2
[VND] PREPARE_PAIR slot=0
[VND] PREPARE_PAIR slot=0
[VND] TX_SKIP busy/inflight tag=ADC0-ASY2
[VND] PREPARE_PAIR slot=0
[VND] PREPARE_PAIR slot=0
[VND] TX_SKIP busy/inflight tag=ADC0-ASY2
[VND] PREPARE_PAIR slot=0
[VND] PREPARE_PAIR slot=0
[VND] TX_SKIP busy/inflight tag=ADC0-ASY2
[VND] PREPARE_PAIR slot=0
[VND] PREPARE_PAIR slot=0
[VND] TX_SKIP busy/inflight tag=ADC0-ASY2
[VND] PREPARE_PAIR slot=0
[VND] PREPARE_PAIR slot=0
[VND] TX_SKIP busy/inflight tag=ADC0-ASY2
[VND] PREPARE_PAIR slot=0
[VND] PREPARE_PAIR slot=0
[VND] TX_SKIP busy/inflight tag=ADC0-ASY2
[VND] PREPARE_PAIR slot=0
[VND] PREPARE_PAIR slot=0
[VND] TX_SKIP busy/inflight tag=ADC0-ASY2
[VND] PREPARE_PAIR slot=0
[VND] PREPARE_PAIR slot=0
[VND] TX_SKIP busy/inflight tag=ADC0-ASY2
[VND] PREPARE_PAIR slot=0
[VND] PREPARE_PAIR slot=0
[VND] TX_SKIP busy/inflight tag=ADC0-ASY2
[VND] PREPARE_PAIR slot=0
[VND] PREPARE_PAIR slot=0
[VND] TX_SKIP busy/inflight tag=ADC0-ASY2
[VND] PREPARE_PAIR slot=0
[VND] PREPARE_PAIR slot=0
[VND] TX_SKIP busy/inflight tag=ADC0-ASY2
[VND] PREPARE_PAIR slot=0
[VND] PREPARE_PAIR slot=0
[VND] TX_SKIP busy/inflight tag=ADC0-ASY2
[VND] PREPARE_PAIR slot=0
[VND] PREPARE_PAIR slot=0
[VND] TX_SKIP busy/inflight tag=ADC0-ASY2
[VND] PREPARE_PAIR slot=0
[VND] PREPARE_PAIR slot=0
[VND] TX_SKIP busy/inflight tag=ADC0-ASY2
[VND] PREPARE_PAIR slot=0
[VND] PREPARE_PAIR slot=0
[VND] TX_SKIP busy/inflight tag=ADC0-ASY2
[VND] PREPARE_PAIR slot=0
[VND] PREPARE_PAIR slot=0
[VND] TX_SKIP busy/inflight tag=ADC0-ASY2
[VND] PREPARE_PAIR slot=0
[VND] PREPARE_PAIR slot=0
[VND] TX_SKIP busy/inflight tag=ADC0-ASY2
[VND] PREPARE_PAIR slot=0
[VND] PREPARE_PAIR slot=0
[VND] TX_SKIP busy/inflight tag=ADC0-ASY2
[VND] PREPARE_PAIR slot=0
[VND] PREPARE_PAIR slot=0
[VND] TX_SKIP busy/inflight tag=ADC0-ASY2
[VND] PREPARE_PAIR slot=0
[VND] PREPARE_PAIR slot=0
[VND] TX_SKIP busy/inflight tag=ADC0-ASY2
[VND] PREPARE_PAIR slot=0
[VND] PREPARE_PAIR slot=0
[VND] TX_SKIP busy/inflight tag=ADC0-ASY2
[VND] PREPARE_PAIR slot=0
[VND] PREPARE_PAIR slot=0
[VND] TX_SKIP busy/inflight tag=ADC0-ASY2
[VND] PREPARE_PAIR slot=0
[VND] PREPARE_PAIR slot=0
[VND] TX_SKIP busy/inflight tag=ADC0-ASY2
[VND] PREPARE_PAIR slot=0
[VND] PREPARE_PAIR slot=0
[VND] TX_SKIP busy/inflight tag=ADC0-ASY2
[VND] PREPARE_PAIR slot=0
[VND] PREPARE_PAIR slot=0
[VND] TX_SKIP busy/inflight tag=ADC0-ASY2
[VND] PREPARE_PAIR slot=0
[VND] PREPARE_PAIR slot=0
[VND] TX_SKIP busy/inflight tag=ADC0-ASY2
[VND] PREPARE_PAIR slot=0
[VND] PREPARE_PAIR slot=0
[VND] TX_SKIP busy/inflight tag=ADC0-ASY2
[VND] PREPARE_PAIR slot=0
[VND] PREPARE_PAIR slot=0
[VND] TX_SKIP busy/inflight tag=ADC0-ASY2
[VND] PREPARE_PAIR slot=0
[VND] PREPARE_PAIR slot=0
[VND] TX_SKIP busy/inflight tag=ADC0-ASY2
[VND] PREPARE_PAIR slot=0
[VND] PREPARE_PAIR slot=0
[VND] TX_SKIP busy/inflight tag=ADC0-ASY2
[VND] PREPARE_PAIR slot=0
[VND] PREPARE_PAIR slot=0
[VND] TX_SKIP busy/inflight tag=ADC0-ASY2
[VND] PREPARE_PAIR slot=0
[VND] PREPARE_PAIR slot=0
[VND] TX_SKIP busy/inflight tag=ADC0-ASY2
[VND] PREPARE_PAIR slot=0
[VND] PREPARE_PAIR slot=0
[VND] TX_SKIP busy/inflight tag=ADC0-ASY2
[VND] PREPARE_PAIR slot=0
[VND] PREPARE_PAIR slot=0
[VND] TX_SKIP busy/inflight tag=ADC0-ASY2
[VND] PREPARE_PAIR slot=0
[VND] PREPARE_PAIR slot=0
[VND] TX_SKIP busy/inflight tag=ADC0-ASY2
[VND] PREPARE_PAIR slot=0
[VND] PREPARE_PAIR slot=0
[VND] TX_SKIP busy/inflight tag=ADC0-ASY2
[VND] PREPARE_PAIR slot=0
[VND] PREPARE_PAIR slot=0
[VND] TX_SKIP busy/inflight tag=ADC0-ASY2
[VND] PREPARE_PAIR slot=0
[VND] PREPARE_PAIR slot=0
[VND] TX_SKIP busy/inflight tag=ADC0-ASY2
[VND] PREPARE_PAIR slot=0
[VND] PREPARE_PAIR slot=0
[VND] TX_SKIP busy/inflight tag=ADC0-ASY2
[VND] PREPARE_PAIR slot=0
[VND] PREPARE_PAIR slot=0
[VND] TX_SKIP busy/inflight tag=ADC0-ASY2
[VND] PREPARE_PAIR slot=0
[VND] PREPARE_PAIR slot=0
[VND] TX_SKIP busy/inflight tag=ADC0-ASY2
[VND] PREPARE_PAIR slot=0
[VND] PREPARE_PAIR slot=0
[VND] TX_SKIP busy/inflight tag=ADC0-ASY2
[VND] PREPARE_PAIR slot=0
[VND] PREPARE_PAIR slot=0
[VND] TX_SKIP busy/inflight tag=ADC0-ASY2
[VND] PREPARE_PAIR slot=0
[VND] PREPARE_PAIR slot=0
[VND] TX_SKIP busy/inflight tag=ADC0-ASY2
[VND] PREPARE_PAIR slot=0
[VND] PREPARE_PAIR slot=0
[VND] TX_SKIP busy/inflight tag=ADC0-ASY2
[VND] PREPARE_PAIR slot=0
[VND] PREPARE_PAIR slot=0
[VND] TX_SKIP busy/inflight tag=ADC0-ASY2
[VND] PREPARE_PAIR slot=0
[VND] PREPARE_PAIR slot=0
[VND] TX_SKIP busy/inflight tag=ADC0-ASY2
[VND] PREPARE_PAIR slot=0
[VND] PREPARE_PAIR slot=0
[VND] TX_SKIP busy/inflight tag=ADC0-ASY2
[VND] PREPARE_PAIR slot=0
[VND] PREPARE_PAIR slot=0
[VND] TX_SKIP busy/inflight tag=ADC0-ASY2
[VND] PREPARE_PAIR slot=0
[VND] PREPARE_PAIR slot=0
[VND] TX_SKIP busy/inflight tag=ADC0-ASY2
[VND] PREPARE_PAIR slot=0
[VND] PREPARE_PAIR slot=0
[VND] TX_SKIP busy/inflight tag=ADC0-ASY2
[VND] PREPARE_PAIR slot=0
[VND] PREPARE_PAIR slot=0
[VND] TX_SKIP busy/inflight tag=ADC0-ASY2
[VND] PREPARE_PAIR slot=0
[VND] PREPARE_PAIR slot=0
[VND] TX_SKIP busy/inflight tag=ADC0-ASY2
[VND] PREPARE_PAIR slot=0
[VND] PREPARE_PAIR slot=0
[VND] TX_SKIP busy/inflight tag=ADC0-ASY2
[VND] PREPARE_PAIR slot=0
[VND] PREPARE_PAIR slot=0
[VND] TX_SKIP busy/inflight tag=ADC0-ASY2
[VND] PREPARE_PAIR slot=0
[VND] PREPARE_PAIR slot=0
[VND] TX_SKIP busy/inflight tag=ADC0-ASY2
[VND] PREPARE_PAIR slot=0
[VND] PREPARE_PAIR slot=0
[VND] TX_SKIP busy/inflight tag=ADC0-ASY2
[VND] PREPARE_PAIR slot=0
[VND] PREPARE_PAIR slot=0
[VND] TX_SKIP busy/inflight tag=ADC0-ASY2
[VND] PREPARE_PAIR slot=0
[VND] PREPARE_PAIR slot=0
[VND] TX_SKIP busy/inflight tag=ADC0-ASY2
[VND] PREPARE_PAIR slot=0
[VND] PREPARE_PAIR slot=0
[VND] TX_SKIP busy/inflight tag=ADC0-ASY2
[VND] PREPARE_PAIR slot=0
[VND] PREPARE_PAIR slot=0
[VND] TX_SKIP busy/inflight tag=ADC0-ASY2
[VND] PREPARE_PAIR slot=0
[VND] PREPARE_PAIR slot=0
[VND] TX_SKIP busy/inflight tag=ADC0-ASY2
[VND] PREPARE_PAIR slot=0
[VND] PREPARE_PAIR slot=0
[VND] TX_SKIP busy/inflight tag=ADC0-ASY2
[VND] PREPARE_PAIR slot=0
[VND] PREPARE_PAIR slot=0
[VND] TX_SKIP busy/inflight tag=ADC0-ASY2
[VND] PREPARE_PAIR slot=0
[VND] PREPARE_PAIR slot=0
[VND] TX_SKIP busy/inflight tag=ADC0-ASY2
[VND] PREPARE_PAIR slot=0
[VND] PREPARE_PAIR slot=0
[VND] TX_SKIP busy/inflight tag=ADC0-ASY2
[VND] PREPARE_PAIR slot=0
[VND] PREPARE_PAIR slot=0
[VND] TX_SKIP busy/inflight tag=ADC0-ASY2
[VND] PREPARE_PAIR slot=0
[VND] PREPARE_PAIR slot=0
[VND] TX_SKIP busy/inflight tag=ADC0-ASY2
[VND] PREPARE_PAIR slot=0
[VND] PREPARE_PAIR slot=0
[VND] TX_SKIP busy/inflight tag=ADC0-ASY2
[VND] PREPARE_PAIR slot=0
[VND] PREPARE_PAIR slot=0
[VND] TX_SKIP busy/inflight tag=ADC0-ASY2
[VND] PREPARE_PAIR slot=0
[VND] PREPARE_PAIR slot=0
[VND] TX_SKIP busy/inflight tag=ADC0-ASY2
[VND] PREPARE_PAIR slot=0
[VND] PREPARE_PAIR slot=0
[VND] TX_SKIP busy/inflight tag=ADC0-ASY2
[VND] PREPARE_PAIR slot=0
[VND] PREPARE_PAIR slot=0
[VND] TX_SKIP busy/inflight tag=ADC0-ASY2
[VND] PREPARE_PAIR slot=0
[VND] PREPARE_PAIR slot=0
[VND] TX_SKIP busy/inflight tag=ADC0-ASY2
[VND] PREPARE_PAIR slot=0
[VND] PREPARE_PAIR slot=0
[VND] TX_SKIP busy/inflight tag=ADC0-ASY2
[VND] PREPARE_PAIR slot=0
[VND] PREPARE_PAIR slot=0
[VND] TX_SKIP busy/inflight tag=ADC0-ASY2
[VND] PREPARE_PAIR slot=0
[VND] PREPARE_PAIR slot=0
[VND] TX_SKIP busy/inflight tag=ADC0-ASY2
[VND] PREPARE_PAIR slot=0
[VND] PREPARE_PAIR slot=0
[VND] TX_SKIP busy/inflight tag=ADC0-ASY2
[VND] PREPARE_PAIR slot=0
[VND] PREPARE_PAIR slot=0
[VND] TX_SKIP busy/inflight tag=ADC0-ASY2
[VND] PREPARE_PAIR slot=0
[VND] PREPARE_PAIR slot=0
[VND] TX_SKIP busy/inflight tag=ADC0-ASY2
[VND] PREPARE_PAIR slot=0
[VND] PREPARE_PAIR slot=0
[VND] TX_SKIP busy/inflight tag=ADC0-ASY2
[VND] PREPARE_PAIR slot=0
[VND] PREPARE_PAIR slot=0
[VND] TX_SKIP busy/inflight tag=ADC0-ASY2
[VND] PREPARE_PAIR slot=0
[VND] PREPARE_PAIR slot=0
[VND] TX_SKIP busy/inflight tag=ADC0-ASY2
[VND] PREPARE_PAIR slot=0
[VND] PREPARE_PAIR slot=0
[VND] TX_SKIP busy/inflight tag=ADC0-ASY2
[VND] PREPARE_PAIR slot=0
[VND] PREPARE_PAIR slot=0
[VND] TX_SKIP busy/inflight tag=ADC0-ASY2
[VND] PREPARE_PAIR slot=0
[VND] PREPARE_PAIR slot=0
[VND] TX_SKIP busy/inflight tag=ADC0-ASY2
[VND] PREPARE_PAIR slot=0
[VND] PREPARE_PAIR slot=0
[VND] TX_SKIP busy/inflight tag=ADC0-ASY2
[VND] PREPARE_PAIR slot=0
[VND] PREPARE_PAIR slot=0
[VND] TX_SKIP busy/inflight tag=ADC0-ASY2
[VND] PREPARE_PAIR slot=0
[VND] PREPARE_PAIR slot=0
[VND] TX_SKIP busy/inflight tag=ADC0-ASY2
[VND] PREPARE_PAIR slot=0
[VND] PREPARE_PAIR slot=0
[VND] TX_SKIP busy/inflight tag=ADC0-ASY2
[VND] PREPARE_PAIR slot=0
[VND] PREPARE_PAIR slot=0
[VND] TX_SKIP busy/inflight tag=ADC0-ASY2
[VND] PREPARE_PAIR slot=0
[VND] PREPARE_PAIR slot=0
[VND] TX_SKIP busy/inflight tag=ADC0-ASY2
[VND] PREPARE_PAIR slot=0
[VND] PREPARE_PAIR slot=0
[VND] TX_SKIP busy/inflight tag=ADC0-ASY2
[VND] PREPARE_PAIR slot=0
[VND] PREPARE_PAIR slot=0
[VND] TX_SKIP busy/inflight tag=ADC0-ASY2
[VND] PREPARE_PAIR slot=0
[VND] PREPARE_PAIR slot=0
[VND] TX_SKIP busy/inflight tag=ADC0-ASY2
[VND] PREPARE_PAIR slot=0
[VND] PREPARE_PAIR slot=0
[VND] TX_SKIP busy/inflight tag=ADC0-ASY2
[VND] PREPARE_PAIR slot=0
[VND] PREPARE_PAIR slot=0
[VND] TX_SKIP busy/inflight tag=ADC0-ASY2
[VND] PREPARE_PAIR slot=0
[VND] PREPARE_PAIR slot=0
[VND] TX_SKIP busy/inflight tag=ADC0-ASY2
[VND] PREPARE_PAIR slot=0
[VND] PREPARE_PAIR slot=0
[VND] TX_SKIP busy/inflight tag=ADC0-ASY2
[VND] PREPARE_PAIR slot=0
[VND] PREPARE_PAIR slot=0
[VND] TX_SKIP busy/inflight tag=ADC0-ASY2
[VND] PREPARE_PAIR slot=0
[VND] PREPARE_PAIR slot=0
[VND] TX_SKIP busy/inflight tag=ADC0-ASY2
[VND] PREPARE_PAIR slot=0
[VND] PREPARE_PAIR slot=0
[VND] TX_SKIP busy/inflight tag=ADC0-ASY2
[VND] PREPARE_PAIR slot=0
[VND] PREPARE_PAIR slot=0
[VND] TX_SKIP busy/inflight tag=ADC0-ASY2
[VND] PREPARE_PAIR slot=0
[VND] PREPARE_PAIR slot=0
[VND] TX_SKIP busy/inflight tag=ADC0-ASY2
[VND] PREPARE_PAIR slot=0
[VND] PREPARE_PAIR slot=0
[VND] TX_SKIP busy/inflight tag=ADC0-ASY2
[VND] PREPARE_PAIR slot=0
[VND] PREPARE_PAIR slot=0
[VND] TX_SKIP busy/inflight tag=ADC0-ASY2
[VND] PREPARE_PAIR slot=0
[VND] PREPARE_PAIR slot=0
[VND] TX_SKIP busy/inflight tag=ADC0-ASY2
[VND] PREPARE_PAIR slot=0
[VND] PREPARE_PAIR slot=0
[VND] TX_SKIP busy/inflight tag=ADC0-ASY2
[VND] PREPARE_PAIR slot=0
[VND] PREPARE_PAIR slot=0
[VND] TX_SKIP busy/inflight tag=ADC0-ASY2
[VND] PREPARE_PAIR slot=0
[VND] PREPARE_PAIR slot=0
[VND] TX_SKIP busy/inflight tag=ADC0-ASY2
[VND] PREPARE_PAIR slot=0
[VND] PREPARE_PAIR slot=0
[VND] TX_SKIP busy/inflight tag=ADC0-ASY2
[VND] PREPARE_PAIR slot=0
[VND] PREPARE_PAIR slot=0
[VND] TX_SKIP busy/inflight tag=ADC0-ASY2
[VND] PREPARE_PAIR slot=0
[VND] PREPARE_PAIR slot=0
[VND] TX_SKIP busy/inflight tag=ADC0-ASY2
[VND] PREPARE_PAIR slot=0
[VND] PREPARE_PAIR slot=0
[VND] TX_SKIP busy/inflight tag=ADC0-ASY2
[VND] PREPARE_PAIR slot=0
[VND] PREPARE_PAIR slot=0
[VND] TX_SKIP busy/inflight tag=ADC0-ASY2
[VND] PREPARE_PAIR slot=0
[VND] PREPARE_PAIR slot=0
[VND] TX_SKIP busy/inflight tag=ADC0-ASY2
[VND] PREPARE_PAIR slot=0
[VND] PREPARE_PAIR slot=0
[VND] TX_SKIP busy/inflight tag=ADC0-ASY2
[VND] PREPARE_PAIR slot=0
[VND] PREPARE_PAIR slot=0
[VND] TX_SKIP busy/inflight tag=ADC0-ASY2
[VND] PREPARE_PAIR slot=0
[VND] PREPARE_PAIR slot=0
[VND] TX_SKIP busy/inflight tag=ADC0-ASY2
[VND] PREPARE_PAIR slot=0
[VND] PREPARE_PAIR slot=0
[VND] TX_SKIP busy/inflight tag=ADC0-ASY2
[VND] PREPARE_PAIR slot=0
[VND] PREPARE_PAIR slot=0
[VND] TX_SKIP busy/inflight tag=ADC0-ASY2
[VND] PREPARE_PAIR slot=0
[VND] PREPARE_PAIR slot=0
[VND] TX_SKIP busy/inflight tag=ADC0-ASY2
[VND] PREPARE_PAIR slot=0
[VND] PREPARE_PAIR slot=0
[VND] TX_SKIP busy/inflight tag=ADC0-ASY2
[VND] PREPARE_PAIR slot=0
[VND] PREPARE_PAIR slot=0
[VND] TX_SKIP busy/inflight tag=ADC0-ASY2
[VND] PREPARE_PAIR slot=0
[VND] PREPARE_PAIR slot=0
[VND] TX_SKIP busy/inflight tag=ADC0-ASY2
[VND] PREPARE_PAIR slot=0
[VND] PREPARE_PAIR slot=0
[VND] TX_SKIP busy/inflight tag=ADC0-ASY2
[VND] PREPARE_PAIR slot=0
[VND] PREPARE_PAIR slot=0
[VND] TX_SKIP busy/inflight tag=ADC0-ASY2
[VND] PREPARE_PAIR slot=0
[VND] PREPARE_PAIR slot=0
[VND] TX_SKIP busy/inflight tag=ADC0-ASY2
[VND] PREPARE_PAIR slot=0
[VND] PREPARE_PAIR slot=0
[VND] TX_SKIP busy/inflight tag=ADC0-ASY2
[VND] PREPARE_PAIR slot=0
[VND] PREPARE_PAIR slot=0
[VND] TX_SKIP busy/inflight tag=ADC0-ASY2
[VND] PREPARE_PAIR slot=0
[VND] PREPARE_PAIR slot=0
[VND] TX_SKIP busy/inflight tag=ADC0-ASY2
[VND] PREPARE_PAIR slot=0
[VND] PREPARE_PAIR slot=0
[VND] TX_SKIP busy/inflight tag=ADC0-ASY2
[VND] PREPARE_PAIR slot=0
[VND] PREPARE_PAIR slot=0
[VND] TX_SKIP busy/inflight tag=ADC0-ASY2
[VND] PREPARE_PAIR slot=0
[VND] PREPARE_PAIR slot=0
[VND] TX_SKIP busy/inflight tag=ADC0-ASY2
[VND] PREPARE_PAIR slot=0
[VND] PREPARE_PAIR slot=0
[VND] TX_SKIP busy/inflight tag=ADC0-ASY2
[VND] PREPARE_PAIR slot=0
[VND] PREPARE_PAIR slot=0
[VND] TX_SKIP busy/inflight tag=ADC0-ASY2
[VND] PREPARE_PAIR slot=0
[VND] PREPARE_PAIR slot=0
[VND] TX_SKIP busy/inflight tag=ADC0-ASY2
[VND] PREPARE_PAIR slot=0
[VND] PREPARE_PAIR slot=0
[VND] TX_SKIP busy/inflight tag=ADC0-ASY2
[VND] PREPARE_PAIR slot=0
[VND] PREPARE_PAIR slot=0
[VND] TX_SKIP busy/inflight tag=ADC0-ASY2
[VND] PREPARE_PAIR slot=0
[VND] PREPARE_PAIR slot=0
[VND] TX_SKIP busy/inflight tag=ADC0-ASY2
[VND] PREPARE_PAIR slot=0
[VND] PREPARE_PAIR slot=0
[VND] TX_SKIP busy/inflight tag=ADC0-ASY2
[VND] PREPARE_PAIR slot=0
[VND] PREPARE_PAIR slot=0
[VND] TX_SKIP busy/inflight tag=ADC0-ASY2
[VND] PREPARE_PAIR slot=0
[VND] PREPARE_PAIR slot=0
[VND] TX_SKIP busy/inflight tag=ADC0-ASY2
[VND] PREPARE_PAIR slot=0
[VND] PREPARE_PAIR slot=0
[VND] TX_SKIP busy/inflight tag=ADC0-ASY2
[VND] PREPARE_PAIR slot=0
[VND] PREPARE_PAIR slot=0
[VND] TX_SKIP busy/inflight tag=ADC0-ASY2
[VND] PREPARE_PAIR slot=0
[VND] PREPARE_PAIR slot=0
[VND] TX_SKIP busy/inflight tag=ADC0-ASY2
[VND] PREPARE_PAIR slot=0
[VND] PREPARE_PAIR slot=0
[VND] TX_SKIP busy/inflight tag=ADC0-ASY2
[VND] PREPARE_PAIR slot=0
[VND] PREPARE_PAIR slot=0
[VND] TX_SKIP busy/inflight tag=ADC0-ASY2
[VND] PREPARE_PAIR slot=0
[VND] PREPARE_PAIR slot=0
[VND] TX_SKIP busy/inflight tag=ADC0-ASY2
[VND] PREPARE_PAIR slot=0
[VND] PREPARE_PAIR slot=0
[VND] TX_SKIP busy/inflight tag=ADC0-ASY2
[VND] PREPARE_PAIR slot=0
[VND] PREPARE_PAIR slot=0
[VND] TX_SKIP busy/inflight tag=ADC0-ASY2
[VND] PREPARE_PAIR slot=0
[VND] PREPARE_PAIR slot=0
[VND] TX_SKIP busy/inflight tag=ADC0-ASY2
[VND] PREPARE_PAIR slot=0
[VND] PREPARE_PAIR slot=0
[VND] TX_SKIP busy/inflight tag=ADC0-ASY2
[VND] PREPARE_PAIR slot=0
[VND] PREPARE_PAIR slot=0
[VND] TX_SKIP busy/inflight tag=ADC0-ASY2
[VND] PREPARE_PAIR slot=0
[VND] PREPARE_PAIR slot=0
[VND] TX_SKIP busy/inflight tag=ADC0-ASY2
[VND] PREPARE_PAIR slot=0
[VND] PREPARE_PAIR slot=0
[VND] TX_SKIP busy/inflight tag=ADC0-ASY2
[VND] PREPARE_PAIR slot=0
[VND] PREPARE_PAIR slot=0
[VND] TX_SKIP busy/inflight tag=ADC0-ASY2
[VND] PREPARE_PAIR slot=0
[VND] PREPARE_PAIR slot=0
[VND] TX_SKIP busy/inflight tag=ADC0-ASY2
[VND] PREPARE_PAIR slot=0
[VND] PREPARE_PAIR slot=0
[VND] TX_SKIP busy/inflight tag=ADC0-ASY2
[VND] PREPARE_PAIR slot=0
[VND] PREPARE_PAIR slot=0
[VND] TX_SKIP busy/inflight tag=ADC0-ASY2
[VND] PREPARE_PAIR slot=0
[VND] PREPARE_PAIR slot=0
[VND] TX_SKIP busy/inflight tag=ADC0-ASY2
[VND] PREPARE_PAIR slot=0
[VND] PREPARE_PAIR slot=0
[VND] TX_SKIP busy/inflight tag=ADC0-ASY2
[VND] PREPARE_PAIR slot=0
[VND] PREPARE_PAIR slot=0
[VND] TX_SKIP busy/inflight tag=ADC0-ASY2
[VND] PREPARE_PAIR slot=0
[VND] PREPARE_PAIR slot=0
[VND] TX_SKIP busy/inflight tag=ADC0-ASY2
[VND] PREPARE_PAIR slot=0
[VND] PREPARE_PAIR slot=0
[VND] TX_SKIP busy/inflight tag=ADC0-ASY2
[VND] PREPARE_PAIR slot=0
[VND] PREPARE_PAIR slot=0
[VND] TX_SKIP busy/inflight tag=ADC0-ASY2
[VND] PREPARE_PAIR slot=0
[VND] PREPARE_PAIR slot=0
[VND] TX_SKIP busy/inflight tag=ADC0-ASY2
[VND] PREPARE_PAIR slot=0
[VND] PREPARE_PAIR slot=0
[VND] TX_SKIP busy/inflight tag=ADC0-ASY2
[VND] PREPARE_PAIR slot=0
[VND] PREPARE_PAIR slot=0
[VND] TX_SKIP busy/inflight tag=ADC0-ASY2
[VND] PREPARE_PAIR slot=0
[VND] PREPARE_PAIR slot=0
[VND] TX_SKIP busy/inflight tag=ADC0-ASY2
[VND] PREPARE_PAIR slot=0
[VND] PREPARE_PAIR slot=0
[VND] TX_SKIP busy/inflight tag=ADC0-ASY2
[VND] PREPARE_PAIR slot=0
[VND] PREPARE_PAIR slot=0
[VND] TX_SKIP busy/inflight tag=ADC0-ASY2
[VND] PREPARE_PAIR slot=0
[VND] PREPARE_PAIR slot=0
[VND] TX_SKIP busy/inflight tag=ADC0-ASY2
[VND] PREPARE_PAIR slot=0
[VND] PREPARE_PAIR slot=0
[VND] TX_SKIP busy/inflight tag=ADC0-ASY2
[VND] PREPARE_PAIR slot=0
[VND] PREPARE_PAIR slot=0
[VND] TX_SKIP busy/inflight tag=ADC0-ASY2
[VND] PREPARE_PAIR slot=0
[VND] PREPARE_PAIR slot=0
[VND] TX_SKIP busy/inflight tag=ADC0-ASY2
[VND] PREPARE_PAIR slot=0
[VND] PREPARE_PAIR slot=0
[VND] TX_SKIP busy/inflight tag=ADC0-ASY2
[VND] PREPARE_PAIR slot=0
[VND] PREPARE_PAIR slot=0
[VND] TX_SKIP busy/inflight tag=ADC0-ASY2
[VND] PREPARE_PAIR slot=0
[VND] PREPARE_PAIR slot=0
[VND] TX_SKIP busy/inflight tag=ADC0-ASY2
[VND] PREPARE_PAIR slot=0
[VND] PREPARE_PAIR slot=0
[VND] TX_SKIP busy/inflight tag=ADC0-ASY2
[VND] PREPARE_PAIR slot=0
[VND] PREPARE_PAIR slot=0
[VND] TX_SKIP busy/inflight tag=ADC0-ASY2
[VND] PREPARE_PAIR slot=0
[VND] PREPARE_PAIR slot=0
[VND] TX_SKIP busy/inflight tag=ADC0-ASY2
[VND] PREPARE_PAIR slot=0
[VND] PREPARE_PAIR slot=0
[VND] TX_SKIP busy/inflight tag=ADC0-ASY2
[VND] PREPARE_PAIR slot=0
[VND] PREPARE_PAIR slot=0
[VND] TX_SKIP busy/inflight tag=ADC0-ASY2
[VND] PREPARE_PAIR slot=0
[VND] PREPARE_PAIR slot=0
[VND] TX_SKIP busy/inflight tag=ADC0-ASY2
[VND] PREPARE_PAIR slot=0
[VND] PREPARE_PAIR slot=0
[VND] TX_SKIP busy/inflight tag=ADC0-ASY2
[VND] PREPARE_PAIR slot=0
[VND] PREPARE_PAIR slot=0
[VND] TX_SKIP busy/inflight tag=ADC0-ASY2
[VND] PREPARE_PAIR slot=0
[VND] PREPARE_PAIR slot=0
[VND] TX_SKIP busy/inflight tag=ADC0-ASY2
[VND] PREPARE_PAIR slot=0
[VND] PREPARE_PAIR slot=0
[VND] TX_SKIP busy/inflight tag=ADC0-ASY2
[VND] PREPARE_PAIR slot=0
[VND] PREPARE_PAIR slot=0
[VND] TX_SKIP busy/inflight tag=ADC0-ASY2
[VND] PREPARE_PAIR slot=0
[VND] PREPARE_PAIR slot=0
[VND] TX_SKIP busy/inflight tag=ADC0-ASY2
[VND] PREPARE_PAIR slot=0
[VND] PREPARE_PAIR slot=0
[VND] TX_SKIP busy/inflight tag=ADC0-ASY2
[VND] PREPARE_PAIR slot=0
[VND] PREPARE_PAIR slot=0
[VND] TX_SKIP busy/inflight tag=ADC0-ASY2
[VND] PREPARE_PAIR slot=0
[VND] PREPARE_PAIR slot=0
[VND] TX_SKIP busy/inflight tag=ADC0-ASY2
[VND] PREPARE_PAIR slot=0
[VND] PREPARE_PAIR slot=0
[VND] TX_SKIP busy/inflight tag=ADC0-ASY2
[VND] PREPARE_PAIR slot=0
[VND] PREPARE_PAIR slot=0
[VND] TX_SKIP busy/inflight tag=ADC0-ASY2
[VND] PREPARE_PAIR slot=0
[VND] PREPARE_PAIR slot=0
[VND] TX_SKIP busy/inflight tag=ADC0-ASY2
[VND] PREPARE_PAIR slot=0
[VND] PREPARE_PAIR slot=0
[VND] TX_SKIP busy/inflight tag=ADC0-ASY2
[VND] PREPARE_PAIR slot=0
[VND] PREPARE_PAIR slot=0
[VND] TX_SKIP busy/inflight tag=ADC0-ASY2
[VND] PREPARE_PAIR slot=0
[VND] PREPARE_PAIR slot=0
[VND] TX_SKIP busy/inflight tag=ADC0-ASY2
[VND] PREPARE_PAIR slot=0
[VND] PREPARE_PAIR slot=0
[VND] TX_SKIP busy/inflight tag=ADC0-ASY2
[VND] PREPARE_PAIR slot=0
[VND] PREPARE_PAIR slot=0
[VND] TX_SKIP busy/inflight tag=ADC0-ASY2
[VND] PREPARE_PAIR slot=0
[VND] PREPARE_PAIR slot=0
[VND] TX_SKIP busy/inflight tag=ADC0-ASY2
[VND] PREPARE_PAIR slot=0
[VND] PREPARE_PAIR slot=0
[VND] TX_SKIP busy/inflight tag=ADC0-ASY2
[VND] PREPARE_PAIR slot=0
[VND] PREPARE_PAIR slot=0
[VND] TX_SKIP busy/inflight tag=ADC0-ASY2
[VND] PREPARE_PAIR slot=0
[VND] PREPARE_PAIR slot=0
[VND] TX_SKIP busy/inflight tag=ADC0-ASY2
[VND] PREPARE_PAIR slot=0
[VND] PREPARE_PAIR slot=0
[VND] TX_SKIP busy/inflight tag=ADC0-ASY2
[VND] PREPARE_PAIR slot=0
[VND] PREPARE_PAIR slot=0
[VND] TX_SKIP busy/inflight tag=ADC0-ASY2
[VND] PREPARE_PAIR slot=0
[VND] PREPARE_PAIR slot=0
[VND] TX_SKIP busy/inflight tag=ADC0-ASY2
[VND] PREPARE_PAIR slot=0
[VND] PREPARE_PAIR slot=0
[VND] TX_SKIP busy/inflight tag=ADC0-ASY2
[VND] PREPARE_PAIR slot=0
[VND] PREPARE_PAIR slot=0
[VND] TX_SKIP busy/inflight tag=ADC0-ASY2
[VND] PREPARE_PAIR slot=0
[VND] PREPARE_PAIR slot=0
[VND] TX_SKIP busy/inflight tag=ADC0-ASY2
[VND] PREPARE_PAIR slot=0
[VND] PREPARE_PAIR slot=0
[VND] TX_SKIP busy/inflight tag=ADC0-ASY2
[VND] PREPARE_PAIR slot=0
[VND] PREPARE_PAIR slot=0
[VND] TX_SKIP busy/inflight tag=ADC0-ASY2
[VND] PREPARE_PAIR slot=0
[VND] PREPARE_PAIR slot=0
[VND] TX_SKIP busy/inflight tag=ADC0-ASY2
[VND] PREPARE_PAIR slot=0
[VND] PREPARE_PAIR slot=0
[VND] TX_SKIP busy/inflight tag=ADC0-ASY2
[VND] PREPARE_PAIR slot=0
[VND] PREPARE_PAIR slot=0
[VND] TX_SKIP busy/inflight tag=ADC0-ASY2
[VND] PREPARE_PAIR slot=0
[VND] PREPARE_PAIR slot=0
[VND] TX_SKIP busy/inflight tag=ADC0-ASY2
[VND] PREPARE_PAIR slot=0
[VND] PREPARE_PAIR slot=0
[VND] TX_SKIP busy/inflight tag=ADC0-ASY2
[VND] PREPARE_PAIR slot=0
[VND] PREPARE_PAIR slot=0
[VND] TX_SKIP busy/inflight tag=ADC0-ASY2
[VND] PREPARE_PAIR slot=0
[VND] PREPARE_PAIR slot=0
[VND] TX_SKIP busy/inflight tag=ADC0-ASY2
[VND] PREPARE_PAIR slot=0
[VND] PREPARE_PAIR slot=0
[VND] TX_SKIP busy/inflight tag=ADC0-ASY2
[VND] PREPARE_PAIR slot=0
[VND] PREPARE_PAIR slot=0
[VND] TX_SKIP busy/inflight tag=ADC0-ASY2
[VND] PREPARE_PAIR slot=0
[VND] PREPARE_PAIR slot=0
[VND] TX_SKIP busy/inflight tag=ADC0-ASY2
[VND] PREPARE_PAIR slot=0
[VND] PREPARE_PAIR slot=0
[VND] TX_SKIP busy/inflight tag=ADC0-ASY2
[VND] PREPARE_PAIR slot=0
[VND] PREPARE_PAIR slot=0
[VND] TX_SKIP busy/inflight tag=ADC0-ASY2
[VND] PREPARE_PAIR slot=0
[VND] PREPARE_PAIR slot=0
[VND] TX_SKIP busy/inflight tag=ADC0-ASY2
[VND] PREPARE_PAIR slot=0
[VND] PREPARE_PAIR slot=0
[VND] TX_SKIP busy/inflight tag=ADC0-ASY2
[VND] PREPARE_PAIR slot=0
[VND] PREPARE_PAIR slot=0
[VND] TX_SKIP busy/inflight tag=ADC0-ASY2
[VND] PREPARE_PAIR slot=0
[VND] PREPARE_PAIR slot=0
[VND] TX_SKIP busy/inflight tag=ADC0-ASY2
[VND] PREPARE_PAIR slot=0
[VND] PREPARE_PAIR slot=0
[VND] TX_SKIP busy/inflight tag=ADC0-ASY2
[VND] PREPARE_PAIR slot=0
[VND] PREPARE_PAIR slot=0
[VND] TX_SKIP busy/inflight tag=ADC0-ASY2
[VND] PREPARE_PAIR slot=0
[VND] PREPARE_PAIR slot=0
[VND] TX_SKIP busy/inflight tag=ADC0-ASY2
[VND] PREPARE_PAIR slot=0
[VND] PREPARE_PAIR slot=0
[VND] TX_SKIP busy/inflight tag=ADC0-ASY2
[VND] PREPARE_PAIR slot=0
[VND] PREPARE_PAIR slot=0
[VND] TX_SKIP busy/inflight tag=ADC0-ASY2
[VND] PREPARE_PAIR slot=0
[VND] PREPARE_PAIR slot=0
[VND] TX_SKIP busy/inflight tag=ADC0-ASY2
[VND] PREPARE_PAIR slot=0
[VND] PREPARE_PAIR slot=0
[VND] TX_SKIP busy/inflight tag=ADC0-ASY2
[VND] PREPARE_PAIR slot=0
[VND] PREPARE_PAIR slot=0
[VND] TX_SKIP busy/inflight tag=ADC0-ASY2
[VND] PREPARE_PAIR slot=0
[VND] PREPARE_PAIR slot=0
[VND] TX_SKIP busy/inflight tag=ADC0-ASY2
[VND] PREPARE_PAIR slot=0
[VND] PREPARE_PAIR slot=0
[VND] TX_SKIP busy/inflight tag=ADC0-ASY2
[VND] PREPARE_PAIR slot=0
[VND] PREPARE_PAIR slot=0
[VND] TX_SKIP busy/inflight tag=ADC0-ASY2
[VND] PREPARE_PAIR slot=0
[VND] PREPARE_PAIR slot=0
[VND] TX_SKIP busy/inflight tag=ADC0-ASY2
[VND] PREPARE_PAIR slot=0
[VND] PREPARE_PAIR slot=0
[VND] TX_SKIP busy/inflight tag=ADC0-ASY2
[VND] PREPARE_PAIR slot=0
[VND] PREPARE_PAIR slot=0
[VND] TX_SKIP busy/inflight tag=ADC0-ASY2
[VND] PREPARE_PAIR slot=0
[VND] PREPARE_PAIR slot=0
[VND] TX_SKIP busy/inflight tag=ADC0-ASY2
[VND] PREPARE_PAIR slot=0
[VND] PREPARE_PAIR slot=0
[VND] TX_SKIP busy/inflight tag=ADC0-ASY2
[VND] PREPARE_PAIR slot=0
[VND] PREPARE_PAIR slot=0
[VND] TX_SKIP busy/inflight tag=ADC0-ASY2
[VND] PREPARE_PAIR slot=0
[VND] PREPARE_PAIR slot=0
[VND] TX_SKIP busy/inflight tag=ADC0-ASY2
[VND] PREPARE_PAIR slot=0
[VND] PREPARE_PAIR slot=0
[VND] TX_SKIP busy/inflight tag=ADC0-ASY2
[VND] PREPARE_PAIR slot=0
[VND] PREPARE_PAIR slot=0
[VND] TX_SKIP busy/inflight tag=ADC0-ASY2
[VND] PREPARE_PAIR slot=0
[VND] PREPARE_PAIR slot=0
[VND] TX_SKIP busy/inflight tag=ADC0-ASY2
[VND] PREPARE_PAIR slot=0
[VND] PREPARE_PAIR slot=0
[VND] TX_SKIP busy/inflight tag=ADC0-ASY2
[VND] PREPARE_PAIR slot=0
[VND] PREPARE_PAIR slot=0
[VND] TX_SKIP busy/inflight tag=ADC0-ASY2
[VND] PREPARE_PAIR slot=0
[VND] PREPARE_PAIR slot=0
[VND] TX_SKIP busy/inflight tag=ADC0-ASY2
[VND] PREPARE_PAIR slot=0
[VND] PREPARE_PAIR slot=0
[VND] TX_SKIP busy/inflight tag=ADC0-ASY2
[VND] PREPARE_PAIR slot=0
[VND] PREPARE_PAIR slot=0
[VND] TX_SKIP busy/inflight tag=ADC0-ASY2
[VND] PREPARE_PAIR slot=0
[VND] PREPARE_PAIR slot=0
[VND] TX_SKIP busy/inflight tag=ADC0-ASY2
[VND] PREPARE_PAIR slot=0
[VND] PREPARE_PAIR slot=0
[VND] TX_SKIP busy/inflight tag=ADC0-ASY2
[VND] PREPARE_PAIR slot=0
[VND] PREPARE_PAIR slot=0
[VND] TX_SKIP busy/inflight tag=ADC0-ASY2
[VND] PREPARE_PAIR slot=0
[VND] PREPARE_PAIR slot=0
[VND] TX_SKIP busy/inflight tag=ADC0-ASY2
[VND] PREPARE_PAIR slot=0
[VND] PREPARE_PAIR slot=0
[VND] TX_SKIP busy/inflight tag=ADC0-ASY2
[VND] PREPARE_PAIR slot=0
[VND] PREPARE_PAIR slot=0
[VND] TX_SKIP busy/inflight tag=ADC0-ASY2
[VND] PREPARE_PAIR slot=0
[VND] PREPARE_PAIR slot=0
[VND] TX_SKIP busy/inflight tag=ADC0-ASY2
[VND] PREPARE_PAIR slot=0
[VND] PREPARE_PAIR slot=0
[VND] TX_SKIP busy/inflight tag=ADC0-ASY2
[VND] PREPARE_PAIR slot=0
[VND] PREPARE_PAIR slot=0
[VND] TX_SKIP busy/inflight tag=ADC0-ASY2
[VND] PREPARE_PAIR slot=0
[VND] PREPARE_PAIR slot=0
[VND] TX_SKIP busy/inflight tag=ADC0-ASY2
[VND] PREPARE_PAIR slot=0
[VND] PREPARE_PAIR slot=0
[VND] TX_SKIP busy/inflight tag=ADC0-ASY2
[VND] PREPARE_PAIR slot=0
[VND] PREPARE_PAIR slot=0
[VND] TX_SKIP busy/inflight tag=ADC0-ASY2
[VND] PREPARE_PAIR slot=0
[VND] PREPARE_PAIR slot=0
[VND] TX_SKIP busy/inflight tag=ADC0-ASY2
[VND] PREPARE_PAIR slot=0
[VND] PREPARE_PAIR slot=0
[VND] TX_SKIP busy/inflight tag=ADC0-ASY2
[VND] PREPARE_PAIR slot=0
[VND] PREPARE_PAIR slot=0
[VND] TX_SKIP busy/inflight tag=ADC0-ASY2
[VND] PREPARE_PAIR slot=0
[VND] PREPARE_PAIR slot=0
[VND] TX_SKIP busy/inflight tag=ADC0-ASY2
[VND] PREPARE_PAIR slot=0
[VND] PREPARE_PAIR slot=0
[VND] TX_SKIP busy/inflight tag=ADC0-ASY2
[VND] PREPARE_PAIR slot=0
[VND] PREPARE_PAIR slot=0
[VND] TX_SKIP busy/inflight tag=ADC0-ASY2
[VND] PREPARE_PAIR slot=0
[VND] PREPARE_PAIR slot=0
[VND] TX_SKIP busy/inflight tag=ADC0-ASY2
[VND] PREPARE_PAIR slot=0
[VND] PREPARE_PAIR slot=0
[VND] TX_SKIP busy/inflight tag=ADC0-ASY2
[VND] PREPARE_PAIR slot=0
[VND] PREPARE_PAIR slot=0
[VND] TX_SKIP busy/inflight tag=ADC0-ASY2
[VND] PREPARE_PAIR slot=0
[VND] PREPARE_PAIR slot=0
[VND] TX_SKIP busy/inflight tag=ADC0-ASY2
[VND] PREPARE_PAIR slot=0
[VND] PREPARE_PAIR slot=0
[VND] TX_SKIP busy/inflight tag=ADC0-ASY2
[VND] PREPARE_PAIR slot=0
[VND] PREPARE_PAIR slot=0
[VND] TX_SKIP busy/inflight tag=ADC0-ASY2
[VND] PREPARE_PAIR slot=0
[VND] PREPARE_PAIR slot=0
[VND] TX_SKIP busy/inflight tag=ADC0-ASY2
[VND] PREPARE_PAIR slot=0
[VND] PREPARE_PAIR slot=0
[VND] TX_SKIP busy/inflight tag=ADC0-ASY2
[VND] PREPARE_PAIR slot=0
[VND] PREPARE_PAIR slot=0
[VND] TX_SKIP busy/inflight tag=ADC0-ASY2
[VND] PREPARE_PAIR slot=0
[VND] PREPARE_PAIR slot=0
[VND] TX_SKIP busy/inflight tag=ADC0-ASY2
[VND] PREPARE_PAIR slot=0
[VND] PREPARE_PAIR slot=0
[VND] TX_SKIP busy/inflight tag=ADC0-ASY2
[VND] PREPARE_PAIR slot=0
[VND] PREPARE_PAIR slot=0
[VND] TX_SKIP busy/inflight tag=ADC0-ASY2
[VND] PREPARE_PAIR slot=0
[VND] PREPARE_PAIR slot=0
[VND] TX_SKIP busy/inflight tag=ADC0-ASY2
[VND] PREPARE_PAIR slot=0
[VND] PREPARE_PAIR slot=0
[VND] TX_SKIP busy/inflight tag=ADC0-ASY2
[VND] PREPARE_PAIR slot=0
[VND] PREPARE_PAIR slot=0
[VND] TX_SKIP busy/inflight tag=ADC0-ASY2
[VND] PREPARE_PAIR slot=0
[VND] PREPARE_PAIR slot=0
[VND] TX_SKIP busy/inflight tag=ADC0-ASY2
[VND] PREPARE_PAIR slot=0
[VND] PREPARE_PAIR slot=0
[VND] TX_SKIP busy/inflight tag=ADC0-ASY2
[VND] PREPARE_PAIR slot=0
[VND] PREPARE_PAIR slot=0
[VND] TX_SKIP busy/inflight tag=ADC0-ASY2
[VND] PREPARE_PAIR slot=0
[VND] PREPARE_PAIR slot=0
[VND] TX_SKIP busy/inflight tag=ADC0-ASY2
[VND] PREPARE_PAIR slot=0
[VND] PREPARE_PAIR slot=0
[VND] TX_SKIP busy/inflight tag=ADC0-ASY2
[VND] PREPARE_PAIR slot=0
[VND] PREPARE_PAIR slot=0
[VND] TX_SKIP busy/inflight tag=ADC0-ASY2
[VND] PREPARE_PAIR slot=0
[VND] PREPARE_PAIR slot=0
[VND] TX_SKIP busy/inflight tag=ADC0-ASY2
[VND] PREPARE_PAIR slot=0
[VND] PREPARE_PAIR slot=0
[VND] TX_SKIP busy/inflight tag=ADC0-ASY2
[VND] PREPARE_PAIR slot=0
[VND] PREPARE_PAIR slot=0
[VND] TX_SKIP busy/inflight tag=ADC0-ASY2
[VND] PREPARE_PAIR slot=0
[VND] PREPARE_PAIR slot=0
[VND] TX_SKIP busy/inflight tag=ADC0-ASY2
[VND] PREPARE_PAIR slot=0
[VND] PREPARE_PAIR slot=0
[VND] TX_SKIP busy/inflight tag=ADC0-ASY2
[VND] PREPARE_PAIR slot=0
[VND] PREPARE_PAIR slot=0
[VND] TX_SKIP busy/inflight tag=ADC0-ASY2
[VND] PREPARE_PAIR slot=0
[VND] PREPARE_PAIR slot=0
[VND] TX_SKIP busy/inflight tag=ADC0-ASY2
[VND] PREPARE_PAIR slot=0
[VND] PREPARE_PAIR slot=0
[VND] TX_SKIP busy/inflight tag=ADC0-ASY2
[VND] PREPARE_PAIR slot=0
[VND] PREPARE_PAIR slot=0
[VND] TX_SKIP busy/inflight tag=ADC0-ASY2
[VND] PREPARE_PAIR slot=0
[VND] PREPARE_PAIR slot=0
[VND] TX_SKIP busy/inflight tag=ADC0-ASY2
[VND] PREPARE_PAIR slot=0
[VND] PREPARE_PAIR slot=0
[VND] TX_SKIP busy/inflight tag=ADC0-ASY2
[VND] PREPARE_PAIR slot=0
[VND] PREPARE_PAIR slot=0
[VND] TX_SKIP busy/inflight tag=ADC0-ASY2
[VND] PREPARE_PAIR slot=0
[VND] PREPARE_PAIR slot=0
[VND] TX_SKIP busy/inflight tag=ADC0-ASY2
[VND] PREPARE_PAIR slot=0
[VND] PREPARE_PAIR slot=0
[VND] TX_SKIP busy/inflight tag=ADC0-ASY2
[VND] PREPARE_PAIR slot=0
[VND] PREPARE_PAIR slot=0
[VND] TX_SKIP busy/inflight tag=ADC0-ASY2
[VND] PREPARE_PAIR slot=0
[VND] PREPARE_PAIR slot=0
[VND] TX_SKIP busy/inflight tag=ADC0-ASY2
[VND] PREPARE_PAIR slot=0
[VND] PREPARE_PAIR slot=0
[VND] TX_SKIP busy/inflight tag=ADC0-ASY2
[VND] PREPARE_PAIR slot=0
[VND] PREPARE_PAIR slot=0
[VND] TX_SKIP busy/inflight tag=ADC0-ASY2
[VND] PREPARE_PAIR slot=0
[VND] PREPARE_PAIR slot=0
[VND] TX_SKIP busy/inflight tag=ADC0-ASY2
[VND] PREPARE_PAIR slot=0
[VND] PREPARE_PAIR slot=0
[VND] TX_SKIP busy/inflight tag=ADC0-ASY2
[VND] PREPARE_PAIR slot=0
[VND] PREPARE_PAIR slot=0
[VND] TX_SKIP busy/inflight tag=ADC0-ASY2
[VND] PREPARE_PAIR slot=0
[VND] PREPARE_PAIR slot=0
[VND] TX_SKIP busy/inflight tag=ADC0-ASY2
[VND] PREPARE_PAIR slot=0
[VND] PREPARE_PAIR slot=0
[VND] TX_SKIP busy/inflight tag=ADC0-ASY2
[VND] PREPARE_PAIR slot=0
[VND] PREPARE_PAIR slot=0
[VND] TX_SKIP busy/inflight tag=ADC0-ASY2
[VND] PREPARE_PAIR slot=0
[VND] PREPARE_PAIR slot=0
[VND] TX_SKIP busy/inflight tag=ADC0-ASY2
[VND] PREPARE_PAIR slot=0
[VND] PREPARE_PAIR slot=0
[VND] TX_SKIP busy/inflight tag=ADC0-ASY2
[VND] PREPARE_PAIR slot=0
[VND] PREPARE_PAIR slot=0
[VND] TX_SKIP busy/inflight tag=ADC0-ASY2
[VND] PREPARE_PAIR slot=0
[VND] PREPARE_PAIR slot=0
[VND] TX_SKIP busy/inflight tag=ADC0-ASY2
[VND] PREPARE_PAIR slot=0
[VND] PREPARE_PAIR slot=0
[VND] TX_SKIP busy/inflight tag=ADC0-ASY2
[VND] PREPARE_PAIR slot=0
[VND] PREPARE_PAIR slot=0
[VND] TX_SKIP busy/inflight tag=ADC0-ASY2
[VND] PREPARE_PAIR slot=0
[VND] PREPARE_PAIR slot=0
[VND] TX_SKIP busy/inflight tag=ADC0-ASY2
[VND] PREPARE_PAIR slot=0
[VND] PREPARE_PAIR slot=0
[VND] TX_SKIP busy/inflight tag=ADC0-ASY2
[VND] PREPARE_PAIR slot=0
[VND] PREPARE_PAIR slot=0
[VND] TX_SKIP busy/inflight tag=ADC0-ASY2
[VND] PREPARE_PAIR slot=0
[VND] PREPARE_PAIR slot=0
[VND] TX_SKIP busy/inflight tag=ADC0-ASY2
[VND] PREPARE_PAIR slot=0
[VND] PREPARE_PAIR slot=0
[VND] TX_SKIP busy/inflight tag=ADC0-ASY2
[VND] PREPARE_PAIR slot=0
[VND] PREPARE_PAIR slot=0
[VND] TX_SKIP busy/inflight tag=ADC0-ASY2
[VND] PREPARE_PAIR slot=0
[VND] PREPARE_PAIR slot=0
[VND] TX_SKIP busy/inflight tag=ADC0-ASY2
[VND] PREPARE_PAIR slot=0
[VND] PREPARE_PAIR slot=0
[VND] TX_SKIP busy/inflight tag=ADC0-ASY2
[VND] PREPARE_PAIR slot=0
[VND] PREPARE_PAIR slot=0
[VND] TX_SKIP busy/inflight tag=ADC0-ASY2
[VND] PREPARE_PAIR slot=0
[VND] PREPARE_PAIR slot=0
[VND] TX_SKIP busy/inflight tag=ADC0-ASY2
[VND] PREPARE_PAIR slot=0
[VND] PREPARE_PAIR slot=0
[VND] TX_SKIP busy/inflight tag=ADC0-ASY2
[VND] PREPARE_PAIR slot=0
[VND] PREPARE_PAIR slot=0
[VND] TX_SKIP busy/inflight tag=ADC0-ASY2
[VND] PREPARE_PAIR slot=0
[VND] PREPARE_PAIR slot=0
[VND] TX_SKIP busy/inflight tag=ADC0-ASY2
[VND] PREPARE_PAIR slot=0
[VND] PREPARE_PAIR slot=0
[VND] TX_SKIP busy/inflight tag=ADC0-ASY2
[VND] PREPARE_PAIR slot=0
[VND] PREPARE_PAIR slot=0
[VND] TX_SKIP busy/inflight tag=ADC0-ASY2
[VND] PREPARE_PAIR slot=0
[VND] PREPARE_PAIR slot=0
[VND] TX_SKIP busy/inflight tag=ADC0-ASY2
[VND] PREPARE_PAIR slot=0
[VND] PREPARE_PAIR slot=0
[VND] TX_SKIP busy/inflight tag=ADC0-ASY2
[VND] PREPARE_PAIR slot=0
[VND] PREPARE_PAIR slot=0
[VND] TX_SKIP busy/inflight tag=ADC0-ASY2
[VND] PREPARE_PAIR slot=0
[VND] PREPARE_PAIR slot=0
[VND] TX_SKIP busy/inflight tag=ADC0-ASY2
[VND] PREPARE_PAIR slot=0
[VND] PREPARE_PAIR slot=0
[VND] TX_SKIP busy/inflight tag=ADC0-ASY2
[VND] PREPARE_PAIR slot=0
[VND] PREPARE_PAIR slot=0
[VND] TX_SKIP busy/inflight tag=ADC0-ASY2
[VND] PREPARE_PAIR slot=0
[VND] PREPARE_PAIR slot=0
[VND] TX_SKIP busy/inflight tag=ADC0-ASY2
[VND] PREPARE_PAIR slot=0
[VND] PREPARE_PAIR slot=0
[VND] TX_SKIP busy/inflight tag=ADC0-ASY2
[VND] PREPARE_PAIR slot=0
[VND] PREPARE_PAIR slot=0
[VND] TX_SKIP busy/inflight tag=ADC0-ASY2
[VND] PREPARE_PAIR slot=0
[VND] PREPARE_PAIR slot=0
[VND] TX_SKIP busy/inflight tag=ADC0-ASY2
[VND] PREPARE_PAIR slot=0
[VND] PREPARE_PAIR slot=0
[VND] TX_SKIP busy/inflight tag=ADC0-ASY2
[VND] PREPARE_PAIR slot=0
[VND] PREPARE_PAIR slot=0
[VND] TX_SKIP busy/inflight tag=ADC0-ASY2
[VND] PREPARE_PAIR slot=0
[VND] PREPARE_PAIR slot=0
[VND] TX_SKIP busy/inflight tag=ADC0-ASY2
[VND] PREPARE_PAIR slot=0
[VND] PREPARE_PAIR slot=0
[VND] TX_SKIP busy/inflight tag=ADC0-ASY2
[VND] PREPARE_PAIR slot=0
[VND] PREPARE_PAIR slot=0
[VND] TX_SKIP busy/inflight tag=ADC0-ASY2
[VND] PREPARE_PAIR slot=0
[VND] PREPARE_PAIR slot=0
[VND] TX_SKIP busy/inflight tag=ADC0-ASY2
[VND] PREPARE_PAIR slot=0
[VND] PREPARE_PAIR slot=0
[VND] TX_SKIP busy/inflight tag=ADC0-ASY2
[VND] PREPARE_PAIR slot=0
[VND] PREPARE_PAIR slot=0
[VND] TX_SKIP busy/inflight tag=ADC0-ASY2
[VND] PREPARE_PAIR slot=0
[VND] PREPARE_PAIR slot=0
[VND] TX_SKIP busy/inflight tag=ADC0-ASY2
[VND] PREPARE_PAIR slot=0
[VND] PREPARE_PAIR slot=0
[VND] TX_SKIP busy/inflight tag=ADC0-ASY2
[VND] PREPARE_PAIR slot=0
[VND] PREPARE_PAIR slot=0
[VND] TX_SKIP busy/inflight tag=ADC0-ASY2
[VND] PREPARE_PAIR slot=0
[VND] PREPARE_PAIR slot=0
[VND] TX_SKIP busy/inflight tag=ADC0-ASY2
[VND] PREPARE_PAIR slot=0
[VND] PREPARE_PAIR slot=0
[VND] TX_SKIP busy/inflight tag=ADC0-ASY2
[VND] PREPARE_PAIR slot=0
[VND] PREPARE_PAIR slot=0
[VND] TX_SKIP busy/inflight tag=ADC0-ASY2
[VND] PREPARE_PAIR slot=0
[VND] PREPARE_PAIR slot=0
[VND] TX_SKIP busy/inflight tag=ADC0-ASY2
[VND] PREPARE_PAIR slot=0
[VND] PREPARE_PAIR slot=0
[VND] TX_SKIP busy/inflight tag=ADC0-ASY2
[VND] PREPARE_PAIR slot=0
[VND] PREPARE_PAIR slot=0
[VND] TX_SKIP busy/inflight tag=ADC0-ASY2
[VND] PREPARE_PAIR slot=0
[VND] PREPARE_PAIR slot=0
[VND] TX_SKIP busy/inflight tag=ADC0-ASY2
[VND] PREPARE_PAIR slot=0
[VND] PREPARE_PAIR slot=0
[VND] TX_SKIP busy/inflight tag=ADC0-ASY2
[VND] PREPARE_PAIR slot=0
[VND] PREPARE_PAIR slot=0
[VND] TX_SKIP busy/inflight tag=ADC0-ASY2
[VND] PREPARE_PAIR slot=0
[VND] PREPARE_PAIR slot=0
[VND] TX_SKIP busy/inflight tag=ADC0-ASY2
[VND] PREPARE_PAIR slot=0
[VND] PREPARE_PAIR slot=0
[VND] TX_SKIP busy/inflight tag=ADC0-ASY2
[VND] PREPARE_PAIR slot=0
[VND] PREPARE_PAIR slot=0
[VND] TX_SKIP busy/inflight tag=ADC0-ASY2
[VND] PREPARE_PAIR slot=0
[VND] PREPARE_PAIR slot=0
[VND] TX_SKIP busy/inflight tag=ADC0-ASY2
[VND] PREPARE_PAIR slot=0
[VND] PREPARE_PAIR slot=0
[VND] TX_SKIP busy/inflight tag=ADC0-ASY2
[VND] PREPARE_PAIR slot=0
[VND] PREPARE_PAIR slot=0
[VND] TX_SKIP busy/inflight tag=ADC0-ASY2
[VND] PREPARE_PAIR slot=0
[VND] PREPARE_PAIR slot=0
[VND] TX_SKIP busy/inflight tag=ADC0-ASY2
[VND] PREPARE_PAIR slot=0
[VND] PREPARE_PAIR slot=0
[VND] TX_SKIP busy/inflight tag=ADC0-ASY2
[VND] PREPARE_PAIR slot=0
[VND] PREPARE_PAIR slot=0
[VND] TX_SKIP busy/inflight tag=ADC0-ASY2
[VND] PREPARE_PAIR slot=0
[VND] PREPARE_PAIR slot=0
[VND] TX_SKIP busy/inflight tag=ADC0-ASY2
[VND] PREPARE_PAIR slot=0
[VND] PREPARE_PAIR slot=0
[VND] TX_SKIP busy/inflight tag=ADC0-ASY2
[VND] PREPARE_PAIR slot=0
[VND] PREPARE_PAIR slot=0
[VND] TX_SKIP busy/inflight tag=ADC0-ASY2
[VND] PREPARE_PAIR slot=0
[VND] PREPARE_PAIR slot=0
[VND] TX_SKIP busy/inflight tag=ADC0-ASY2
[VND] PREPARE_PAIR slot=0
[VND] PREPARE_PAIR slot=0
[VND] TX_SKIP busy/inflight tag=ADC0-ASY2
[VND] PREPARE_PAIR slot=0
[VND] PREPARE_PAIR slot=0
[VND] TX_SKIP busy/inflight tag=ADC0-ASY2
[VND] PREPARE_PAIR slot=0
[VND] PREPARE_PAIR slot=0
[VND] TX_SKIP busy/inflight tag=ADC0-ASY2
[VND] PREPARE_PAIR slot=0
[VND] PREPARE_PAIR slot=0
[VND] TX_SKIP busy/inflight tag=ADC0-ASY2
[VND] PREPARE_PAIR slot=0
[VND] PREPARE_PAIR slot=0
[VND] TX_SKIP busy/inflight tag=ADC0-ASY2
[VND] PREPARE_PAIR slot=0
[VND] PREPARE_PAIR slot=0
[VND] TX_SKIP busy/inflight tag=ADC0-ASY2
[VND] PREPARE_PAIR slot=0
[VND] PREPARE_PAIR slot=0
[VND] TX_SKIP busy/inflight tag=ADC0-ASY2
[VND] PREPARE_PAIR slot=0
[VND] PREPARE_PAIR slot=0
[VND] TX_SKIP busy/inflight tag=ADC0-ASY2
[VND] PREPARE_PAIR slot=0
[VND] PREPARE_PAIR slot=0
[VND] TX_SKIP busy/inflight tag=ADC0-ASY2
[VND] PREPARE_PAIR slot=0
[VND] PREPARE_PAIR slot=0
[VND] TX_SKIP busy/inflight tag=ADC0-ASY2
[VND] PREPARE_PAIR slot=0
[VND] PREPARE_PAIR slot=0
[VND] TX_SKIP busy/inflight tag=ADC0-ASY2
[VND] PREPARE_PAIR slot=0
[VND] PREPARE_PAIR slot=0
[VND] TX_SKIP busy/inflight tag=ADC0-ASY2
[VND] PREPARE_PAIR slot=0
[VND] PREPARE_PAIR slot=0
[VND] TX_SKIP busy/inflight tag=ADC0-ASY2
[VND] PREPARE_PAIR slot=0
[VND] PREPARE_PAIR slot=0
[VND] TX_SKIP busy/inflight tag=ADC0-ASY2
[VND] PREPARE_PAIR slot=0
[VND] PREPARE_PAIR slot=0
[VND] TX_SKIP busy/inflight tag=ADC0-ASY2
[VND] PREPARE_PAIR slot=0
[VND] PREPARE_PAIR slot=0
[VND] TX_SKIP busy/inflight tag=ADC0-ASY2
[VND] PREPARE_PAIR slot=0
[VND] PREPARE_PAIR slot=0
[VND] TX_SKIP busy/inflight tag=ADC0-ASY2
[VND] PREPARE_PAIR slot=0
[VND] PREPARE_PAIR slot=0
[VND] TX_SKIP busy/inflight tag=ADC0-ASY2
[VND] PREPARE_PAIR slot=0
[VND] PREPARE_PAIR slot=0
[VND] TX_SKIP busy/inflight tag=ADC0-ASY2
[VND] PREPARE_PAIR slot=0
[VND] PREPARE_PAIR slot=0
[VND] TX_SKIP busy/inflight tag=ADC0-ASY2
[VND] PREPARE_PAIR slot=0
[VND] PREPARE_PAIR slot=0
[VND] TX_SKIP busy/inflight tag=ADC0-ASY2
[VND] PREPARE_PAIR slot=0
[VND] PREPARE_PAIR slot=0
[VND] TX_SKIP busy/inflight tag=ADC0-ASY2
[VND] PREPARE_PAIR slot=0
[VND] PREPARE_PAIR slot=0
[VND] TX_SKIP busy/inflight tag=ADC0-ASY2
[VND] PREPARE_PAIR slot=0
[VND] PREPARE_PAIR slot=0
[VND] TX_SKIP busy/inflight tag=ADC0-ASY2
[VND] PREPARE_PAIR slot=0
[VND] PREPARE_PAIR slot=0
[VND] TX_SKIP busy/inflight tag=ADC0-ASY2
[VND] PREPARE_PAIR slot=0
[VND] PREPARE_PAIR slot=0
[VND] TX_SKIP busy/inflight tag=ADC0-ASY2
[VND] PREPARE_PAIR slot=0
[VND] PREPARE_PAIR slot=0
[VND] TX_SKIP busy/inflight tag=ADC0-ASY2
[VND] PREPARE_PAIR slot=0
[VND] PREPARE_PAIR slot=0
[VND] TX_SKIP busy/inflight tag=ADC0-ASY2
[VND] PREPARE_PAIR slot=0
[VND] PREPARE_PAIR slot=0
[VND] TX_SKIP busy/inflight tag=ADC0-ASY2
[VND] PREPARE_PAIR slot=0
[VND] PREPARE_PAIR slot=0
[VND] TX_SKIP busy/inflight tag=ADC0-ASY2
[VND] PREPARE_PAIR slot=0
[VND] PREPARE_PAIR slot=0
[VND] TX_SKIP busy/inflight tag=ADC0-ASY2
[VND] PREPARE_PAIR slot=0
[VND] PREPARE_PAIR slot=0
[VND] TX_SKIP busy/inflight tag=ADC0-ASY2
[VND] PREPARE_PAIR slot=0
[VND] PREPARE_PAIR slot=0
[VND] TX_SKIP busy/inflight tag=ADC0-ASY2
[VND] PREPARE_PAIR slot=0
[VND] PREPARE_PAIR slot=0
[VND] TX_SKIP busy/inflight tag=ADC0-ASY2
[VND] PREPARE_PAIR slot=0
[VND] PREPARE_PAIR slot=0
[VND] TX_SKIP busy/inflight tag=ADC0-ASY2
[VND] PREPARE_PAIR slot=0
[VND] PREPARE_PAIR slot=0
[VND] TX_SKIP busy/inflight tag=ADC0-ASY2
[VND] PREPARE_PAIR slot=0
[VND] PREPARE_PAIR slot=0
[VND] TX_SKIP busy/inflight tag=ADC0-ASY2
[VND] PREPARE_PAIR slot=0
[VND] PREPARE_PAIR slot=0
[VND] TX_SKIP busy/inflight tag=ADC0-ASY2
[VND] PREPARE_PAIR slot=0
[VND] PREPARE_PAIR slot=0
[VND] TX_SKIP busy/inflight tag=ADC0-ASY2
[VND] PREPARE_PAIR slot=0
[VND] PREPARE_PAIR slot=0
[VND] TX_SKIP busy/inflight tag=ADC0-ASY2
[VND] PREPARE_PAIR slot=0
[VND] PREPARE_PAIR slot=0
[VND] TX_SKIP busy/inflight tag=ADC0-ASY2
[VND] PREPARE_PAIR slot=0
[VND] PREPARE_PAIR slot=0
[VND] TX_SKIP busy/inflight tag=ADC0-ASY2
[VND] PREPARE_PAIR slot=0
[VND] PREPARE_PAIR slot=0
[VND] TX_SKIP busy/inflight tag=ADC0-ASY2
[VND] PREPARE_PAIR slot=0
[VND] PREPARE_PAIR slot=0
[VND] TX_SKIP busy/inflight tag=ADC0-ASY2
[VND] PREPARE_PAIR slot=0
[VND] PREPARE_PAIR slot=0
[VND] TX_SKIP busy/inflight tag=ADC0-ASY2
[VND] PREPARE_PAIR slot=0
[VND] PREPARE_PAIR slot=0
[VND] TX_SKIP busy/inflight tag=ADC0-ASY2
[VND] PREPARE_PAIR slot=0
[VND] PREPARE_PAIR slot=0
[VND] TX_SKIP busy/inflight tag=ADC0-ASY2
[VND] PREPARE_PAIR slot=0
[VND] PREPARE_PAIR slot=0
[VND] TX_SKIP busy/inflight tag=ADC0-ASY2
[VND] PREPARE_PAIR slot=0
[VND] PREPARE_PAIR slot=0
[VND] TX_SKIP busy/inflight tag=ADC0-ASY2
[VND] PREPARE_PAIR slot=0
[VND] PREPARE_PAIR slot=0
[VND] TX_SKIP busy/inflight tag=ADC0-ASY2
[VND] PREPARE_PAIR slot=0
[VND] PREPARE_PAIR slot=0
[VND] TX_SKIP busy/inflight tag=ADC0-ASY2
[VND] PREPARE_PAIR slot=0
[VND] PREPARE_PAIR slot=0
[VND] TX_SKIP busy/inflight tag=ADC0-ASY2
[VND] PREPARE_PAIR slot=0
[VND] PREPARE_PAIR slot=0
[VND] TX_SKIP busy/inflight tag=ADC0-ASY2
[VND] PREPARE_PAIR slot=0
[VND] PREPARE_PAIR slot=0
[VND] TX_SKIP busy/inflight tag=ADC0-ASY2
[VND] PREPARE_PAIR slot=0
[VND] PREPARE_PAIR slot=0
[VND] TX_SKIP busy/inflight tag=ADC0-ASY2
[VND] PREPARE_PAIR slot=0
[VND] PREPARE_PAIR slot=0
[VND] TX_SKIP busy/inflight tag=ADC0-ASY2
[VND] PREPARE_PAIR slot=0
[VND] PREPARE_PAIR slot=0
[VND] TX_SKIP busy/inflight tag=ADC0-ASY2
[VND] PREPARE_PAIR slot=0
[VND] PREPARE_PAIR slot=0
[VND] TX_SKIP busy/inflight tag=ADC0-ASY2
[VND] PREPARE_PAIR slot=0
[VND] PREPARE_PAIR slot=0
[VND] TX_SKIP busy/inflight tag=ADC0-ASY2
[VND] PREPARE_PAIR slot=0
[VND] PREPARE_PAIR slot=0
[VND] TX_SKIP busy/inflight tag=ADC0-ASY2
[VND] PREPARE_PAIR slot=0
[VND] PREPARE_PAIR slot=0
[VND] TX_SKIP busy/inflight tag=ADC0-ASY2
[VND] PREPARE_PAIR slot=0
[VND] PREPARE_PAIR slot=0
[VND] TX_SKIP busy/inflight tag=ADC0-ASY2
[VND] PREPARE_PAIR slot=0
[VND] PREPARE_PAIR slot=0
[VND] TX_SKIP busy/inflight tag=ADC0-ASY2
[VND] PREPARE_PAIR slot=0
[VND] PREPARE_PAIR slot=0
[VND] TX_SKIP busy/inflight tag=ADC0-ASY2
[VND] PREPARE_PAIR slot=0
[VND] PREPARE_PAIR slot=0
[VND] TX_SKIP busy/inflight tag=ADC0-ASY2
[VND] PREPARE_PAIR slot=0
[VND] PREPARE_PAIR slot=0
[VND] TX_SKIP busy/inflight tag=ADC0-ASY2
[VND] PREPARE_PAIR slot=0
[VND] PREPARE_PAIR slot=0
[VND] TX_SKIP busy/inflight tag=ADC0-ASY2
[VND] PREPARE_PAIR slot=0
[VND] PREPARE_PAIR slot=0
[VND] TX_SKIP busy/inflight tag=ADC0-ASY2
[VND] PREPARE_PAIR slot=0
[VND] PREPARE_PAIR slot=0
[VND] TX_SKIP busy/inflight tag=ADC0-ASY2
[VND] PREPARE_PAIR slot=0
[VND] PREPARE_PAIR slot=0
[VND] TX_SKIP busy/inflight tag=ADC0-ASY2
[VND] PREPARE_PAIR slot=0
[VND] PREPARE_PAIR slot=0
[VND] TX_SKIP busy/inflight tag=ADC0-ASY2
[VND] PREPARE_PAIR slot=0
[VND] PREPARE_PAIR slot=0
[VND] TX_SKIP busy/inflight tag=ADC0-ASY2
[VND] PREPARE_PAIR slot=0
[VND] PREPARE_PAIR slot=0
[VND] TX_SKIP busy/inflight tag=ADC0-ASY2
[VND] PREPARE_PAIR slot=0
[VND] PREPARE_PAIR slot=0
[VND] TX_SKIP busy/inflight tag=ADC0-ASY2
[VND] PREPARE_PAIR slot=0
[VND] PREPARE_PAIR slot=0
[VND] TX_SKIP busy/inflight tag=ADC0-ASY2
[VND] PREPARE_PAIR slot=0
[VND] PREPARE_PAIR slot=0
[VND] TX_SKIP busy/inflight tag=ADC0-ASY2
[VND] PREPARE_PAIR slot=0
[VND] PREPARE_PAIR slot=0
[VND] TX_SKIP busy/inflight tag=ADC0-ASY2
[VND] PREPARE_PAIR slot=0
[VND] PREPARE_PAIR slot=0
[VND] TX_SKIP busy/inflight tag=ADC0-ASY2
[VND] PREPARE_PAIR slot=0
[VND] PREPARE_PAIR slot=0
[VND] TX_SKIP busy/inflight tag=ADC0-ASY2
[VND] PREPARE_PAIR slot=0
[VND] PREPARE_PAIR slot=0
[VND] TX_SKIP busy/inflight tag=ADC0-ASY2
[VND] PREPARE_PAIR slot=0
[VND] PREPARE_PAIR slot=0
[VND] TX_SKIP busy/inflight tag=ADC0-ASY2
[VND] PREPARE_PAIR slot=0
[VND] PREPARE_PAIR slot=0
[VND] TX_SKIP busy/inflight tag=ADC0-ASY2
[VND] PREPARE_PAIR slot=0
[VND] PREPARE_PAIR slot=0
[VND] TX_SKIP busy/inflight tag=ADC0-ASY2
[VND] PREPARE_PAIR slot=0
[VND] PREPARE_PAIR slot=0
[VND] TX_SKIP busy/inflight tag=ADC0-ASY2
[VND] PREPARE_PAIR slot=0
[VND] PREPARE_PAIR slot=0
[VND] TX_SKIP busy/inflight tag=ADC0-ASY2
[VND] PREPARE_PAIR slot=0
[VND] PREPARE_PAIR slot=0
[VND] TX_SKIP busy/inflight tag=ADC0-ASY2
[VND] PREPARE_PAIR slot=0
[VND] PREPARE_PAIR slot=0
[VND] TX_SKIP busy/inflight tag=ADC0-ASY2
[VND] PREPARE_PAIR slot=0
[VND] PREPARE_PAIR slot=0
[VND] TX_SKIP busy/inflight tag=ADC0-ASY2
[VND] PREPARE_PAIR slot=0
[VND] PREPARE_PAIR slot=0
[VND] TX_SKIP busy/inflight tag=ADC0-ASY2
[VND] PREPARE_PAIR slot=0
[VND] PREPARE_PAIR slot=0
[VND] TX_SKIP busy/inflight tag=ADC0-ASY2
[VND] PREPARE_PAIR slot=0
[VND] PREPARE_PAIR slot=0
[VND] TX_SKIP busy/inflight tag=ADC0-ASY2
[VND] PREPARE_PAIR slot=0
[VND] PREPARE_PAIR slot=0
[VND] TX_SKIP busy/inflight tag=ADC0-ASY2
[VND] PREPARE_PAIR slot=0
[VND] PREPARE_PAIR slot=0
[VND] TX_SKIP busy/inflight tag=ADC0-ASY2
[VND] PREPARE_PAIR slot=0
[VND] PREPARE_PAIR slot=0
[VND] TX_SKIP busy/inflight tag=ADC0-ASY2
[VND] PREPARE_PAIR slot=0
[VND] PREPARE_PAIR slot=0
[VND] TX_SKIP busy/inflight tag=ADC0-ASY2
[VND] PREPARE_PAIR slot=0
[VND] PREPARE_PAIR slot=0
[VND] TX_SKIP busy/inflight tag=ADC0-ASY2
[VND] PREPARE_PAIR slot=0
[VND] PREPARE_PAIR slot=0
[VND] TX_SKIP busy/inflight tag=ADC0-ASY2
[VND] PREPARE_PAIR slot=0
[VND] PREPARE_PAIR slot=0
[VND] TX_SKIP busy/inflight tag=ADC0-ASY2
[VND] PREPARE_PAIR slot=0
[VND] PREPARE_PAIR slot=0
[VND] TX_SKIP busy/inflight tag=ADC0-ASY2
[VND] PREPARE_PAIR slot=0
[VND] PREPARE_PAIR slot=0
[VND] TX_SKIP busy/inflight tag=ADC0-ASY2
[VND] PREPARE_PAIR slot=0
[VND] PREPARE_PAIR slot=0
[VND] TX_SKIP busy/inflight tag=ADC0-ASY2
[VND] PREPARE_PAIR slot=0
[VND] PREPARE_PAIR slot=0
[VND] TX_SKIP busy/inflight tag=ADC0-ASY2
[VND] PREPARE_PAIR slot=0
[VND] PREPARE_PAIR slot=0
[VND] TX_SKIP busy/inflight tag=ADC0-ASY2
[VND] PREPARE_PAIR slot=0
[VND] PREPARE_PAIR slot=0
[VND] TX_SKIP busy/inflight tag=ADC0-ASY2
[VND] PREPARE_PAIR slot=0
[VND] PREPARE_PAIR slot=0
[VND] TX_SKIP busy/inflight tag=ADC0-ASY2
[VND] PREPARE_PAIR slot=0
[VND] PREPARE_PAIR slot=0
[VND] TX_SKIP busy/inflight tag=ADC0-ASY2
[VND] PREPARE_PAIR slot=0
[VND] PREPARE_PAIR slot=0
[VND] TX_SKIP busy/inflight tag=ADC0-ASY2
[VND] PREPARE_PAIR slot=0
[VND] PREPARE_PAIR slot=0
[VND] TX_SKIP busy/inflight tag=ADC0-ASY2
[VND] PREPARE_PAIR slot=0
[VND] PREPARE_PAIR slot=0
[VND] TX_SKIP busy/inflight tag=ADC0-ASY2
[VND] PREPARE_PAIR slot=0
[VND] PREPARE_PAIR slot=0
[VND] TX_SKIP busy/inflight tag=ADC0-ASY2
[VND] PREPARE_PAIR slot=0
[VND] PREPARE_PAIR slot=0
[VND] TX_SKIP busy/inflight tag=ADC0-ASY2
[VND] PREPARE_PAIR slot=0
[VND] PREPARE_PAIR slot=0
[VND] TX_SKIP busy/inflight tag=ADC0-ASY2
[VND] PREPARE_PAIR slot=0
[VND] PREPARE_PAIR slot=0
[VND] TX_SKIP busy/inflight tag=ADC0-ASY2
[VND] PREPARE_PAIR slot=0
[VND] PREPARE_PAIR slot=0
[VND] TX_SKIP busy/inflight tag=ADC0-ASY2
[VND] PREPARE_PAIR slot=0
[VND] PREPARE_PAIR slot=0
[VND] TX_SKIP busy/inflight tag=ADC0-ASY2
[VND] PREPARE_PAIR slot=0
[VND] PREPARE_PAIR slot=0
[VND] TX_SKIP busy/inflight tag=ADC0-ASY2
[VND] PREPARE_PAIR slot=0
[VND] PREPARE_PAIR slot=0
[VND] TX_SKIP busy/inflight tag=ADC0-ASY2
[VND] PREPARE_PAIR slot=0
[VND] PREPARE_PAIR slot=0
[VND] TX_SKIP busy/inflight tag=ADC0-ASY2
[VND] PREPARE_PAIR slot=0
[VND] PREPARE_PAIR slot=0
[VND] TX_SKIP busy/inflight tag=ADC0-ASY2
[VND] PREPARE_PAIR slot=0
[VND] PREPARE_PAIR slot=0
[VND] TX_SKIP busy/inflight tag=ADC0-ASY2
[VND] PREPARE_PAIR slot=0
[VND] PREPARE_PAIR slot=0
[VND] TX_SKIP busy/inflight tag=ADC0-ASY2
[VND] PREPARE_PAIR slot=0
[VND] PREPARE_PAIR slot=0
[VND] TX_SKIP busy/inflight tag=ADC0-ASY2
[VND] PREPARE_PAIR slot=0
[VND] PREPARE_PAIR slot=0
[VND] TX_SKIP busy/inflight tag=ADC0-ASY2
[VND] PREPARE_PAIR slot=0
[VND] PREPARE_PAIR slot=0
[VND] TX_SKIP busy/inflight tag=ADC0-ASY2
[VND] PREPARE_PAIR slot=0
[VND] PREPARE_PAIR slot=0
[VND] TX_SKIP busy/inflight tag=ADC0-ASY2
[VND] PREPARE_PAIR slot=0
[VND] PREPARE_PAIR slot=0
[VND] TX_SKIP busy/inflight tag=ADC0-ASY2
[VND] PREPARE_PAIR slot=0
[VND] PREPARE_PAIR slot=0
[VND] TX_SKIP busy/inflight tag=ADC0-ASY2
[VND] PREPARE_PAIR slot=0
[VND] PREPARE_PAIR slot=0
[VND] TX_SKIP busy/inflight tag=ADC0-ASY2
[VND] PREPARE_PAIR slot=0
[VND] PREPARE_PAIR slot=0
[VND] TX_SKIP busy/inflight tag=ADC0-ASY2
[VND] PREPARE_PAIR slot=0
[VND] PREPARE_PAIR slot=0
[VND] TX_SKIP busy/inflight tag=ADC0-ASY2
[VND] PREPARE_PAIR slot=0
[VND] PREPARE_PAIR slot=0
[VND] TX_SKIP busy/inflight tag=ADC0-ASY2
[VND] PREPARE_PAIR slot=0
[VND] PREPARE_PAIR slot=0
[VND] TX_SKIP busy/inflight tag=ADC0-ASY2
[VND] PREPARE_PAIR slot=0
[VND] PREPARE_PAIR slot=0
[VND] TX_SKIP busy/inflight tag=ADC0-ASY2
[VND] PREPARE_PAIR slot=0
[VND] PREPARE_PAIR slot=0
[VND] TX_SKIP busy/inflight tag=ADC0-ASY2
[VND] PREPARE_PAIR slot=0
[VND] PREPARE_PAIR slot=0
[VND] TX_SKIP busy/inflight tag=ADC0-ASY2
[VND] PREPARE_PAIR slot=0
[VND] PREPARE_PAIR slot=0
[VND] TX_SKIP busy/inflight tag=ADC0-ASY2
[VND] PREPARE_PAIR slot=0
[VND] PREPARE_PAIR slot=0
[VND] TX_SKIP busy/inflight tag=ADC0-ASY2
[VND] PREPARE_PAIR slot=0
[VND] PREPARE_PAIR slot=0
[VND] TX_SKIP busy/inflight tag=ADC0-ASY2
[VND] PREPARE_PAIR slot=0
[VND] PREPARE_PAIR slot=0
[VND] TX_SKIP busy/inflight tag=ADC0-ASY2
[VND] PREPARE_PAIR slot=0
[VND] PREPARE_PAIR slot=0
[VND] TX_SKIP busy/inflight tag=ADC0-ASY2
[VND] PREPARE_PAIR slot=0
[VND] PREPARE_PAIR slot=0
[VND] TX_SKIP busy/inflight tag=ADC0-ASY2
[VND] PREPARE_PAIR slot=0
[VND] PREPARE_PAIR slot=0
[VND] TX_SKIP busy/inflight tag=ADC0-ASY2
[VND] PREPARE_PAIR slot=0
[VND] PREPARE_PAIR slot=0
[VND] TX_SKIP busy/inflight tag=ADC0-ASY2
[VND] PREPARE_PAIR slot=0
[VND] PREPARE_PAIR slot=0
[VND] TX_SKIP busy/inflight tag=ADC0-ASY2
[VND] PREPARE_PAIR slot=0
[VND] PREPARE_PAIR slot=0
[VND] TX_SKIP busy/inflight tag=ADC0-ASY2
[VND] PREPARE_PAIR slot=0
[VND] PREPARE_PAIR slot=0
[VND] TX_SKIP busy/inflight tag=ADC0-ASY2
[VND] PREPARE_PAIR slot=0
[VND] PREPARE_PAIR slot=0
[VND] TX_SKIP busy/inflight tag=ADC0-ASY2
[VND] PREPARE_PAIR slot=0
[VND] PREPARE_PAIR slot=0
[VND] TX_SKIP busy/inflight tag=ADC0-ASY2
[VND] PREPARE_PAIR slot=0
[VND] PREPARE_PAIR slot=0
[VND] TX_SKIP busy/inflight tag=ADC0-ASY2
[VND] PREPARE_PAIR slot=0
[VND] PREPARE_PAIR slot=0
[VND] TX_SKIP busy/inflight tag=ADC0-ASY2
[VND] PREPARE_PAIR slot=0
[VND] PREPARE_PAIR slot=0
[VND] TX_SKIP busy/inflight tag=ADC0-ASY2
[VND] PREPARE_PAIR slot=0
[VND] PREPARE_PAIR slot=0
[VND] TX_SKIP busy/inflight tag=ADC0-ASY2
[VND] PREPARE_PAIR slot=0
[VND] PREPARE_PAIR slot=0
[VND] TX_SKIP busy/inflight tag=ADC0-ASY2
[VND] PREPARE_PAIR slot=0
[VND] PREPARE_PAIR slot=0
[VND] TX_SKIP busy/inflight tag=ADC0-ASY2
[VND] PREPARE_PAIR slot=0
[VND] PREPARE_PAIR slot=0
[VND] TX_SKIP busy/inflight tag=ADC0-ASY2
[VND] PREPARE_PAIR slot=0
[VND] PREPARE_PAIR slot=0
[VND] TX_SKIP busy/inflight tag=ADC0-ASY2
[VND] PREPARE_PAIR slot=0
[VND] PREPARE_PAIR slot=0
[VND] TX_SKIP busy/inflight tag=ADC0-ASY2
[VND] PREPARE_PAIR slot=0
[VND] PREPARE_PAIR slot=0
[VND] TX_SKIP busy/inflight tag=ADC0-ASY2
[VND] PREPARE_PAIR slot=0
[VND] PREPARE_PAIR slot=0
[VND] TX_SKIP busy/inflight tag=ADC0-ASY2
[VND] PREPARE_PAIR slot=0
[VND] PREPARE_PAIR slot=0
[VND] TX_SKIP busy/inflight tag=ADC0-ASY2
[VND] PREPARE_PAIR slot=0
[VND] PREPARE_PAIR slot=0
[VND] TX_SKIP busy/inflight tag=ADC0-ASY2
[VND] PREPARE_PAIR slot=0
[VND] PREPARE_PAIR slot=0
[VND] TX_SKIP busy/inflight tag=ADC0-ASY2
[VND] PREPARE_PAIR slot=0
[VND] PREPARE_PAIR slot=0
[VND] TX_SKIP busy/inflight tag=ADC0-ASY2
[VND] PREPARE_PAIR slot=0
[VND] PREPARE_PAIR slot=0
[VND] TX_SKIP busy/inflight tag=ADC0-ASY2
[VND] PREPARE_PAIR slot=0
[VND] PREPARE_PAIR slot=0
[VND] TX_SKIP busy/inflight tag=ADC0-ASY2
[VND] PREPARE_PAIR slot=0
[VND] PREPARE_PAIR slot=0
[VND] TX_SKIP busy/inflight tag=ADC0-ASY2
[VND] PREPARE_PAIR slot=0
[VND] PREPARE_PAIR slot=0
[VND] TX_SKIP busy/inflight tag=ADC0-ASY2
[VND] PREPARE_PAIR slot=0
[VND] PREPARE_PAIR slot=0
[VND] TX_SKIP busy/inflight tag=ADC0-ASY2
[VND] PREPARE_PAIR slot=0
[VND] PREPARE_PAIR slot=0
[VND] TX_SKIP busy/inflight tag=ADC0-ASY2
[VND] PREPARE_PAIR slot=0
[VND] PREPARE_PAIR slot=0
[VND] TX_SKIP busy/inflight tag=ADC0-ASY2
[VND] PREPARE_PAIR slot=0
[VND] PREPARE_PAIR slot=0
[VND] TX_SKIP busy/inflight tag=ADC0-ASY2
[VND] PREPARE_PAIR slot=0
[VND] PREPARE_PAIR slot=0
[VND] TX_SKIP busy/inflight tag=ADC0-ASY2
[VND] PREPARE_PAIR slot=0
[VND] PREPARE_PAIR slot=0
[VND] TX_SKIP busy/inflight tag=ADC0-ASY2
[VND] PREPARE_PAIR slot=0
[VND] PREPARE_PAIR slot=0
[VND] TX_SKIP busy/inflight tag=ADC0-ASY2
[VND] PREPARE_PAIR slot=0
[VND] PREPARE_PAIR slot=0
[VND] TX_SKIP busy/inflight tag=ADC0-ASY2
[VND] PREPARE_PAIR slot=0
[VND] PREPARE_PAIR slot=0
[VND] TX_SKIP busy/inflight tag=ADC0-ASY2
[VND] PREPARE_PAIR slot=0
[VND] PREPARE_PAIR slot=0
[VND] TX_SKIP busy/inflight tag=ADC0-ASY2
[VND] PREPARE_PAIR slot=0
[VND] PREPARE_PAIR slot=0
[VND] TX_SKIP busy/inflight tag=ADC0-ASY2
[VND] PREPARE_PAIR slot=0
[VND] PREPARE_PAIR slot=0
[VND] TX_SKIP busy/inflight tag=ADC0-ASY2
[VND] PREPARE_PAIR slot=0
[VND] PREPARE_PAIR slot=0
[VND] TX_SKIP busy/inflight tag=ADC0-ASY2
[VND] PREPARE_PAIR slot=0
[VND] PREPARE_PAIR slot=0
[VND] TX_SKIP busy/inflight tag=ADC0-ASY2
[VND] PREPARE_PAIR slot=0
[VND] PREPARE_PAIR slot=0
[VND] TX_SKIP busy/inflight tag=ADC0-ASY2
[VND] PREPARE_PAIR slot=0
[VND] PREPARE_PAIR slot=0
[VND] TX_SKIP busy/inflight tag=ADC0-ASY2
[VND] PREPARE_PAIR slot=0
[VND] PREPARE_PAIR slot=0
[VND] TX_SKIP busy/inflight tag=ADC0-ASY2
[VND] PREPARE_PAIR slot=0
[VND] PREPARE_PAIR slot=0
[VND] TX_SKIP busy/inflight tag=ADC0-ASY2
[VND] PREPARE_PAIR slot=0
[VND] PREPARE_PAIR slot=0
[VND] TX_SKIP busy/inflight tag=ADC0-ASY2
[VND] PREPARE_PAIR slot=0
[VND] PREPARE_PAIR slot=0
[VND] TX_SKIP busy/inflight tag=ADC0-ASY2
[VND] PREPARE_PAIR slot=0
[VND] PREPARE_PAIR slot=0
[VND] TX_SKIP busy/inflight tag=ADC0-ASY2
[VND] PREPARE_PAIR slot=0
[VND] PREPARE_PAIR slot=0
[VND] TX_SKIP busy/inflight tag=ADC0-ASY2
[VND] PREPARE_PAIR slot=0
[VND] PREPARE_PAIR slot=0
[VND] TX_SKIP busy/inflight tag=ADC0-ASY2
[VND] PREPARE_PAIR slot=0
[VND] PREPARE_PAIR slot=0
[VND] TX_SKIP busy/inflight tag=ADC0-ASY2
[VND] PREPARE_PAIR slot=0
[VND] PREPARE_PAIR slot=0
[VND] TX_SKIP busy/inflight tag=ADC0-ASY2
[VND] PREPARE_PAIR slot=0
[VND] PREPARE_PAIR slot=0
[VND] TX_SKIP busy/inflight tag=ADC0-ASY2
[VND] PREPARE_PAIR slot=0
[VND] PREPARE_PAIR slot=0
[VND] TX_SKIP busy/inflight tag=ADC0-ASY2
[VND] PREPARE_PAIR slot=0
[VND] PREPARE_PAIR slot=0
[VND] TX_SKIP busy/inflight tag=ADC0-ASY2
[VND] PREPARE_PAIR slot=0
[VND] PREPARE_PAIR slot=0
[VND] TX_SKIP busy/inflight tag=ADC0-ASY2
[VND] PREPARE_PAIR slot=0
[VND] PREPARE_PAIR slot=0
[VND] TX_SKIP busy/inflight tag=ADC0-ASY2
[VND] PREPARE_PAIR slot=0
[VND] PREPARE_PAIR slot=0
[VND] TX_SKIP busy/inflight tag=ADC0-ASY2
[VND] PREPARE_PAIR slot=0
[VND] PREPARE_PAIR slot=0
[VND] TX_SKIP busy/inflight tag=ADC0-ASY2
[VND] PREPARE_PAIR slot=0
[VND] PREPARE_PAIR slot=0
[VND] TX_SKIP busy/inflight tag=ADC0-ASY2
[VND] PREPARE_PAIR slot=0
[VND] PREPARE_PAIR slot=0
[VND] TX_SKIP busy/inflight tag=ADC0-ASY2
[VND] PREPARE_PAIR slot=0
[VND] PREPARE_PAIR slot=0
[VND] TX_SKIP busy/inflight tag=ADC0-ASY2
[VND] PREPARE_PAIR slot=0
[VND] PREPARE_PAIR slot=0
[VND] TX_SKIP busy/inflight tag=ADC0-ASY2
[VND] PREPARE_PAIR slot=0
[VND] PREPARE_PAIR slot=0
[VND] TX_SKIP busy/inflight tag=ADC0-ASY2
[VND] PREPARE_PAIR slot=0
[VND] PREPARE_PAIR slot=0
[VND] TX_SKIP busy/inflight tag=ADC0-ASY2
[VND] PREPARE_PAIR slot=0
[VND] PREPARE_PAIR slot=0
[VND] TX_SKIP busy/inflight tag=ADC0-ASY2
[VND] PREPARE_PAIR slot=0
[VND] PREPARE_PAIR slot=0
[VND] TX_SKIP busy/inflight tag=ADC0-ASY2
[VND] PREPARE_PAIR slot=0
[VND] PREPARE_PAIR slot=0
[VND] TX_SKIP busy/inflight tag=ADC0-ASY2
[VND] PREPARE_PAIR slot=0
[VND] PREPARE_PAIR slot=0
[VND] TX_SKIP busy/inflight tag=ADC0-ASY2
[VND] PREPARE_PAIR slot=0
[VND] PREPARE_PAIR slot=0
[VND] TX_SKIP busy/inflight tag=ADC0-ASY2
[VND] PREPARE_PAIR slot=0
[VND] PREPARE_PAIR slot=0
[VND] TX_SKIP busy/inflight tag=ADC0-ASY2
[VND] PREPARE_PAIR slot=0
[VND] PREPARE_PAIR slot=0
[VND] TX_SKIP busy/inflight tag=ADC0-ASY2
[VND] PREPARE_PAIR slot=0
[VND] PREPARE_PAIR slot=0
[VND] TX_SKIP busy/inflight tag=ADC0-ASY2
[VND] PREPARE_PAIR slot=0
[VND] PREPARE_PAIR slot=0
[VND] TX_SKIP busy/inflight tag=ADC0-ASY2
[VND] PREPARE_PAIR slot=0
[VND] PREPARE_PAIR slot=0
[VND] TX_SKIP busy/inflight tag=ADC0-ASY2
[VND] PREPARE_PAIR slot=0
[VND] PREPARE_PAIR slot=0
[VND] TX_SKIP busy/inflight tag=ADC0-ASY2
[VND] PREPARE_PAIR slot=0
[VND] PREPARE_PAIR slot=0
[VND] TX_SKIP busy/inflight tag=ADC0-ASY2
[VND] PREPARE_PAIR slot=0
[VND] PREPARE_PAIR slot=0
[VND] TX_SKIP busy/inflight tag=ADC0-ASY2
[VND] PREPARE_PAIR slot=0
[VND] PREPARE_PAIR slot=0
[VND] TX_SKIP busy/inflight tag=ADC0-ASY2
[VND] PREPARE_PAIR slot=0
[VND] PREPARE_PAIR slot=0
[VND] TX_SKIP busy/inflight tag=ADC0-ASY2
[VND] PREPARE_PAIR slot=0
[VND] PREPARE_PAIR slot=0
[VND] TX_SKIP busy/inflight tag=ADC0-ASY2
[VND] PREPARE_PAIR slot=0
[VND] PREPARE_PAIR slot=0
[VND] TX_SKIP busy/inflight tag=ADC0-ASY2
[VND] PREPARE_PAIR slot=0
[VND] PREPARE_PAIR slot=0
[VND] TX_SKIP busy/inflight tag=ADC0-ASY2
[VND] PREPARE_PAIR slot=0
[VND] PREPARE_PAIR slot=0
[VND] TX_SKIP busy/inflight tag=ADC0-ASY2
[VND] PREPARE_PAIR slot=0
[VND] PREPARE_PAIR slot=0
[VND] TX_SKIP busy/inflight tag=ADC0-ASY2
[VND] PREPARE_PAIR slot=0
[VND] PREPARE_PAIR slot=0
[VND] TX_SKIP busy/inflight tag=ADC0-ASY2
[VND] PREPARE_PAIR slot=0
[VND] PREPARE_PAIR slot=0
[VND] TX_SKIP busy/inflight tag=ADC0-ASY2
[VND] PREPARE_PAIR slot=0
[VND] PREPARE_PAIR slot=0
[VND] TX_SKIP busy/inflight tag=ADC0-ASY2
[VND] PREPARE_PAIR slot=0
[VND] PREPARE_PAIR slot=0
[VND] TX_SKIP busy/inflight tag=ADC0-ASY2
[VND] PREPARE_PAIR slot=0
[VND] PREPARE_PAIR slot=0
[VND] TX_SKIP busy/inflight tag=ADC0-ASY2
[VND] PREPARE_PAIR slot=0
[VND] PREPARE_PAIR slot=0
[VND] TX_SKIP busy/inflight tag=ADC0-ASY2
[VND] PREPARE_PAIR slot=0
[VND] PREPARE_PAIR slot=0
[VND] TX_SKIP busy/inflight tag=ADC0-ASY2
[VND] PREPARE_PAIR slot=0
[VND] PREPARE_PAIR slot=0
[VND] TX_SKIP busy/inflight tag=ADC0-ASY2
[VND] PREPARE_PAIR slot=0
[VND] PREPARE_PAIR slot=0
[VND] TX_SKIP busy/inflight tag=ADC0-ASY2
[VND] PREPARE_PAIR slot=0
[VND] PREPARE_PAIR slot=0
[VND] TX_SKIP busy/inflight tag=ADC0-ASY2
[VND] PREPARE_PAIR slot=0
[VND] PREPARE_PAIR slot=0
[VND] TX_SKIP busy/inflight tag=ADC0-ASY2
[VND] PREPARE_PAIR slot=0
[VND] PREPARE_PAIR slot=0
[VND] TX_SKIP busy/inflight tag=ADC0-ASY2
[VND] PREPARE_PAIR slot=0
[VND] PREPARE_PAIR slot=0
[VND] TX_SKIP busy/inflight tag=ADC0-ASY2
[VND] PREPARE_PAIR slot=0
[VND] PREPARE_PAIR slot=0
[VND] TX_SKIP busy/inflight tag=ADC0-ASY2
[VND] PREPARE_PAIR slot=0
[VND] PREPARE_PAIR slot=0
[VND] TX_SKIP busy/inflight tag=ADC0-ASY2
[VND] PREPARE_PAIR slot=0
[VND] PREPARE_PAIR slot=0
[VND] TX_SKIP busy/inflight tag=ADC0-ASY2
[VND] PREPARE_PAIR slot=0
[VND] PREPARE_PAIR slot=0
[VND] TX_SKIP busy/inflight tag=ADC0-ASY2
[VND] PREPARE_PAIR slot=0
[VND] PREPARE_PAIR slot=0
[VND] TX_SKIP busy/inflight tag=ADC0-ASY2
[VND] PREPARE_PAIR slot=0
[VND] PREPARE_PAIR slot=0
[VND] TX_SKIP busy/inflight tag=ADC0-ASY2
[VND] PREPARE_PAIR slot=0
[VND] PREPARE_PAIR slot=0
[VND] TX_SKIP busy/inflight tag=ADC0-ASY2
[VND] PREPARE_PAIR slot=0
[VND] PREPARE_PAIR slot=0
[VND] TX_SKIP busy/inflight tag=ADC0-ASY2
[VND] PREPARE_PAIR slot=0
[VND] PREPARE_PAIR slot=0
[VND] TX_SKIP busy/inflight tag=ADC0-ASY2
[VND] PREPARE_PAIR slot=0
[VND] PREPARE_PAIR slot=0
[VND] TX_SKIP busy/inflight tag=ADC0-ASY2
[VND] PREPARE_PAIR slot=0
[VND] PREPARE_PAIR slot=0
[VND] TX_SKIP busy/inflight tag=ADC0-ASY2
[VND] PREPARE_PAIR slot=0
[VND] PREPARE_PAIR slot=0
[VND] TX_SKIP busy/inflight tag=ADC0-ASY2
[VND] PREPARE_PAIR slot=0
[VND] PREPARE_PAIR slot=0
[VND] TX_SKIP busy/inflight tag=ADC0-ASY2
[VND] PREPARE_PAIR slot=0
[VND] PREPARE_PAIR slot=0
[VND] TX_SKIP busy/inflight tag=ADC0-ASY2
[VND] PREPARE_PAIR slot=0
[VND] PREPARE_PAIR slot=0
[VND] TX_SKIP busy/inflight tag=ADC0-ASY2
[VND] PREPARE_PAIR slot=0
[VND] PREPARE_PAIR slot=0
[VND] TX_SKIP busy/inflight tag=ADC0-ASY2
[VND] PREPARE_PAIR slot=0
[VND] PREPARE_PAIR slot=0
[VND] TX_SKIP busy/inflight tag=ADC0-ASY2
[VND] PREPARE_PAIR slot=0
[VND] PREPARE_PAIR slot=0
[VND] TX_SKIP busy/inflight tag=ADC0-ASY2
[VND] PREPARE_PAIR slot=0
[VND] PREPARE_PAIR slot=0
[VND] TX_SKIP busy/inflight tag=ADC0-ASY2
[VND] PREPARE_PAIR slot=0
[VND] PREPARE_PAIR slot=0
[VND] TX_SKIP busy/inflight tag=ADC0-ASY2
[VND] PREPARE_PAIR slot=0
[VND] PREPARE_PAIR slot=0
[VND] TX_SKIP busy/inflight tag=ADC0-ASY2
[VND] PREPARE_PAIR slot=0
[VND] PREPARE_PAIR slot=0
[VND] TX_SKIP busy/inflight tag=ADC0-ASY2
[VND] PREPARE_PAIR slot=0
[VND] PREPARE_PAIR slot=0
[VND] TX_SKIP busy/inflight tag=ADC0-ASY2
[VND] PREPARE_PAIR slot=0
[VND] PREPARE_PAIR slot=0
[VND] TX_SKIP busy/inflight tag=ADC0-ASY2
[VND] PREPARE_PAIR slot=0
[VND] PREPARE_PAIR slot=0
[VND] TX_SKIP busy/inflight tag=ADC0-ASY2
[VND] PREPARE_PAIR slot=0
[VND] PREPARE_PAIR slot=0
[VND] TX_SKIP busy/inflight tag=ADC0-ASY2
[VND] PREPARE_PAIR slot=0
[VND] PREPARE_PAIR slot=0
[VND] TX_SKIP busy/inflight tag=ADC0-ASY2
[VND] PREPARE_PAIR slot=0
[VND] PREPARE_PAIR slot=0
[VND] TX_SKIP busy/inflight tag=ADC0-ASY2
[VND] PREPARE_PAIR slot=0
[VND] PREPARE_PAIR slot=0
[VND] TX_SKIP busy/inflight tag=ADC0-ASY2
[VND] PREPARE_PAIR slot=0
[VND] PREPARE_PAIR slot=0
[VND] TX_SKIP busy/inflight tag=ADC0-ASY2
[VND] PREPARE_PAIR slot=0
[VND] PREPARE_PAIR slot=0
[VND] TX_SKIP busy/inflight tag=ADC0-ASY2
[VND] PREPARE_PAIR slot=0
[VND] PREPARE_PAIR slot=0
[VND] TX_SKIP busy/inflight tag=ADC0-ASY2
[VND] PREPARE_PAIR slot=0
[VND] PREPARE_PAIR slot=0
[VND] TX_SKIP busy/inflight tag=ADC0-ASY2
[VND] PREPARE_PAIR slot=0
[VND] PREPARE_PAIR slot=0
[VND] TX_SKIP busy/inflight tag=ADC0-ASY2
[VND] PREPARE_PAIR slot=0
[VND] PREPARE_PAIR slot=0
[VND] TX_SKIP busy/inflight tag=ADC0-ASY2
[VND] PREPARE_PAIR slot=0
[VND] PREPARE_PAIR slot=0
[VND] TX_SKIP busy/inflight tag=ADC0-ASY2
[VND] PREPARE_PAIR slot=0
[VND] PREPARE_PAIR slot=0
[VND] TX_SKIP busy/inflight tag=ADC0-ASY2
[VND] PREPARE_PAIR slot=0
[VND] PREPARE_PAIR slot=0
[VND] TX_SKIP busy/inflight tag=ADC0-ASY2
[VND] PREPARE_PAIR slot=0
[VND] PREPARE_PAIR slot=0
[VND] TX_SKIP busy/inflight tag=ADC0-ASY2
[VND] PREPARE_PAIR slot=0
[VND] PREPARE_PAIR slot=0
[VND] TX_SKIP busy/inflight tag=ADC0-ASY2
[VND] PREPARE_PAIR slot=0
[VND] PREPARE_PAIR slot=0
[VND] TX_SKIP busy/inflight tag=ADC0-ASY2
[VND] PREPARE_PAIR slot=0
[VND] PREPARE_PAIR slot=0
[VND] TX_SKIP busy/inflight tag=ADC0-ASY2
[VND] PREPARE_PAIR slot=0
[VND] PREPARE_PAIR slot=0
[VND] TX_SKIP busy/inflight tag=ADC0-ASY2
[VND] PREPARE_PAIR slot=0
[VND] PREPARE_PAIR slot=0
[VND] TX_SKIP busy/inflight tag=ADC0-ASY2
[VND] PREPARE_PAIR slot=0
[VND] PREPARE_PAIR slot=0
[VND] TX_SKIP busy/inflight tag=ADC0-ASY2
[VND] PREPARE_PAIR slot=0
[VND] PREPARE_PAIR slot=0
[VND] TX_SKIP busy/inflight tag=ADC0-ASY2
[VND] PREPARE_PAIR slot=0
[VND] PREPARE_PAIR slot=0
[VND] TX_SKIP busy/inflight tag=ADC0-ASY2
[VND] PREPARE_PAIR slot=0
[VND] PREPARE_PAIR slot=0
[VND] TX_SKIP busy/inflight tag=ADC0-ASY2
[VND] PREPARE_PAIR slot=0
[VND] PREPARE_PAIR slot=0
[VND] TX_SKIP busy/inflight tag=ADC0-ASY2
[VND] PREPARE_PAIR slot=0
[VND] PREPARE_PAIR slot=0
[VND] TX_SKIP busy/inflight tag=ADC0-ASY2
[VND] PREPARE_PAIR slot=0
[VND] PREPARE_PAIR slot=0
[VND] TX_SKIP busy/inflight tag=ADC0-ASY2
[VND] PREPARE_PAIR slot=0
[VND] PREPARE_PAIR slot=0
[VND] TX_SKIP busy/inflight tag=ADC0-ASY2
[VND] PREPARE_PAIR slot=0
[VND] PREPARE_PAIR slot=0
[VND] TX_SKIP busy/inflight tag=ADC0-ASY2
[VND] PREPARE_PAIR slot=0
[VND] PREPARE_PAIR slot=0
[VND] TX_SKIP busy/inflight tag=ADC0-ASY2
[VND] PREPARE_PAIR slot=0
[VND] PREPARE_PAIR slot=0
[VND] TX_SKIP busy/inflight tag=ADC0-ASY2
[VND] PREPARE_PAIR slot=0
[VND] PREPARE_PAIR slot=0
[VND] TX_SKIP busy/inflight tag=ADC0-ASY2
[VND] PREPARE_PAIR slot=0
[VND] PREPARE_PAIR slot=0
[VND] TX_SKIP busy/inflight tag=ADC0-ASY2
[VND] PREPARE_PAIR slot=0
[VND] PREPARE_PAIR slot=0
[VND] TX_SKIP busy/inflight tag=ADC0-ASY2
[VND] PREPARE_PAIR slot=0
[VND] PREPARE_PAIR slot=0
[VND] TX_SKIP busy/inflight tag=ADC0-ASY2
[VND] PREPARE_PAIR slot=0
[VND] PREPARE_PAIR slot=0
[VND] TX_SKIP busy/inflight tag=ADC0-ASY2
[VND] PREPARE_PAIR slot=0
[VND] PREPARE_PAIR slot=0
[VND] TX_SKIP busy/inflight tag=ADC0-ASY2
[VND] PREPARE_PAIR slot=0
[VND] PREPARE_PAIR slot=0
[VND] TX_SKIP busy/inflight tag=ADC0-ASY2
[VND] PREPARE_PAIR slot=0
[VND] PREPARE_PAIR slot=0
[VND] TX_SKIP busy/inflight tag=ADC0-ASY2
[VND] PREPARE_PAIR slot=0
[VND] PREPARE_PAIR slot=0
[VND] TX_SKIP busy/inflight tag=ADC0-ASY2
[VND] PREPARE_PAIR slot=0
[VND] PREPARE_PAIR slot=0
[VND] TX_SKIP busy/inflight tag=ADC0-ASY2
[VND] PREPARE_PAIR slot=0
[VND] PREPARE_PAIR slot=0
[VND] TX_SKIP busy/inflight tag=ADC0-ASY2
[VND] PREPARE_PAIR slot=0
[VND] PREPARE_PAIR slot=0
[VND] TX_SKIP busy/inflight tag=ADC0-ASY2
[VND] PREPARE_PAIR slot=0
[VND] PREPARE_PAIR slot=0
[VND] TX_SKIP busy/inflight tag=ADC0-ASY2
[VND] PREPARE_PAIR slot=0
[VND] PREPARE_PAIR slot=0
[VND] TX_SKIP busy/inflight tag=ADC0-ASY2
[VND] PREPARE_PAIR slot=0
[VND] PREPARE_PAIR slot=0
[VND] TX_SKIP busy/inflight tag=ADC0-ASY2
[VND] PREPARE_PAIR slot=0
[VND] PREPARE_PAIR slot=0
[VND] TX_SKIP busy/inflight tag=ADC0-ASY2
[VND] PREPARE_PAIR slot=0
[VND] PREPARE_PAIR slot=0
[VND] TX_SKIP busy/inflight tag=ADC0-ASY2
[VND] PREPARE_PAIR slot=0
[VND] PREPARE_PAIR slot=0
[VND] TX_SKIP busy/inflight tag=ADC0-ASY2
[VND] PREPARE_PAIR slot=0
[VND] PREPARE_PAIR slot=0
[VND] TX_SKIP busy/inflight tag=ADC0-ASY2
[VND] PREPARE_PAIR slot=0
[VND] PREPARE_PAIR slot=0
[VND] TX_SKIP busy/inflight tag=ADC0-ASY2
[VND] PREPARE_PAIR slot=0
[VND] PREPARE_PAIR slot=0
[VND] TX_SKIP busy/inflight tag=ADC0-ASY2
[VND] PREPARE_PAIR slot=0
[VND] PREPARE_PAIR slot=0
[VND] TX_SKIP busy/inflight tag=ADC0-ASY2
[VND] PREPARE_PAIR slot=0
[VND] PREPARE_PAIR slot=0
[VND] TX_SKIP busy/inflight tag=ADC0-ASY2
[VND] PREPARE_PAIR slot=0
[VND] PREPARE_PAIR slot=0
[VND] TX_SKIP busy/inflight tag=ADC0-ASY2
[VND] PREPARE_PAIR slot=0
[VND] PREPARE_PAIR slot=0
[VND] TX_SKIP busy/inflight tag=ADC0-ASY2
[VND] PREPARE_PAIR slot=0
[VND] PREPARE_PAIR slot=0
[VND] TX_SKIP busy/inflight tag=ADC0-ASY2
[VND] PREPARE_PAIR slot=0
[VND] PREPARE_PAIR slot=0
[VND] TX_SKIP busy/inflight tag=ADC0-ASY2
[VND] PREPARE_PAIR slot=0
[VND] PREPARE_PAIR slot=0
[VND] TX_SKIP busy/inflight tag=ADC0-ASY2
[VND] PREPARE_PAIR slot=0
[VND] PREPARE_PAIR slot=0
[VND] TX_SKIP busy/inflight tag=ADC0-ASY2
[VND] PREPARE_PAIR slot=0
[VND] PREPARE_PAIR slot=0
[VND] TX_SKIP busy/inflight tag=ADC0-ASY2
[VND] PREPARE_PAIR slot=0
[VND] PREPARE_PAIR slot=0
[VND] TX_SKIP busy/inflight tag=ADC0-ASY2
[VND] PREPARE_PAIR slot=0
[VND] PREPARE_PAIR slot=0
[VND] TX_SKIP busy/inflight tag=ADC0-ASY2
[VND] PREPARE_PAIR slot=0
[VND] PREPARE_PAIR slot=0
[VND] TX_SKIP busy/inflight tag=ADC0-ASY2
[VND] PREPARE_PAIR slot=0
[VND] PREPARE_PAIR slot=0
[VND] TX_SKIP busy/inflight tag=ADC0-ASY2
[VND] PREPARE_PAIR slot=0
[VND] PREPARE_PAIR slot=0
[VND] TX_SKIP busy/inflight tag=ADC0-ASY2
[VND] PREPARE_PAIR slot=0
[VND] PREPARE_PAIR slot=0
[VND] TX_SKIP busy/inflight tag=ADC0-ASY2
[VND] PREPARE_PAIR slot=0
[VND] PREPARE_PAIR slot=0
[VND] TX_SKIP busy/inflight tag=ADC0-ASY2
[VND] PREPARE_PAIR slot=0
[VND] PREPARE_PAIR slot=0
[VND] TX_SKIP busy/inflight tag=ADC0-ASY2
[VND] PREPARE_PAIR slot=0
[VND] PREPARE_PAIR slot=0
[VND] TX_SKIP busy/inflight tag=ADC0-ASY2
[VND] PREPARE_PAIR slot=0
[VND] PREPARE_PAIR slot=0
[VND] TX_SKIP busy/inflight tag=ADC0-ASY2
[VND] PREPARE_PAIR slot=0
[VND] PREPARE_PAIR slot=0
[VND] TX_SKIP busy/inflight tag=ADC0-ASY2
[VND] PREPARE_PAIR slot=0
[VND] PREPARE_PAIR slot=0
[VND] TX_SKIP busy/inflight tag=ADC0-ASY2
[VND] PREPARE_PAIR slot=0
[VND] PREPARE_PAIR slot=0
[VND] TX_SKIP busy/inflight tag=ADC0-ASY2
[VND] PREPARE_PAIR slot=0
[VND] PREPARE_PAIR slot=0
[VND] TX_SKIP busy/inflight tag=ADC0-ASY2
[VND] PREPARE_PAIR slot=0
[VND] PREPARE_PAIR slot=0
[VND] TX_SKIP busy/inflight tag=ADC0-ASY2
[VND] PREPARE_PAIR slot=0
[VND] PREPARE_PAIR slot=0
[VND] TX_SKIP busy/inflight tag=ADC0-ASY2
[VND] PREPARE_PAIR slot=0
[VND] PREPARE_PAIR slot=0
[VND] TX_SKIP busy/inflight tag=ADC0-ASY2
[VND] PREPARE_PAIR slot=0
[VND] PREPARE_PAIR slot=0
[VND] TX_SKIP busy/inflight tag=ADC0-ASY2
[VND] PREPARE_PAIR slot=0
[VND] PREPARE_PAIR slot=0
[VND] TX_SKIP busy/inflight tag=ADC0-ASY2
[VND] PREPARE_PAIR slot=0
[VND] PREPARE_PAIR slot=0
[VND] TX_SKIP busy/inflight tag=ADC0-ASY2
[VND] PREPARE_PAIR slot=0
[VND] PREPARE_PAIR slot=0
[VND] TX_SKIP busy/inflight tag=ADC0-ASY2
[VND] PREPARE_PAIR slot=0
[VND] PREPARE_PAIR slot=0
[VND] TX_SKIP busy/inflight tag=ADC0-ASY2
[VND] PREPARE_PAIR slot=0
[VND] PREPARE_PAIR slot=0
[VND] TX_SKIP busy/inflight tag=ADC0-ASY2
[VND] PREPARE_PAIR slot=0
[VND] PREPARE_PAIR slot=0
[VND] TX_SKIP busy/inflight tag=ADC0-ASY2
[VND] PREPARE_PAIR slot=0
[VND] PREPARE_PAIR slot=0
[VND] TX_SKIP busy/inflight tag=ADC0-ASY2
[VND] PREPARE_PAIR slot=0
[VND] PREPARE_PAIR slot=0
[VND] TX_SKIP busy/inflight tag=ADC0-ASY2
[VND] PREPARE_PAIR slot=0
[VND] PREPARE_PAIR slot=0
[VND] TX_SKIP busy/inflight tag=ADC0-ASY2
[VND] PREPARE_PAIR slot=0
[VND] PREPARE_PAIR slot=0
[VND] TX_SKIP busy/inflight tag=ADC0-ASY2
[VND] PREPARE_PAIR slot=0
[VND] PREPARE_PAIR slot=0
[VND] TX_SKIP busy/inflight tag=ADC0-ASY2
[VND] PREPARE_PAIR slot=0
[VND] PREPARE_PAIR slot=0
[VND] TX_SKIP busy/inflight tag=ADC0-ASY2
[VND] PREPARE_PAIR slot=0
[VND] PREPARE_PAIR slot=0
[VND] TX_SKIP busy/inflight tag=ADC0-ASY2
[VND] PREPARE_PAIR slot=0
[VND] PREPARE_PAIR slot=0
[VND] TX_SKIP busy/inflight tag=ADC0-ASY2
[VND] PREPARE_PAIR slot=0
[VND] PREPARE_PAIR slot=0
[VND] TX_SKIP busy/inflight tag=ADC0-ASY2
[VND] PREPARE_PAIR slot=0
[VND] PREPARE_PAIR slot=0
[VND] TX_SKIP busy/inflight tag=ADC0-ASY2
[VND] PREPARE_PAIR slot=0
[VND] PREPARE_PAIR slot=0
[VND] TX_SKIP busy/inflight tag=ADC0-ASY2
[VND] PREPARE_PAIR slot=0
[VND] PREPARE_PAIR slot=0
[VND] TX_SKIP busy/inflight tag=ADC0-ASY2
[VND] PREPARE_PAIR slot=0
[VND] PREPARE_PAIR slot=0
[VND] TX_SKIP busy/inflight tag=ADC0-ASY2
[VND] PREPARE_PAIR slot=0
[VND] PREPARE_PAIR slot=0
[VND] TX_SKIP busy/inflight tag=ADC0-ASY2
[VND] PREPARE_PAIR slot=0
[VND] PREPARE_PAIR slot=0
[VND] TX_SKIP busy/inflight tag=ADC0-ASY2
[VND] PREPARE_PAIR slot=0
[VND] PREPARE_PAIR slot=0
[VND] TX_SKIP busy/inflight tag=ADC0-ASY2
[VND] PREPARE_PAIR slot=0
[VND] PREPARE_PAIR slot=0
[VND] TX_SKIP busy/inflight tag=ADC0-ASY2
[VND] PREPARE_PAIR slot=0
[VND] PREPARE_PAIR slot=0
[VND] TX_SKIP busy/inflight tag=ADC0-ASY2
[VND] PREPARE_PAIR slot=0
[VND] PREPARE_PAIR slot=0
[VND] TX_SKIP busy/inflight tag=ADC0-ASY2
[VND] PREPARE_PAIR slot=0
[VND] PREPARE_PAIR slot=0
[VND] TX_SKIP busy/inflight tag=ADC0-ASY2
[VND] PREPARE_PAIR slot=0
[VND] PREPARE_PAIR slot=0
[VND] TX_SKIP busy/inflight tag=ADC0-ASY2
[VND] PREPARE_PAIR slot=0
[VND] PREPARE_PAIR slot=0
[VND] TX_SKIP busy/inflight tag=ADC0-ASY2
[VND] PREPARE_PAIR slot=0
[VND] PREPARE_PAIR slot=0
[VND] TX_SKIP busy/inflight tag=ADC0-ASY2
[VND] PREPARE_PAIR slot=0
[VND] PREPARE_PAIR slot=0
[VND] TX_SKIP busy/inflight tag=ADC0-ASY2
[VND] PREPARE_PAIR slot=0
[VND] PREPARE_PAIR slot=0
[VND] TX_SKIP busy/inflight tag=ADC0-ASY2
[VND] PREPARE_PAIR slot=0
[VND] PREPARE_PAIR slot=0
[VND] TX_SKIP busy/inflight tag=ADC0-ASY2
[VND] PREPARE_PAIR slot=0
[VND] PREPARE_PAIR slot=0
[VND] TX_SKIP busy/inflight tag=ADC0-ASY2
[VND] PREPARE_PAIR slot=0
[VND] PREPARE_PAIR slot=0
[VND] TX_SKIP busy/inflight tag=ADC0-ASY2
[VND] PREPARE_PAIR slot=0
[VND] PREPARE_PAIR slot=0
[VND] TX_SKIP busy/inflight tag=ADC0-ASY2
[VND] PREPARE_PAIR slot=0
[VND] PREPARE_PAIR slot=0
[VND] TX_SKIP busy/inflight tag=ADC0-ASY2
[VND] PREPARE_PAIR slot=0
[VND] PREPARE_PAIR slot=0
[VND] TX_SKIP busy/inflight tag=ADC0-ASY2
[VND] PREPARE_PAIR slot=0
[VND] PREPARE_PAIR slot=0
[VND] TX_SKIP busy/inflight tag=ADC0-ASY2
[VND] PREPARE_PAIR slot=0
[VND] PREPARE_PAIR slot=0
[VND] TX_SKIP busy/inflight tag=ADC0-ASY2
[VND] PREPARE_PAIR slot=0
[VND] PREPARE_PAIR slot=0
[VND] TX_SKIP busy/inflight tag=ADC0-ASY2
[VND] PREPARE_PAIR slot=0
[VND] PREPARE_PAIR slot=0
[VND] TX_SKIP busy/inflight tag=ADC0-ASY2
[VND] PREPARE_PAIR slot=0
[VND] PREPARE_PAIR slot=0
[VND] TX_SKIP busy/inflight tag=ADC0-ASY2
[VND] PREPARE_PAIR slot=0
[VND] PREPARE_PAIR slot=0
[VND] TX_SKIP busy/inflight tag=ADC0-ASY2
[VND] PREPARE_PAIR slot=0
[VND] PREPARE_PAIR slot=0
[VND] TX_SKIP busy/inflight tag=ADC0-ASY2
[VND] PREPARE_PAIR slot=0
[VND] PREPARE_PAIR slot=0
[VND] TX_SKIP busy/inflight tag=ADC0-ASY2
[VND] PREPARE_PAIR slot=0
[VND] PREPARE_PAIR slot=0
[VND] TX_SKIP busy/inflight tag=ADC0-ASY2
[VND] PREPARE_PAIR slot=0
[VND] PREPARE_PAIR slot=0
[VND] TX_SKIP busy/inflight tag=ADC0-ASY2
[VND] PREPARE_PAIR slot=0
[VND] PREPARE_PAIR slot=0
[VND] TX_SKIP busy/inflight tag=ADC0-ASY2
[VND] PREPARE_PAIR slot=0
[VND] PREPARE_PAIR slot=0
[VND] TX_SKIP busy/inflight tag=ADC0-ASY2
[VND] PREPARE_PAIR slot=0
[VND] PREPARE_PAIR slot=0
[VND] TX_SKIP busy/inflight tag=ADC0-ASY2
[VND] PREPARE_PAIR slot=0
[VND] PREPARE_PAIR slot=0
[VND] TX_SKIP busy/inflight tag=ADC0-ASY2
[VND] PREPARE_PAIR slot=0
[VND] PREPARE_PAIR slot=0
[VND] TX_SKIP busy/inflight tag=ADC0-ASY2
[VND] PREPARE_PAIR slot=0
[VND] PREPARE_PAIR slot=0
[VND] TX_SKIP busy/inflight tag=ADC0-ASY2
[VND] PREPARE_PAIR slot=0
[VND] PREPARE_PAIR slot=0
[VND] TX_SKIP busy/inflight tag=ADC0-ASY2
[VND] PREPARE_PAIR slot=0
[VND] PREPARE_PAIR slot=0
[VND] TX_SKIP busy/inflight tag=ADC0-ASY2
[VND] PREPARE_PAIR slot=0
[VND] PREPARE_PAIR slot=0
[VND] TX_SKIP busy/inflight tag=ADC0-ASY2
[VND] PREPARE_PAIR slot=0
[VND] PREPARE_PAIR slot=0
[VND] TX_SKIP busy/inflight tag=ADC0-ASY2
[VND] PREPARE_PAIR slot=0
[VND] PREPARE_PAIR slot=0
[VND] TX_SKIP busy/inflight tag=ADC0-ASY2
[VND] PREPARE_PAIR slot=0
[VND] PREPARE_PAIR slot=0
[VND] TX_SKIP busy/inflight tag=ADC0-ASY2
[VND] PREPARE_PAIR slot=0
[VND] PREPARE_PAIR slot=0
[VND] TX_SKIP busy/inflight tag=ADC0-ASY2
[VND] PREPARE_PAIR slot=0
[VND] PREPARE_PAIR slot=0
[VND] TX_SKIP busy/inflight tag=ADC0-ASY2
[VND] PREPARE_PAIR slot=0
[VND] PREPARE_PAIR slot=0
[VND] TX_SKIP busy/inflight tag=ADC0-ASY2
[VND] PREPARE_PAIR slot=0
[VND] PREPARE_PAIR slot=0
[VND] TX_SKIP busy/inflight tag=ADC0-ASY2
[VND] PREPARE_PAIR slot=0
[VND] PREPARE_PAIR slot=0
[VND] TX_SKIP busy/inflight tag=ADC0-ASY2
[VND] PREPARE_PAIR slot=0
[VND] PREPARE_PAIR slot=0
[VND] TX_SKIP busy/inflight tag=ADC0-ASY2
[VND] PREPARE_PAIR slot=0
[VND] PREPARE_PAIR slot=0
[VND] TX_SKIP busy/inflight tag=ADC0-ASY2
[VND] PREPARE_PAIR slot=0
[VND] PREPARE_PAIR slot=0
[VND] TX_SKIP busy/inflight tag=ADC0-ASY2
[VND] PREPARE_PAIR slot=0
[VND] PREPARE_PAIR slot=0
[VND] TX_SKIP busy/inflight tag=ADC0-ASY2
[VND] PREPARE_PAIR slot=0
[VND] PREPARE_PAIR slot=0
[VND] TX_SKIP busy/inflight tag=ADC0-ASY2
[VND] PREPARE_PAIR slot=0
[VND] PREPARE_PAIR slot=0
[VND] TX_SKIP busy/inflight tag=ADC0-ASY2
[VND] PREPARE_PAIR slot=0
[VND] PREPARE_PAIR slot=0
[VND] TX_SKIP busy/inflight tag=ADC0-ASY2
[VND] PREPARE_PAIR slot=0
[VND] PREPARE_PAIR slot=0
[VND] TX_SKIP busy/inflight tag=ADC0-ASY2
[VND] PREPARE_PAIR slot=0
[VND] PREPARE_PAIR slot=0
[VND] TX_SKIP busy/inflight tag=ADC0-ASY2
[VND] PREPARE_PAIR slot=0
[VND] PREPARE_PAIR slot=0
[VND] TX_SKIP busy/inflight tag=ADC0-ASY2
[VND] PREPARE_PAIR slot=0
[VND] PREPARE_PAIR slot=0
[VND] TX_SKIP busy/inflight tag=ADC0-ASY2
[VND] PREPARE_PAIR slot=0
[VND] PREPARE_PAIR slot=0
[VND] TX_SKIP busy/inflight tag=ADC0-ASY2
[VND] PREPARE_PAIR slot=0
[VND] PREPARE_PAIR slot=0
[VND] TX_SKIP busy/inflight tag=ADC0-ASY2
[VND] PREPARE_PAIR slot=0
[VND] PREPARE_PAIR slot=0
[VND] TX_SKIP busy/inflight tag=ADC0-ASY2
[VND] PREPARE_PAIR slot=0
[VND] PREPARE_PAIR slot=0
[VND] TX_SKIP busy/inflight tag=ADC0-ASY2
[VND] PREPARE_PAIR slot=0
[VND] PREPARE_PAIR slot=0
[VND] TX_SKIP busy/inflight tag=ADC0-ASY2
[VND] PREPARE_PAIR slot=0
[VND] PREPARE_PAIR slot=0
[VND] TX_SKIP busy/inflight tag=ADC0-ASY2
[VND] PREPARE_PAIR slot=0
[VND] PREPARE_PAIR slot=0
[VND] TX_SKIP busy/inflight tag=ADC0-ASY2
[VND] PREPARE_PAIR slot=0
[VND] PREPARE_PAIR slot=0
[VND] TX_SKIP busy/inflight tag=ADC0-ASY2
[VND] PREPARE_PAIR slot=0
[VND] PREPARE_PAIR slot=0
[VND] TX_SKIP busy/inflight tag=ADC0-ASY2
[VND] PREPARE_PAIR slot=0
[VND] PREPARE_PAIR slot=0
[VND] TX_SKIP busy/inflight tag=ADC0-ASY2
[VND] PREPARE_PAIR slot=0
[VND] PREPARE_PAIR slot=0
[VND] TX_SKIP busy/inflight tag=ADC0-ASY2
[VND] PREPARE_PAIR slot=0
[VND] PREPARE_PAIR slot=0
[VND] TX_SKIP busy/inflight tag=ADC0-ASY2
[VND] PREPARE_PAIR slot=0
[VND] PREPARE_PAIR slot=0
[VND] TX_SKIP busy/inflight tag=ADC0-ASY2
[VND] PREPARE_PAIR slot=0
[VND] PREPARE_PAIR slot=0
[VND] TX_SKIP busy/inflight tag=ADC0-ASY2
[VND] PREPARE_PAIR slot=0
[VND] PREPARE_PAIR slot=0
[VND] TX_SKIP busy/inflight tag=ADC0-ASY2
[VND] PREPARE_PAIR slot=0
[VND] PREPARE_PAIR slot=0
[VND] TX_SKIP busy/inflight tag=ADC0-ASY2
[VND] PREPARE_PAIR slot=0
[VND] PREPARE_PAIR slot=0
[VND] TX_SKIP busy/inflight tag=ADC0-ASY2
[VND] PREPARE_PAIR slot=0
[VND] PREPARE_PAIR slot=0
[VND] TX_SKIP busy/inflight tag=ADC0-ASY2
[VND] PREPARE_PAIR slot=0
[VND] PREPARE_PAIR slot=0
[VND] TX_SKIP busy/inflight tag=ADC0-ASY2
[VND] PREPARE_PAIR slot=0
[VND] PREPARE_PAIR slot=0
[VND] TX_SKIP busy/inflight tag=ADC0-ASY2
[VND] PREPARE_PAIR slot=0
[VND] PREPARE_PAIR slot=0
[VND] TX_SKIP busy/inflight tag=ADC0-ASY2
[VND] PREPARE_PAIR slot=0
[VND] PREPARE_PAIR slot=0
[VND] TX_SKIP busy/inflight tag=ADC0-ASY2
[VND] PREPARE_PAIR slot=0
[VND] PREPARE_PAIR slot=0
[VND] TX_SKIP busy/inflight tag=ADC0-ASY2
[VND] PREPARE_PAIR slot=0
[VND] PREPARE_PAIR slot=0
[VND] TX_SKIP busy/inflight tag=ADC0-ASY2
[VND] PREPARE_PAIR slot=0
[VND] PREPARE_PAIR slot=0
[VND] TX_SKIP busy/inflight tag=ADC0-ASY2
[VND] PREPARE_PAIR slot=0
[VND] PREPARE_PAIR slot=0
[VND] TX_SKIP busy/inflight tag=ADC0-ASY2
[VND] PREPARE_PAIR slot=0
[VND] PREPARE_PAIR slot=0
[VND] TX_SKIP busy/inflight tag=ADC0-ASY2
[VND] PREPARE_PAIR slot=0
[VND] PREPARE_PAIR slot=0
[VND] TX_SKIP busy/inflight tag=ADC0-ASY2
[VND] PREPARE_PAIR slot=0
[VND] PREPARE_PAIR slot=0
[VND] TX_SKIP busy/inflight tag=ADC0-ASY2
[VND] PREPARE_PAIR slot=0
[VND] PREPARE_PAIR slot=0
[VND] TX_SKIP busy/inflight tag=ADC0-ASY2
[VND] PREPARE_PAIR slot=0
[VND] PREPARE_PAIR slot=0
[VND] TX_SKIP busy/inflight tag=ADC0-ASY2
[VND] PREPARE_PAIR slot=0
[VND] PREPARE_PAIR slot=0
[VND] TX_SKIP busy/inflight tag=ADC0-ASY2
[VND] PREPARE_PAIR slot=0
[VND] PREPARE_PAIR slot=0
[VND] TX_SKIP busy/inflight tag=ADC0-ASY2
[VND] PREPARE_PAIR slot=0
[VND] PREPARE_PAIR slot=0
[VND] TX_SKIP busy/inflight tag=ADC0-ASY2
[VND] PREPARE_PAIR slot=0
[VND] PREPARE_PAIR slot=0
[VND] TX_SKIP busy/inflight tag=ADC0-ASY2
[VND] PREPARE_PAIR slot=0
[VND] PREPARE_PAIR slot=0
[VND] TX_SKIP busy/inflight tag=ADC0-ASY2
[VND] PREPARE_PAIR slot=0
[VND] PREPARE_PAIR slot=0
[VND] TX_SKIP busy/inflight tag=ADC0-ASY2
[VND] PREPARE_PAIR slot=0
[VND] PREPARE_PAIR slot=0
[VND] TX_SKIP busy/inflight tag=ADC0-ASY2
[VND] PREPARE_PAIR slot=0
[VND] PREPARE_PAIR slot=0
[VND] TX_SKIP busy/inflight tag=ADC0-ASY2
[VND] PREPARE_PAIR slot=0
[VND] PREPARE_PAIR slot=0
[VND] TX_SKIP busy/inflight tag=ADC0-ASY2
[VND] PREPARE_PAIR slot=0
[VND] PREPARE_PAIR slot=0
[VND] TX_SKIP busy/inflight tag=ADC0-ASY2
[VND] PREPARE_PAIR slot=0
[VND] PREPARE_PAIR slot=0
[VND] TX_SKIP busy/inflight tag=ADC0-ASY2
[VND] PREPARE_PAIR slot=0
[VND] PREPARE_PAIR slot=0
[VND] TX_SKIP busy/inflight tag=ADC0-ASY2
[VND] PREPARE_PAIR slot=0
[VND] PREPARE_PAIR slot=0
[VND] TX_SKIP busy/inflight tag=ADC0-ASY2
[VND] PREPARE_PAIR slot=0
[VND] PREPARE_PAIR slot=0
[VND] TX_SKIP busy/inflight tag=ADC0-ASY2
[VND] PREPARE_PAIR slot=0
[VND] PREPARE_PAIR slot=0
[VND] TX_SKIP busy/inflight tag=ADC0-ASY2
[VND] PREPARE_PAIR slot=0
[VND] PREPARE_PAIR slot=0
[VND] TX_SKIP busy/inflight tag=ADC0-ASY2
[VND] PREPARE_PAIR slot=0
[VND] PREPARE_PAIR slot=0
[VND] TX_SKIP busy/inflight tag=ADC0-ASY2
[VND] PREPARE_PAIR slot=0
[VND] PREPARE_PAIR slot=0
[VND] TX_SKIP busy/inflight tag=ADC0-ASY2
[VND] PREPARE_PAIR slot=0
[VND] PREPARE_PAIR slot=0
[VND] TX_SKIP busy/inflight tag=ADC0-ASY2
[VND] PREPARE_PAIR slot=0
[VND] PREPARE_PAIR slot=0
[VND] TX_SKIP busy/inflight tag=ADC0-ASY2
[VND] PREPARE_PAIR slot=0
[VND] PREPARE_PAIR slot=0
[VND] TX_SKIP busy/inflight tag=ADC0-ASY2
[VND] PREPARE_PAIR slot=0
[VND] PREPARE_PAIR slot=0
[VND] TX_SKIP busy/inflight tag=ADC0-ASY2
[VND] PREPARE_PAIR slot=0
[VND] PREPARE_PAIR slot=0
[VND] TX_SKIP busy/inflight tag=ADC0-ASY2
[VND] PREPARE_PAIR slot=0
[VND] PREPARE_PAIR slot=0
[VND] TX_SKIP busy/inflight tag=ADC0-ASY2
[VND] PREPARE_PAIR slot=0
[VND] PREPARE_PAIR slot=0
[VND] TX_SKIP busy/inflight tag=ADC0-ASY2
[VND] PREPARE_PAIR slot=0
[VND] PREPARE_PAIR slot=0
[VND] TX_SKIP busy/inflight tag=ADC0-ASY2
[VND] PREPARE_PAIR slot=0
[VND] PREPARE_PAIR slot=0
[VND] TX_SKIP busy/inflight tag=ADC0-ASY2
[VND] PREPARE_PAIR slot=0
[VND] PREPARE_PAIR slot=0
[VND] TX_SKIP busy/inflight tag=ADC0-ASY2
[VND] PREPARE_PAIR slot=0
[VND] PREPARE_PAIR slot=0
[VND] TX_SKIP busy/inflight tag=ADC0-ASY2
[VND] PREPARE_PAIR slot=0
[VND] PREPARE_PAIR slot=0
[VND] TX_SKIP busy/inflight tag=ADC0-ASY2
[VND] PREPARE_PAIR slot=0
[VND] PREPARE_PAIR slot=0
[VND] TX_SKIP busy/inflight tag=ADC0-ASY2
[VND] PREPARE_PAIR slot=0
[VND] PREPARE_PAIR slot=0
[VND] TX_SKIP busy/inflight tag=ADC0-ASY2
[VND] PREPARE_PAIR slot=0
[VND] PREPARE_PAIR slot=0
[VND] TX_SKIP busy/inflight tag=ADC0-ASY2
[VND] PREPARE_PAIR slot=0
[VND] PREPARE_PAIR slot=0
[VND] TX_SKIP busy/inflight tag=ADC0-ASY2
[VND] PREPARE_PAIR slot=0
[VND] PREPARE_PAIR slot=0
[VND] TX_SKIP busy/inflight tag=ADC0-ASY2
[VND] PREPARE_PAIR slot=0
[VND] PREPARE_PAIR slot=0
[VND] TX_SKIP busy/inflight tag=ADC0-ASY2
[VND] PREPARE_PAIR slot=0
[VND] PREPARE_PAIR slot=0
[VND] TX_SKIP busy/inflight tag=ADC0-ASY2
[VND] PREPARE_PAIR slot=0
[VND] PREPARE_PAIR slot=0
[VND] TX_SKIP busy/inflight tag=ADC0-ASY2
[VND] PREPARE_PAIR slot=0
[VND] PREPARE_PAIR slot=0
[VND] TX_SKIP busy/inflight tag=ADC0-ASY2
[VND] PREPARE_PAIR slot=0
[VND] PREPARE_PAIR slot=0
[VND] TX_SKIP busy/inflight tag=ADC0-ASY2
[VND] PREPARE_PAIR slot=0
[VND] PREPARE_PAIR slot=0
[VND] TX_SKIP busy/inflight tag=ADC0-ASY2
[VND] PREPARE_PAIR slot=0
[VND] PREPARE_PAIR slot=0
[VND] TX_SKIP busy/inflight tag=ADC0-ASY2
[VND] PREPARE_PAIR slot=0
[VND] PREPARE_PAIR slot=0
[VND] TX_SKIP busy/inflight tag=ADC0-ASY2
[VND] PREPARE_PAIR slot=0
[VND] PREPARE_PAIR slot=0
[VND] TX_SKIP busy/inflight tag=ADC0-ASY2
[VND] PREPARE_PAIR slot=0
[VND] PREPARE_PAIR slot=0
[VND] TX_SKIP busy/inflight tag=ADC0-ASY2
[VND] PREPARE_PAIR slot=0
[VND] PREPARE_PAIR slot=0
[VND] TX_SKIP busy/inflight tag=ADC0-ASY2
[VND] PREPARE_PAIR slot=0
[VND] PREPARE_PAIR slot=0
[VND] TX_SKIP busy/inflight tag=ADC0-ASY2
[VND] PREPARE_PAIR slot=0
[VND] PREPARE_PAIR slot=0
[VND] TX_SKIP busy/inflight tag=ADC0-ASY2
[VND] PREPARE_PAIR slot=0
[VND] PREPARE_PAIR slot=0
[VND] TX_SKIP busy/inflight tag=ADC0-ASY2
[VND] PREPARE_PAIR slot=0
[VND] PREPARE_PAIR slot=0
[VND] TX_SKIP busy/inflight tag=ADC0-ASY2
[VND] PREPARE_PAIR slot=0
[VND] PREPARE_PAIR slot=0
[VND] TX_SKIP busy/inflight tag=ADC0-ASY2
[VND] PREPARE_PAIR slot=0
[VND] PREPARE_PAIR slot=0
[VND] TX_SKIP busy/inflight tag=ADC0-ASY2
[VND] PREPARE_PAIR slot=0
[VND] PREPARE_PAIR slot=0
[VND] TX_SKIP busy/inflight tag=ADC0-ASY2
[VND] PREPARE_PAIR slot=0
[VND] PREPARE_PAIR slot=0
[VND] TX_SKIP busy/inflight tag=ADC0-ASY2
[VND] PREPARE_PAIR slot=0
[VND] PREPARE_PAIR slot=0
[VND] TX_SKIP busy/inflight tag=ADC0-ASY2
[VND] PREPARE_PAIR slot=0
[VND] PREPARE_PAIR slot=0
[VND] TX_SKIP busy/inflight tag=ADC0-ASY2
[VND] PREPARE_PAIR slot=0
[VND] PREPARE_PAIR slot=0
[VND] TX_SKIP busy/inflight tag=ADC0-ASY2
[VND] PREPARE_PAIR slot=0
[VND] PREPARE_PAIR slot=0
[VND] TX_SKIP busy/inflight tag=ADC0-ASY2
[VND] PREPARE_PAIR slot=0
[VND] PREPARE_PAIR slot=0
[VND] TX_SKIP busy/inflight tag=ADC0-ASY2
[VND] PREPARE_PAIR slot=0
[VND] PREPARE_PAIR slot=0
[VND] TX_SKIP busy/inflight tag=ADC0-ASY2
[VND] PREPARE_PAIR slot=0
[VND] PREPARE_PAIR slot=0
[VND] TX_SKIP busy/inflight tag=ADC0-ASY2
[VND] PREPARE_PAIR slot=0
[VND] PREPARE_PAIR slot=0
[VND] TX_SKIP busy/inflight tag=ADC0-ASY2
[VND] PREPARE_PAIR slot=0
[VND] PREPARE_PAIR slot=0
[VND] TX_SKIP busy/inflight tag=ADC0-ASY2
[VND] PREPARE_PAIR slot=0
[VND] PREPARE_PAIR slot=0
[VND] TX_SKIP busy/inflight tag=ADC0-ASY2
[VND] PREPARE_PAIR slot=0
[VND] PREPARE_PAIR slot=0
[VND] TX_SKIP busy/inflight tag=ADC0-ASY2
[VND] PREPARE_PAIR slot=0
[VND] PREPARE_PAIR slot=0
[VND] TX_SKIP busy/inflight tag=ADC0-ASY2
[VND] PREPARE_PAIR slot=0
[VND] PREPARE_PAIR slot=0
[VND] TX_SKIP busy/inflight tag=ADC0-ASY2
[VND] PREPARE_PAIR slot=0
[VND] PREPARE_PAIR slot=0
[VND] TX_SKIP busy/inflight tag=ADC0-ASY2
[VND] PREPARE_PAIR slot=0
[VND] PREPARE_PAIR slot=0
[VND] TX_SKIP busy/inflight tag=ADC0-ASY2
[VND] PREPARE_PAIR slot=0
[VND] PREPARE_PAIR slot=0
[VND] TX_SKIP busy/inflight tag=ADC0-ASY2
[VND] PREPARE_PAIR slot=0
[VND] PREPARE_PAIR slot=0
[VND] TX_SKIP busy/inflight tag=ADC0-ASY2
[VND] PREPARE_PAIR slot=0
[VND] PREPARE_PAIR slot=0
[VND] TX_SKIP busy/inflight tag=ADC0-ASY2
[VND] PREPARE_PAIR slot=0
[VND] PREPARE_PAIR slot=0
[VND] TX_SKIP busy/inflight tag=ADC0-ASY2
[VND] PREPARE_PAIR slot=0
[VND] PREPARE_PAIR slot=0
[VND] TX_SKIP busy/inflight tag=ADC0-ASY2
[VND] PREPARE_PAIR slot=0
[VND] PREPARE_PAIR slot=0
[VND] TX_SKIP busy/inflight tag=ADC0-ASY2
[VND] PREPARE_PAIR slot=0
[VND] PREPARE_PAIR slot=0
[VND] TX_SKIP busy/inflight tag=ADC0-ASY2
[VND] PREPARE_PAIR slot=0
[VND] PREPARE_PAIR slot=0
[VND] TX_SKIP busy/inflight tag=ADC0-ASY2
[VND] PREPARE_PAIR slot=0
[VND] PREPARE_PAIR slot=0
[VND] TX_SKIP busy/inflight tag=ADC0-ASY2
[VND] PREPARE_PAIR slot=0
[VND] PREPARE_PAIR slot=0
[VND] TX_SKIP busy/inflight tag=ADC0-ASY2
[VND] PREPARE_PAIR slot=0
[VND] PREPARE_PAIR slot=0
[VND] TX_SKIP busy/inflight tag=ADC0-ASY2
[VND] PREPARE_PAIR slot=0
[VND] PREPARE_PAIR slot=0
[VND] TX_SKIP busy/inflight tag=ADC0-ASY2
[VND] PREPARE_PAIR slot=0
[VND] PREPARE_PAIR slot=0
[VND] TX_SKIP busy/inflight tag=ADC0-ASY2
[VND] PREPARE_PAIR slot=0
[VND] PREPARE_PAIR slot=0
[VND] TX_SKIP busy/inflight tag=ADC0-ASY2
[VND] PREPARE_PAIR slot=0
[VND] PREPARE_PAIR slot=0
[VND] TX_SKIP busy/inflight tag=ADC0-ASY2
[VND] PREPARE_PAIR slot=0
[VND] PREPARE_PAIR slot=0
[VND] TX_SKIP busy/inflight tag=ADC0-ASY2
[VND] PREPARE_PAIR slot=0
[VND] PREPARE_PAIR slot=0
[VND] TX_SKIP busy/inflight tag=ADC0-ASY2
[VND] PREPARE_PAIR slot=0
[VND] PREPARE_PAIR slot=0
[VND] TX_SKIP busy/inflight tag=ADC0-ASY2
[VND] PREPARE_PAIR slot=0
[VND] PREPARE_PAIR slot=0
[VND] TX_SKIP busy/inflight tag=ADC0-ASY2
[VND] PREPARE_PAIR slot=0
[VND] PREPARE_PAIR slot=0
[VND] TX_SKIP busy/inflight tag=ADC0-ASY2
[VND] PREPARE_PAIR slot=0
[VND] PREPARE_PAIR slot=0
[VND] TX_SKIP busy/inflight tag=ADC0-ASY2
[VND] PREPARE_PAIR slot=0
[VND] PREPARE_PAIR slot=0
[VND] TX_SKIP busy/inflight tag=ADC0-ASY2
[VND] PREPARE_PAIR slot=0
[VND] PREPARE_PAIR slot=0
[VND] TX_SKIP busy/inflight tag=ADC0-ASY2
[VND] PREPARE_PAIR slot=0
[VND] PREPARE_PAIR slot=0
[VND] TX_SKIP busy/inflight tag=ADC0-ASY2
[VND] PREPARE_PAIR slot=0
[VND] PREPARE_PAIR slot=0
[VND] TX_SKIP busy/inflight tag=ADC0-ASY2
[VND] PREPARE_PAIR slot=0
[VND] PREPARE_PAIR slot=0
[VND] TX_SKIP busy/inflight tag=ADC0-ASY2
[VND] PREPARE_PAIR slot=0
[VND] PREPARE_PAIR slot=0
[VND] TX_SKIP busy/inflight tag=ADC0-ASY2
[VND] PREPARE_PAIR slot=0
[VND] PREPARE_PAIR slot=0
[VND] TX_SKIP busy/inflight tag=ADC0-ASY2
[VND] PREPARE_PAIR slot=0
[VND] PREPARE_PAIR slot=0
[VND] TX_SKIP busy/inflight tag=ADC0-ASY2
[VND] PREPARE_PAIR slot=0
[VND] PREPARE_PAIR slot=0
[VND] TX_SKIP busy/inflight tag=ADC0-ASY2
[VND] PREPARE_PAIR slot=0
[VND] PREPARE_PAIR slot=0
[VND] TX_SKIP busy/inflight tag=ADC0-ASY2
[VND] PREPARE_PAIR slot=0
[VND] PREPARE_PAIR slot=0
[VND] TX_SKIP busy/inflight tag=ADC0-ASY2
[VND] PREPARE_PAIR slot=0
[VND] PREPARE_PAIR slot=0
[VND] TX_SKIP busy/inflight tag=ADC0-ASY2
[VND] PREPARE_PAIR slot=0
[VND] PREPARE_PAIR slot=0
[VND] TX_SKIP busy/inflight tag=ADC0-ASY2
[VND] PREPARE_PAIR slot=0
[VND] PREPARE_PAIR slot=0
[VND] TX_SKIP busy/inflight tag=ADC0-ASY2
[VND] PREPARE_PAIR slot=0
[VND] PREPARE_PAIR slot=0
[VND] TX_SKIP busy/inflight tag=ADC0-ASY2
[VND] PREPARE_PAIR slot=0
[VND] PREPARE_PAIR slot=0
[VND] TX_SKIP busy/inflight tag=ADC0-ASY2
[VND] PREPARE_PAIR slot=0
[VND] PREPARE_PAIR slot=0
[VND] TX_SKIP busy/inflight tag=ADC0-ASY2
[VND] PREPARE_PAIR slot=0
[VND] PREPARE_PAIR slot=0
[VND] TX_SKIP busy/inflight tag=ADC0-ASY2
[VND] PREPARE_PAIR slot=0
[VND] PREPARE_PAIR slot=0
[VND] TX_SKIP busy/inflight tag=ADC0-ASY2
[VND] PREPARE_PAIR slot=0
[VND] PREPARE_PAIR slot=0
[VND] TX_SKIP busy/inflight tag=ADC0-ASY2
[VND] PREPARE_PAIR slot=0
[VND] PREPARE_PAIR slot=0
[VND] TX_SKIP busy/inflight tag=ADC0-ASY2
[VND] PREPARE_PAIR slot=0
[VND] PREPARE_PAIR slot=0
[VND] TX_SKIP busy/inflight tag=ADC0-ASY2
[VND] PREPARE_PAIR slot=0
[VND] PREPARE_PAIR slot=0
[VND] TX_SKIP busy/inflight tag=ADC0-ASY2
[VND] PREPARE_PAIR slot=0
[VND] PREPARE_PAIR slot=0
[VND] TX_SKIP busy/inflight tag=ADC0-ASY2
[VND] PREPARE_PAIR slot=0
[VND] PREPARE_PAIR slot=0
[VND] TX_SKIP busy/inflight tag=ADC0-ASY2
[VND] PREPARE_PAIR slot=0
[VND] PREPARE_PAIR slot=0
[VND] TX_SKIP busy/inflight tag=ADC0-ASY2
[VND] PREPARE_PAIR slot=0
[VND] PREPARE_PAIR slot=0
[VND] TX_SKIP busy/inflight tag=ADC0-ASY2
[VND] PREPARE_PAIR slot=0
[VND] PREPARE_PAIR slot=0
[VND] TX_SKIP busy/inflight tag=ADC0-ASY2
[VND] PREPARE_PAIR slot=0
[VND] PREPARE_PAIR slot=0
[VND] TX_SKIP busy/inflight tag=ADC0-ASY2
[VND] PREPARE_PAIR slot=0
[VND] PREPARE_PAIR slot=0
[VND] TX_SKIP busy/inflight tag=ADC0-ASY2
[VND] PREPARE_PAIR slot=0
[VND] PREPARE_PAIR slot=0
[VND] TX_SKIP busy/inflight tag=ADC0-ASY2
[VND] PREPARE_PAIR slot=0
[VND] PREPARE_PAIR slot=0
[VND] TX_SKIP busy/inflight tag=ADC0-ASY2
[VND] PREPARE_PAIR slot=0
[VND] PREPARE_PAIR slot=0
[VND] TX_SKIP busy/inflight tag=ADC0-ASY2
[VND] PREPARE_PAIR slot=0
[VND] PREPARE_PAIR slot=0
[VND] TX_SKIP busy/inflight tag=ADC0-ASY2
[VND] PREPARE_PAIR slot=0
[VND] PREPARE_PAIR slot=0
[VND] TX_SKIP busy/inflight tag=ADC0-ASY2
[VND] PREPARE_PAIR slot=0
[VND] PREPARE_PAIR slot=0
[VND] TX_SKIP busy/inflight tag=ADC0-ASY2
[VND] PREPARE_PAIR slot=0
[VND] PREPARE_PAIR slot=0
[VND] TX_SKIP busy/inflight tag=ADC0-ASY2
[VND] PREPARE_PAIR slot=0
[VND] PREPARE_PAIR slot=0
[VND] TX_SKIP busy/inflight tag=ADC0-ASY2
[VND] PREPARE_PAIR slot=0
[VND] PREPARE_PAIR slot=0
[VND] TX_SKIP busy/inflight tag=ADC0-ASY2
[VND] PREPARE_PAIR slot=0
[VND] PREPARE_PAIR slot=0
[VND] TX_SKIP busy/inflight tag=ADC0-ASY2
[VND] PREPARE_PAIR slot=0
[VND] PREPARE_PAIR slot=0
[VND] TX_SKIP busy/inflight tag=ADC0-ASY2
[VND] PREPARE_PAIR slot=0
[VND] PREPARE_PAIR slot=0
[VND] TX_SKIP busy/inflight tag=ADC0-ASY2
[VND] PREPARE_PAIR slot=0
[VND] PREPARE_PAIR slot=0
[VND] TX_SKIP busy/inflight tag=ADC0-ASY2
[VND] PREPARE_PAIR slot=0
[VND] PREPARE_PAIR slot=0
[VND] TX_SKIP busy/inflight tag=ADC0-ASY2
[VND] PREPARE_PAIR slot=0
[VND] PREPARE_PAIR slot=0
[VND] TX_SKIP busy/inflight tag=ADC0-ASY2
[VND] PREPARE_PAIR slot=0
[VND] PREPARE_PAIR slot=0
[VND] TX_SKIP busy/inflight tag=ADC0-ASY2
[VND] PREPARE_PAIR slot=0
[VND] PREPARE_PAIR slot=0
[VND] TX_SKIP busy/inflight tag=ADC0-ASY2
[VND] PREPARE_PAIR slot=0
[VND] PREPARE_PAIR slot=0
[VND] TX_SKIP busy/inflight tag=ADC0-ASY2
[VND] PREPARE_PAIR slot=0
[VND] PREPARE_PAIR slot=0
[VND] TX_SKIP busy/inflight tag=ADC0-ASY2
[VND] PREPARE_PAIR slot=0
[VND] PREPARE_PAIR slot=0
[VND] TX_SKIP busy/inflight tag=ADC0-ASY2
[VND] PREPARE_PAIR slot=0
[VND] PREPARE_PAIR slot=0
[VND] TX_SKIP busy/inflight tag=ADC0-ASY2
[VND] PREPARE_PAIR slot=0
[VND] PREPARE_PAIR slot=0
[VND] TX_SKIP busy/inflight tag=ADC0-ASY2
[VND] PREPARE_PAIR slot=0
[VND] PREPARE_PAIR slot=0
[VND] TX_SKIP busy/inflight tag=ADC0-ASY2
[VND] PREPARE_PAIR slot=0
[VND] PREPARE_PAIR slot=0
[VND] TX_SKIP busy/inflight tag=ADC0-ASY2
[VND] PREPARE_PAIR slot=0
[VND] PREPARE_PAIR slot=0
[VND] TX_SKIP busy/inflight tag=ADC0-ASY2
[VND] PREPARE_PAIR slot=0
[VND] PREPARE_PAIR slot=0
[VND] TX_SKIP busy/inflight tag=ADC0-ASY2
[VND] PREPARE_PAIR slot=0
[VND] PREPARE_PAIR slot=0
[VND] TX_SKIP busy/inflight tag=ADC0-ASY2
[VND] PREPARE_PAIR slot=0
[VND] PREPARE_PAIR slot=0
[VND] TX_SKIP busy/inflight tag=ADC0-ASY2
[VND] PREPARE_PAIR slot=0
[VND] PREPARE_PAIR slot=0
[VND] TX_SKIP busy/inflight tag=ADC0-ASY2
[VND] PREPARE_PAIR slot=0
[VND] PREPARE_PAIR slot=0
[VND] TX_SKIP busy/inflight tag=ADC0-ASY2
[VND] PREPARE_PAIR slot=0
[VND] PREPARE_PAIR slot=0
[VND] TX_SKIP busy/inflight tag=ADC0-ASY2
[VND] PREPARE_PAIR slot=0
[VND] PREPARE_PAIR slot=0
[VND] TX_SKIP busy/inflight tag=ADC0-ASY2
[VND] PREPARE_PAIR slot=0
[VND] PREPARE_PAIR slot=0
[VND] TX_SKIP busy/inflight tag=ADC0-ASY2
[VND] PREPARE_PAIR slot=0
[VND] PREPARE_PAIR slot=0
[VND] TX_SKIP busy/inflight tag=ADC0-ASY2
[VND] PREPARE_PAIR slot=0
[VND] PREPARE_PAIR slot=0
[VND] TX_SKIP busy/inflight tag=ADC0-ASY2
[VND] PREPARE_PAIR slot=0
[VND] PREPARE_PAIR slot=0
[VND] TX_SKIP busy/inflight tag=ADC0-ASY2
[VND] PREPARE_PAIR slot=0
[VND] PREPARE_PAIR slot=0
[VND] TX_SKIP busy/inflight tag=ADC0-ASY2
[VND] PREPARE_PAIR slot=0
[VND] PREPARE_PAIR slot=0
[VND] TX_SKIP busy/inflight tag=ADC0-ASY2
[VND] PREPARE_PAIR slot=0
[VND] PREPARE_PAIR slot=0
[VND] TX_SKIP busy/inflight tag=ADC0-ASY2
[VND] PREPARE_PAIR slot=0
[VND] PREPARE_PAIR slot=0
[VND] TX_SKIP busy/inflight tag=ADC0-ASY2
[VND] PREPARE_PAIR slot=0
[VND] PREPARE_PAIR slot=0
[VND] TX_SKIP busy/inflight tag=ADC0-ASY2
[VND] PREPARE_PAIR slot=0
[VND] PREPARE_PAIR slot=0
[VND] TX_SKIP busy/inflight tag=ADC0-ASY2
[VND] PREPARE_PAIR slot=0
[VND] PREPARE_PAIR slot=0
[VND] TX_SKIP busy/inflight tag=ADC0-ASY2
[VND] PREPARE_PAIR slot=0
[VND] PREPARE_PAIR slot=0
[VND] TX_SKIP busy/inflight tag=ADC0-ASY2
[VND] PREPARE_PAIR slot=0
[VND] PREPARE_PAIR slot=0
[VND] TX_SKIP busy/inflight tag=ADC0-ASY2
[VND] PREPARE_PAIR slot=0
[VND] PREPARE_PAIR slot=0
[VND] TX_SKIP busy/inflight tag=ADC0-ASY2
[VND] PREPARE_PAIR slot=0
[VND] PREPARE_PAIR slot=0
[VND] TX_SKIP busy/inflight tag=ADC0-ASY2
[VND] PREPARE_PAIR slot=0
[VND] PREPARE_PAIR slot=0
[VND] TX_SKIP busy/inflight tag=ADC0-ASY2
[VND] PREPARE_PAIR slot=0
[VND] PREPARE_PAIR slot=0
[VND] TX_SKIP busy/inflight tag=ADC0-ASY2
[VND] PREPARE_PAIR slot=0
[VND] PREPARE_PAIR slot=0
[VND] TX_SKIP busy/inflight tag=ADC0-ASY2
[VND] PREPARE_PAIR slot=0
[VND] PREPARE_PAIR slot=0
[VND] TX_SKIP busy/inflight tag=ADC0-ASY2
[VND] PREPARE_PAIR slot=0
[VND] PREPARE_PAIR slot=0
[VND] TX_SKIP busy/inflight tag=ADC0-ASY2
[VND] PREPARE_PAIR slot=0
[VND] PREPARE_PAIR slot=0
[VND] TX_SKIP busy/inflight tag=ADC0-ASY2
[VND] PREPARE_PAIR slot=0
[VND] PREPARE_PAIR slot=0
[VND] TX_SKIP busy/inflight tag=ADC0-ASY2
[VND] PREPARE_PAIR slot=0
[VND] PREPARE_PAIR slot=0
[VND] TX_SKIP busy/inflight tag=ADC0-ASY2
[VND] PREPARE_PAIR slot=0
[VND] PREPARE_PAIR slot=0
[VND] TX_SKIP busy/inflight tag=ADC0-ASY2
[VND] PREPARE_PAIR slot=0
[VND] PREPARE_PAIR slot=0
[VND] TX_SKIP busy/inflight tag=ADC0-ASY2
[VND] PREPARE_PAIR slot=0
[VND] PREPARE_PAIR slot=0
[VND] TX_SKIP busy/inflight tag=ADC0-ASY2
[VND] PREPARE_PAIR slot=0
[VND] PREPARE_PAIR slot=0
[VND] TX_SKIP busy/inflight tag=ADC0-ASY2
[VND] PREPARE_PAIR slot=0
[VND] PREPARE_PAIR slot=0
[VND] TX_SKIP busy/inflight tag=ADC0-ASY2
[VND] PREPARE_PAIR slot=0
[VND] PREPARE_PAIR slot=0
[VND] TX_SKIP busy/inflight tag=ADC0-ASY2
[VND] PREPARE_PAIR slot=0
[VND] PREPARE_PAIR slot=0
[VND] TX_SKIP busy/inflight tag=ADC0-ASY2
[VND] PREPARE_PAIR slot=0
[VND] PREPARE_PAIR slot=0
[VND] TX_SKIP busy/inflight tag=ADC0-ASY2
[VND] PREPARE_PAIR slot=0
[VND] PREPARE_PAIR slot=0
[VND] TX_SKIP busy/inflight tag=ADC0-ASY2
[VND] PREPARE_PAIR slot=0
[VND] PREPARE_PAIR slot=0
[VND] TX_SKIP busy/inflight tag=ADC0-ASY2
[VND] PREPARE_PAIR slot=0
[VND] PREPARE_PAIR slot=0
[VND] TX_SKIP busy/inflight tag=ADC0-ASY2
[VND] PREPARE_PAIR slot=0
[VND] PREPARE_PAIR slot=0
[VND] TX_SKIP busy/inflight tag=ADC0-ASY2
[VND] PREPARE_PAIR slot=0
[VND] PREPARE_PAIR slot=0
[VND] TX_SKIP busy/inflight tag=ADC0-ASY2
[VND] PREPARE_PAIR slot=0
[VND] PREPARE_PAIR slot=0
[VND] TX_SKIP busy/inflight tag=ADC0-ASY2
[VND] PREPARE_PAIR slot=0
[VND] PREPARE_PAIR slot=0
[VND] TX_SKIP busy/inflight tag=ADC0-ASY2
[VND] PREPARE_PAIR slot=0
[VND] PREPARE_PAIR slot=0
[VND] TX_SKIP busy/inflight tag=ADC0-ASY2
[VND] PREPARE_PAIR slot=0
[VND] PREPARE_PAIR slot=0
[VND] TX_SKIP busy/inflight tag=ADC0-ASY2
[VND] PREPARE_PAIR slot=0
[VND] PREPARE_PAIR slot=0
[VND] TX_SKIP busy/inflight tag=ADC0-ASY2
[VND] PREPARE_PAIR slot=0
[VND] PREPARE_PAIR slot=0
[VND] TX_SKIP busy/inflight tag=ADC0-ASY2
[VND] PREPARE_PAIR slot=0
[VND] PREPARE_PAIR slot=0
[VND] TX_SKIP busy/inflight tag=ADC0-ASY2
[VND] PREPARE_PAIR slot=0
[VND] PREPARE_PAIR slot=0
[VND] TX_SKIP busy/inflight tag=ADC0-ASY2
[VND] PREPARE_PAIR slot=0
[VND] PREPARE_PAIR slot=0
[VND] TX_SKIP busy/inflight tag=ADC0-ASY2
[VND] PREPARE_PAIR slot=0
[VND] PREPARE_PAIR slot=0
[VND] TX_SKIP busy/inflight tag=ADC0-ASY2
[VND] PREPARE_PAIR slot=0
[VND] PREPARE_PAIR slot=0
[VND] TX_SKIP busy/inflight tag=ADC0-ASY2
[VND] PREPARE_PAIR slot=0
[VND] PREPARE_PAIR slot=0
[VND] TX_SKIP busy/inflight tag=ADC0-ASY2
[VND] PREPARE_PAIR slot=0
[VND] PREPARE_PAIR slot=0
[VND] TX_SKIP busy/inflight tag=ADC0-ASY2
[VND] PREPARE_PAIR slot=0
[VND] PREPARE_PAIR slot=0
[VND] TX_SKIP busy/inflight tag=ADC0-ASY2
[VND] PREPARE_PAIR slot=0
[VND] PREPARE_PAIR slot=0
[VND] TX_SKIP busy/inflight tag=ADC0-ASY2
[VND] PREPARE_PAIR slot=0
[VND] PREPARE_PAIR slot=0
[VND] TX_SKIP busy/inflight tag=ADC0-ASY2
[VND] PREPARE_PAIR slot=0
[VND] PREPARE_PAIR slot=0
[VND] TX_SKIP busy/inflight tag=ADC0-ASY2
[VND] PREPARE_PAIR slot=0
[VND] PREPARE_PAIR slot=0
[VND] TX_SKIP busy/inflight tag=ADC0-ASY2
[VND] PREPARE_PAIR slot=0
[VND] PREPARE_PAIR slot=0
[VND] TX_SKIP busy/inflight tag=ADC0-ASY2
[VND] PREPARE_PAIR slot=0
[VND] PREPARE_PAIR slot=0
[VND] TX_SKIP busy/inflight tag=ADC0-ASY2
[VND] PREPARE_PAIR slot=0
[VND] PREPARE_PAIR slot=0
[VND] TX_SKIP busy/inflight tag=ADC0-ASY2
[VND] PREPARE_PAIR slot=0
[VND] PREPARE_PAIR slot=0
[VND] TX_SKIP busy/inflight tag=ADC0-ASY2
[VND] PREPARE_PAIR slot=0
[VND] PREPARE_PAIR slot=0
[VND] TX_SKIP busy/inflight tag=ADC0-ASY2
[VND] PREPARE_PAIR slot=0
[VND] PREPARE_PAIR slot=0
[VND] TX_SKIP busy/inflight tag=ADC0-ASY2
[VND] PREPARE_PAIR slot=0
[VND] PREPARE_PAIR slot=0
[VND] TX_SKIP busy/inflight tag=ADC0-ASY2
[VND] PREPARE_PAIR slot=0
[VND] PREPARE_PAIR slot=0
[VND] TX_SKIP busy/inflight tag=ADC0-ASY2
[VND] PREPARE_PAIR slot=0
[VND] PREPARE_PAIR slot=0
[VND] TX_SKIP busy/inflight tag=ADC0-ASY2
[VND] PREPARE_PAIR slot=0
[VND] PREPARE_PAIR slot=0
[VND] TX_SKIP busy/inflight tag=ADC0-ASY2
[VND] PREPARE_PAIR slot=0
[VND] PREPARE_PAIR slot=0
[VND] TX_SKIP busy/inflight tag=ADC0-ASY2
[VND] PREPARE_PAIR slot=0
[VND] PREPARE_PAIR slot=0
[VND] TX_SKIP busy/inflight tag=ADC0-ASY2
[VND] PREPARE_PAIR slot=0
[VND] PREPARE_PAIR slot=0
[VND] TX_SKIP busy/inflight tag=ADC0-ASY2
[VND] PREPARE_PAIR slot=0
[VND] PREPARE_PAIR slot=0
[VND] TX_SKIP busy/inflight tag=ADC0-ASY2
[VND] PREPARE_PAIR slot=0
[VND] PREPARE_PAIR slot=0
[VND] TX_SKIP busy/inflight tag=ADC0-ASY2
[VND] PREPARE_PAIR slot=0
[VND] PREPARE_PAIR slot=0
[VND] TX_SKIP busy/inflight tag=ADC0-ASY2
[VND] PREPARE_PAIR slot=0
[VND] PREPARE_PAIR slot=0
[VND] TX_SKIP busy/inflight tag=ADC0-ASY2
[VND] PREPARE_PAIR slot=0
[VND] PREPARE_PAIR slot=0
[VND] TX_SKIP busy/inflight tag=ADC0-ASY2
[VND] PREPARE_PAIR slot=0
[VND] PREPARE_PAIR slot=0
[VND] TX_SKIP busy/inflight tag=ADC0-ASY2
[VND] PREPARE_PAIR slot=0
[VND] PREPARE_PAIR slot=0
[VND] TX_SKIP busy/inflight tag=ADC0-ASY2
[VND] PREPARE_PAIR slot=0
[VND] PREPARE_PAIR slot=0
[VND] TX_SKIP busy/inflight tag=ADC0-ASY2
[VND] PREPARE_PAIR slot=0
[VND] PREPARE_PAIR slot=0
[VND] TX_SKIP busy/inflight tag=ADC0-ASY2
[VND] PREPARE_PAIR slot=0
[VND] PREPARE_PAIR slot=0
[VND] TX_SKIP busy/inflight tag=ADC0-ASY2
[VND] PREPARE_PAIR slot=0
[VND] PREPARE_PAIR slot=0
[VND] TX_SKIP busy/inflight tag=ADC0-ASY2
[VND] PREPARE_PAIR slot=0
[VND] PREPARE_PAIR slot=0
[VND] TX_SKIP busy/inflight tag=ADC0-ASY2
[VND] PREPARE_PAIR slot=0
[VND] PREPARE_PAIR slot=0
[VND] TX_SKIP busy/inflight tag=ADC0-ASY2
[VND] PREPARE_PAIR slot=0
[VND] PREPARE_PAIR slot=0
[VND] TX_SKIP busy/inflight tag=ADC0-ASY2
[VND] PREPARE_PAIR slot=0
[VND] PREPARE_PAIR slot=0
[VND] TX_SKIP busy/inflight tag=ADC0-ASY2
[VND] PREPARE_PAIR slot=0
[VND] PREPARE_PAIR slot=0
[VND] TX_SKIP busy/inflight tag=ADC0-ASY2
[VND] PREPARE_PAIR slot=0
[VND] PREPARE_PAIR slot=0
[VND] TX_SKIP busy/inflight tag=ADC0-ASY2
[VND] PREPARE_PAIR slot=0
[VND] PREPARE_PAIR slot=0
[VND] TX_SKIP busy/inflight tag=ADC0-ASY2
[VND] PREPARE_PAIR slot=0
[VND] PREPARE_PAIR slot=0
[VND] TX_SKIP busy/inflight tag=ADC0-ASY2
[VND] PREPARE_PAIR slot=0
[VND] PREPARE_PAIR slot=0
[VND] TX_SKIP busy/inflight tag=ADC0-ASY2
[VND] PREPARE_PAIR slot=0
[VND] PREPARE_PAIR slot=0
[VND] TX_SKIP busy/inflight tag=ADC0-ASY2
[VND] PREPARE_PAIR slot=0
[VND] PREPARE_PAIR slot=0
[VND] TX_SKIP busy/inflight tag=ADC0-ASY2
[VND] PREPARE_PAIR slot=0
[VND] PREPARE_PAIR slot=0
[VND] TX_SKIP busy/inflight tag=ADC0-ASY2
[VND] PREPARE_PAIR slot=0
[VND] PREPARE_PAIR slot=0
[VND] TX_SKIP busy/inflight tag=ADC0-ASY2
[VND] PREPARE_PAIR slot=0
[VND] PREPARE_PAIR slot=0
[VND] TX_SKIP busy/inflight tag=ADC0-ASY2
[VND] PREPARE_PAIR slot=0
[VND] PREPARE_PAIR slot=0
[VND] TX_SKIP busy/inflight tag=ADC0-ASY2
[VND] PREPARE_PAIR slot=0
[VND] PREPARE_PAIR slot=0
[VND] TX_SKIP busy/inflight tag=ADC0-ASY2
[VND] PREPARE_PAIR slot=0
[VND] PREPARE_PAIR slot=0
[VND] TX_SKIP busy/inflight tag=ADC0-ASY2
[VND] PREPARE_PAIR slot=0
[VND] PREPARE_PAIR slot=0
[VND] TX_SKIP busy/inflight tag=ADC0-ASY2
[VND] PREPARE_PAIR slot=0
[VND] PREPARE_PAIR slot=0
[VND] TX_SKIP busy/inflight tag=ADC0-ASY2
[VND] PREPARE_PAIR slot=0
[VND] PREPARE_PAIR slot=0
[VND] TX_SKIP busy/inflight tag=ADC0-ASY2
[VND] PREPARE_PAIR slot=0
[VND] PREPARE_PAIR slot=0
[VND] TX_SKIP busy/inflight tag=ADC0-ASY2
[VND] PREPARE_PAIR slot=0
[VND] PREPARE_PAIR slot=0
[VND] TX_SKIP busy/inflight tag=ADC0-ASY2
[VND] PREPARE_PAIR slot=0
[VND] PREPARE_PAIR slot=0
[VND] TX_SKIP busy/inflight tag=ADC0-ASY2
[VND] PREPARE_PAIR slot=0
[VND] PREPARE_PAIR slot=0
[VND] TX_SKIP busy/inflight tag=ADC0-ASY2
[VND] PREPARE_PAIR slot=0
[VND] PREPARE_PAIR slot=0
[VND] TX_SKIP busy/inflight tag=ADC0-ASY2
[VND] PREPARE_PAIR slot=0
[VND] PREPARE_PAIR slot=0
[VND] TX_SKIP busy/inflight tag=ADC0-ASY2
[VND] PREPARE_PAIR slot=0
[VND] PREPARE_PAIR slot=0
[VND] TX_SKIP busy/inflight tag=ADC0-ASY2
[VND] PREPARE_PAIR slot=0
[VND] PREPARE_PAIR slot=0
[VND] TX_SKIP busy/inflight tag=ADC0-ASY2
[VND] PREPARE_PAIR slot=0
[VND] PREPARE_PAIR slot=0
[VND] TX_SKIP busy/inflight tag=ADC0-ASY2
[VND] PREPARE_PAIR slot=0
[VND] PREPARE_PAIR slot=0
[VND] TX_SKIP busy/inflight tag=ADC0-ASY2
[VND] PREPARE_PAIR slot=0
[VND] PREPARE_PAIR slot=0
[VND] TX_SKIP busy/inflight tag=ADC0-ASY2
[VND] PREPARE_PAIR slot=0
[VND] PREPARE_PAIR slot=0
[VND] TX_SKIP busy/inflight tag=ADC0-ASY2
[VND] PREPARE_PAIR slot=0
[VND] PREPARE_PAIR slot=0
[VND] TX_SKIP busy/inflight tag=ADC0-ASY2
[VND] PREPARE_PAIR slot=0
[VND] PREPARE_PAIR slot=0
[VND] TX_SKIP busy/inflight tag=ADC0-ASY2
[VND] PREPARE_PAIR slot=0
[VND] PREPARE_PAIR slot=0
[VND] TX_SKIP busy/inflight tag=ADC0-ASY2
[VND] PREPARE_PAIR slot=0
[VND] PREPARE_PAIR slot=0
[VND] TX_SKIP busy/inflight tag=ADC0-ASY2
[VND] PREPARE_PAIR slot=0
[VND] PREPARE_PAIR slot=0
[VND] TX_SKIP busy/inflight tag=ADC0-ASY2
[VND] PREPARE_PAIR slot=0
[VND] PREPARE_PAIR slot=0
[VND] TX_SKIP busy/inflight tag=ADC0-ASY2
[VND] PREPARE_PAIR slot=0
[VND] PREPARE_PAIR slot=0
[VND] TX_SKIP busy/inflight tag=ADC0-ASY2
[VND] PREPARE_PAIR slot=0
[VND] PREPARE_PAIR slot=0
[VND] TX_SKIP busy/inflight tag=ADC0-ASY2
[VND] PREPARE_PAIR slot=0
[VND] PREPARE_PAIR slot=0
[VND] TX_SKIP busy/inflight tag=ADC0-ASY2
[VND] PREPARE_PAIR slot=0
[VND] PREPARE_PAIR slot=0
[VND] TX_SKIP busy/inflight tag=ADC0-ASY2
[VND] PREPARE_PAIR slot=0
[VND] PREPARE_PAIR slot=0
[VND] TX_SKIP busy/inflight tag=ADC0-ASY2
[VND] PREPARE_PAIR slot=0
[VND] PREPARE_PAIR slot=0
[VND] TX_SKIP busy/inflight tag=ADC0-ASY2
[VND] PREPARE_PAIR slot=0
[VND] PREPARE_PAIR slot=0
[VND] TX_SKIP busy/inflight tag=ADC0-ASY2
[VND] PREPARE_PAIR slot=0
[VND] PREPARE_PAIR slot=0
[VND] TX_SKIP busy/inflight tag=ADC0-ASY2
[VND] PREPARE_PAIR slot=0
[VND] PREPARE_PAIR slot=0
[VND] TX_SKIP busy/inflight tag=ADC0-ASY2
[VND] PREPARE_PAIR slot=0
[VND] PREPARE_PAIR slot=0
[VND] TX_SKIP busy/inflight tag=ADC0-ASY2
[VND] PREPARE_PAIR slot=0
[VND] PREPARE_PAIR slot=0
[VND] TX_SKIP busy/inflight tag=ADC0-ASY2
[VND] PREPARE_PAIR slot=0
[VND] PREPARE_PAIR slot=0
[VND] TX_SKIP busy/inflight tag=ADC0-ASY2
[VND] PREPARE_PAIR slot=0
[VND] PREPARE_PAIR slot=0
[VND] TX_SKIP busy/inflight tag=ADC0-ASY2
[VND] PREPARE_PAIR slot=0
[VND] PREPARE_PAIR slot=0
[VND] TX_SKIP busy/inflight tag=ADC0-ASY2
[VND] PREPARE_PAIR slot=0
[VND] PREPARE_PAIR slot=0
[VND] TX_SKIP busy/inflight tag=ADC0-ASY2
[VND] PREPARE_PAIR slot=0
[VND] PREPARE_PAIR slot=0
[VND] TX_SKIP busy/inflight tag=ADC0-ASY2
[VND] PREPARE_PAIR slot=0
[VND] PREPARE_PAIR slot=0
[VND] TX_SKIP busy/inflight tag=ADC0-ASY2
[VND] PREPARE_PAIR slot=0
[VND] PREPARE_PAIR slot=0
[VND] TX_SKIP busy/inflight tag=ADC0-ASY2
[VND] PREPARE_PAIR slot=0
[VND] PREPARE_PAIR slot=0
[VND] TX_SKIP busy/inflight tag=ADC0-ASY2
[VND] PREPARE_PAIR slot=0
[VND] PREPARE_PAIR slot=0
[VND] TX_SKIP busy/inflight tag=ADC0-ASY2
[VND] PREPARE_PAIR slot=0
[VND] PREPARE_PAIR slot=0
[VND] TX_SKIP busy/inflight tag=ADC0-ASY2
[VND] PREPARE_PAIR slot=0
[VND] PREPARE_PAIR slot=0
[VND] TX_SKIP busy/inflight tag=ADC0-ASY2
[VND] PREPARE_PAIR slot=0
[VND] PREPARE_PAIR slot=0
[VND] TX_SKIP busy/inflight tag=ADC0-ASY2
[VND] PREPARE_PAIR slot=0
[VND] PREPARE_PAIR slot=0
[VND] TX_SKIP busy/inflight tag=ADC0-ASY2
[VND] PREPARE_PAIR slot=0
[VND] PREPARE_PAIR slot=0
[VND] TX_SKIP busy/inflight tag=ADC0-ASY2
[VND] PREPARE_PAIR slot=0
[VND] PREPARE_PAIR slot=0
[VND] TX_SKIP busy/inflight tag=ADC0-ASY2
[VND] PREPARE_PAIR slot=0
[VND] PREPARE_PAIR slot=0
[VND] TX_SKIP busy/inflight tag=ADC0-ASY2
[VND] PREPARE_PAIR slot=0
[VND] PREPARE_PAIR slot=0
[VND] TX_SKIP busy/inflight tag=ADC0-ASY2
[VND] PREPARE_PAIR slot=0
[VND] PREPARE_PAIR slot=0
[VND] TX_SKIP busy/inflight tag=ADC0-ASY2
[VND] PREPARE_PAIR slot=0
[VND] PREPARE_PAIR slot=0
[VND] TX_SKIP busy/inflight tag=ADC0-ASY2
[VND] PREPARE_PAIR slot=0
[VND] PREPARE_PAIR slot=0
[VND] TX_SKIP busy/inflight tag=ADC0-ASY2
[VND] PREPARE_PAIR slot=0
[VND] PREPARE_PAIR slot=0
[VND] TX_SKIP busy/inflight tag=ADC0-ASY2
[VND] PREPARE_PAIR slot=0
[VND] PREPARE_PAIR slot=0
[VND] TX_SKIP busy/inflight tag=ADC0-ASY2
[VND] PREPARE_PAIR slot=0
[VND] PREPARE_PAIR slot=0
[VND] TX_SKIP busy/inflight tag=ADC0-ASY2
[VND] PREPARE_PAIR slot=0
[VND] PREPARE_PAIR slot=0
[VND] TX_SKIP busy/inflight tag=ADC0-ASY2
[VND] PREPARE_PAIR slot=0
[VND] PREPARE_PAIR slot=0
[VND] TX_SKIP busy/inflight tag=ADC0-ASY2
[VND] PREPARE_PAIR slot=0
[VND] PREPARE_PAIR slot=0
[VND] TX_SKIP busy/inflight tag=ADC0-ASY2
[VND] PREPARE_PAIR slot=0
[VND] PREPARE_PAIR slot=0
[VND] TX_SKIP busy/inflight tag=ADC0-ASY2
[VND] PREPARE_PAIR slot=0
[VND] PREPARE_PAIR slot=0
[VND] TX_SKIP busy/inflight tag=ADC0-ASY2
[VND] PREPARE_PAIR slot=0
[VND] PREPARE_PAIR slot=0
[VND] TX_SKIP busy/inflight tag=ADC0-ASY2
[VND] PREPARE_PAIR slot=0
[VND] PREPARE_PAIR slot=0
[VND] TX_SKIP busy/inflight tag=ADC0-ASY2
[VND] PREPARE_PAIR slot=0
[VND] PREPARE_PAIR slot=0
[VND] TX_SKIP busy/inflight tag=ADC0-ASY2
[VND] PREPARE_PAIR slot=0
[VND] PREPARE_PAIR slot=0
[VND] TX_SKIP busy/inflight tag=ADC0-ASY2
[VND] PREPARE_PAIR slot=0
[VND] PREPARE_PAIR slot=0
[VND] TX_SKIP busy/inflight tag=ADC0-ASY2
[VND] PREPARE_PAIR slot=0
[VND] PREPARE_PAIR slot=0
[VND] TX_SKIP busy/inflight tag=ADC0-ASY2
[VND] PREPARE_PAIR slot=0
[VND] PREPARE_PAIR slot=0
[VND] TX_SKIP busy/inflight tag=ADC0-ASY2
[VND] PREPARE_PAIR slot=0
[VND] PREPARE_PAIR slot=0
[VND] TX_SKIP busy/inflight tag=ADC0-ASY2
[VND] PREPARE_PAIR slot=0
[VND] PREPARE_PAIR slot=0
[VND] TX_SKIP busy/inflight tag=ADC0-ASY2
[VND] PREPARE_PAIR slot=0
[VND] PREPARE_PAIR slot=0
[VND] TX_SKIP busy/inflight tag=ADC0-ASY2
[VND] PREPARE_PAIR slot=0
[VND] PREPARE_PAIR slot=0
[VND] TX_SKIP busy/inflight tag=ADC0-ASY2
[VND] PREPARE_PAIR slot=0
[VND] PREPARE_PAIR slot=0
[VND] TX_SKIP busy/inflight tag=ADC0-ASY2
[VND] PREPARE_PAIR slot=0
[VND] PREPARE_PAIR slot=0
[VND] TX_SKIP busy/inflight tag=ADC0-ASY2
[VND] PREPARE_PAIR slot=0
[VND] PREPARE_PAIR slot=0
[VND] TX_SKIP busy/inflight tag=ADC0-ASY2
[VND] PREPARE_PAIR slot=0
[VND] PREPARE_PAIR slot=0
[VND] TX_SKIP busy/inflight tag=ADC0-ASY2
[VND] PREPARE_PAIR slot=0
[VND] PREPARE_PAIR slot=0
[VND] TX_SKIP busy/inflight tag=ADC0-ASY2
[VND] PREPARE_PAIR slot=0
[VND] PREPARE_PAIR slot=0
[VND] TX_SKIP busy/inflight tag=ADC0-ASY2
[VND] PREPARE_PAIR slot=0
[VND] PREPARE_PAIR slot=0
[VND] TX_SKIP busy/inflight tag=ADC0-ASY2
[VND] PREPARE_PAIR slot=0
[VND] PREPARE_PAIR slot=0
[VND] TX_SKIP busy/inflight tag=ADC0-ASY2
[VND] PREPARE_PAIR slot=0
[VND] PREPARE_PAIR slot=0
[VND] TX_SKIP busy/inflight tag=ADC0-ASY2
[VND] PREPARE_PAIR slot=0
[VND] PREPARE_PAIR slot=0
[VND] TX_SKIP busy/inflight tag=ADC0-ASY2
[VND] PREPARE_PAIR slot=0
[VND] PREPARE_PAIR slot=0
[VND] TX_SKIP busy/inflight tag=ADC0-ASY2
[VND] PREPARE_PAIR slot=0
[VND] PREPARE_PAIR slot=0
[VND] TX_SKIP busy/inflight tag=ADC0-ASY2
[VND] PREPARE_PAIR slot=0
[VND] PREPARE_PAIR slot=0
[VND] TX_SKIP busy/inflight tag=ADC0-ASY2
[VND] PREPARE_PAIR slot=0
[VND] PREPARE_PAIR slot=0
[VND] TX_SKIP busy/inflight tag=ADC0-ASY2
[VND] PREPARE_PAIR slot=0
[VND] PREPARE_PAIR slot=0
[VND] TX_SKIP busy/inflight tag=ADC0-ASY2
[VND] PREPARE_PAIR slot=0
[VND] PREPARE_PAIR slot=0
[VND] TX_SKIP busy/inflight tag=ADC0-ASY2
[VND] PREPARE_PAIR slot=0
[VND] PREPARE_PAIR slot=0
[VND] TX_SKIP busy/inflight tag=ADC0-ASY2
[VND] PREPARE_PAIR slot=0
[VND] PREPARE_PAIR slot=0
[VND] TX_SKIP busy/inflight tag=ADC0-ASY2
[VND] PREPARE_PAIR slot=0
[VND] PREPARE_PAIR slot=0
[VND] TX_SKIP busy/inflight tag=ADC0-ASY2
[VND] PREPARE_PAIR slot=0
[VND] PREPARE_PAIR slot=0
[VND] TX_SKIP busy/inflight tag=ADC0-ASY2
[VND] PREPARE_PAIR slot=0
[VND] PREPARE_PAIR slot=0
[VND] TX_SKIP busy/inflight tag=ADC0-ASY2
[VND] PREPARE_PAIR slot=0
[VND] PREPARE_PAIR slot=0
[VND] TX_SKIP busy/inflight tag=ADC0-ASY2
[VND] PREPARE_PAIR slot=0
[VND] PREPARE_PAIR slot=0
[VND] TX_SKIP busy/inflight tag=ADC0-ASY2
[VND] PREPARE_PAIR slot=0
[VND] PREPARE_PAIR slot=0
[VND] TX_SKIP busy/inflight tag=ADC0-ASY2
[VND] PREPARE_PAIR slot=0
[VND] PREPARE_PAIR slot=0
[VND] TX_SKIP busy/inflight tag=ADC0-ASY2
[VND] PREPARE_PAIR slot=0
[VND] PREPARE_PAIR slot=0
[VND] TX_SKIP busy/inflight tag=ADC0-ASY2
[VND] PREPARE_PAIR slot=0
[VND] PREPARE_PAIR slot=0
[VND] TX_SKIP busy/inflight tag=ADC0-ASY2
[VND] PREPARE_PAIR slot=0
[VND] PREPARE_PAIR slot=0
[VND] TX_SKIP busy/inflight tag=ADC0-ASY2
[VND] PREPARE_PAIR slot=0
[VND] PREPARE_PAIR slot=0
[VND] TX_SKIP busy/inflight tag=ADC0-ASY2
[VND] PREPARE_PAIR slot=0
[VND] PREPARE_PAIR slot=0
[VND] TX_SKIP busy/inflight tag=ADC0-ASY2
[VND] PREPARE_PAIR slot=0
[VND] PREPARE_PAIR slot=0
[VND] TX_SKIP busy/inflight tag=ADC0-ASY2
[VND] PREPARE_PAIR slot=0
[VND] PREPARE_PAIR slot=0
[VND] TX_SKIP busy/inflight tag=ADC0-ASY2
[VND] PREPARE_PAIR slot=0
[VND] PREPARE_PAIR slot=0
[VND] TX_SKIP busy/inflight tag=ADC0-ASY2
[VND] PREPARE_PAIR slot=0
[VND] PREPARE_PAIR slot=0
[VND] TX_SKIP busy/inflight tag=ADC0-ASY2
[VND] PREPARE_PAIR slot=0
[VND] PREPARE_PAIR slot=0
[VND] TX_SKIP busy/inflight tag=ADC0-ASY2
[VND] PREPARE_PAIR slot=0
[VND] PREPARE_PAIR slot=0
[VND] TX_SKIP busy/inflight tag=ADC0-ASY2
[VND] PREPARE_PAIR slot=0
[VND] PREPARE_PAIR slot=0
[VND] TX_SKIP busy/inflight tag=ADC0-ASY2
[VND] PREPARE_PAIR slot=0
[VND] PREPARE_PAIR slot=0
[VND] TX_SKIP busy/inflight tag=ADC0-ASY2
[VND] PREPARE_PAIR slot=0
[VND] PREPARE_PAIR slot=0
[VND] TX_SKIP busy/inflight tag=ADC0-ASY2
[VND] PREPARE_PAIR slot=0
[VND] PREPARE_PAIR slot=0
[VND] TX_SKIP busy/inflight tag=ADC0-ASY2
[VND] PREPARE_PAIR slot=0
[VND] PREPARE_PAIR slot=0
[VND] TX_SKIP busy/inflight tag=ADC0-ASY2
[VND] PREPARE_PAIR slot=0
[VND] PREPARE_PAIR slot=0
[VND] TX_SKIP busy/inflight tag=ADC0-ASY2
[VND] PREPARE_PAIR slot=0
[VND] PREPARE_PAIR slot=0
[VND] TX_SKIP busy/inflight tag=ADC0-ASY2
[VND] PREPARE_PAIR slot=0
[VND] PREPARE_PAIR slot=0
[VND] TX_SKIP busy/inflight tag=ADC0-ASY2
[VND] PREPARE_PAIR slot=0
[VND] PREPARE_PAIR slot=0
[VND] TX_SKIP busy/inflight tag=ADC0-ASY2
[VND] PREPARE_PAIR slot=0
[VND] PREPARE_PAIR slot=0
[VND] TX_SKIP busy/inflight tag=ADC0-ASY2
[VND] PREPARE_PAIR slot=0
[VND] PREPARE_PAIR slot=0
[VND] TX_SKIP busy/inflight tag=ADC0-ASY2
[VND] PREPARE_PAIR slot=0
[VND] PREPARE_PAIR slot=0
[VND] TX_SKIP busy/inflight tag=ADC0-ASY2
[VND] PREPARE_PAIR slot=0
[VND] PREPARE_PAIR slot=0
[VND] TX_SKIP busy/inflight tag=ADC0-ASY2
[VND] PREPARE_PAIR slot=0
[VND] PREPARE_PAIR slot=0
[VND] TX_SKIP busy/inflight tag=ADC0-ASY2
[VND] PREPARE_PAIR slot=0
[VND] PREPARE_PAIR slot=0
[VND] TX_SKIP busy/inflight tag=ADC0-ASY2
[VND] PREPARE_PAIR slot=0
[VND] PREPARE_PAIR slot=0
[VND] TX_SKIP busy/inflight tag=ADC0-ASY2
[VND] PREPARE_PAIR slot=0
[VND] PREPARE_PAIR slot=0
[VND] TX_SKIP busy/inflight tag=ADC0-ASY2
[VND] PREPARE_PAIR slot=0
[VND] PREPARE_PAIR slot=0
[VND] TX_SKIP busy/inflight tag=ADC0-ASY2
[VND] PREPARE_PAIR slot=0
[VND] PREPARE_PAIR slot=0
[VND] TX_SKIP busy/inflight tag=ADC0-ASY2
[VND] PREPARE_PAIR slot=0
[VND] PREPARE_PAIR slot=0
[VND] TX_SKIP busy/inflight tag=ADC0-ASY2
[VND] PREPARE_PAIR slot=0
[VND] PREPARE_PAIR slot=0
[VND] TX_SKIP busy/inflight tag=ADC0-ASY2
[VND] PREPARE_PAIR slot=0
[VND] PREPARE_PAIR slot=0
[VND] TX_SKIP busy/inflight tag=ADC0-ASY2
[VND] PREPARE_PAIR slot=0
[VND] PREPARE_PAIR slot=0
[VND] TX_SKIP busy/inflight tag=ADC0-ASY2
[VND] PREPARE_PAIR slot=0
[VND] PREPARE_PAIR slot=0
[VND] TX_SKIP busy/inflight tag=ADC0-ASY2
[VND] PREPARE_PAIR slot=0
[VND] PREPARE_PAIR slot=0
[VND] TX_SKIP busy/inflight tag=ADC0-ASY2
[VND] PREPARE_PAIR slot=0
[VND] PREPARE_PAIR slot=0
[VND] TX_SKIP busy/inflight tag=ADC0-ASY2
[VND] PREPARE_PAIR slot=0
[VND] PREPARE_PAIR slot=0
[VND] TX_SKIP busy/inflight tag=ADC0-ASY2
[VND] PREPARE_PAIR slot=0
[VND] PREPARE_PAIR slot=0
[VND] TX_SKIP busy/inflight tag=ADC0-ASY2
[VND] PREPARE_PAIR slot=0
[VND] PREPARE_PAIR slot=0
[VND] TX_SKIP busy/inflight tag=ADC0-ASY2
[VND] PREPARE_PAIR slot=0
[VND] PREPARE_PAIR slot=0
[VND] TX_SKIP busy/inflight tag=ADC0-ASY2
[VND] PREPARE_PAIR slot=0
[VND] PREPARE_PAIR slot=0
[VND] TX_SKIP busy/inflight tag=ADC0-ASY2
[VND] PREPARE_PAIR slot=0
[VND] PREPARE_PAIR slot=0
[VND] TX_SKIP busy/inflight tag=ADC0-ASY2
[VND] PREPARE_PAIR slot=0
[VND] PREPARE_PAIR slot=0
[VND] TX_SKIP busy/inflight tag=ADC0-ASY2
[VND] PREPARE_PAIR slot=0
[VND] PREPARE_PAIR slot=0
[VND] TX_SKIP busy/inflight tag=ADC0-ASY2
[VND] PREPARE_PAIR slot=0
[VND] PREPARE_PAIR slot=0
[VND] TX_SKIP busy/inflight tag=ADC0-ASY2
[VND] PREPARE_PAIR slot=0
[VND] PREPARE_PAIR slot=0
[VND] TX_SKIP busy/inflight tag=ADC0-ASY2
[VND] PREPARE_PAIR slot=0
[VND] PREPARE_PAIR slot=0
[VND] TX_SKIP busy/inflight tag=ADC0-ASY2
[VND] PREPARE_PAIR slot=0
[VND] PREPARE_PAIR slot=0
[VND] TX_SKIP busy/inflight tag=ADC0-ASY2
[VND] PREPARE_PAIR slot=0
[VND] PREPARE_PAIR slot=0
[VND] TX_SKIP busy/inflight tag=ADC0-ASY2
[VND] PREPARE_PAIR slot=0
[VND] PREPARE_PAIR slot=0
[VND] TX_SKIP busy/inflight tag=ADC0-ASY2
[VND] PREPARE_PAIR slot=0
[VND] PREPARE_PAIR slot=0
[VND] TX_SKIP busy/inflight tag=ADC0-ASY2
[VND] PREPARE_PAIR slot=0
[VND] PREPARE_PAIR slot=0
[VND] TX_SKIP busy/inflight tag=ADC0-ASY2
[VND] PREPARE_PAIR slot=0
[VND] PREPARE_PAIR slot=0
[VND] TX_SKIP busy/inflight tag=ADC0-ASY2
[VND] PREPARE_PAIR slot=0
[VND] PREPARE_PAIR slot=0
[VND] TX_SKIP busy/inflight tag=ADC0-ASY2
[VND] PREPARE_PAIR slot=0
[VND] PREPARE_PAIR slot=0
[VND] TX_SKIP busy/inflight tag=ADC0-ASY2
[VND] PREPARE_PAIR slot=0
[VND] PREPARE_PAIR slot=0
[VND] TX_SKIP busy/inflight tag=ADC0-ASY2
[VND] PREPARE_PAIR slot=0
[VND] PREPARE_PAIR slot=0
[VND] TX_SKIP busy/inflight tag=ADC0-ASY2
[VND] PREPARE_PAIR slot=0
[VND] PREPARE_PAIR slot=0
[VND] TX_SKIP busy/inflight tag=ADC0-ASY2
[VND] PREPARE_PAIR slot=0
[VND] PREPARE_PAIR slot=0
[VND] TX_SKIP busy/inflight tag=ADC0-ASY2
[VND] PREPARE_PAIR slot=0
[VND] PREPARE_PAIR slot=0
[VND] TX_SKIP busy/inflight tag=ADC0-ASY2
[VND] PREPARE_PAIR slot=0
[VND] PREPARE_PAIR slot=0
[VND] TX_SKIP busy/inflight tag=ADC0-ASY2
[VND] PREPARE_PAIR slot=0
[VND] PREPARE_PAIR slot=0
[VND] TX_SKIP busy/inflight tag=ADC0-ASY2
[VND] PREPARE_PAIR slot=0
[VND] PREPARE_PAIR slot=0
[VND] TX_SKIP busy/inflight tag=ADC0-ASY2
[VND] PREPARE_PAIR slot=0
[VND] PREPARE_PAIR slot=0
[VND] TX_SKIP busy/inflight tag=ADC0-ASY2
[VND] PREPARE_PAIR slot=0
[VND] PREPARE_PAIR slot=0
[VND] TX_SKIP busy/inflight tag=ADC0-ASY2
[VND] PREPARE_PAIR slot=0
[VND] PREPARE_PAIR slot=0
[VND] TX_SKIP busy/inflight tag=ADC0-ASY2
[VND] PREPARE_PAIR slot=0
[VND] PREPARE_PAIR slot=0
[VND] TX_SKIP busy/inflight tag=ADC0-ASY2
[VND] PREPARE_PAIR slot=0
[VND] PREPARE_PAIR slot=0
[VND] TX_SKIP busy/inflight tag=ADC0-ASY2
[VND] PREPARE_PAIR slot=0
[VND] PREPARE_PAIR slot=0
[VND] TX_SKIP busy/inflight tag=ADC0-ASY2
[VND] PREPARE_PAIR slot=0
[VND] PREPARE_PAIR slot=0
[VND] TX_SKIP busy/inflight tag=ADC0-ASY2
[VND] PREPARE_PAIR slot=0
[VND] PREPARE_PAIR slot=0
[VND] TX_SKIP busy/inflight tag=ADC0-ASY2
[VND] PREPARE_PAIR slot=0
[VND] PREPARE_PAIR slot=0
[VND] TX_SKIP busy/inflight tag=ADC0-ASY2
[VND] PREPARE_PAIR slot=0
[VND] PREPARE_PAIR slot=0
[VND] TX_SKIP busy/inflight tag=ADC0-ASY2
[VND] PREPARE_PAIR slot=0
[VND] PREPARE_PAIR slot=0
[VND] TX_SKIP busy/inflight tag=ADC0-ASY2
[VND] PREPARE_PAIR slot=0
[VND] PREPARE_PAIR slot=0
[VND] TX_SKIP busy/inflight tag=ADC0-ASY2
[VND] PREPARE_PAIR slot=0
[VND] PREPARE_PAIR slot=0
[VND] TX_SKIP busy/inflight tag=ADC0-ASY2
[VND] PREPARE_PAIR slot=0
[VND] PREPARE_PAIR slot=0
[VND] TX_SKIP busy/inflight tag=ADC0-ASY2
[VND] PREPARE_PAIR slot=0
[VND] PREPARE_PAIR slot=0
[VND] TX_SKIP busy/inflight tag=ADC0-ASY2
[VND] PREPARE_PAIR slot=0
[VND] PREPARE_PAIR slot=0
[VND] TX_SKIP busy/inflight tag=ADC0-ASY2
[VND] PREPARE_PAIR slot=0
[VND] PREPARE_PAIR slot=0
[VND] TX_SKIP busy/inflight tag=ADC0-ASY2
[VND] PREPARE_PAIR slot=0
[VND] PREPARE_PAIR slot=0
[VND] TX_SKIP busy/inflight tag=ADC0-ASY2
[VND] PREPARE_PAIR slot=0
[VND] PREPARE_PAIR slot=0
[VND] TX_SKIP busy/inflight tag=ADC0-ASY2
[VND] PREPARE_PAIR slot=0
[VND] PREPARE_PAIR slot=0
[VND] TX_SKIP busy/inflight tag=ADC0-ASY2
[VND] PREPARE_PAIR slot=0
[VND] PREPARE_PAIR slot=0
[VND] TX_SKIP busy/inflight tag=ADC0-ASY2
[VND] PREPARE_PAIR slot=0
[VND] PREPARE_PAIR slot=0
[VND] TX_SKIP busy/inflight tag=ADC0-ASY2
[VND] PREPARE_PAIR slot=0
[VND] PREPARE_PAIR slot=0
[VND] TX_SKIP busy/inflight tag=ADC0-ASY2
[VND] PREPARE_PAIR slot=0
[VND] PREPARE_PAIR slot=0
[VND] TX_SKIP busy/inflight tag=ADC0-ASY2
[VND] PREPARE_PAIR slot=0
[VND] PREPARE_PAIR slot=0
[VND] TX_SKIP busy/inflight tag=ADC0-ASY2
[VND] PREPARE_PAIR slot=0
[VND] PREPARE_PAIR slot=0
[VND] TX_SKIP busy/inflight tag=ADC0-ASY2
[VND] PREPARE_PAIR slot=0
[VND] PREPARE_PAIR slot=0
[VND] TX_SKIP busy/inflight tag=ADC0-ASY2
[VND] PREPARE_PAIR slot=0
[VND] PREPARE_PAIR slot=0
[VND] TX_SKIP busy/inflight tag=ADC0-ASY2
[VND] PREPARE_PAIR slot=0
[VND] PREPARE_PAIR slot=0
[VND] TX_SKIP busy/inflight tag=ADC0-ASY2
[VND] PREPARE_PAIR slot=0
[VND] PREPARE_PAIR slot=0
[VND] TX_SKIP busy/inflight tag=ADC0-ASY2
[VND] PREPARE_PAIR slot=0
[VND] PREPARE_PAIR slot=0
[VND] TX_SKIP busy/inflight tag=ADC0-ASY2
[VND] PREPARE_PAIR slot=0
[VND] PREPARE_PAIR slot=0
[VND] TX_SKIP busy/inflight tag=ADC0-ASY2
[VND] PREPARE_PAIR slot=0
[VND] PREPARE_PAIR slot=0
[VND] TX_SKIP busy/inflight tag=ADC0-ASY2
[VND] PREPARE_PAIR slot=0
[VND] PREPARE_PAIR slot=0
[VND] TX_SKIP busy/inflight tag=ADC0-ASY2
[VND] PREPARE_PAIR slot=0
[VND] PREPARE_PAIR slot=0
[VND] TX_SKIP busy/inflight tag=ADC0-ASY2
[VND] PREPARE_PAIR slot=0
[VND] PREPARE_PAIR slot=0
[VND] TX_SKIP busy/inflight tag=ADC0-ASY2
[VND] PREPARE_PAIR slot=0
[VND] PREPARE_PAIR slot=0
[VND] TX_SKIP busy/inflight tag=ADC0-ASY2
[VND] PREPARE_PAIR slot=0
[VND] PREPARE_PAIR slot=0
[VND] TX_SKIP busy/inflight tag=ADC0-ASY2
[VND] PREPARE_PAIR slot=0
[VND] PREPARE_PAIR slot=0
[VND] TX_SKIP busy/inflight tag=ADC0-ASY2
[VND] PREPARE_PAIR slot=0
[VND] PREPARE_PAIR slot=0
[VND] TX_SKIP busy/inflight tag=ADC0-ASY2
[VND] PREPARE_PAIR slot=0
[VND] PREPARE_PAIR slot=0
[VND] TX_SKIP busy/inflight tag=ADC0-ASY2
[VND] PREPARE_PAIR slot=0
[VND] PREPARE_PAIR slot=0
[VND] TX_SKIP busy/inflight tag=ADC0-ASY2
[VND] PREPARE_PAIR slot=0
[VND] PREPARE_PAIR slot=0
[VND] TX_SKIP busy/inflight tag=ADC0-ASY2
[VND] PREPARE_PAIR slot=0
[VND] PREPARE_PAIR slot=0
[VND] TX_SKIP busy/inflight tag=ADC0-ASY2
[VND] PREPARE_PAIR slot=0
[VND] PREPARE_PAIR slot=0
[VND] TX_SKIP busy/inflight tag=ADC0-ASY2
[VND] PREPARE_PAIR slot=0
[VND] PREPARE_PAIR slot=0
[VND] TX_SKIP busy/inflight tag=ADC0-ASY2
[VND] PREPARE_PAIR slot=0
[VND] PREPARE_PAIR slot=0
[VND] TX_SKIP busy/inflight tag=ADC0-ASY2
[VND] PREPARE_PAIR slot=0
[VND] PREPARE_PAIR slot=0
[VND] TX_SKIP busy/inflight tag=ADC0-ASY2
[VND] PREPARE_PAIR slot=0
[VND] PREPARE_PAIR slot=0
[VND] TX_SKIP busy/inflight tag=ADC0-ASY2
[VND] PREPARE_PAIR slot=0
[VND] PREPARE_PAIR slot=0
[VND] TX_SKIP busy/inflight tag=ADC0-ASY2
[VND] PREPARE_PAIR slot=0
[VND] PREPARE_PAIR slot=0
[VND] TX_SKIP busy/inflight tag=ADC0-ASY2
[VND] PREPARE_PAIR slot=0
[VND] PREPARE_PAIR slot=0
[VND] TX_SKIP busy/inflight tag=ADC0-ASY2
[VND] PREPARE_PAIR slot=0
[VND] PREPARE_PAIR slot=0
[VND] TX_SKIP busy/inflight tag=ADC0-ASY2
[VND] PREPARE_PAIR slot=0
[VND] PREPARE_PAIR slot=0
[VND] TX_SKIP busy/inflight tag=ADC0-ASY2
[VND] PREPARE_PAIR slot=0
[VND] PREPARE_PAIR slot=0
[VND] TX_SKIP busy/inflight tag=ADC0-ASY2
[VND] PREPARE_PAIR slot=0
[VND] PREPARE_PAIR slot=0
[VND] TX_SKIP busy/inflight tag=ADC0-ASY2
[VND] PREPARE_PAIR slot=0
[VND] PREPARE_PAIR slot=0
[VND] TX_SKIP busy/inflight tag=ADC0-ASY2
[VND] PREPARE_PAIR slot=0
[VND] PREPARE_PAIR slot=0
[VND] TX_SKIP busy/inflight tag=ADC0-ASY2
[VND] PREPARE_PAIR slot=0
[VND] PREPARE_PAIR slot=0
[VND] TX_SKIP busy/inflight tag=ADC0-ASY2
[VND] PREPARE_PAIR slot=0
[VND] PREPARE_PAIR slot=0
[VND] TX_SKIP busy/inflight tag=ADC0-ASY2
[VND] PREPARE_PAIR slot=0
[VND] PREPARE_PAIR slot=0
[VND] TX_SKIP busy/inflight tag=ADC0-ASY2
[VND] PREPARE_PAIR slot=0
[VND] PREPARE_PAIR slot=0
[VND] TX_SKIP busy/inflight tag=ADC0-ASY2
[VND] PREPARE_PAIR slot=0
[VND] PREPARE_PAIR slot=0
[VND] TX_SKIP busy/inflight tag=ADC0-ASY2
[VND] PREPARE_PAIR slot=0
[VND] PREPARE_PAIR slot=0
[VND] TX_SKIP busy/inflight tag=ADC0-ASY2
[VND] PREPARE_PAIR slot=0
[VND] PREPARE_PAIR slot=0
[VND] TX_SKIP busy/inflight tag=ADC0-ASY2
[VND] PREPARE_PAIR slot=0
[VND] PREPARE_PAIR slot=0
[VND] TX_SKIP busy/inflight tag=ADC0-ASY2
[VND] PREPARE_PAIR slot=0
[VND] PREPARE_PAIR slot=0
[VND] TX_SKIP busy/inflight tag=ADC0-ASY2
[VND] PREPARE_PAIR slot=0
[VND] PREPARE_PAIR slot=0
[VND] TX_SKIP busy/inflight tag=ADC0-ASY2
[VND] PREPARE_PAIR slot=0
[VND] PREPARE_PAIR slot=0
[VND] TX_SKIP busy/inflight tag=ADC0-ASY2
[VND] PREPARE_PAIR slot=0
[VND] PREPARE_PAIR slot=0
[VND] TX_SKIP busy/inflight tag=ADC0-ASY2
[VND] PREPARE_PAIR slot=0
[VND] PREPARE_PAIR slot=0
[VND] TX_SKIP busy/inflight tag=ADC0-ASY2
[VND] PREPARE_PAIR slot=0
[VND] PREPARE_PAIR slot=0
[VND] TX_SKIP busy/inflight tag=ADC0-ASY2
[VND] PREPARE_PAIR slot=0
[VND] PREPARE_PAIR slot=0
[VND] TX_SKIP busy/inflight tag=ADC0-ASY2
[VND] PREPARE_PAIR slot=0
[VND] PREPARE_PAIR slot=0
[VND] TX_SKIP busy/inflight tag=ADC0-ASY2
[VND] PREPARE_PAIR slot=0
[VND] PREPARE_PAIR slot=0
[VND] TX_SKIP busy/inflight tag=ADC0-ASY2
[VND] PREPARE_PAIR slot=0
[VND] PREPARE_PAIR slot=0
[VND] TX_SKIP busy/inflight tag=ADC0-ASY2
[VND] PREPARE_PAIR slot=0
[VND] PREPARE_PAIR slot=0
[VND] TX_SKIP busy/inflight tag=ADC0-ASY2
[VND] PREPARE_PAIR slot=0
[VND] PREPARE_PAIR slot=0
[VND] TX_SKIP busy/inflight tag=ADC0-ASY2
[VND] PREPARE_PAIR slot=0
[VND] PREPARE_PAIR slot=0
[VND] TX_SKIP busy/inflight tag=ADC0-ASY2
[VND] PREPARE_PAIR slot=0
[VND] PREPARE_PAIR slot=0
[VND] TX_SKIP busy/inflight tag=ADC0-ASY2
[VND] PREPARE_PAIR slot=0
[VND] PREPARE_PAIR slot=0
[VND] TX_SKIP busy/inflight tag=ADC0-ASY2
[VND] PREPARE_PAIR slot=0
[VND] PREPARE_PAIR slot=0
[VND] TX_SKIP busy/inflight tag=ADC0-ASY2
[VND] PREPARE_PAIR slot=0
[VND] PREPARE_PAIR slot=0
[VND] TX_SKIP busy/inflight tag=ADC0-ASY2
[VND] PREPARE_PAIR slot=0
[VND] PREPARE_PAIR slot=0
[VND] TX_SKIP busy/inflight tag=ADC0-ASY2
[VND] PREPARE_PAIR slot=0
[VND] PREPARE_PAIR slot=0
[VND] TX_SKIP busy/inflight tag=ADC0-ASY2
[VND] PREPARE_PAIR slot=0
[VND] PREPARE_PAIR slot=0
[VND] TX_SKIP busy/inflight tag=ADC0-ASY2
[VND] PREPARE_PAIR slot=0
[VND] PREPARE_PAIR slot=0
[VND] TX_SKIP busy/inflight tag=ADC0-ASY2
[VND] PREPARE_PAIR slot=0
[VND] PREPARE_PAIR slot=0
[VND] TX_SKIP busy/inflight tag=ADC0-ASY2
[VND] PREPARE_PAIR slot=0
[VND] PREPARE_PAIR slot=0
[VND] TX_SKIP busy/inflight tag=ADC0-ASY2
[VND] PREPARE_PAIR slot=0
[VND] PREPARE_PAIR slot=0
[VND] TX_SKIP busy/inflight tag=ADC0-ASY2
[VND] PREPARE_PAIR slot=0
[VND] PREPARE_PAIR slot=0
[VND] TX_SKIP busy/inflight tag=ADC0-ASY2
[VND] PREPARE_PAIR slot=0
[VND] PREPARE_PAIR slot=0
[VND] TX_SKIP busy/inflight tag=ADC0-ASY2
[VND] PREPARE_PAIR slot=0
[VND] PREPARE_PAIR slot=0
[VND] TX_SKIP busy/inflight tag=ADC0-ASY2
[VND] PREPARE_PAIR slot=0
[VND] PREPARE_PAIR slot=0
[VND] TX_SKIP busy/inflight tag=ADC0-ASY2
[VND] PREPARE_PAIR slot=0
[VND] PREPARE_PAIR slot=0
[VND] TX_SKIP busy/inflight tag=ADC0-ASY2
[VND] PREPARE_PAIR slot=0
[VND] PREPARE_PAIR slot=0
[VND] TX_SKIP busy/inflight tag=ADC0-ASY2
[VND] PREPARE_PAIR slot=0
[VND] PREPARE_PAIR slot=0
[VND] TX_SKIP busy/inflight tag=ADC0-ASY2
[VND] PREPARE_PAIR slot=0
[VND] PREPARE_PAIR slot=0
[VND] TX_SKIP busy/inflight tag=ADC0-ASY2
[VND] PREPARE_PAIR slot=0
[VND] PREPARE_PAIR slot=0
[VND] TX_SKIP busy/inflight tag=ADC0-ASY2
[VND] PREPARE_PAIR slot=0
[VND] PREPARE_PAIR slot=0
[VND] TX_SKIP busy/inflight tag=ADC0-ASY2
[VND] PREPARE_PAIR slot=0
[VND] PREPARE_PAIR slot=0
[VND] TX_SKIP busy/inflight tag=ADC0-ASY2
[VND] PREPARE_PAIR slot=0
[VND] PREPARE_PAIR slot=0
[VND] TX_SKIP busy/inflight tag=ADC0-ASY2
[VND] PREPARE_PAIR slot=0
[VND] PREPARE_PAIR slot=0
[VND] TX_SKIP busy/inflight tag=ADC0-ASY2
[VND] PREPARE_PAIR slot=0
[VND] PREPARE_PAIR slot=0
[VND] TX_SKIP busy/inflight tag=ADC0-ASY2
[VND] PREPARE_PAIR slot=0
[VND] PREPARE_PAIR slot=0
[VND] TX_SKIP busy/inflight tag=ADC0-ASY2
[VND] PREPARE_PAIR slot=0
[VND] PREPARE_PAIR slot=0
[VND] TX_SKIP busy/inflight tag=ADC0-ASY2
[VND] PREPARE_PAIR slot=0
[VND] PREPARE_PAIR slot=0
[VND] TX_SKIP busy/inflight tag=ADC0-ASY2
[VND] PREPARE_PAIR slot=0
[VND] PREPARE_PAIR slot=0
[VND] TX_SKIP busy/inflight tag=ADC0-ASY2
[VND] PREPARE_PAIR slot=0
[VND] PREPARE_PAIR slot=0
[VND] TX_SKIP busy/inflight tag=ADC0-ASY2
[VND] PREPARE_PAIR slot=0
[VND] PREPARE_PAIR slot=0
[VND] TX_SKIP busy/inflight tag=ADC0-ASY2
[VND] PREPARE_PAIR slot=0
[VND] PREPARE_PAIR slot=0
[VND] TX_SKIP busy/inflight tag=ADC0-ASY2
[VND] PREPARE_PAIR slot=0
[VND] PREPARE_PAIR slot=0
[VND] TX_SKIP busy/inflight tag=ADC0-ASY2
[VND] PREPARE_PAIR slot=0
[VND] PREPARE_PAIR slot=0
[VND] TX_SKIP busy/inflight tag=ADC0-ASY2
[VND] PREPARE_PAIR slot=0
[VND] PREPARE_PAIR slot=0
[VND] TX_SKIP busy/inflight tag=ADC0-ASY2
[VND] PREPARE_PAIR slot=0
[VND] PREPARE_PAIR slot=0
[VND] TX_SKIP busy/inflight tag=ADC0-ASY2
[VND] PREPARE_PAIR slot=0
[VND] PREPARE_PAIR slot=0
[VND] TX_SKIP busy/inflight tag=ADC0-ASY2
[VND] PREPARE_PAIR slot=0
[VND] PREPARE_PAIR slot=0
[VND] TX_SKIP busy/inflight tag=ADC0-ASY2
[VND] PREPARE_PAIR slot=0
[VND] PREPARE_PAIR slot=0
[VND] TX_SKIP busy/inflight tag=ADC0-ASY2
[VND] PREPARE_PAIR slot=0
[VND] PREPARE_PAIR slot=0
[VND] TX_SKIP busy/inflight tag=ADC0-ASY2
[VND] PREPARE_PAIR slot=0
[VND] PREPARE_PAIR slot=0
[VND] TX_SKIP busy/inflight tag=ADC0-ASY2
[VND] PREPARE_PAIR slot=0
[VND] PREPARE_PAIR slot=0
[VND] TX_SKIP busy/inflight tag=ADC0-ASY2
[VND] PREPARE_PAIR slot=0
[VND] PREPARE_PAIR slot=0
[VND] TX_SKIP busy/inflight tag=ADC0-ASY2
[VND] PREPARE_PAIR slot=0
[VND] PREPARE_PAIR slot=0
[VND] TX_SKIP busy/inflight tag=ADC0-ASY2
[VND] PREPARE_PAIR slot=0
[VND] PREPARE_PAIR slot=0
[VND] TX_SKIP busy/inflight tag=ADC0-ASY2
[VND] PREPARE_PAIR slot=0
[VND] PREPARE_PAIR slot=0
[VND] TX_SKIP busy/inflight tag=ADC0-ASY2
[VND] PREPARE_PAIR slot=0
[VND] PREPARE_PAIR slot=0
[VND] TX_SKIP busy/inflight tag=ADC0-ASY2
[VND] PREPARE_PAIR slot=0
[VND] PREPARE_PAIR slot=0
[VND] TX_SKIP busy/inflight tag=ADC0-ASY2
[VND] PREPARE_PAIR slot=0
[VND] PREPARE_PAIR slot=0
[VND] TX_SKIP busy/inflight tag=ADC0-ASY2
[VND] PREPARE_PAIR slot=0
[VND] PREPARE_PAIR slot=0
[VND] TX_SKIP busy/inflight tag=ADC0-ASY2
[VND] PREPARE_PAIR slot=0
[VND] PREPARE_PAIR slot=0
[VND] TX_SKIP busy/inflight tag=ADC0-ASY2
[VND] PREPARE_PAIR slot=0
[VND] PREPARE_PAIR slot=0
[VND] TX_SKIP busy/inflight tag=ADC0-ASY2
[VND] PREPARE_PAIR slot=0
[VND] PREPARE_PAIR slot=0
[VND] TX_SKIP busy/inflight tag=ADC0-ASY2
[VND] PREPARE_PAIR slot=0
[VND] PREPARE_PAIR slot=0
[VND] TX_SKIP busy/inflight tag=ADC0-ASY2
[VND] PREPARE_PAIR slot=0
[VND] PREPARE_PAIR slot=0
[VND] TX_SKIP busy/inflight tag=ADC0-ASY2
[VND] PREPARE_PAIR slot=0
[VND] PREPARE_PAIR slot=0
[VND] TX_SKIP busy/inflight tag=ADC0-ASY2
[VND] PREPARE_PAIR slot=0
[VND] PREPARE_PAIR slot=0
[VND] TX_SKIP busy/inflight tag=ADC0-ASY2
[VND] PREPARE_PAIR slot=0
[VND] PREPARE_PAIR slot=0
[VND] TX_SKIP busy/inflight tag=ADC0-ASY2
[VND] PREPARE_PAIR slot=0
[VND] PREPARE_PAIR slot=0
[VND] TX_SKIP busy/inflight tag=ADC0-ASY2
[VND] PREPARE_PAIR slot=0
[VND] PREPARE_PAIR slot=0
[VND] TX_SKIP busy/inflight tag=ADC0-ASY2
[VND] PREPARE_PAIR slot=0
[VND] PREPARE_PAIR slot=0
[VND] TX_SKIP busy/inflight tag=ADC0-ASY2
[VND] PREPARE_PAIR slot=0
[VND] PREPARE_PAIR slot=0
[VND] TX_SKIP busy/inflight tag=ADC0-ASY2
[VND] PREPARE_PAIR slot=0
[VND] PREPARE_PAIR slot=0
[VND] TX_SKIP busy/inflight tag=ADC0-ASY2
[VND] PREPARE_PAIR slot=0
[VND] PREPARE_PAIR slot=0
[VND] TX_SKIP busy/inflight tag=ADC0-ASY2
[VND] PREPARE_PAIR slot=0
[VND] PREPARE_PAIR slot=0
[VND] TX_SKIP busy/inflight tag=ADC0-ASY2
[VND] PREPARE_PAIR slot=0
[VND] PREPARE_PAIR slot=0
[VND] TX_SKIP busy/inflight tag=ADC0-ASY2
[VND] PREPARE_PAIR slot=0
[VND] PREPARE_PAIR slot=0
[VND] TX_SKIP busy/inflight tag=ADC0-ASY2
[VND] PREPARE_PAIR slot=0
[VND] PREPARE_PAIR slot=0
[VND] TX_SKIP busy/inflight tag=ADC0-ASY2
[VND] PREPARE_PAIR slot=0
[VND] PREPARE_PAIR slot=0
[VND] TX_SKIP busy/inflight tag=ADC0-ASY2
[VND] PREPARE_PAIR slot=0
[VND] PREPARE_PAIR slot=0
[VND] TX_SKIP busy/inflight tag=ADC0-ASY2
[VND] PREPARE_PAIR slot=0
[VND] PREPARE_PAIR slot=0
[VND] TX_SKIP busy/inflight tag=ADC0-ASY2
[VND] PREPARE_PAIR slot=0
[VND] PREPARE_PAIR slot=0
[VND] TX_SKIP busy/inflight tag=ADC0-ASY2
[VND] PREPARE_PAIR slot=0
[VND] PREPARE_PAIR slot=0
[VND] TX_SKIP busy/inflight tag=ADC0-ASY2
[VND] PREPARE_PAIR slot=0
[VND] PREPARE_PAIR slot=0
[VND] TX_SKIP busy/inflight tag=ADC0-ASY2
[VND] PREPARE_PAIR slot=0
[VND] PREPARE_PAIR slot=0
[VND] TX_SKIP busy/inflight tag=ADC0-ASY2
[VND] PREPARE_PAIR slot=0
[VND] PREPARE_PAIR slot=0
[VND] TX_SKIP busy/inflight tag=ADC0-ASY2
[VND] PREPARE_PAIR slot=0
[VND] PREPARE_PAIR slot=0
[VND] TX_SKIP busy/inflight tag=ADC0-ASY2
[VND] PREPARE_PAIR slot=0
[VND] PREPARE_PAIR slot=0
[VND] TX_SKIP busy/inflight tag=ADC0-ASY2
[VND] PREPARE_PAIR slot=0
[VND] PREPARE_PAIR slot=0
[VND] TX_SKIP busy/inflight tag=ADC0-ASY2
[VND] PREPARE_PAIR slot=0
[VND] PREPARE_PAIR slot=0
[VND] TX_SKIP busy/inflight tag=ADC0-ASY2
[VND] PREPARE_PAIR slot=0
[VND] PREPARE_PAIR slot=0
[VND] TX_SKIP busy/inflight tag=ADC0-ASY2
[VND] PREPARE_PAIR slot=0
[VND] PREPARE_PAIR slot=0
[VND] TX_SKIP busy/inflight tag=ADC0-ASY2
[VND] PREPARE_PAIR slot=0
[VND] PREPARE_PAIR slot=0
[VND] TX_SKIP busy/inflight tag=ADC0-ASY2
[VND] PREPARE_PAIR slot=0
[VND] PREPARE_PAIR slot=0
[VND] TX_SKIP busy/inflight tag=ADC0-ASY2
[VND] PREPARE_PAIR slot=0
[VND] PREPARE_PAIR slot=0
[VND] TX_SKIP busy/inflight tag=ADC0-ASY2
[VND] PREPARE_PAIR slot=0
[VND] PREPARE_PAIR slot=0
[VND] TX_SKIP busy/inflight tag=ADC0-ASY2
[VND] PREPARE_PAIR slot=0
[VND] PREPARE_PAIR slot=0
[VND] TX_SKIP busy/inflight tag=ADC0-ASY2
[VND] PREPARE_PAIR slot=0
[VND] PREPARE_PAIR slot=0
[VND] TX_SKIP busy/inflight tag=ADC0-ASY2
[VND] PREPARE_PAIR slot=0
[VND] PREPARE_PAIR slot=0
[VND] TX_SKIP busy/inflight tag=ADC0-ASY2
[VND] PREPARE_PAIR slot=0
[VND] PREPARE_PAIR slot=0
[VND] TX_SKIP busy/inflight tag=ADC0-ASY2
[VND] PREPARE_PAIR slot=0
[VND] PREPARE_PAIR slot=0
[VND] TX_SKIP busy/inflight tag=ADC0-ASY2
[VND] PREPARE_PAIR slot=0
[VND] PREPARE_PAIR slot=0
[VND] TX_SKIP busy/inflight tag=ADC0-ASY2
[VND] PREPARE_PAIR slot=0
[VND] PREPARE_PAIR slot=0
[VND] TX_SKIP busy/inflight tag=ADC0-ASY2
[VND] PREPARE_PAIR slot=0
[VND] PREPARE_PAIR slot=0
[VND] TX_SKIP busy/inflight tag=ADC0-ASY2
[VND] PREPARE_PAIR slot=0
[VND] PREPARE_PAIR slot=0
[VND] TX_SKIP busy/inflight tag=ADC0-ASY2
[VND] PREPARE_PAIR slot=0
[VND] PREPARE_PAIR slot=0
[VND] TX_SKIP busy/inflight tag=ADC0-ASY2
[VND] PREPARE_PAIR slot=0
[VND] PREPARE_PAIR slot=0
[VND] TX_SKIP busy/inflight tag=ADC0-ASY2
[VND] PREPARE_PAIR slot=0
[VND] PREPARE_PAIR slot=0
[VND] TX_SKIP busy/inflight tag=ADC0-ASY2
[VND] PREPARE_PAIR slot=0
[VND] PREPARE_PAIR slot=0
[VND] TX_SKIP busy/inflight tag=ADC0-ASY2
[VND] PREPARE_PAIR slot=0
[VND] PREPARE_PAIR slot=0
[VND] TX_SKIP busy/inflight tag=ADC0-ASY2
[VND] PREPARE_PAIR slot=0
[VND] PREPARE_PAIR slot=0
[VND] TX_SKIP busy/inflight tag=ADC0-ASY2
[VND] PREPARE_PAIR slot=0
[VND] PREPARE_PAIR slot=0
[VND] TX_SKIP busy/inflight tag=ADC0-ASY2
[VND] PREPARE_PAIR slot=0
[VND] PREPARE_PAIR slot=0
[VND] TX_SKIP busy/inflight tag=ADC0-ASY2
[VND] PREPARE_PAIR slot=0
[VND] PREPARE_PAIR slot=0
[VND] TX_SKIP busy/inflight tag=ADC0-ASY2
[VND] PREPARE_PAIR slot=0
[VND] PREPARE_PAIR slot=0
[VND] TX_SKIP busy/inflight tag=ADC0-ASY2
[VND] PREPARE_PAIR slot=0
[VND] PREPARE_PAIR slot=0
[VND] TX_SKIP busy/inflight tag=ADC0-ASY2
[VND] PREPARE_PAIR slot=0
[VND] PREPARE_PAIR slot=0
[VND] TX_SKIP busy/inflight tag=ADC0-ASY2
[VND] PREPARE_PAIR slot=0
[VND] PREPARE_PAIR slot=0
[VND] TX_SKIP busy/inflight tag=ADC0-ASY2
[VND] PREPARE_PAIR slot=0
[VND] PREPARE_PAIR slot=0
[VND] TX_SKIP busy/inflight tag=ADC0-ASY2
[VND] PREPARE_PAIR slot=0
[VND] PREPARE_PAIR slot=0
[VND] TX_SKIP busy/inflight tag=ADC0-ASY2
[VND] PREPARE_PAIR slot=0
[VND] PREPARE_PAIR slot=0
[VND] TX_SKIP busy/inflight tag=ADC0-ASY2
[VND] PREPARE_PAIR slot=0
[VND] PREPARE_PAIR slot=0
[VND] TX_SKIP busy/inflight tag=ADC0-ASY2
[VND] PREPARE_PAIR slot=0
[VND] PREPARE_PAIR slot=0
[VND] TX_SKIP busy/inflight tag=ADC0-ASY2
[VND] PREPARE_PAIR slot=0
[VND] PREPARE_PAIR slot=0
[VND] TX_SKIP busy/inflight tag=ADC0-ASY2
[VND] PREPARE_PAIR slot=0
[VND] PREPARE_PAIR slot=0
[VND] TX_SKIP busy/inflight tag=ADC0-ASY2
[VND] PREPARE_PAIR slot=0
[VND] PREPARE_PAIR slot=0
[VND] TX_SKIP busy/inflight tag=ADC0-ASY2
[VND] PREPARE_PAIR slot=0
[VND] PREPARE_PAIR slot=0
[VND] TX_SKIP busy/inflight tag=ADC0-ASY2
[VND] PREPARE_PAIR slot=0
[VND] PREPARE_PAIR slot=0
[VND] TX_SKIP busy/inflight tag=ADC0-ASY2
[VND] PREPARE_PAIR slot=0
[VND] PREPARE_PAIR slot=0
[VND] TX_SKIP busy/inflight tag=ADC0-ASY2
[VND] PREPARE_PAIR slot=0
[VND] PREPARE_PAIR slot=0
[VND] TX_SKIP busy/inflight tag=ADC0-ASY2
[VND] PREPARE_PAIR slot=0
[VND] PREPARE_PAIR slot=0
[VND] TX_SKIP busy/inflight tag=ADC0-ASY2
[VND] PREPARE_PAIR slot=0
[VND] PREPARE_PAIR slot=0
[VND] TX_SKIP busy/inflight tag=ADC0-ASY2
[VND] PREPARE_PAIR slot=0
[VND] PREPARE_PAIR slot=0
[VND] TX_SKIP busy/inflight tag=ADC0-ASY2
[VND] PREPARE_PAIR slot=0
[VND] PREPARE_PAIR slot=0
[VND] TX_SKIP busy/inflight tag=ADC0-ASY2
[VND] PREPARE_PAIR slot=0
[VND] PREPARE_PAIR slot=0
[VND] TX_SKIP busy/inflight tag=ADC0-ASY2
[VND] PREPARE_PAIR slot=0
[VND] PREPARE_PAIR slot=0
[VND] TX_SKIP busy/inflight tag=ADC0-ASY2
[VND] PREPARE_PAIR slot=0
[VND] PREPARE_PAIR slot=0
[VND] TX_SKIP busy/inflight tag=ADC0-ASY2
[VND] PREPARE_PAIR slot=0
[VND] PREPARE_PAIR slot=0
[VND] TX_SKIP busy/inflight tag=ADC0-ASY2
[VND] PREPARE_PAIR slot=0
[VND] PREPARE_PAIR slot=0
[VND] TX_SKIP busy/inflight tag=ADC0-ASY2
[VND] PREPARE_PAIR slot=0
[VND] PREPARE_PAIR slot=0
[VND] TX_SKIP busy/inflight tag=ADC0-ASY2
[VND] PREPARE_PAIR slot=0
[VND] PREPARE_PAIR slot=0
[VND] TX_SKIP busy/inflight tag=ADC0-ASY2
[VND] PREPARE_PAIR slot=0
[VND] PREPARE_PAIR slot=0
[VND] TX_SKIP busy/inflight tag=ADC0-ASY2
[VND] PREPARE_PAIR slot=0
[VND] PREPARE_PAIR slot=0
[VND] TX_SKIP busy/inflight tag=ADC0-ASY2
[VND] PREPARE_PAIR slot=0
[VND] PREPARE_PAIR slot=0
[VND] TX_SKIP busy/inflight tag=ADC0-ASY2
[VND] PREPARE_PAIR slot=0
[VND] PREPARE_PAIR slot=0
[VND] TX_SKIP busy/inflight tag=ADC0-ASY2
[VND] PREPARE_PAIR slot=0
[VND] PREPARE_PAIR slot=0
[VND] TX_SKIP busy/inflight tag=ADC0-ASY2
[VND] PREPARE_PAIR slot=0
[VND] PREPARE_PAIR slot=0
[VND] TX_SKIP busy/inflight tag=ADC0-ASY2
[VND] PREPARE_PAIR slot=0
[VND] PREPARE_PAIR slot=0
[VND] TX_SKIP busy/inflight tag=ADC0-ASY2
[VND] PREPARE_PAIR slot=0
[VND] PREPARE_PAIR slot=0
[VND] TX_SKIP busy/inflight tag=ADC0-ASY2
[VND] PREPARE_PAIR slot=0
[VND] PREPARE_PAIR slot=0
[VND] TX_SKIP busy/inflight tag=ADC0-ASY2
[VND] PREPARE_PAIR slot=0
[VND] PREPARE_PAIR slot=0
[VND] TX_SKIP busy/inflight tag=ADC0-ASY2
[VND] PREPARE_PAIR slot=0
[VND] PREPARE_PAIR slot=0
[VND] TX_SKIP busy/inflight tag=ADC0-ASY2
[VND] PREPARE_PAIR slot=0
[VND] PREPARE_PAIR slot=0
[VND] TX_SKIP busy/inflight tag=ADC0-ASY2
[VND] PREPARE_PAIR slot=0
[VND] PREPARE_PAIR slot=0
[VND] TX_SKIP busy/inflight tag=ADC0-ASY2
[VND] PREPARE_PAIR slot=0
[VND] PREPARE_PAIR slot=0
[VND] TX_SKIP busy/inflight tag=ADC0-ASY2
[VND] PREPARE_PAIR slot=0
[VND] PREPARE_PAIR slot=0
[VND] TX_SKIP busy/inflight tag=ADC0-ASY2
[VND] PREPARE_PAIR slot=0
[VND] PREPARE_PAIR slot=0
[VND] TX_SKIP busy/inflight tag=ADC0-ASY2
[VND] PREPARE_PAIR slot=0
[VND] PREPARE_PAIR slot=0
[VND] TX_SKIP busy/inflight tag=ADC0-ASY2
[VND] PREPARE_PAIR slot=0
[VND] PREPARE_PAIR slot=0
[VND] TX_SKIP busy/inflight tag=ADC0-ASY2
[VND] PREPARE_PAIR slot=0
[VND] PREPARE_PAIR slot=0
[VND] TX_SKIP busy/inflight tag=ADC0-ASY2
[VND] PREPARE_PAIR slot=0
[VND] PREPARE_PAIR slot=0
[VND] TX_SKIP busy/inflight tag=ADC0-ASY2
[VND] PREPARE_PAIR slot=0
[VND] PREPARE_PAIR slot=0
[VND] TX_SKIP busy/inflight tag=ADC0-ASY2
[VND] PREPARE_PAIR slot=0
[VND] PREPARE_PAIR slot=0
[VND] TX_SKIP busy/inflight tag=ADC0-ASY2
[VND] PREPARE_PAIR slot=0
[VND] PREPARE_PAIR slot=0
[VND] TX_SKIP busy/inflight tag=ADC0-ASY2
[VND] PREPARE_PAIR slot=0
[VND] PREPARE_PAIR slot=0
[VND] TX_SKIP busy/inflight tag=ADC0-ASY2
[VND] PREPARE_PAIR slot=0
[VND] PREPARE_PAIR slot=0
[VND] TX_SKIP busy/inflight tag=ADC0-ASY2
[VND] PREPARE_PAIR slot=0
[VND] PREPARE_PAIR slot=0
[VND] TX_SKIP busy/inflight tag=ADC0-ASY2
[VND] PREPARE_PAIR slot=0
[VND] PREPARE_PAIR slot=0
[VND] TX_SKIP busy/inflight tag=ADC0-ASY2
[VND] PREPARE_PAIR slot=0
[VND] PREPARE_PAIR slot=0
[VND] TX_SKIP busy/inflight tag=ADC0-ASY2
[VND] PREPARE_PAIR slot=0
[VND] PREPARE_PAIR slot=0
[VND] TX_SKIP busy/inflight tag=ADC0-ASY2
[VND] PREPARE_PAIR slot=0
[VND] PREPARE_PAIR slot=0
[VND] TX_SKIP busy/inflight tag=ADC0-ASY2
[VND] PREPARE_PAIR slot=0
[VND] PREPARE_PAIR slot=0
[VND] TX_SKIP busy/inflight tag=ADC0-ASY2
[VND] PREPARE_PAIR slot=0
[VND] PREPARE_PAIR slot=0
[VND] TX_SKIP busy/inflight tag=ADC0-ASY2
[VND] PREPARE_PAIR slot=0
[VND] PREPARE_PAIR slot=0
[VND] TX_SKIP busy/inflight tag=ADC0-ASY2
[VND] PREPARE_PAIR slot=0
[VND] PREPARE_PAIR slot=0
[VND] TX_SKIP busy/inflight tag=ADC0-ASY2
[VND] PREPARE_PAIR slot=0
[VND] PREPARE_PAIR slot=0
[VND] TX_SKIP busy/inflight tag=ADC0-ASY2
[VND] PREPARE_PAIR slot=0
[VND] PREPARE_PAIR slot=0
[VND] TX_SKIP busy/inflight tag=ADC0-ASY2
[VND] PREPARE_PAIR slot=0
[VND] PREPARE_PAIR slot=0
[VND] TX_SKIP busy/inflight tag=ADC0-ASY2
[VND] PREPARE_PAIR slot=0
[VND] PREPARE_PAIR slot=0
[VND] TX_SKIP busy/inflight tag=ADC0-ASY2
[VND] PREPARE_PAIR slot=0
[VND] PREPARE_PAIR slot=0
[VND] TX_SKIP busy/inflight tag=ADC0-ASY2
[VND] PREPARE_PAIR slot=0
[VND] PREPARE_PAIR slot=0
[VND] TX_SKIP busy/inflight tag=ADC0-ASY2
[VND] PREPARE_PAIR slot=0
[VND] PREPARE_PAIR slot=0
[VND] TX_SKIP busy/inflight tag=ADC0-ASY2
[VND] PREPARE_PAIR slot=0
[VND] PREPARE_PAIR slot=0
[VND] TX_SKIP busy/inflight tag=ADC0-ASY2
[VND] PREPARE_PAIR slot=0
[VND] PREPARE_PAIR slot=0
[VND] TX_SKIP busy/inflight tag=ADC0-ASY2
[VND] PREPARE_PAIR slot=0
[VND] PREPARE_PAIR slot=0
[VND] TX_SKIP busy/inflight tag=ADC0-ASY2
[VND] PREPARE_PAIR slot=0
[VND] PREPARE_PAIR slot=0
[VND] TX_SKIP busy/inflight tag=ADC0-ASY2
[VND] PREPARE_PAIR slot=0
[VND] PREPARE_PAIR slot=0
[VND] TX_SKIP busy/inflight tag=ADC0-ASY2
[VND] PREPARE_PAIR slot=0
[VND] PREPARE_PAIR slot=0
[VND] TX_SKIP busy/inflight tag=ADC0-ASY2
[VND] PREPARE_PAIR slot=0
[VND] PREPARE_PAIR slot=0
[VND] TX_SKIP busy/inflight tag=ADC0-ASY2
[VND] PREPARE_PAIR slot=0
[VND] PREPARE_PAIR slot=0
[VND] TX_SKIP busy/inflight tag=ADC0-ASY2
[VND] PREPARE_PAIR slot=0
[VND] PREPARE_PAIR slot=0
[VND] TX_SKIP busy/inflight tag=ADC0-ASY2
[VND] PREPARE_PAIR slot=0
[VND] PREPARE_PAIR slot=0
[VND] TX_SKIP busy/inflight tag=ADC0-ASY2
[VND] PREPARE_PAIR slot=0
[VND] PREPARE_PAIR slot=0
[VND] TX_SKIP busy/inflight tag=ADC0-ASY2
[VND] PREPARE_PAIR slot=0
[VND] PREPARE_PAIR slot=0
[VND] TX_SKIP busy/inflight tag=ADC0-ASY2
[VND] PREPARE_PAIR slot=0
[VND] PREPARE_PAIR slot=0
[VND] TX_SKIP busy/inflight tag=ADC0-ASY2
[VND] PREPARE_PAIR slot=0
[VND] PREPARE_PAIR slot=0
[VND] TX_SKIP busy/inflight tag=ADC0-ASY2
[VND] PREPARE_PAIR slot=0
[VND] PREPARE_PAIR slot=0
[VND] TX_SKIP busy/inflight tag=ADC0-ASY2
[VND] PREPARE_PAIR slot=0
[VND] PREPARE_PAIR slot=0
[VND] TX_SKIP busy/inflight tag=ADC0-ASY2
[VND] PREPARE_PAIR slot=0
[VND] PREPARE_PAIR slot=0
[VND] TX_SKIP busy/inflight tag=ADC0-ASY2
[VND] PREPARE_PAIR slot=0
[VND] PREPARE_PAIR slot=0
[VND] TX_SKIP busy/inflight tag=ADC0-ASY2
[VND] PREPARE_PAIR slot=0
[VND] PREPARE_PAIR slot=0
[VND] TX_SKIP busy/inflight tag=ADC0-ASY2
[VND] PREPARE_PAIR slot=0
[VND] PREPARE_PAIR slot=0
[VND] TX_SKIP busy/inflight tag=ADC0-ASY2
[VND] PREPARE_PAIR slot=0
[VND] PREPARE_PAIR slot=0
[VND] TX_SKIP busy/inflight tag=ADC0-ASY2
[VND] PREPARE_PAIR slot=0
[VND] PREPARE_PAIR slot=0
[VND] TX_SKIP busy/inflight tag=ADC0-ASY2
[VND] PREPARE_PAIR slot=0
[VND] PREPARE_PAIR slot=0
[VND] TX_SKIP busy/inflight tag=ADC0-ASY2
[VND] PREPARE_PAIR slot=0
[VND] PREPARE_PAIR slot=0
[VND] TX_SKIP busy/inflight tag=ADC0-ASY2
[VND] PREPARE_PAIR slot=0
[VND] PREPARE_PAIR slot=0
[VND] TX_SKIP busy/inflight tag=ADC0-ASY2
[VND] PREPARE_PAIR slot=0
[VND] PREPARE_PAIR slot=0
[VND] TX_SKIP busy/inflight tag=ADC0-ASY2
[VND] PREPARE_PAIR slot=0
[VND] PREPARE_PAIR slot=0
[VND] TX_SKIP busy/inflight tag=ADC0-ASY2
[VND] PREPARE_PAIR slot=0
[VND] PREPARE_PAIR slot=0
[VND] TX_SKIP busy/inflight tag=ADC0-ASY2
[VND] PREPARE_PAIR slot=0
[VND] PREPARE_PAIR slot=0
[VND] TX_SKIP busy/inflight tag=ADC0-ASY2
[VND] PREPARE_PAIR slot=0
[VND] PREPARE_PAIR slot=0
[VND] TX_SKIP busy/inflight tag=ADC0-ASY2
[VND] PREPARE_PAIR slot=0
[VND] PREPARE_PAIR slot=0
[VND] TX_SKIP busy/inflight tag=ADC0-ASY2
[VND] PREPARE_PAIR slot=0
[VND] PREPARE_PAIR slot=0
[VND] TX_SKIP busy/inflight tag=ADC0-ASY2
[VND] PREPARE_PAIR slot=0
[VND] PREPARE_PAIR slot=0
[VND] TX_SKIP busy/inflight tag=ADC0-ASY2
[VND] PREPARE_PAIR slot=0
[VND] PREPARE_PAIR slot=0
[VND] TX_SKIP busy/inflight tag=ADC0-ASY2
[VND] PREPARE_PAIR slot=0
[VND] PREPARE_PAIR slot=0
[VND] TX_SKIP busy/inflight tag=ADC0-ASY2
[VND] PREPARE_PAIR slot=0
[VND] PREPARE_PAIR slot=0
[VND] TX_SKIP busy/inflight tag=ADC0-ASY2
[VND] PREPARE_PAIR slot=0
[VND] PREPARE_PAIR slot=0
[VND] TX_SKIP busy/inflight tag=ADC0-ASY2
[VND] PREPARE_PAIR slot=0
[VND] PREPARE_PAIR slot=0
[VND] TX_SKIP busy/inflight tag=ADC0-ASY2
[VND] PREPARE_PAIR slot=0
[VND] PREPARE_PAIR slot=0
[VND] TX_SKIP busy/inflight tag=ADC0-ASY2
[VND] PREPARE_PAIR slot=0
[VND] PREPARE_PAIR slot=0
[VND] TX_SKIP busy/inflight tag=ADC0-ASY2
[VND] PREPARE_PAIR slot=0
[VND] PREPARE_PAIR slot=0
[VND] TX_SKIP busy/inflight tag=ADC0-ASY2
[VND] PREPARE_PAIR slot=0
[VND] PREPARE_PAIR slot=0
[VND] TX_SKIP busy/inflight tag=ADC0-ASY2
[VND] PREPARE_PAIR slot=0
[VND] PREPARE_PAIR slot=0
[VND] TX_SKIP busy/inflight tag=ADC0-ASY2
[VND] PREPARE_PAIR slot=0
[VND] PREPARE_PAIR slot=0
[VND] TX_SKIP busy/inflight tag=ADC0-ASY2
[VND] PREPARE_PAIR slot=0
[VND] PREPARE_PAIR slot=0
[VND] TX_SKIP busy/inflight tag=ADC0-ASY2
[VND] PREPARE_PAIR slot=0
[VND] PREPARE_PAIR slot=0
[VND] TX_SKIP busy/inflight tag=ADC0-ASY2
[VND] PREPARE_PAIR slot=0
[VND] PREPARE_PAIR slot=0
[VND] TX_SKIP busy/inflight tag=ADC0-ASY2
[VND] PREPARE_PAIR slot=0
[VND] PREPARE_PAIR slot=0
[VND] TX_SKIP busy/inflight tag=ADC0-ASY2
[VND] PREPARE_PAIR slot=0
[VND] PREPARE_PAIR slot=0
[VND] TX_SKIP busy/inflight tag=ADC0-ASY2
[VND] PREPARE_PAIR slot=0
[VND] PREPARE_PAIR slot=0
[VND] TX_SKIP busy/inflight tag=ADC0-ASY2
[VND] PREPARE_PAIR slot=0
[VND] PREPARE_PAIR slot=0
[VND] TX_SKIP busy/inflight tag=ADC0-ASY2
[VND] PREPARE_PAIR slot=0
[VND] PREPARE_PAIR slot=0
[VND] TX_SKIP busy/inflight tag=ADC0-ASY2
[VND] PREPARE_PAIR slot=0
[VND] PREPARE_PAIR slot=0
[VND] TX_SKIP busy/inflight tag=ADC0-ASY2
[VND] PREPARE_PAIR slot=0
[VND] PREPARE_PAIR slot=0
[VND] TX_SKIP busy/inflight tag=ADC0-ASY2
[VND] PREPARE_PAIR slot=0
[VND] PREPARE_PAIR slot=0
[VND] TX_SKIP busy/inflight tag=ADC0-ASY2
[VND] PREPARE_PAIR slot=0
[VND] PREPARE_PAIR slot=0
[VND] TX_SKIP busy/inflight tag=ADC0-ASY2
[VND] PREPARE_PAIR slot=0
[VND] PREPARE_PAIR slot=0
[VND] TX_SKIP busy/inflight tag=ADC0-ASY2
[VND] PREPARE_PAIR slot=0
[VND] PREPARE_PAIR slot=0
[VND] TX_SKIP busy/inflight tag=ADC0-ASY2
[VND] PREPARE_PAIR slot=0
[VND] PREPARE_PAIR slot=0
[VND] TX_SKIP busy/inflight tag=ADC0-ASY2
[VND] PREPARE_PAIR slot=0
[VND] PREPARE_PAIR slot=0
[VND] TX_SKIP busy/inflight tag=ADC0-ASY2
[VND] PREPARE_PAIR slot=0
[VND] PREPARE_PAIR slot=0
[VND] TX_SKIP busy/inflight tag=ADC0-ASY2
[VND] PREPARE_PAIR slot=0
[VND] PREPARE_PAIR slot=0
[VND] TX_SKIP busy/inflight tag=ADC0-ASY2
[VND] PREPARE_PAIR slot=0
[VND] PREPARE_PAIR slot=0
[VND] TX_SKIP busy/inflight tag=ADC0-ASY2
[VND] PREPARE_PAIR slot=0
[VND] PREPARE_PAIR slot=0
[VND] TX_SKIP busy/inflight tag=ADC0-ASY2
[VND] PREPARE_PAIR slot=0
[VND] PREPARE_PAIR slot=0
[VND] TX_SKIP busy/inflight tag=ADC0-ASY2
[VND] PREPARE_PAIR slot=0
[VND] PREPARE_PAIR slot=0
[VND] TX_SKIP busy/inflight tag=ADC0-ASY2
[VND] PREPARE_PAIR slot=0
[VND] PREPARE_PAIR slot=0
[VND] TX_SKIP busy/inflight tag=ADC0-ASY2
[VND] PREPARE_PAIR slot=0
[VND] PREPARE_PAIR slot=0
[VND] TX_SKIP busy/inflight tag=ADC0-ASY2
[VND] PREPARE_PAIR slot=0
[VND] PREPARE_PAIR slot=0
[VND] TX_SKIP busy/inflight tag=ADC0-ASY2
[VND] PREPARE_PAIR slot=0
[VND] PREPARE_PAIR slot=0
[VND] TX_SKIP busy/inflight tag=ADC0-ASY2
[VND] PREPARE_PAIR slot=0
[VND] PREPARE_PAIR slot=0
[VND] TX_SKIP busy/inflight tag=ADC0-ASY2
[VND] PREPARE_PAIR slot=0
[VND] PREPARE_PAIR slot=0
[VND] TX_SKIP busy/inflight tag=ADC0-ASY2
[VND] PREPARE_PAIR slot=0
[VND] PREPARE_PAIR slot=0
[VND] TX_SKIP busy/inflight tag=ADC0-ASY2
[VND] PREPARE_PAIR slot=0
[VND] PREPARE_PAIR slot=0
[VND] TX_SKIP busy/inflight tag=ADC0-ASY2
[VND] PREPARE_PAIR slot=0
[VND] PREPARE_PAIR slot=0
[VND] TX_SKIP busy/inflight tag=ADC0-ASY2
[VND] PREPARE_PAIR slot=0
[VND] PREPARE_PAIR slot=0
[VND] TX_SKIP busy/inflight tag=ADC0-ASY2
[VND] PREPARE_PAIR slot=0
[VND] PREPARE_PAIR slot=0
[VND] TX_SKIP busy/inflight tag=ADC0-ASY2
[VND] PREPARE_PAIR slot=0
[VND] PREPARE_PAIR slot=0
[VND] TX_SKIP busy/inflight tag=ADC0-ASY2
[VND] PREPARE_PAIR slot=0
[VND] PREPARE_PAIR slot=0
[VND] TX_SKIP busy/inflight tag=ADC0-ASY2
[VND] PREPARE_PAIR slot=0
[VND] PREPARE_PAIR slot=0
[VND] TX_SKIP busy/inflight tag=ADC0-ASY2
[VND] PREPARE_PAIR slot=0
[VND] PREPARE_PAIR slot=0
[VND] TX_SKIP busy/inflight tag=ADC0-ASY2
[VND] PREPARE_PAIR slot=0
[VND] PREPARE_PAIR slot=0
[VND] TX_SKIP busy/inflight tag=ADC0-ASY2
[VND] PREPARE_PAIR slot=0
[VND] PREPARE_PAIR slot=0
[VND] TX_SKIP busy/inflight tag=ADC0-ASY2
[VND] PREPARE_PAIR slot=0
[VND] PREPARE_PAIR slot=0
[VND] TX_SKIP busy/inflight tag=ADC0-ASY2
[VND] PREPARE_PAIR slot=0
[VND] PREPARE_PAIR slot=0
[VND] TX_SKIP busy/inflight tag=ADC0-ASY2
[VND] PREPARE_PAIR slot=0
[VND] PREPARE_PAIR slot=0
[VND] TX_SKIP busy/inflight tag=ADC0-ASY2
[VND] PREPARE_PAIR slot=0
[VND] PREPARE_PAIR slot=0
[VND] TX_SKIP busy/inflight tag=ADC0-ASY2
[VND] PREPARE_PAIR slot=0
[VND] PREPARE_PAIR slot=0
[VND] TX_SKIP busy/inflight tag=ADC0-ASY2
[VND] PREPARE_PAIR slot=0
[VND] PREPARE_PAIR slot=0
[VND] TX_SKIP busy/inflight tag=ADC0-ASY2
[VND] PREPARE_PAIR slot=0
[VND] PREPARE_PAIR slot=0
[VND] TX_SKIP busy/inflight tag=ADC0-ASY2
[VND] PREPARE_PAIR slot=0
[VND] PREPARE_PAIR slot=0
[VND] TX_SKIP busy/inflight tag=ADC0-ASY2
[VND] PREPARE_PAIR slot=0
[VND] PREPARE_PAIR slot=0
[VND] TX_SKIP busy/inflight tag=ADC0-ASY2
[VND] PREPARE_PAIR slot=0
[VND] PREPARE_PAIR slot=0
[VND] TX_SKIP busy/inflight tag=ADC0-ASY2
[VND] PREPARE_PAIR slot=0
[VND] PREPARE_PAIR slot=0
[VND] TX_SKIP busy/inflight tag=ADC0-ASY2
[VND] PREPARE_PAIR slot=0
[VND] PREPARE_PAIR slot=0
[VND] TX_SKIP busy/inflight tag=ADC0-ASY2
[VND] PREPARE_PAIR slot=0
[VND] PREPARE_PAIR slot=0
[VND] TX_SKIP busy/inflight tag=ADC0-ASY2
[VND] PREPARE_PAIR slot=0
[VND] PREPARE_PAIR slot=0
[VND] TX_SKIP busy/inflight tag=ADC0-ASY2
[VND] PREPARE_PAIR slot=0
[VND] PREPARE_PAIR slot=0
[VND] TX_SKIP busy/inflight tag=ADC0-ASY2
[VND] PREPARE_PAIR slot=0
[VND] PREPARE_PAIR slot=0
[VND] TX_SKIP busy/inflight tag=ADC0-ASY2
[VND] PREPARE_PAIR slot=0
[VND] PREPARE_PAIR slot=0
[VND] TX_SKIP busy/inflight tag=ADC0-ASY2
[VND] PREPARE_PAIR slot=0
[VND] PREPARE_PAIR slot=0
[VND] TX_SKIP busy/inflight tag=ADC0-ASY2
[VND] PREPARE_PAIR slot=0
[VND] PREPARE_PAIR slot=0
[VND] TX_SKIP busy/inflight tag=ADC0-ASY2
[VND] PREPARE_PAIR slot=0
[VND] PREPARE_PAIR slot=0
[VND] TX_SKIP busy/inflight tag=ADC0-ASY2
[VND] PREPARE_PAIR slot=0
[VND] PREPARE_PAIR slot=0
[VND] TX_SKIP busy/inflight tag=ADC0-ASY2
[VND] PREPARE_PAIR slot=0
[VND] PREPARE_PAIR slot=0
[VND] TX_SKIP busy/inflight tag=ADC0-ASY2
[VND] PREPARE_PAIR slot=0
[VND] PREPARE_PAIR slot=0
[VND] TX_SKIP busy/inflight tag=ADC0-ASY2
[VND] PREPARE_PAIR slot=0
[VND] PREPARE_PAIR slot=0
[VND] TX_SKIP busy/inflight tag=ADC0-ASY2
[VND] PREPARE_PAIR slot=0
[VND] PREPARE_PAIR slot=0
[VND] TX_SKIP busy/inflight tag=ADC0-ASY2
[VND] PREPARE_PAIR slot=0
[VND] PREPARE_PAIR slot=0
[VND] TX_SKIP busy/inflight tag=ADC0-ASY2
[VND] PREPARE_PAIR slot=0
[VND] PREPARE_PAIR slot=0
[VND] TX_SKIP busy/inflight tag=ADC0-ASY2
[VND] PREPARE_PAIR slot=0
[VND] PREPARE_PAIR slot=0
[VND] TX_SKIP busy/inflight tag=ADC0-ASY2
[VND] PREPARE_PAIR slot=0
[VND] PREPARE_PAIR slot=0
[VND] TX_SKIP busy/inflight tag=ADC0-ASY2
[VND] PREPARE_PAIR slot=0
[VND] PREPARE_PAIR slot=0
[VND] TX_SKIP busy/inflight tag=ADC0-ASY2
[VND] PREPARE_PAIR slot=0
[VND] PREPARE_PAIR slot=0
[VND] TX_SKIP busy/inflight tag=ADC0-ASY2
[VND] PREPARE_PAIR slot=0
[VND] PREPARE_PAIR slot=0
[VND] TX_SKIP busy/inflight tag=ADC0-ASY2
[VND] PREPARE_PAIR slot=0
[VND] PREPARE_PAIR slot=0
[VND] TX_SKIP busy/inflight tag=ADC0-ASY2
[VND] PREPARE_PAIR slot=0
[VND] PREPARE_PAIR slot=0
[VND] TX_SKIP busy/inflight tag=ADC0-ASY2
[VND] PREPARE_PAIR slot=0
[VND] PREPARE_PAIR slot=0
[VND] TX_SKIP busy/inflight tag=ADC0-ASY2
[VND] PREPARE_PAIR slot=0
[VND] PREPARE_PAIR slot=0
[VND] TX_SKIP busy/inflight tag=ADC0-ASY2
[VND] PREPARE_PAIR slot=0
[VND] PREPARE_PAIR slot=0
[VND] TX_SKIP busy/inflight tag=ADC0-ASY2
[VND] PREPARE_PAIR slot=0
[VND] PREPARE_PAIR slot=0
[VND] TX_SKIP busy/inflight tag=ADC0-ASY2
[VND] PREPARE_PAIR slot=0
[VND] PREPARE_PAIR slot=0
[VND] TX_SKIP busy/inflight tag=ADC0-ASY2
[VND] PREPARE_PAIR slot=0
[VND] PREPARE_PAIR slot=0
[VND] TX_SKIP busy/inflight tag=ADC0-ASY2
[VND] PREPARE_PAIR slot=0
[VND] PREPARE_PAIR slot=0
[VND] TX_SKIP busy/inflight tag=ADC0-ASY2
[VND] PREPARE_PAIR slot=0
[VND] PREPARE_PAIR slot=0
[VND] TX_SKIP busy/inflight tag=ADC0-ASY2
[VND] PREPARE_PAIR slot=0
[VND] PREPARE_PAIR slot=0
[VND] TX_SKIP busy/inflight tag=ADC0-ASY2
[VND] PREPARE_PAIR slot=0
[VND] PREPARE_PAIR slot=0
[VND] TX_SKIP busy/inflight tag=ADC0-ASY2
[VND] PREPARE_PAIR slot=0
[VND] PREPARE_PAIR slot=0
[VND] TX_SKIP busy/inflight tag=ADC0-ASY2
[VND] PREPARE_PAIR slot=0
[VND] PREPARE_PAIR slot=0
[VND] TX_SKIP busy/inflight tag=ADC0-ASY2
[VND] PREPARE_PAIR slot=0
[VND] PREPARE_PAIR slot=0
[VND] TX_SKIP busy/inflight tag=ADC0-ASY2
[VND] PREPARE_PAIR slot=0
[VND] PREPARE_PAIR slot=0
[VND] TX_SKIP busy/inflight tag=ADC0-ASY2
[VND] PREPARE_PAIR slot=0
[VND] PREPARE_PAIR slot=0
[VND] TX_SKIP busy/inflight tag=ADC0-ASY2
[VND] PREPARE_PAIR slot=0
[VND] PREPARE_PAIR slot=0
[VND] TX_SKIP busy/inflight tag=ADC0-ASY2
[VND] PREPARE_PAIR slot=0
[VND] PREPARE_PAIR slot=0
[VND] TX_SKIP busy/inflight tag=ADC0-ASY2
[VND] PREPARE_PAIR slot=0
[VND] PREPARE_PAIR slot=0
[VND] TX_SKIP busy/inflight tag=ADC0-ASY2
[VND] PREPARE_PAIR slot=0
[VND] PREPARE_PAIR slot=0
[VND] TX_SKIP busy/inflight tag=ADC0-ASY2
[VND] PREPARE_PAIR slot=0
[VND] PREPARE_PAIR slot=0
[VND] TX_SKIP busy/inflight tag=ADC0-ASY2
[VND] PREPARE_PAIR slot=0
[VND] PREPARE_PAIR slot=0
[VND] TX_SKIP busy/inflight tag=ADC0-ASY2
[VND] PREPARE_PAIR slot=0
[VND] PREPARE_PAIR slot=0
[VND] TX_SKIP busy/inflight tag=ADC0-ASY2
[VND] PREPARE_PAIR slot=0
[VND] PREPARE_PAIR slot=0
[VND] TX_SKIP busy/inflight tag=ADC0-ASY2
[VND] PREPARE_PAIR slot=0
[VND] PREPARE_PAIR slot=0
[VND] TX_SKIP busy/inflight tag=ADC0-ASY2
[VND] PREPARE_PAIR slot=0
[VND] PREPARE_PAIR slot=0
[VND] TX_SKIP busy/inflight tag=ADC0-ASY2
[VND] PREPARE_PAIR slot=0
[VND] PREPARE_PAIR slot=0
[VND] TX_SKIP busy/inflight tag=ADC0-ASY2
[VND] PREPARE_PAIR slot=0
[VND] PREPARE_PAIR slot=0
[VND] TX_SKIP busy/inflight tag=ADC0-ASY2
[VND] PREPARE_PAIR slot=0
[VND] PREPARE_PAIR slot=0
[VND] TX_SKIP busy/inflight tag=ADC0-ASY2
[VND] PREPARE_PAIR slot=0
[VND] PREPARE_PAIR slot=0
[VND] TX_SKIP busy/inflight tag=ADC0-ASY2
[VND] PREPARE_PAIR slot=0
[VND] PREPARE_PAIR slot=0
[VND] TX_SKIP busy/inflight tag=ADC0-ASY2
[VND] PREPARE_PAIR slot=0
[VND] PREPARE_PAIR slot=0
[VND] TX_SKIP busy/inflight tag=ADC0-ASY2
[VND] PREPARE_PAIR slot=0
[VND] PREPARE_PAIR slot=0
[VND] TX_SKIP busy/inflight tag=ADC0-ASY2
[VND] PREPARE_PAIR slot=0
[VND] PREPARE_PAIR slot=0
[VND] TX_SKIP busy/inflight tag=ADC0-ASY2
[VND] PREPARE_PAIR slot=0
[VND] PREPARE_PAIR slot=0
[VND] TX_SKIP busy/inflight tag=ADC0-ASY2
[VND] PREPARE_PAIR slot=0
[VND] PREPARE_PAIR slot=0
[VND] TX_SKIP busy/inflight tag=ADC0-ASY2
[VND] PREPARE_PAIR slot=0
[VND] PREPARE_PAIR slot=0
[VND] TX_SKIP busy/inflight tag=ADC0-ASY2
[VND] PREPARE_PAIR slot=0
[VND] PREPARE_PAIR slot=0
[VND] TX_SKIP busy/inflight tag=ADC0-ASY2
[VND] PREPARE_PAIR slot=0
[VND] PREPARE_PAIR slot=0
[VND] TX_SKIP busy/inflight tag=ADC0-ASY2
[VND] PREPARE_PAIR slot=0
[VND] PREPARE_PAIR slot=0
[VND] TX_SKIP busy/inflight tag=ADC0-ASY2
[VND] PREPARE_PAIR slot=0
[VND] PREPARE_PAIR slot=0
[VND] TX_SKIP busy/inflight tag=ADC0-ASY2
[VND] PREPARE_PAIR slot=0
[VND] PREPARE_PAIR slot=0
[VND] TX_SKIP busy/inflight tag=ADC0-ASY2
[VND] PREPARE_PAIR slot=0
[VND] PREPARE_PAIR slot=0
[VND] TX_SKIP busy/inflight tag=ADC0-ASY2
[VND] PREPARE_PAIR slot=0
[VND] PREPARE_PAIR slot=0
[VND] TX_SKIP busy/inflight tag=ADC0-ASY2
[VND] PREPARE_PAIR slot=0
[VND] PREPARE_PAIR slot=0
[VND] TX_SKIP busy/inflight tag=ADC0-ASY2
[VND] PREPARE_PAIR slot=0
[VND] PREPARE_PAIR slot=0
[VND] TX_SKIP busy/inflight tag=ADC0-ASY2
[VND] PREPARE_PAIR slot=0
[VND] PREPARE_PAIR slot=0
[VND] TX_SKIP busy/inflight tag=ADC0-ASY2
[VND] PREPARE_PAIR slot=0
[VND] PREPARE_PAIR slot=0
[VND] TX_SKIP busy/inflight tag=ADC0-ASY2
[VND] PREPARE_PAIR slot=0
[VND] PREPARE_PAIR slot=0
[VND] TX_SKIP busy/inflight tag=ADC0-ASY2
[VND] PREPARE_PAIR slot=0
[VND] PREPARE_PAIR slot=0
[VND] TX_SKIP busy/inflight tag=ADC0-ASY2
[VND] PREPARE_PAIR slot=0
[VND] PREPARE_PAIR slot=0
[VND] TX_SKIP busy/inflight tag=ADC0-ASY2
[VND] PREPARE_PAIR slot=0
[VND] PREPARE_PAIR slot=0
[VND] TX_SKIP busy/inflight tag=ADC0-ASY2
[VND] PREPARE_PAIR slot=0
[VND] PREPARE_PAIR slot=0
[VND] TX_SKIP busy/inflight tag=ADC0-ASY2
[VND] PREPARE_PAIR slot=0
[VND] PREPARE_PAIR slot=0
[VND] TX_SKIP busy/inflight tag=ADC0-ASY2
[VND] PREPARE_PAIR slot=0
[VND] PREPARE_PAIR slot=0
[VND] TX_SKIP busy/inflight tag=ADC0-ASY2
[VND] PREPARE_PAIR slot=0
[VND] PREPARE_PAIR slot=0
[VND] TX_SKIP busy/inflight tag=ADC0-ASY2
[VND] PREPARE_PAIR slot=0
[VND] PREPARE_PAIR slot=0
[VND] TX_SKIP busy/inflight tag=ADC0-ASY2
[VND] PREPARE_PAIR slot=0
[VND] PREPARE_PAIR slot=0
[VND] TX_SKIP busy/inflight tag=ADC0-ASY2
[VND] PREPARE_PAIR slot=0
[VND] PREPARE_PAIR slot=0
[VND] TX_SKIP busy/inflight tag=ADC0-ASY2
[VND] PREPARE_PAIR slot=0
[VND] PREPARE_PAIR slot=0
[VND] TX_SKIP busy/inflight tag=ADC0-ASY2
[VND] PREPARE_PAIR slot=0
[VND] PREPARE_PAIR slot=0
[VND] TX_SKIP busy/inflight tag=ADC0-ASY2
[VND] PREPARE_PAIR slot=0
[VND] PREPARE_PAIR slot=0
[VND] TX_SKIP busy/inflight tag=ADC0-ASY2
[VND] PREPARE_PAIR slot=0
[VND] PREPARE_PAIR slot=0
[VND] TX_SKIP busy/inflight tag=ADC0-ASY2
[VND] PREPARE_PAIR slot=0
[VND] PREPARE_PAIR slot=0
[VND] TX_SKIP busy/inflight tag=ADC0-ASY2
[VND] PREPARE_PAIR slot=0
[VND] PREPARE_PAIR slot=0
[VND] TX_SKIP busy/inflight tag=ADC0-ASY2
[VND] PREPARE_PAIR slot=0
[VND] PREPARE_PAIR slot=0
[VND] TX_SKIP busy/inflight tag=ADC0-ASY2
[VND] PREPARE_PAIR slot=0
[VND] PREPARE_PAIR slot=0
[VND] TX_SKIP busy/inflight tag=ADC0-ASY2
[VND] PREPARE_PAIR slot=0
[VND] PREPARE_PAIR slot=0
[VND] TX_SKIP busy/inflight tag=ADC0-ASY2
[VND] PREPARE_PAIR slot=0
[VND] PREPARE_PAIR slot=0
[VND] TX_SKIP busy/inflight tag=ADC0-ASY2
[VND] PREPARE_PAIR slot=0
[VND] PREPARE_PAIR slot=0
[VND] TX_SKIP busy/inflight tag=ADC0-ASY2
[VND] PREPARE_PAIR slot=0
[VND] PREPARE_PAIR slot=0
[VND] TX_SKIP busy/inflight tag=ADC0-ASY2
[VND] PREPARE_PAIR slot=0
[VND] PREPARE_PAIR slot=0
[VND] TX_SKIP busy/inflight tag=ADC0-ASY2
[VND] PREPARE_PAIR slot=0
[VND] PREPARE_PAIR slot=0
[VND] TX_SKIP busy/inflight tag=ADC0-ASY2
[VND] PREPARE_PAIR slot=0
[VND] PREPARE_PAIR slot=0
[VND] TX_SKIP busy/inflight tag=ADC0-ASY2
[VND] PREPARE_PAIR slot=0
[VND] PREPARE_PAIR slot=0
[VND] TX_SKIP busy/inflight tag=ADC0-ASY2
[VND] PREPARE_PAIR slot=0
[VND] PREPARE_PAIR slot=0
[VND] TX_SKIP busy/inflight tag=ADC0-ASY2
[VND] PREPARE_PAIR slot=0
[VND] PREPARE_PAIR slot=0
[VND] TX_SKIP busy/inflight tag=ADC0-ASY2
[VND] PREPARE_PAIR slot=0
[VND] PREPARE_PAIR slot=0
[VND] TX_SKIP busy/inflight tag=ADC0-ASY2
[VND] PREPARE_PAIR slot=0
[VND] PREPARE_PAIR slot=0
[VND] TX_SKIP busy/inflight tag=ADC0-ASY2
[VND] PREPARE_PAIR slot=0
[VND] PREPARE_PAIR slot=0
[VND] TX_SKIP busy/inflight tag=ADC0-ASY2
[VND] PREPARE_PAIR slot=0
[VND] PREPARE_PAIR slot=0
[VND] TX_SKIP busy/inflight tag=ADC0-ASY2
[VND] PREPARE_PAIR slot=0
[VND] PREPARE_PAIR slot=0
[VND] TX_SKIP busy/inflight tag=ADC0-ASY2
[VND] PREPARE_PAIR slot=0
[VND] PREPARE_PAIR slot=0
[VND] TX_SKIP busy/inflight tag=ADC0-ASY2
[VND] PREPARE_PAIR slot=0
[VND] PREPARE_PAIR slot=0
[VND] TX_SKIP busy/inflight tag=ADC0-ASY2
[VND] PREPARE_PAIR slot=0
[VND] PREPARE_PAIR slot=0
[VND] TX_SKIP busy/inflight tag=ADC0-ASY2
[VND] PREPARE_PAIR slot=0
[VND] PREPARE_PAIR slot=0
[VND] TX_SKIP busy/inflight tag=ADC0-ASY2
[VND] PREPARE_PAIR slot=0
[VND] PREPARE_PAIR slot=0
[VND] TX_SKIP busy/inflight tag=ADC0-ASY2
[VND] PREPARE_PAIR slot=0
[VND] PREPARE_PAIR slot=0
[VND] TX_SKIP busy/inflight tag=ADC0-ASY2
[VND] PREPARE_PAIR slot=0
[VND] PREPARE_PAIR slot=0
[VND] TX_SKIP busy/inflight tag=ADC0-ASY2
[VND] PREPARE_PAIR slot=0
[VND] PREPARE_PAIR slot=0
[VND] TX_SKIP busy/inflight tag=ADC0-ASY2
[VND] PREPARE_PAIR slot=0
[VND] PREPARE_PAIR slot=0
[VND] TX_SKIP busy/inflight tag=ADC0-ASY2
[VND] PREPARE_PAIR slot=0
[VND] PREPARE_PAIR slot=0
[VND] TX_SKIP busy/inflight tag=ADC0-ASY2
[VND] PREPARE_PAIR slot=0
[VND] PREPARE_PAIR slot=0
[VND] TX_SKIP busy/inflight tag=ADC0-ASY2
[VND] PREPARE_PAIR slot=0
[VND] PREPARE_PAIR slot=0
[VND] TX_SKIP busy/inflight tag=ADC0-ASY2
[VND] PREPARE_PAIR slot=0
[VND] PREPARE_PAIR slot=0
[VND] TX_SKIP busy/inflight tag=ADC0-ASY2
[VND] PREPARE_PAIR slot=0
[VND] PREPARE_PAIR slot=0
[VND] TX_SKIP busy/inflight tag=ADC0-ASY2
[VND] PREPARE_PAIR slot=0
[VND] PREPARE_PAIR slot=0
[VND] TX_SKIP busy/inflight tag=ADC0-ASY2
[VND] PREPARE_PAIR slot=0
[VND] PREPARE_PAIR slot=0
[VND] TX_SKIP busy/inflight tag=ADC0-ASY2
[VND] PREPARE_PAIR slot=0
[VND] PREPARE_PAIR slot=0
[VND] TX_SKIP busy/inflight tag=ADC0-ASY2
[VND] PREPARE_PAIR slot=0
[VND] PREPARE_PAIR slot=0
[VND] TX_SKIP busy/inflight tag=ADC0-ASY2
[VND] PREPARE_PAIR slot=0
[VND] PREPARE_PAIR slot=0
[VND] TX_SKIP busy/inflight tag=ADC0-ASY2
[VND] PREPARE_PAIR slot=0
[VND] PREPARE_PAIR slot=0
[VND] TX_SKIP busy/inflight tag=ADC0-ASY2
[VND] PREPARE_PAIR slot=0
[VND] PREPARE_PAIR slot=0
[VND] TX_SKIP busy/inflight tag=ADC0-ASY2
[VND] PREPARE_PAIR slot=0
[VND] PREPARE_PAIR slot=0
[VND] TX_SKIP busy/inflight tag=ADC0-ASY2
[VND] PREPARE_PAIR slot=0
[VND] PREPARE_PAIR slot=0
[VND] TX_SKIP busy/inflight tag=ADC0-ASY2
[VND] PREPARE_PAIR slot=0
[VND] PREPARE_PAIR slot=0
[VND] TX_SKIP busy/inflight tag=ADC0-ASY2
[VND] PREPARE_PAIR slot=0
[VND] PREPARE_PAIR slot=0
[VND] TX_SKIP busy/inflight tag=ADC0-ASY2
[VND] PREPARE_PAIR slot=0
[VND] PREPARE_PAIR slot=0
[VND] TX_SKIP busy/inflight tag=ADC0-ASY2
[VND] PREPARE_PAIR slot=0
[VND] PREPARE_PAIR slot=0
[VND] TX_SKIP busy/inflight tag=ADC0-ASY2
[VND] PREPARE_PAIR slot=0
[VND] PREPARE_PAIR slot=0
[VND] TX_SKIP busy/inflight tag=ADC0-ASY2
[VND] PREPARE_PAIR slot=0
[VND] PREPARE_PAIR slot=0
[VND] TX_SKIP busy/inflight tag=ADC0-ASY2
[VND] PREPARE_PAIR slot=0
[VND] PREPARE_PAIR slot=0
[VND] TX_SKIP busy/inflight tag=ADC0-ASY2
[VND] PREPARE_PAIR slot=0
[VND] PREPARE_PAIR slot=0
[VND] TX_SKIP busy/inflight tag=ADC0-ASY2
[VND] PREPARE_PAIR slot=0
[VND] PREPARE_PAIR slot=0
[VND] TX_SKIP busy/inflight tag=ADC0-ASY2
[VND] PREPARE_PAIR slot=0
[VND] PREPARE_PAIR slot=0
[VND] TX_SKIP busy/inflight tag=ADC0-ASY2
[VND] PREPARE_PAIR slot=0
[VND] PREPARE_PAIR slot=0
[VND] TX_SKIP busy/inflight tag=ADC0-ASY2
[VND] PREPARE_PAIR slot=0
[VND] PREPARE_PAIR slot=0
[VND] TX_SKIP busy/inflight tag=ADC0-ASY2
[VND] PREPARE_PAIR slot=0
[VND] PREPARE_PAIR slot=0
[VND] TX_SKIP busy/inflight tag=ADC0-ASY2
[VND] PREPARE_PAIR slot=0
[VND] PREPARE_PAIR slot=0
[VND] TX_SKIP busy/inflight tag=ADC0-ASY2
[VND] PREPARE_PAIR slot=0
[VND] PREPARE_PAIR slot=0
[VND] TX_SKIP busy/inflight tag=ADC0-ASY2
[VND] PREPARE_PAIR slot=0
[VND] PREPARE_PAIR slot=0
[VND] TX_SKIP busy/inflight tag=ADC0-ASY2
[VND] PREPARE_PAIR slot=0
[VND] PREPARE_PAIR slot=0
[VND] TX_SKIP busy/inflight tag=ADC0-ASY2
[VND] PREPARE_PAIR slot=0
[VND] PREPARE_PAIR slot=0
[VND] TX_SKIP busy/inflight tag=ADC0-ASY2
[VND] PREPARE_PAIR slot=0
[VND] PREPARE_PAIR slot=0
[VND] TX_SKIP busy/inflight tag=ADC0-ASY2
[VND] PREPARE_PAIR slot=0
[VND] PREPARE_PAIR slot=0
[VND] TX_SKIP busy/inflight tag=ADC0-ASY2
[VND] PREPARE_PAIR slot=0
[VND] PREPARE_PAIR slot=0
[VND] TX_SKIP busy/inflight tag=ADC0-ASY2
[VND] PREPARE_PAIR slot=0
[VND] PREPARE_PAIR slot=0
[VND] TX_SKIP busy/inflight tag=ADC0-ASY2
[VND] PREPARE_PAIR slot=0
[VND] PREPARE_PAIR slot=0
[VND] TX_SKIP busy/inflight tag=ADC0-ASY2
[VND] PREPARE_PAIR slot=0
[VND] PREPARE_PAIR slot=0
[VND] TX_SKIP busy/inflight tag=ADC0-ASY2
[VND] PREPARE_PAIR slot=0
[VND] PREPARE_PAIR slot=0
[VND] TX_SKIP busy/inflight tag=ADC0-ASY2
[VND] PREPARE_PAIR slot=0
[VND] PREPARE_PAIR slot=0
[VND] TX_SKIP busy/inflight tag=ADC0-ASY2
[VND] PREPARE_PAIR slot=0
[VND] PREPARE_PAIR slot=0
[VND] TX_SKIP busy/inflight tag=ADC0-ASY2
[VND] PREPARE_PAIR slot=0
[VND] PREPARE_PAIR slot=0
[VND] TX_SKIP busy/inflight tag=ADC0-ASY2
[VND] PREPARE_PAIR slot=0
[VND] PREPARE_PAIR slot=0
[VND] TX_SKIP busy/inflight tag=ADC0-ASY2
[VND] PREPARE_PAIR slot=0
[VND] PREPARE_PAIR slot=0
[VND] TX_SKIP busy/inflight tag=ADC0-ASY2
[VND] PREPARE_PAIR slot=0
[VND] PREPARE_PAIR slot=0
[VND] TX_SKIP busy/inflight tag=ADC0-ASY2
[VND] PREPARE_PAIR slot=0
[VND] PREPARE_PAIR slot=0
[VND] TX_SKIP busy/inflight tag=ADC0-ASY2
[VND] PREPARE_PAIR slot=0
[VND] PREPARE_PAIR slot=0
[VND] TX_SKIP busy/inflight tag=ADC0-ASY2
[VND] PREPARE_PAIR slot=0
[VND] PREPARE_PAIR slot=0
[VND] TX_SKIP busy/inflight tag=ADC0-ASY2
[VND] PREPARE_PAIR slot=0
[VND] PREPARE_PAIR slot=0
[VND] TX_SKIP busy/inflight tag=ADC0-ASY2
[VND] PREPARE_PAIR slot=0
[VND] PREPARE_PAIR slot=0
[VND] TX_SKIP busy/inflight tag=ADC0-ASY2
[VND] PREPARE_PAIR slot=0
[VND] PREPARE_PAIR slot=0
[VND] TX_SKIP busy/inflight tag=ADC0-ASY2
[VND] PREPARE_PAIR slot=0
[VND] PREPARE_PAIR slot=0
[VND] TX_SKIP busy/inflight tag=ADC0-ASY2
[VND] PREPARE_PAIR slot=0
[VND] PREPARE_PAIR slot=0
[VND] TX_SKIP busy/inflight tag=ADC0-ASY2
[VND] PREPARE_PAIR slot=0
[VND] PREPARE_PAIR slot=0
[VND] TX_SKIP busy/inflight tag=ADC0-ASY2
[VND] PREPARE_PAIR slot=0
[VND] PREPARE_PAIR slot=0
[VND] TX_SKIP busy/inflight tag=ADC0-ASY2
[VND] PREPARE_PAIR slot=0
[VND] PREPARE_PAIR slot=0
[VND] TX_SKIP busy/inflight tag=ADC0-ASY2
[VND] PREPARE_PAIR slot=0
[VND] PREPARE_PAIR slot=0
[VND] TX_SKIP busy/inflight tag=ADC0-ASY2
[VND] PREPARE_PAIR slot=0
[VND] PREPARE_PAIR slot=0
[VND] TX_SKIP busy/inflight tag=ADC0-ASY2
[VND] PREPARE_PAIR slot=0
[VND] PREPARE_PAIR slot=0
[VND] TX_SKIP busy/inflight tag=ADC0-ASY2
[VND] PREPARE_PAIR slot=0
[VND] PREPARE_PAIR slot=0
[VND] TX_SKIP busy/inflight tag=ADC0-ASY2
[VND] PREPARE_PAIR slot=0
[VND] PREPARE_PAIR slot=0
[VND] TX_SKIP busy/inflight tag=ADC0-ASY2
[VND] PREPARE_PAIR slot=0
[VND] PREPARE_PAIR slot=0
[VND] TX_SKIP busy/inflight tag=ADC0-ASY2
[VND] PREPARE_PAIR slot=0
[VND] PREPARE_PAIR slot=0
[VND] TX_SKIP busy/inflight tag=ADC0-ASY2
[VND] PREPARE_PAIR slot=0
[VND] PREPARE_PAIR slot=0
[VND] TX_SKIP busy/inflight tag=ADC0-ASY2
[VND] PREPARE_PAIR slot=0
[VND] PREPARE_PAIR slot=0
[VND] TX_SKIP busy/inflight tag=ADC0-ASY2
[VND] PREPARE_PAIR slot=0
[VND] PREPARE_PAIR slot=0
[VND] TX_SKIP busy/inflight tag=ADC0-ASY2
[VND] PREPARE_PAIR slot=0
[VND] PREPARE_PAIR slot=0
[VND] TX_SKIP busy/inflight tag=ADC0-ASY2
[VND] PREPARE_PAIR slot=0
[VND] PREPARE_PAIR slot=0
[VND] TX_SKIP busy/inflight tag=ADC0-ASY2
[VND] PREPARE_PAIR slot=0
[VND] PREPARE_PAIR slot=0
[VND] TX_SKIP busy/inflight tag=ADC0-ASY2
[VND] PREPARE_PAIR slot=0
[VND] PREPARE_PAIR slot=0
[VND] TX_SKIP busy/inflight tag=ADC0-ASY2
[VND] PREPARE_PAIR slot=0
[VND] PREPARE_PAIR slot=0
[VND] TX_SKIP busy/inflight tag=ADC0-ASY2
[VND] PREPARE_PAIR slot=0
[VND] PREPARE_PAIR slot=0
[VND] TX_SKIP busy/inflight tag=ADC0-ASY2
[VND] PREPARE_PAIR slot=0
[VND] PREPARE_PAIR slot=0
[VND] TX_SKIP busy/inflight tag=ADC0-ASY2
[VND] PREPARE_PAIR slot=0
[VND] PREPARE_PAIR slot=0
[VND] TX_SKIP busy/inflight tag=ADC0-ASY2
[VND] PREPARE_PAIR slot=0
[VND] PREPARE_PAIR slot=0
[VND] TX_SKIP busy/inflight tag=ADC0-ASY2
[VND] PREPARE_PAIR slot=0
[VND] PREPARE_PAIR slot=0
[VND] TX_SKIP busy/inflight tag=ADC0-ASY2
[VND] PREPARE_PAIR slot=0
[VND] PREPARE_PAIR slot=0
[VND] TX_SKIP busy/inflight tag=ADC0-ASY2
[VND] PREPARE_PAIR slot=0
[VND] PREPARE_PAIR slot=0
[VND] TX_SKIP busy/inflight tag=ADC0-ASY2
[VND] PREPARE_PAIR slot=0
[VND] PREPARE_PAIR slot=0
[VND] TX_SKIP busy/inflight tag=ADC0-ASY2
[VND] PREPARE_PAIR slot=0
[VND] PREPARE_PAIR slot=0
[VND] TX_SKIP busy/inflight tag=ADC0-ASY2
[VND] PREPARE_PAIR slot=0
[VND] PREPARE_PAIR slot=0
[VND] TX_SKIP busy/inflight tag=ADC0-ASY2
[VND] PREPARE_PAIR slot=0
[VND] PREPARE_PAIR slot=0
[VND] TX_SKIP busy/inflight tag=ADC0-ASY2
[VND] PREPARE_PAIR slot=0
[VND] PREPARE_PAIR slot=0
[VND] TX_SKIP busy/inflight tag=ADC0-ASY2
[VND] PREPARE_PAIR slot=0
[VND] PREPARE_PAIR slot=0
[VND] TX_SKIP busy/inflight tag=ADC0-ASY2
[VND] PREPARE_PAIR slot=0
[VND] PREPARE_PAIR slot=0
[VND] TX_SKIP busy/inflight tag=ADC0-ASY2
[VND] PREPARE_PAIR slot=0
[VND] PREPARE_PAIR slot=0
[VND] TX_SKIP busy/inflight tag=ADC0-ASY2
[VND] PREPARE_PAIR slot=0
[VND] PREPARE_PAIR slot=0
[VND] TX_SKIP busy/inflight tag=ADC0-ASY2
[VND] PREPARE_PAIR slot=0
[VND] PREPARE_PAIR slot=0
[VND] TX_SKIP busy/inflight tag=ADC0-ASY2
[VND] PREPARE_PAIR slot=0
[VND] PREPARE_PAIR slot=0
[VND] TX_SKIP busy/inflight tag=ADC0-ASY2
[VND] PREPARE_PAIR slot=0
[VND] PREPARE_PAIR slot=0
[VND] TX_SKIP busy/inflight tag=ADC0-ASY2
[VND] PREPARE_PAIR slot=0
[VND] PREPARE_PAIR slot=0
[VND] TX_SKIP busy/inflight tag=ADC0-ASY2
[VND] PREPARE_PAIR slot=0
[VND] PREPARE_PAIR slot=0
[VND] TX_SKIP busy/inflight tag=ADC0-ASY2
[VND] PREPARE_PAIR slot=0
[VND] PREPARE_PAIR slot=0
[VND] TX_SKIP busy/inflight tag=ADC0-ASY2
[VND] PREPARE_PAIR slot=0
[VND] PREPARE_PAIR slot=0
[VND] TX_SKIP busy/inflight tag=ADC0-ASY2
[VND] PREPARE_PAIR slot=0
[VND] PREPARE_PAIR slot=0
[VND] TX_SKIP busy/inflight tag=ADC0-ASY2
[VND] PREPARE_PAIR slot=0
[VND] PREPARE_PAIR slot=0
[VND] TX_SKIP busy/inflight tag=ADC0-ASY2
[VND] PREPARE_PAIR slot=0
[VND] PREPARE_PAIR slot=0
[VND] TX_SKIP busy/inflight tag=ADC0-ASY2
[VND] PREPARE_PAIR slot=0
[VND] PREPARE_PAIR slot=0
[VND] TX_SKIP busy/inflight tag=ADC0-ASY2
[VND] PREPARE_PAIR slot=0
[VND] PREPARE_PAIR slot=0
[VND] TX_SKIP busy/inflight tag=ADC0-ASY2
[VND] PREPARE_PAIR slot=0
[VND] PREPARE_PAIR slot=0
[VND] TX_SKIP busy/inflight tag=ADC0-ASY2
[VND] PREPARE_PAIR slot=0
[VND] PREPARE_PAIR slot=0
[VND] TX_SKIP busy/inflight tag=ADC0-ASY2
[VND] PREPARE_PAIR slot=0
[VND] PREPARE_PAIR slot=0
[VND] TX_SKIP busy/inflight tag=ADC0-ASY2
[VND] PREPARE_PAIR slot=0
[VND] PREPARE_PAIR slot=0
[VND] TX_SKIP busy/inflight tag=ADC0-ASY2
[VND] PREPARE_PAIR slot=0
[VND] PREPARE_PAIR slot=0
[VND] TX_SKIP busy/inflight tag=ADC0-ASY2
[VND] PREPARE_PAIR slot=0
[VND] PREPARE_PAIR slot=0
[VND] TX_SKIP busy/inflight tag=ADC0-ASY2
[VND] PREPARE_PAIR slot=0
[VND] PREPARE_PAIR slot=0
[VND] TX_SKIP busy/inflight tag=ADC0-ASY2
[VND] PREPARE_PAIR slot=0
[VND] PREPARE_PAIR slot=0
[VND] TX_SKIP busy/inflight tag=ADC0-ASY2
[VND] PREPARE_PAIR slot=0
[VND] PREPARE_PAIR slot=0
[VND] TX_SKIP busy/inflight tag=ADC0-ASY2
[VND] PREPARE_PAIR slot=0
[VND] PREPARE_PAIR slot=0
[VND] TX_SKIP busy/inflight tag=ADC0-ASY2
[VND] PREPARE_PAIR slot=0
[VND] PREPARE_PAIR slot=0
[VND] TX_SKIP busy/inflight tag=ADC0-ASY2
[VND] PREPARE_PAIR slot=0
[VND] PREPARE_PAIR slot=0
[VND] TX_SKIP busy/inflight tag=ADC0-ASY2
[VND] PREPARE_PAIR slot=0
[VND] PREPARE_PAIR slot=0
[VND] TX_SKIP busy/inflight tag=ADC0-ASY2
[VND] PREPARE_PAIR slot=0
[VND] PREPARE_PAIR slot=0
[VND] TX_SKIP busy/inflight tag=ADC0-ASY2
[VND] PREPARE_PAIR slot=0
[VND] PREPARE_PAIR slot=0
[VND] TX_SKIP busy/inflight tag=ADC0-ASY2
[VND] PREPARE_PAIR slot=0
[VND] PREPARE_PAIR slot=0
[VND] TX_SKIP busy/inflight tag=ADC0-ASY2
[VND] PREPARE_PAIR slot=0
[VND] PREPARE_PAIR slot=0
[VND] TX_SKIP busy/inflight tag=ADC0-ASY2
[VND] PREPARE_PAIR slot=0
[VND] PREPARE_PAIR slot=0
[VND] TX_SKIP busy/inflight tag=ADC0-ASY2
[VND] PREPARE_PAIR slot=0
[VND] PREPARE_PAIR slot=0
[VND] TX_SKIP busy/inflight tag=ADC0-ASY2
[VND] PREPARE_PAIR slot=0
[VND] PREPARE_PAIR slot=0
[VND] TX_SKIP busy/inflight tag=ADC0-ASY2
[VND] PREPARE_PAIR slot=0
[VND] PREPARE_PAIR slot=0
[VND] TX_SKIP busy/inflight tag=ADC0-ASY2
[VND] PREPARE_PAIR slot=0
[VND] PREPARE_PAIR slot=0
[VND] TX_SKIP busy/inflight tag=ADC0-ASY2
[VND] PREPARE_PAIR slot=0
[VND] PREPARE_PAIR slot=0
[VND] TX_SKIP busy/inflight tag=ADC0-ASY2
[VND] PREPARE_PAIR slot=0
[VND] PREPARE_PAIR slot=0
[VND] TX_SKIP busy/inflight tag=ADC0-ASY2
[VND] PREPARE_PAIR slot=0
[VND] PREPARE_PAIR slot=0
[VND] TX_SKIP busy/inflight tag=ADC0-ASY2
[VND] PREPARE_PAIR slot=0
[VND] PREPARE_PAIR slot=0
[VND] TX_SKIP busy/inflight tag=ADC0-ASY2
[VND] PREPARE_PAIR slot=0
[VND] PREPARE_PAIR slot=0
[VND] TX_SKIP busy/inflight tag=ADC0-ASY2
[VND] PREPARE_PAIR slot=0
[VND] PREPARE_PAIR slot=0
[VND] TX_SKIP busy/inflight tag=ADC0-ASY2
[VND] PREPARE_PAIR slot=0
[VND] PREPARE_PAIR slot=0
[VND] TX_SKIP busy/inflight tag=ADC0-ASY2
[VND] PREPARE_PAIR slot=0
[VND] PREPARE_PAIR slot=0
[VND] TX_SKIP busy/inflight tag=ADC0-ASY2
[VND] PREPARE_PAIR slot=0
[VND] PREPARE_PAIR slot=0
[VND] TX_SKIP busy/inflight tag=ADC0-ASY2
[VND] PREPARE_PAIR slot=0
[VND] PREPARE_PAIR slot=0
[VND] TX_SKIP busy/inflight tag=ADC0-ASY2
[VND] PREPARE_PAIR slot=0
[VND] PREPARE_PAIR slot=0
[VND] TX_SKIP busy/inflight tag=ADC0-ASY2
[VND] PREPARE_PAIR slot=0
[VND] PREPARE_PAIR slot=0
[VND] TX_SKIP busy/inflight tag=ADC0-ASY2
[VND] PREPARE_PAIR slot=0
[VND] PREPARE_PAIR slot=0
[VND] TX_SKIP busy/inflight tag=ADC0-ASY2
[VND] PREPARE_PAIR slot=0
[VND] PREPARE_PAIR slot=0
[VND] TX_SKIP busy/inflight tag=ADC0-ASY2
[VND] PREPARE_PAIR slot=0
[VND] PREPARE_PAIR slot=0
[VND] TX_SKIP busy/inflight tag=ADC0-ASY2
[VND] PREPARE_PAIR slot=0
[VND] PREPARE_PAIR slot=0
[VND] TX_SKIP busy/inflight tag=ADC0-ASY2
[VND] PREPARE_PAIR slot=0
[VND] PREPARE_PAIR slot=0
[VND] TX_SKIP busy/inflight tag=ADC0-ASY2
[VND] PREPARE_PAIR slot=0
[VND] PREPARE_PAIR slot=0
[VND] TX_SKIP busy/inflight tag=ADC0-ASY2
[VND] PREPARE_PAIR slot=0
[VND] PREPARE_PAIR slot=0
[VND] TX_SKIP busy/inflight tag=ADC0-ASY2
[VND] PREPARE_PAIR slot=0
[VND] PREPARE_PAIR slot=0
[VND] TX_SKIP busy/inflight tag=ADC0-ASY2
[VND] PREPARE_PAIR slot=0
[VND] PREPARE_PAIR slot=0
[VND] TX_SKIP busy/inflight tag=ADC0-ASY2
[VND] PREPARE_PAIR slot=0
[VND] PREPARE_PAIR slot=0
[VND] TX_SKIP busy/inflight tag=ADC0-ASY2
[VND] PREPARE_PAIR slot=0
[VND] PREPARE_PAIR slot=0
[VND] TX_SKIP busy/inflight tag=ADC0-ASY2
[VND] PREPARE_PAIR slot=0
[VND] PREPARE_PAIR slot=0
[VND] TX_SKIP busy/inflight tag=ADC0-ASY2
[VND] PREPARE_PAIR slot=0
[VND] PREPARE_PAIR slot=0
[VND] TX_SKIP busy/inflight tag=ADC0-ASY2
[VND] PREPARE_PAIR slot=0
[VND] PREPARE_PAIR slot=0
[VND] TX_SKIP busy/inflight tag=ADC0-ASY2
[VND] PREPARE_PAIR slot=0
[VND] PREPARE_PAIR slot=0
[VND] TX_SKIP busy/inflight tag=ADC0-ASY2
[VND] PREPARE_PAIR slot=0
[VND] PREPARE_PAIR slot=0
[VND] TX_SKIP busy/inflight tag=ADC0-ASY2
[VND] PREPARE_PAIR slot=0
[VND] PREPARE_PAIR slot=0
[VND] TX_SKIP busy/inflight tag=ADC0-ASY2
[VND] PREPARE_PAIR slot=0
[VND] PREPARE_PAIR slot=0
[VND] TX_SKIP busy/inflight tag=ADC0-ASY2
[VND] PREPARE_PAIR slot=0
[VND] PREPARE_PAIR slot=0
[VND] TX_SKIP busy/inflight tag=ADC0-ASY2
[VND] PREPARE_PAIR slot=0
[VND] PREPARE_PAIR slot=0
[VND] TX_SKIP busy/inflight tag=ADC0-ASY2
[VND] PREPARE_PAIR slot=0
[VND] PREPARE_PAIR slot=0
[VND] TX_SKIP busy/inflight tag=ADC0-ASY2
[VND] PREPARE_PAIR slot=0
[VND] PREPARE_PAIR slot=0
[VND] TX_SKIP busy/inflight tag=ADC0-ASY2
[VND] PREPARE_PAIR slot=0
[VND] PREPARE_PAIR slot=0
[VND] TX_SKIP busy/inflight tag=ADC0-ASY2
[VND] PREPARE_PAIR slot=0
[VND] PREPARE_PAIR slot=0
[VND] TX_SKIP busy/inflight tag=ADC0-ASY2
[VND] PREPARE_PAIR slot=0
[VND] PREPARE_PAIR slot=0
[VND] TX_SKIP busy/inflight tag=ADC0-ASY2
[VND] PREPARE_PAIR slot=0
[VND] PREPARE_PAIR slot=0
[VND] TX_SKIP busy/inflight tag=ADC0-ASY2
[VND] PREPARE_PAIR slot=0
[VND] PREPARE_PAIR slot=0
[VND] TX_SKIP busy/inflight tag=ADC0-ASY2
[VND] PREPARE_PAIR slot=0
[VND] PREPARE_PAIR slot=0
[VND] TX_SKIP busy/inflight tag=ADC0-ASY2
[VND] PREPARE_PAIR slot=0
[VND] PREPARE_PAIR slot=0
[VND] TX_SKIP busy/inflight tag=ADC0-ASY2
[VND] PREPARE_PAIR slot=0
[VND] PREPARE_PAIR slot=0
[VND] TX_SKIP busy/inflight tag=ADC0-ASY2
[VND] PREPARE_PAIR slot=0
[VND] PREPARE_PAIR slot=0
[VND] TX_SKIP busy/inflight tag=ADC0-ASY2
[VND] PREPARE_PAIR slot=0
[VND] PREPARE_PAIR slot=0
[VND] TX_SKIP busy/inflight tag=ADC0-ASY2
[VND] PREPARE_PAIR slot=0
[VND] PREPARE_PAIR slot=0
[VND] TX_SKIP busy/inflight tag=ADC0-ASY2
[VND] PREPARE_PAIR slot=0
[VND] PREPARE_PAIR slot=0
[VND] TX_SKIP busy/inflight tag=ADC0-ASY2
[VND] PREPARE_PAIR slot=0
[VND] PREPARE_PAIR slot=0
[VND] TX_SKIP busy/inflight tag=ADC0-ASY2
[VND] PREPARE_PAIR slot=0
[VND] PREPARE_PAIR slot=0
[VND] TX_SKIP busy/inflight tag=ADC0-ASY2
[VND] PREPARE_PAIR slot=0
[VND] PREPARE_PAIR slot=0
[VND] TX_SKIP busy/inflight tag=ADC0-ASY2
[VND] PREPARE_PAIR slot=0
[VND] PREPARE_PAIR slot=0
[VND] TX_SKIP busy/inflight tag=ADC0-ASY2
[VND] PREPARE_PAIR slot=0
[VND] PREPARE_PAIR slot=0
[VND] TX_SKIP busy/inflight tag=ADC0-ASY2
[VND] PREPARE_PAIR slot=0
[VND] PREPARE_PAIR slot=0
[VND] TX_SKIP busy/inflight tag=ADC0-ASY2
[VND] PREPARE_PAIR slot=0
[VND] PREPARE_PAIR slot=0
[VND] TX_SKIP busy/inflight tag=ADC0-ASY2
[VND] PREPARE_PAIR slot=0
[VND] PREPARE_PAIR slot=0
[VND] TX_SKIP busy/inflight tag=ADC0-ASY2
[VND] PREPARE_PAIR slot=0
[VND] PREPARE_PAIR slot=0
[VND] TX_SKIP busy/inflight tag=ADC0-ASY2
[VND] PREPARE_PAIR slot=0
[VND] PREPARE_PAIR slot=0
[VND] TX_SKIP busy/inflight tag=ADC0-ASY2
[VND] PREPARE_PAIR slot=0
[VND] PREPARE_PAIR slot=0
[VND] TX_SKIP busy/inflight tag=ADC0-ASY2
[VND] PREPARE_PAIR slot=0
[VND] PREPARE_PAIR slot=0
[VND] TX_SKIP busy/inflight tag=ADC0-ASY2
[VND] PREPARE_PAIR slot=0
[VND] PREPARE_PAIR slot=0
[VND] TX_SKIP busy/inflight tag=ADC0-ASY2
[VND] PREPARE_PAIR slot=0
[VND] PREPARE_PAIR slot=0
[VND] TX_SKIP busy/inflight tag=ADC0-ASY2
[VND] PREPARE_PAIR slot=0
[VND] PREPARE_PAIR slot=0
[VND] TX_SKIP busy/inflight tag=ADC0-ASY2
[VND] PREPARE_PAIR slot=0
[VND] PREPARE_PAIR slot=0
[VND] TX_SKIP busy/inflight tag=ADC0-ASY2
[VND] PREPARE_PAIR slot=0
[VND] PREPARE_PAIR slot=0
[VND] TX_SKIP busy/inflight tag=ADC0-ASY2
[VND] PREPARE_PAIR slot=0
[VND] PREPARE_PAIR slot=0
[VND] TX_SKIP busy/inflight tag=ADC0-ASY2
[VND] PREPARE_PAIR slot=0
[VND] PREPARE_PAIR slot=0
[VND] TX_SKIP busy/inflight tag=ADC0-ASY2
[VND] PREPARE_PAIR slot=0
[VND] PREPARE_PAIR slot=0
[VND] TX_SKIP busy/inflight tag=ADC0-ASY2
[VND] PREPARE_PAIR slot=0
[VND] PREPARE_PAIR slot=0
[VND] TX_SKIP busy/inflight tag=ADC0-ASY2
[VND] PREPARE_PAIR slot=0
[VND] PREPARE_PAIR slot=0
[VND] TX_SKIP busy/inflight tag=ADC0-ASY2
[VND] PREPARE_PAIR slot=0
[VND] PREPARE_PAIR slot=0
[VND] TX_SKIP busy/inflight tag=ADC0-ASY2
[VND] PREPARE_PAIR slot=0
[VND] PREPARE_PAIR slot=0
[VND] TX_SKIP busy/inflight tag=ADC0-ASY2
[VND] PREPARE_PAIR slot=0
[VND] PREPARE_PAIR slot=0
[VND] TX_SKIP busy/inflight tag=ADC0-ASY2
[VND] PREPARE_PAIR slot=0
[VND] PREPARE_PAIR slot=0
[VND] TX_SKIP busy/inflight tag=ADC0-ASY2
[VND] PREPARE_PAIR slot=0
[VND] PREPARE_PAIR slot=0
[VND] TX_SKIP busy/inflight tag=ADC0-ASY2
[VND] PREPARE_PAIR slot=0
[VND] PREPARE_PAIR slot=0
[VND] TX_SKIP busy/inflight tag=ADC0-ASY2
[VND] PREPARE_PAIR slot=0
[VND] PREPARE_PAIR slot=0
[VND] TX_SKIP busy/inflight tag=ADC0-ASY2
[VND] PREPARE_PAIR slot=0
[VND] PREPARE_PAIR slot=0
[VND] TX_SKIP busy/inflight tag=ADC0-ASY2
[VND] PREPARE_PAIR slot=0
[VND] PREPARE_PAIR slot=0
[VND] TX_SKIP busy/inflight tag=ADC0-ASY2
[VND] PREPARE_PAIR slot=0
[VND] PREPARE_PAIR slot=0
[VND] TX_SKIP busy/inflight tag=ADC0-ASY2
[VND] PREPARE_PAIR slot=0
[VND] PREPARE_PAIR slot=0
[VND] TX_SKIP busy/inflight tag=ADC0-ASY2
[VND] PREPARE_PAIR slot=0
[VND] PREPARE_PAIR slot=0
[VND] TX_SKIP busy/inflight tag=ADC0-ASY2
[VND] PREPARE_PAIR slot=0
[VND] PREPARE_PAIR slot=0
[VND] TX_SKIP busy/inflight tag=ADC0-ASY2
[VND] PREPARE_PAIR slot=0
[VND] PREPARE_PAIR slot=0
[VND] TX_SKIP busy/inflight tag=ADC0-ASY2
[VND] PREPARE_PAIR slot=0
[VND] PREPARE_PAIR slot=0
[VND] TX_SKIP busy/inflight tag=ADC0-ASY2
[VND] PREPARE_PAIR slot=0
[VND] PREPARE_PAIR slot=0
[VND] TX_SKIP busy/inflight tag=ADC0-ASY2
[VND] PREPARE_PAIR slot=0
[VND] PREPARE_PAIR slot=0
[VND] TX_SKIP busy/inflight tag=ADC0-ASY2
[VND] PREPARE_PAIR slot=0
[VND] PREPARE_PAIR slot=0
[VND] TX_SKIP busy/inflight tag=ADC0-ASY2
[VND] PREPARE_PAIR slot=0
[VND] PREPARE_PAIR slot=0
[VND] TX_SKIP busy/inflight tag=ADC0-ASY2
[VND] PREPARE_PAIR slot=0
[VND] PREPARE_PAIR slot=0
[VND] TX_SKIP busy/inflight tag=ADC0-ASY2
[VND] PREPARE_PAIR slot=0
[VND] PREPARE_PAIR slot=0
[VND] TX_SKIP busy/inflight tag=ADC0-ASY2
[VND] PREPARE_PAIR slot=0
[VND] PREPARE_PAIR slot=0
[VND] TX_SKIP busy/inflight tag=ADC0-ASY2
[VND] PREPARE_PAIR slot=0
[VND] PREPARE_PAIR slot=0
[VND] TX_SKIP busy/inflight tag=ADC0-ASY2
[VND] PREPARE_PAIR slot=0
[VND] PREPARE_PAIR slot=0
[VND] TX_SKIP busy/inflight tag=ADC0-ASY2
[VND] PREPARE_PAIR slot=0
[VND] PREPARE_PAIR slot=0
[VND] TX_SKIP busy/inflight tag=ADC0-ASY2
[VND] PREPARE_PAIR slot=0
[VND] PREPARE_PAIR slot=0
[VND] TX_SKIP busy/inflight tag=ADC0-ASY2
[VND] PREPARE_PAIR slot=0
[VND] PREPARE_PAIR slot=0
[VND] TX_SKIP busy/inflight tag=ADC0-ASY2
[VND] PREPARE_PAIR slot=0
[VND] PREPARE_PAIR slot=0
[VND] TX_SKIP busy/inflight tag=ADC0-ASY2
[VND] PREPARE_PAIR slot=0
[VND] PREPARE_PAIR slot=0
[VND] TX_SKIP busy/inflight tag=ADC0-ASY2
[VND] PREPARE_PAIR slot=0
[VND] PREPARE_PAIR slot=0
[VND] TX_SKIP busy/inflight tag=ADC0-ASY2
[VND] PREPARE_PAIR slot=0
[VND] PREPARE_PAIR slot=0
[VND] TX_SKIP busy/inflight tag=ADC0-ASY2
[VND] PREPARE_PAIR slot=0
[VND] PREPARE_PAIR slot=0
[VND] TX_SKIP busy/inflight tag=ADC0-ASY2
[VND] PREPARE_PAIR slot=0
[VND] PREPARE_PAIR slot=0
[VND] TX_SKIP busy/inflight tag=ADC0-ASY2
[VND] PREPARE_PAIR slot=0
[VND] PREPARE_PAIR slot=0
[VND] TX_SKIP busy/inflight tag=ADC0-ASY2
[VND] PREPARE_PAIR slot=0
[VND] PREPARE_PAIR slot=0
[VND] TX_SKIP busy/inflight tag=ADC0-ASY2
[VND] PREPARE_PAIR slot=0
[VND] PREPARE_PAIR slot=0
[VND] TX_SKIP busy/inflight tag=ADC0-ASY2
[VND] PREPARE_PAIR slot=0
[VND] PREPARE_PAIR slot=0
[VND] TX_SKIP busy/inflight tag=ADC0-ASY2
[VND] PREPARE_PAIR slot=0
[VND] PREPARE_PAIR slot=0
[VND] TX_SKIP busy/inflight tag=ADC0-ASY2
[VND] PREPARE_PAIR slot=0
[VND] PREPARE_PAIR slot=0
[VND] TX_SKIP busy/inflight tag=ADC0-ASY2
[VND] PREPARE_PAIR slot=0
[VND] PREPARE_PAIR slot=0
[VND] TX_SKIP busy/inflight tag=ADC0-ASY2
[VND] PREPARE_PAIR slot=0
[VND] PREPARE_PAIR slot=0
[VND] TX_SKIP busy/inflight tag=ADC0-ASY2
[VND] PREPARE_PAIR slot=0
[VND] PREPARE_PAIR slot=0
[VND] TX_SKIP busy/inflight tag=ADC0-ASY2
[VND] PREPARE_PAIR slot=0
[VND] PREPARE_PAIR slot=0
[VND] TX_SKIP busy/inflight tag=ADC0-ASY2
[VND] PREPARE_PAIR slot=0
[VND] PREPARE_PAIR slot=0
[VND] TX_SKIP busy/inflight tag=ADC0-ASY2
[VND] PREPARE_PAIR slot=0
[VND] PREPARE_PAIR slot=0
[VND] TX_SKIP busy/inflight tag=ADC0-ASY2
[VND] PREPARE_PAIR slot=0
[VND] PREPARE_PAIR slot=0
[VND] TX_SKIP busy/inflight tag=ADC0-ASY2
[VND] PREPARE_PAIR slot=0
[VND] PREPARE_PAIR slot=0
[VND] TX_SKIP busy/inflight tag=ADC0-ASY2
[VND] PREPARE_PAIR slot=0
[VND] PREPARE_PAIR slot=0
[VND] TX_SKIP busy/inflight tag=ADC0-ASY2
[VND] PREPARE_PAIR slot=0
[VND] PREPARE_PAIR slot=0
[VND] TX_SKIP busy/inflight tag=ADC0-ASY2
[VND] PREPARE_PAIR slot=0
[VND] PREPARE_PAIR slot=0
[VND] TX_SKIP busy/inflight tag=ADC0-ASY2
[VND] PREPARE_PAIR slot=0
[VND] PREPARE_PAIR slot=0
[VND] TX_SKIP busy/inflight tag=ADC0-ASY2
[VND] PREPARE_PAIR slot=0
[VND] PREPARE_PAIR slot=0
[VND] TX_SKIP busy/inflight tag=ADC0-ASY2
[VND] PREPARE_PAIR slot=0
[VND] PREPARE_PAIR slot=0
[VND] TX_SKIP busy/inflight tag=ADC0-ASY2
[VND] PREPARE_PAIR slot=0
[VND] PREPARE_PAIR slot=0
[VND] TX_SKIP busy/inflight tag=ADC0-ASY2
[VND] PREPARE_PAIR slot=0
[VND] PREPARE_PAIR slot=0
[VND] TX_SKIP busy/inflight tag=ADC0-ASY2
[VND] PREPARE_PAIR slot=0
[VND] PREPARE_PAIR slot=0
[VND] TX_SKIP busy/inflight tag=ADC0-ASY2
[VND] PREPARE_PAIR slot=0
[VND] PREPARE_PAIR slot=0
[VND] TX_SKIP busy/inflight tag=ADC0-ASY2
[VND] PREPARE_PAIR slot=0
[VND] PREPARE_PAIR slot=0
[VND] TX_SKIP busy/inflight tag=ADC0-ASY2
[VND] PREPARE_PAIR slot=0
[VND] PREPARE_PAIR slot=0
[VND] TX_SKIP busy/inflight tag=ADC0-ASY2
[VND] PREPARE_PAIR slot=0
[VND] PREPARE_PAIR slot=0
[VND] TX_SKIP busy/inflight tag=ADC0-ASY2
[VND] PREPARE_PAIR slot=0
[VND] PREPARE_PAIR slot=0
[VND] TX_SKIP busy/inflight tag=ADC0-ASY2
[VND] PREPARE_PAIR slot=0
[VND] PREPARE_PAIR slot=0
[VND] TX_SKIP busy/inflight tag=ADC0-ASY2
[VND] PREPARE_PAIR slot=0
[VND] PREPARE_PAIR slot=0
[VND] TX_SKIP busy/inflight tag=ADC0-ASY2
[VND] PREPARE_PAIR slot=0
[VND] PREPARE_PAIR slot=0
[VND] TX_SKIP busy/inflight tag=ADC0-ASY2
[VND] PREPARE_PAIR slot=0
[VND] PREPARE_PAIR slot=0
[VND] TX_SKIP busy/inflight tag=ADC0-ASY2
[VND] PREPARE_PAIR slot=0
[VND] PREPARE_PAIR slot=0
[VND] TX_SKIP busy/inflight tag=ADC0-ASY2
[VND] PREPARE_PAIR slot=0
[VND] PREPARE_PAIR slot=0
[VND] TX_SKIP busy/inflight tag=ADC0-ASY2
[VND] PREPARE_PAIR slot=0
[VND] PREPARE_PAIR slot=0
[VND] TX_SKIP busy/inflight tag=ADC0-ASY2
[VND] PREPARE_PAIR slot=0
[VND] PREPARE_PAIR slot=0
[VND] TX_SKIP busy/inflight tag=ADC0-ASY2
[VND] PREPARE_PAIR slot=0
[VND] PREPARE_PAIR slot=0
[VND] TX_SKIP busy/inflight tag=ADC0-ASY2
[VND] PREPARE_PAIR slot=0
[VND] PREPARE_PAIR slot=0
[VND] TX_SKIP busy/inflight tag=ADC0-ASY2
[VND] PREPARE_PAIR slot=0
[VND] PREPARE_PAIR slot=0
[VND] TX_SKIP busy/inflight tag=ADC0-ASY2
[VND] PREPARE_PAIR slot=0
[VND] PREPARE_PAIR slot=0
[VND] TX_SKIP busy/inflight tag=ADC0-ASY2
[VND] PREPARE_PAIR slot=0
[VND] PREPARE_PAIR slot=0
[VND] TX_SKIP busy/inflight tag=ADC0-ASY2
[VND] PREPARE_PAIR slot=0
[VND] PREPARE_PAIR slot=0
[VND] TX_SKIP busy/inflight tag=ADC0-ASY2
[VND] PREPARE_PAIR slot=0
[VND] PREPARE_PAIR slot=0
[VND] TX_SKIP busy/inflight tag=ADC0-ASY2
[VND] PREPARE_PAIR slot=0
[VND] PREPARE_PAIR slot=0
[VND] TX_SKIP busy/inflight tag=ADC0-ASY2
[VND] PREPARE_PAIR slot=0
[VND] PREPARE_PAIR slot=0
[VND] TX_SKIP busy/inflight tag=ADC0-ASY2
[VND] PREPARE_PAIR slot=0
[VND] PREPARE_PAIR slot=0
[VND] TX_SKIP busy/inflight tag=ADC0-ASY2
[VND] PREPARE_PAIR slot=0
[VND] PREPARE_PAIR slot=0
[VND] TX_SKIP busy/inflight tag=ADC0-ASY2
[VND] PREPARE_PAIR slot=0
[VND] PREPARE_PAIR slot=0
[VND] TX_SKIP busy/inflight tag=ADC0-ASY2
[VND] PREPARE_PAIR slot=0
[VND] PREPARE_PAIR slot=0
[VND] TX_SKIP busy/inflight tag=ADC0-ASY2
[VND] PREPARE_PAIR slot=0
[VND] PREPARE_PAIR slot=0
[VND] TX_SKIP busy/inflight tag=ADC0-ASY2
[VND] PREPARE_PAIR slot=0
[VND] PREPARE_PAIR slot=0
[VND] TX_SKIP busy/inflight tag=ADC0-ASY2
[VND] PREPARE_PAIR slot=0
[VND] PREPARE_PAIR slot=0
[VND] TX_SKIP busy/inflight tag=ADC0-ASY2
[VND] PREPARE_PAIR slot=0
[VND] PREPARE_PAIR slot=0
[VND] TX_SKIP busy/inflight tag=ADC0-ASY2
[VND] PREPARE_PAIR slot=0
[VND] PREPARE_PAIR slot=0
[VND] TX_SKIP busy/inflight tag=ADC0-ASY2
[VND] PREPARE_PAIR slot=0
[VND] PREPARE_PAIR slot=0
[VND] TX_SKIP busy/inflight tag=ADC0-ASY2
[VND] PREPARE_PAIR slot=0
[VND] PREPARE_PAIR slot=0
[VND] TX_SKIP busy/inflight tag=ADC0-ASY2
[VND] PREPARE_PAIR slot=0
[VND] PREPARE_PAIR slot=0
[VND] TX_SKIP busy/inflight tag=ADC0-ASY2
[VND] PREPARE_PAIR slot=0
[VND] PREPARE_PAIR slot=0
[VND] TX_SKIP busy/inflight tag=ADC0-ASY2
[VND] PREPARE_PAIR slot=0
[VND] PREPARE_PAIR slot=0
[VND] TX_SKIP busy/inflight tag=ADC0-ASY2
[VND] PREPARE_PAIR slot=0
[VND] PREPARE_PAIR slot=0
[VND] TX_SKIP busy/inflight tag=ADC0-ASY2
[VND] PREPARE_PAIR slot=0
[VND] PREPARE_PAIR slot=0
[VND] TX_SKIP busy/inflight tag=ADC0-ASY2
[VND] PREPARE_PAIR slot=0
[VND] PREPARE_PAIR slot=0
[VND] TX_SKIP busy/inflight tag=ADC0-ASY2
[VND] PREPARE_PAIR slot=0
[VND] PREPARE_PAIR slot=0
[VND] TX_SKIP busy/inflight tag=ADC0-ASY2
[VND] PREPARE_PAIR slot=0
[VND] PREPARE_PAIR slot=0
[VND] TX_SKIP busy/inflight tag=ADC0-ASY2
[VND] PREPARE_PAIR slot=0
[VND] PREPARE_PAIR slot=0
[VND] TX_SKIP busy/inflight tag=ADC0-ASY2
[VND] PREPARE_PAIR slot=0
[VND] PREPARE_PAIR slot=0
[VND] TX_SKIP busy/inflight tag=ADC0-ASY2
[VND] PREPARE_PAIR slot=0
[VND] PREPARE_PAIR slot=0
[VND] TX_SKIP busy/inflight tag=ADC0-ASY2
[VND] PREPARE_PAIR slot=0
[VND] PREPARE_PAIR slot=0
[VND] TX_SKIP busy/inflight tag=ADC0-ASY2
[VND] PREPARE_PAIR slot=0
[VND] PREPARE_PAIR slot=0
[VND] TX_SKIP busy/inflight tag=ADC0-ASY2
[VND] PREPARE_PAIR slot=0
[VND] PREPARE_PAIR slot=0
[VND] TX_SKIP busy/inflight tag=ADC0-ASY2
[VND] PREPARE_PAIR slot=0
[VND] PREPARE_PAIR slot=0
[VND] TX_SKIP busy/inflight tag=ADC0-ASY2
[VND] PREPARE_PAIR slot=0
[VND] PREPARE_PAIR slot=0
[VND] TX_SKIP busy/inflight tag=ADC0-ASY2
[VND] PREPARE_PAIR slot=0
[VND] PREPARE_PAIR slot=0
[VND] TX_SKIP busy/inflight tag=ADC0-ASY2
[VND] PREPARE_PAIR slot=0
[VND] PREPARE_PAIR slot=0
[VND] TX_SKIP busy/inflight tag=ADC0-ASY2
[VND] PREPARE_PAIR slot=0
[VND] PREPARE_PAIR slot=0
[VND] TX_SKIP busy/inflight tag=ADC0-ASY2
[VND] PREPARE_PAIR slot=0
[VND] PREPARE_PAIR slot=0
[VND] TX_SKIP busy/inflight tag=ADC0-ASY2
[VND] PREPARE_PAIR slot=0
[VND] PREPARE_PAIR slot=0
[VND] TX_SKIP busy/inflight tag=ADC0-ASY2
[VND] PREPARE_PAIR slot=0
[VND] PREPARE_PAIR slot=0
[VND] TX_SKIP busy/inflight tag=ADC0-ASY2
[VND] PREPARE_PAIR slot=0
[VND] PREPARE_PAIR slot=0
[VND] TX_SKIP busy/inflight tag=ADC0-ASY2
[VND] PREPARE_PAIR slot=0
[VND] PREPARE_PAIR slot=0
[VND] TX_SKIP busy/inflight tag=ADC0-ASY2
[VND] PREPARE_PAIR slot=0
[VND] PREPARE_PAIR slot=0
[VND] TX_SKIP busy/inflight tag=ADC0-ASY2
[VND] PREPARE_PAIR slot=0
[VND] PREPARE_PAIR slot=0
[VND] TX_SKIP busy/inflight tag=ADC0-ASY2
[VND] PREPARE_PAIR slot=0
[VND] PREPARE_PAIR slot=0
[VND] TX_SKIP busy/inflight tag=ADC0-ASY2
[VND] PREPARE_PAIR slot=0
[VND] PREPARE_PAIR slot=0
[VND] TX_SKIP busy/inflight tag=ADC0-ASY2
[VND] PREPARE_PAIR slot=0
[VND] PREPARE_PAIR slot=0
[VND] TX_SKIP busy/inflight tag=ADC0-ASY2
[VND] PREPARE_PAIR slot=0
[VND] PREPARE_PAIR slot=0
[VND] TX_SKIP busy/inflight tag=ADC0-ASY2
[VND] PREPARE_PAIR slot=0
[VND] PREPARE_PAIR slot=0
[VND] TX_SKIP busy/inflight tag=ADC0-ASY2
[VND] PREPARE_PAIR slot=0
[VND] PREPARE_PAIR slot=0
[VND] TX_SKIP busy/inflight tag=ADC0-ASY2
[VND] PREPARE_PAIR slot=0
[VND] PREPARE_PAIR slot=0
[VND] TX_SKIP busy/inflight tag=ADC0-ASY2
[VND] PREPARE_PAIR slot=0
[VND] PREPARE_PAIR slot=0
[VND] TX_SKIP busy/inflight tag=ADC0-ASY2
[VND] PREPARE_PAIR slot=0
[VND] PREPARE_PAIR slot=0
[VND] TX_SKIP busy/inflight tag=ADC0-ASY2
[VND] PREPARE_PAIR slot=0
[VND] PREPARE_PAIR slot=0
[VND] TX_SKIP busy/inflight tag=ADC0-ASY2
[VND] PREPARE_PAIR slot=0
[VND] PREPARE_PAIR slot=0
[VND] TX_SKIP busy/inflight tag=ADC0-ASY2
[VND] PREPARE_PAIR slot=0
[VND] PREPARE_PAIR slot=0
[VND] TX_SKIP busy/inflight tag=ADC0-ASY2
[VND] PREPARE_PAIR slot=0
[VND] PREPARE_PAIR slot=0
[VND] TX_SKIP busy/inflight tag=ADC0-ASY2
[VND] PREPARE_PAIR slot=0
[VND] PREPARE_PAIR slot=0
[VND] TX_SKIP busy/inflight tag=ADC0-ASY2
[VND] PREPARE_PAIR slot=0
[VND] PREPARE_PAIR slot=0
[VND] TX_SKIP busy/inflight tag=ADC0-ASY2
[VND] PREPARE_PAIR slot=0
[VND] PREPARE_PAIR slot=0
[VND] TX_SKIP busy/inflight tag=ADC0-ASY2
[VND] PREPARE_PAIR slot=0
[VND] PREPARE_PAIR slot=0
[VND] TX_SKIP busy/inflight tag=ADC0-ASY2
[VND] PREPARE_PAIR slot=0
[VND] PREPARE_PAIR slot=0
[VND] TX_SKIP busy/inflight tag=ADC0-ASY2
[VND] PREPARE_PAIR slot=0
[VND] PREPARE_PAIR slot=0
[VND] TX_SKIP busy/inflight tag=ADC0-ASY2
[VND] PREPARE_PAIR slot=0
[VND] PREPARE_PAIR slot=0
[VND] TX_SKIP busy/inflight tag=ADC0-ASY2
[VND] PREPARE_PAIR slot=0
[VND] PREPARE_PAIR slot=0
[VND] TX_SKIP busy/inflight tag=ADC0-ASY2
[VND] PREPARE_PAIR slot=0
[VND] PREPARE_PAIR slot=0
[VND] TX_SKIP busy/inflight tag=ADC0-ASY2
[VND] PREPARE_PAIR slot=0
[VND] PREPARE_PAIR slot=0
[VND] TX_SKIP busy/inflight tag=ADC0-ASY2
[VND] PREPARE_PAIR slot=0
[VND] PREPARE_PAIR slot=0
[VND] TX_SKIP busy/inflight tag=ADC0-ASY2
[VND] PREPARE_PAIR slot=0
[VND] PREPARE_PAIR slot=0
[VND] TX_SKIP busy/inflight tag=ADC0-ASY2
[VND] PREPARE_PAIR slot=0
[VND] PREPARE_PAIR slot=0
[VND] TX_SKIP busy/inflight tag=ADC0-ASY2
[VND] PREPARE_PAIR slot=0
[VND] PREPARE_PAIR slot=0
[VND] TX_SKIP busy/inflight tag=ADC0-ASY2
[VND] PREPARE_PAIR slot=0
[VND] PREPARE_PAIR slot=0
[VND] TX_SKIP busy/inflight tag=ADC0-ASY2
[VND] PREPARE_PAIR slot=0
[VND] PREPARE_PAIR slot=0
[VND] TX_SKIP busy/inflight tag=ADC0-ASY2
[VND] PREPARE_PAIR slot=0
[VND] PREPARE_PAIR slot=0
[VND] TX_SKIP busy/inflight tag=ADC0-ASY2
[VND] PREPARE_PAIR slot=0
[VND] PREPARE_PAIR slot=0
[VND] TX_SKIP busy/inflight tag=ADC0-ASY2
[VND] PREPARE_PAIR slot=0
[VND] PREPARE_PAIR slot=0
[VND] TX_SKIP busy/inflight tag=ADC0-ASY2
[VND] PREPARE_PAIR slot=0
[VND] PREPARE_PAIR slot=0
[VND] TX_SKIP busy/inflight tag=ADC0-ASY2
[VND] PREPARE_PAIR slot=0
[VND] PREPARE_PAIR slot=0
[VND] TX_SKIP busy/inflight tag=ADC0-ASY2
[VND] PREPARE_PAIR slot=0
[VND] PREPARE_PAIR slot=0
[VND] TX_SKIP busy/inflight tag=ADC0-ASY2
[VND] PREPARE_PAIR slot=0
[VND] PREPARE_PAIR slot=0
[VND] TX_SKIP busy/inflight tag=ADC0-ASY2
[VND] PREPARE_PAIR slot=0
[VND] PREPARE_PAIR slot=0
[VND] TX_SKIP busy/inflight tag=ADC0-ASY2
[VND] PREPARE_PAIR slot=0
[VND] PREPARE_PAIR slot=0
[VND] TX_SKIP busy/inflight tag=ADC0-ASY2
[VND] PREPARE_PAIR slot=0
[VND] PREPARE_PAIR slot=0
[VND] TX_SKIP busy/inflight tag=ADC0-ASY2
[VND] PREPARE_PAIR slot=0
[VND] PREPARE_PAIR slot=0
[VND] TX_SKIP busy/inflight tag=ADC0-ASY2
[VND] PREPARE_PAIR slot=0
[VND] PREPARE_PAIR slot=0
[VND] TX_SKIP busy/inflight tag=ADC0-ASY2
[VND] PREPARE_PAIR slot=0
[VND] PREPARE_PAIR slot=0
[VND] TX_SKIP busy/inflight tag=ADC0-ASY2
[VND] PREPARE_PAIR slot=0
[VND] PREPARE_PAIR slot=0
[VND] TX_SKIP busy/inflight tag=ADC0-ASY2
[VND] PREPARE_PAIR slot=0
[VND] PREPARE_PAIR slot=0
[VND] TX_SKIP busy/inflight tag=ADC0-ASY2
[VND] PREPARE_PAIR slot=0
[VND] PREPARE_PAIR slot=0
[VND] TX_SKIP busy/inflight tag=ADC0-ASY2
[VND] PREPARE_PAIR slot=0
[VND] PREPARE_PAIR slot=0
[VND] TX_SKIP busy/inflight tag=ADC0-ASY2
[VND] PREPARE_PAIR slot=0
[VND] PREPARE_PAIR slot=0
[VND] TX_SKIP busy/inflight tag=ADC0-ASY2
[VND] PREPARE_PAIR slot=0
[VND] PREPARE_PAIR slot=0
[VND] TX_SKIP busy/inflight tag=ADC0-ASY2
[VND] PREPARE_PAIR slot=0
[VND] PREPARE_PAIR slot=0
[VND] TX_SKIP busy/inflight tag=ADC0-ASY2
[VND] PREPARE_PAIR slot=0
[VND] PREPARE_PAIR slot=0
[VND] TX_SKIP busy/inflight tag=ADC0-ASY2
[VND] PREPARE_PAIR slot=0
[VND] PREPARE_PAIR slot=0
[VND] TX_SKIP busy/inflight tag=ADC0-ASY2
[VND] PREPARE_PAIR slot=0
[VND] PREPARE_PAIR slot=0
[VND] TX_SKIP busy/inflight tag=ADC0-ASY2
[VND] PREPARE_PAIR slot=0
[VND] PREPARE_PAIR slot=0
[VND] TX_SKIP busy/inflight tag=ADC0-ASY2
[VND] PREPARE_PAIR slot=0
[VND] PREPARE_PAIR slot=0
[VND] TX_SKIP busy/inflight tag=ADC0-ASY2
[VND] PREPARE_PAIR slot=0
[VND] PREPARE_PAIR slot=0
[VND] TX_SKIP busy/inflight tag=ADC0-ASY2
[VND] PREPARE_PAIR slot=0
[VND] PREPARE_PAIR slot=0
[VND] TX_SKIP busy/inflight tag=ADC0-ASY2
[VND] PREPARE_PAIR slot=0
[VND] PREPARE_PAIR slot=0
[VND] TX_SKIP busy/inflight tag=ADC0-ASY2
[VND] PREPARE_PAIR slot=0
[VND] PREPARE_PAIR slot=0
[VND] TX_SKIP busy/inflight tag=ADC0-ASY2
[VND] PREPARE_PAIR slot=0
[VND] PREPARE_PAIR slot=0
[VND] TX_SKIP busy/inflight tag=ADC0-ASY2
[VND] PREPARE_PAIR slot=0
[VND] PREPARE_PAIR slot=0
[VND] TX_SKIP busy/inflight tag=ADC0-ASY2
[VND] PREPARE_PAIR slot=0
[VND] PREPARE_PAIR slot=0
[VND] TX_SKIP busy/inflight tag=ADC0-ASY2
[VND] PREPARE_PAIR slot=0
[VND] PREPARE_PAIR slot=0
[VND] TX_SKIP busy/inflight tag=ADC0-ASY2
[VND] PREPARE_PAIR slot=0
[VND] PREPARE_PAIR slot=0
[VND] TX_SKIP busy/inflight tag=ADC0-ASY2
[VND] PREPARE_PAIR slot=0
[VND] PREPARE_PAIR slot=0
[VND] TX_SKIP busy/inflight tag=ADC0-ASY2
[VND] PREPARE_PAIR slot=0
[VND] PREPARE_PAIR slot=0
[VND] TX_SKIP busy/inflight tag=ADC0-ASY2
[VND] PREPARE_PAIR slot=0
[VND] PREPARE_PAIR slot=0
[VND] TX_SKIP busy/inflight tag=ADC0-ASY2
[VND] PREPARE_PAIR slot=0
[VND] PREPARE_PAIR slot=0
[VND] TX_SKIP busy/inflight tag=ADC0-ASY2
[VND] PREPARE_PAIR slot=0
[VND] PREPARE_PAIR slot=0
[VND] TX_SKIP busy/inflight tag=ADC0-ASY2
[VND] PREPARE_PAIR slot=0
[VND] PREPARE_PAIR slot=0
[VND] TX_SKIP busy/inflight tag=ADC0-ASY2
[VND] PREPARE_PAIR slot=0
[VND] PREPARE_PAIR slot=0
[VND] TX_SKIP busy/inflight tag=ADC0-ASY2
[VND] PREPARE_PAIR slot=0
[VND] PREPARE_PAIR slot=0
[VND] TX_SKIP busy/inflight tag=ADC0-ASY2
[VND] PREPARE_PAIR slot=0
[VND] PREPARE_PAIR slot=0
[VND] TX_SKIP busy/inflight tag=ADC0-ASY2
[VND] PREPARE_PAIR slot=0
[VND] PREPARE_PAIR slot=0
[VND] TX_SKIP busy/inflight tag=ADC0-ASY2
[VND] PREPARE_PAIR slot=0
[VND] PREPARE_PAIR slot=0
[VND] TX_SKIP busy/inflight tag=ADC0-ASY2
[VND] PREPARE_PAIR slot=0
[VND] PREPARE_PAIR slot=0
[VND] TX_SKIP busy/inflight tag=ADC0-ASY2
[VND] PREPARE_PAIR slot=0
[VND] PREPARE_PAIR slot=0
[VND] TX_SKIP busy/inflight tag=ADC0-ASY2
[VND] PREPARE_PAIR slot=0
[VND] PREPARE_PAIR slot=0
[VND] TX_SKIP busy/inflight tag=ADC0-ASY2
[VND] PREPARE_PAIR slot=0
[VND] PREPARE_PAIR slot=0
[VND] TX_SKIP busy/inflight tag=ADC0-ASY2
[VND] PREPARE_PAIR slot=0
[VND] PREPARE_PAIR slot=0
[VND] TX_SKIP busy/inflight tag=ADC0-ASY2
[VND] PREPARE_PAIR slot=0
[VND] PREPARE_PAIR slot=0
[VND] TX_SKIP busy/inflight tag=ADC0-ASY2
[VND] PREPARE_PAIR slot=0
[VND] PREPARE_PAIR slot=0
[VND] TX_SKIP busy/inflight tag=ADC0-ASY2
[VND] PREPARE_PAIR slot=0
[VND] PREPARE_PAIR slot=0
[VND] TX_SKIP busy/inflight tag=ADC0-ASY2
[VND] PREPARE_PAIR slot=0
[VND] PREPARE_PAIR slot=0
[VND] TX_SKIP busy/inflight tag=ADC0-ASY2
[VND] PREPARE_PAIR slot=0
[VND] PREPARE_PAIR slot=0
[VND] TX_SKIP busy/inflight tag=ADC0-ASY2
[VND] PREPARE_PAIR slot=0
[VND] PREPARE_PAIR slot=0
[VND] TX_SKIP busy/inflight tag=ADC0-ASY2
[VND] PREPARE_PAIR slot=0
[VND] PREPARE_PAIR slot=0
[VND] TX_SKIP busy/inflight tag=ADC0-ASY2
[VND] PREPARE_PAIR slot=0
[VND] PREPARE_PAIR slot=0
[VND] TX_SKIP busy/inflight tag=ADC0-ASY2
[VND] PREPARE_PAIR slot=0
[VND] PREPARE_PAIR slot=0
[VND] TX_SKIP busy/inflight tag=ADC0-ASY2
[VND] PREPARE_PAIR slot=0
[VND] PREPARE_PAIR slot=0
[VND] TX_SKIP busy/inflight tag=ADC0-ASY2
[VND] PREPARE_PAIR slot=0
[VND] PREPARE_PAIR slot=0
[VND] TX_SKIP busy/inflight tag=ADC0-ASY2
[VND] PREPARE_PAIR slot=0
[VND] PREPARE_PAIR slot=0
[VND] TX_SKIP busy/inflight tag=ADC0-ASY2
[VND] PREPARE_PAIR slot=0
[VND] PREPARE_PAIR slot=0
[VND] TX_SKIP busy/inflight tag=ADC0-ASY2
[VND] PREPARE_PAIR slot=0
[VND] PREPARE_PAIR slot=0
[VND] TX_SKIP busy/inflight tag=ADC0-ASY2
[VND] PREPARE_PAIR slot=0
[VND] PREPARE_PAIR slot=0
[VND] TX_SKIP busy/inflight tag=ADC0-ASY2
[VND] PREPARE_PAIR slot=0
[VND] PREPARE_PAIR slot=0
[VND] TX_SKIP busy/inflight tag=ADC0-ASY2
[VND] PREPARE_PAIR slot=0
[VND] PREPARE_PAIR slot=0
[VND] TX_SKIP busy/inflight tag=ADC0-ASY2
[VND] PREPARE_PAIR slot=0
[VND] PREPARE_PAIR slot=0
[VND] TX_SKIP busy/inflight tag=ADC0-ASY2
[VND] PREPARE_PAIR slot=0
[VND] PREPARE_PAIR slot=0
[VND] TX_SKIP busy/inflight tag=ADC0-ASY2
[VND] PREPARE_PAIR slot=0
[VND] PREPARE_PAIR slot=0
[VND] TX_SKIP busy/inflight tag=ADC0-ASY2
[VND] PREPARE_PAIR slot=0
[VND] PREPARE_PAIR slot=0
[VND] TX_SKIP busy/inflight tag=ADC0-ASY2
[VND] PREPARE_PAIR slot=0
[VND] PREPARE_PAIR slot=0
[VND] TX_SKIP busy/inflight tag=ADC0-ASY2
[VND] PREPARE_PAIR slot=0
[VND] PREPARE_PAIR slot=0
[VND] TX_SKIP busy/inflight tag=ADC0-ASY2
[VND] PREPARE_PAIR slot=0
[VND] PREPARE_PAIR slot=0
[VND] TX_SKIP busy/inflight tag=ADC0-ASY2
[VND] PREPARE_PAIR slot=0
[VND] PREPARE_PAIR slot=0
[VND] TX_SKIP busy/inflight tag=ADC0-ASY2
[VND] PREPARE_PAIR slot=0
[VND] PREPARE_PAIR slot=0
[VND] TX_SKIP busy/inflight tag=ADC0-ASY2
[VND] PREPARE_PAIR slot=0
[VND] PREPARE_PAIR slot=0
[VND] TX_SKIP busy/inflight tag=ADC0-ASY2
[VND] PREPARE_PAIR slot=0
[VND] PREPARE_PAIR slot=0
[VND] TX_SKIP busy/inflight tag=ADC0-ASY2
[VND] PREPARE_PAIR slot=0
[VND] PREPARE_PAIR slot=0
[VND] TX_SKIP busy/inflight tag=ADC0-ASY2
[VND] PREPARE_PAIR slot=0
[VND] PREPARE_PAIR slot=0
[VND] TX_SKIP busy/inflight tag=ADC0-ASY2
[VND] PREPARE_PAIR slot=0
[VND] PREPARE_PAIR slot=0
[VND] TX_SKIP busy/inflight tag=ADC0-ASY2
[VND] PREPARE_PAIR slot=0
[VND] PREPARE_PAIR slot=0
[VND] TX_SKIP busy/inflight tag=ADC0-ASY2
[VND] PREPARE_PAIR slot=0
[VND] PREPARE_PAIR slot=0
[VND] TX_SKIP busy/inflight tag=ADC0-ASY2
[VND] PREPARE_PAIR slot=0
[VND] PREPARE_PAIR slot=0
[VND] TX_SKIP busy/inflight tag=ADC0-ASY2
[VND] PREPARE_PAIR slot=0
[VND] PREPARE_PAIR slot=0
[VND] TX_SKIP busy/inflight tag=ADC0-ASY2
[VND] PREPARE_PAIR slot=0
[VND] PREPARE_PAIR slot=0
[VND] TX_SKIP busy/inflight tag=ADC0-ASY2
[VND] PREPARE_PAIR slot=0
[VND] PREPARE_PAIR slot=0
[VND] TX_SKIP busy/inflight tag=ADC0-ASY2
[VND] PREPARE_PAIR slot=0
[VND] PREPARE_PAIR slot=0
[VND] TX_SKIP busy/inflight tag=ADC0-ASY2
[VND] PREPARE_PAIR slot=0
[VND] PREPARE_PAIR slot=0
[VND] TX_SKIP busy/inflight tag=ADC0-ASY2
[VND] PREPARE_PAIR slot=0
[VND] PREPARE_PAIR slot=0
[VND] TX_SKIP busy/inflight tag=ADC0-ASY2
[VND] PREPARE_PAIR slot=0
[VND] PREPARE_PAIR slot=0
[VND] TX_SKIP busy/inflight tag=ADC0-ASY2
[VND] PREPARE_PAIR slot=0
[VND] PREPARE_PAIR slot=0
[VND] TX_SKIP busy/inflight tag=ADC0-ASY2
[VND] PREPARE_PAIR slot=0
[VND] PREPARE_PAIR slot=0
[VND] TX_SKIP busy/inflight tag=ADC0-ASY2
[VND] PREPARE_PAIR slot=0
[VND] PREPARE_PAIR slot=0
[VND] TX_SKIP busy/inflight tag=ADC0-ASY2
[VND] PREPARE_PAIR slot=0
[VND] PREPARE_PAIR slot=0
[VND] TX_SKIP busy/inflight tag=ADC0-ASY2
[VND] PREPARE_PAIR slot=0
[VND] PREPARE_PAIR slot=0
[VND] TX_SKIP busy/inflight tag=ADC0-ASY2
[VND] PREPARE_PAIR slot=0
[VND] PREPARE_PAIR slot=0
[VND] TX_SKIP busy/inflight tag=ADC0-ASY2
[VND] PREPARE_PAIR slot=0
[VND] PREPARE_PAIR slot=0
[VND] TX_SKIP busy/inflight tag=ADC0-ASY2
[VND] PREPARE_PAIR slot=0
[VND] PREPARE_PAIR slot=0
[VND] TX_SKIP busy/inflight tag=ADC0-ASY2
[VND] PREPARE_PAIR slot=0
[VND] PREPARE_PAIR slot=0
[VND] TX_SKIP busy/inflight tag=ADC0-ASY2
[VND] PREPARE_PAIR slot=0
[VND] PREPARE_PAIR slot=0
[VND] TX_SKIP busy/inflight tag=ADC0-ASY2
[VND] PREPARE_PAIR slot=0
[VND] PREPARE_PAIR slot=0
[VND] TX_SKIP busy/inflight tag=ADC0-ASY2
[VND] PREPARE_PAIR slot=0
[VND] PREPARE_PAIR slot=0
[VND] TX_SKIP busy/inflight tag=ADC0-ASY2
[VND] PREPARE_PAIR slot=0
[VND] PREPARE_PAIR slot=0
[VND] TX_SKIP busy/inflight tag=ADC0-ASY2
[VND] PREPARE_PAIR slot=0
[VND] PREPARE_PAIR slot=0
[VND] TX_SKIP busy/inflight tag=ADC0-ASY2
[VND] PREPARE_PAIR slot=0
[VND] PREPARE_PAIR slot=0
[VND] TX_SKIP busy/inflight tag=ADC0-ASY2
[VND] PREPARE_PAIR slot=0
[VND] PREPARE_PAIR slot=0
[VND] TX_SKIP busy/inflight tag=ADC0-ASY2
[VND] PREPARE_PAIR slot=0
[VND] PREPARE_PAIR slot=0
[VND] TX_SKIP busy/inflight tag=ADC0-ASY2
[VND] PREPARE_PAIR slot=0
[VND] PREPARE_PAIR slot=0
[VND] TX_SKIP busy/inflight tag=ADC0-ASY2
[VND] PREPARE_PAIR slot=0
[VND] PREPARE_PAIR slot=0
[VND] TX_SKIP busy/inflight tag=ADC0-ASY2
[VND] PREPARE_PAIR slot=0
[VND] PREPARE_PAIR slot=0
[VND] TX_SKIP busy/inflight tag=ADC0-ASY2
[VND] PREPARE_PAIR slot=0
[VND] PREPARE_PAIR slot=0
[VND] TX_SKIP busy/inflight tag=ADC0-ASY2
[VND] PREPARE_PAIR slot=0
[VND] PREPARE_PAIR slot=0
[VND] TX_SKIP busy/inflight tag=ADC0-ASY2
[VND] PREPARE_PAIR slot=0
[VND] PREPARE_PAIR slot=0
[VND] TX_SKIP busy/inflight tag=ADC0-ASY2
[VND] PREPARE_PAIR slot=0
[VND] PREPARE_PAIR slot=0
[VND] TX_SKIP busy/inflight tag=ADC0-ASY2
[VND] PREPARE_PAIR slot=0
[VND] PREPARE_PAIR slot=0
[VND] TX_SKIP busy/inflight tag=ADC0-ASY2
[VND] PREPARE_PAIR slot=0
[VND] PREPARE_PAIR slot=0
[VND] TX_SKIP busy/inflight tag=ADC0-ASY2
[VND] PREPARE_PAIR slot=0
[VND] PREPARE_PAIR slot=0
[VND] TX_SKIP busy/inflight tag=ADC0-ASY2
[VND] PREPARE_PAIR slot=0
[VND] PREPARE_PAIR slot=0
[VND] TX_SKIP busy/inflight tag=ADC0-ASY2
[VND] PREPARE_PAIR slot=0
[VND] PREPARE_PAIR slot=0
[VND] TX_SKIP busy/inflight tag=ADC0-ASY2
[VND] PREPARE_PAIR slot=0
[VND] PREPARE_PAIR slot=0
[VND] TX_SKIP busy/inflight tag=ADC0-ASY2
[VND] PREPARE_PAIR slot=0
[VND] PREPARE_PAIR slot=0
[VND] TX_SKIP busy/inflight tag=ADC0-ASY2
[VND] PREPARE_PAIR slot=0
[VND] PREPARE_PAIR slot=0
[VND] TX_SKIP busy/inflight tag=ADC0-ASY2
[VND] PREPARE_PAIR slot=0
[VND] PREPARE_PAIR slot=0
[VND] TX_SKIP busy/inflight tag=ADC0-ASY2
[VND] PREPARE_PAIR slot=0
[VND] PREPARE_PAIR slot=0
[VND] TX_SKIP busy/inflight tag=ADC0-ASY2
[VND] PREPARE_PAIR slot=0
[VND] PREPARE_PAIR slot=0
[VND] TX_SKIP busy/inflight tag=ADC0-ASY2
[VND] PREPARE_PAIR slot=0
[VND] PREPARE_PAIR slot=0
[VND] TX_SKIP busy/inflight tag=ADC0-ASY2
[VND] PREPARE_PAIR slot=0
[VND] PREPARE_PAIR slot=0
[VND] TX_SKIP busy/inflight tag=ADC0-ASY2
[VND] PREPARE_PAIR slot=0
[VND] PREPARE_PAIR slot=0
[VND] TX_SKIP busy/inflight tag=ADC0-ASY2
[VND] PREPARE_PAIR slot=0
[VND] PREPARE_PAIR slot=0
[VND] TX_SKIP busy/inflight tag=ADC0-ASY2
[VND] PREPARE_PAIR slot=0
[VND] PREPARE_PAIR slot=0
[VND] TX_SKIP busy/inflight tag=ADC0-ASY2
[VND] PREPARE_PAIR slot=0
[VND] PREPARE_PAIR slot=0
[VND] TX_SKIP busy/inflight tag=ADC0-ASY2
[VND] PREPARE_PAIR slot=0
[VND] PREPARE_PAIR slot=0
[VND] TX_SKIP busy/inflight tag=ADC0-ASY2
[VND] PREPARE_PAIR slot=0
[VND] PREPARE_PAIR slot=0
[VND] TX_SKIP busy/inflight tag=ADC0-ASY2
[VND] PREPARE_PAIR slot=0
[VND] PREPARE_PAIR slot=0
[VND] TX_SKIP busy/inflight tag=ADC0-ASY2
[VND] PREPARE_PAIR slot=0
[VND] PREPARE_PAIR slot=0
[VND] TX_SKIP busy/inflight tag=ADC0-ASY2
[VND] PREPARE_PAIR slot=0
[VND] PREPARE_PAIR slot=0
[VND] TX_SKIP busy/inflight tag=ADC0-ASY2
[VND] PREPARE_PAIR slot=0
[VND] PREPARE_PAIR slot=0
[VND] TX_SKIP busy/inflight tag=ADC0-ASY2
[VND] PREPARE_PAIR slot=0
[VND] PREPARE_PAIR slot=0
[VND] TX_SKIP busy/inflight tag=ADC0-ASY2
[VND] PREPARE_PAIR slot=0
[VND] PREPARE_PAIR slot=0
[VND] TX_SKIP busy/inflight tag=ADC0-ASY2
[VND] PREPARE_PAIR slot=0
[VND] PREPARE_PAIR slot=0
[VND] TX_SKIP busy/inflight tag=ADC0-ASY2
[VND] PREPARE_PAIR slot=0
[VND] PREPARE_PAIR slot=0
[VND] TX_SKIP busy/inflight tag=ADC0-ASY2
[VND] PREPARE_PAIR slot=0
[VND] PREPARE_PAIR slot=0
[VND] TX_SKIP busy/inflight tag=ADC0-ASY2
[VND] PREPARE_PAIR slot=0
[VND] PREPARE_PAIR slot=0
[VND] TX_SKIP busy/inflight tag=ADC0-ASY2
[VND] PREPARE_PAIR slot=0
[VND] PREPARE_PAIR slot=0
[VND] TX_SKIP busy/inflight tag=ADC0-ASY2
[VND] PREPARE_PAIR slot=0
[VND] PREPARE_PAIR slot=0
[VND] TX_SKIP busy/inflight tag=ADC0-ASY2
[VND] PREPARE_PAIR slot=0
[VND] PREPARE_PAIR slot=0
[VND] TX_SKIP busy/inflight tag=ADC0-ASY2
[VND] PREPARE_PAIR slot=0
[VND] PREPARE_PAIR slot=0
[VND] TX_SKIP busy/inflight tag=ADC0-ASY2
[VND] PREPARE_PAIR slot=0
[VND] PREPARE_PAIR slot=0
[VND] TX_SKIP busy/inflight tag=ADC0-ASY2
[VND] PREPARE_PAIR slot=0
[VND] PREPARE_PAIR slot=0
[VND] TX_SKIP busy/inflight tag=ADC0-ASY2
[VND] PREPARE_PAIR slot=0
[VND] PREPARE_PAIR slot=0
[VND] TX_SKIP busy/inflight tag=ADC0-ASY2
[VND] PREPARE_PAIR slot=0
[VND] PREPARE_PAIR slot=0
[VND] TX_SKIP busy/inflight tag=ADC0-ASY2
[VND] PREPARE_PAIR slot=0
[VND] PREPARE_PAIR slot=0
[VND] TX_SKIP busy/inflight tag=ADC0-ASY2
[VND] PREPARE_PAIR slot=0
[VND] PREPARE_PAIR slot=0
[VND] TX_SKIP busy/inflight tag=ADC0-ASY2
[VND] PREPARE_PAIR slot=0
[VND] PREPARE_PAIR slot=0
[VND] TX_SKIP busy/inflight tag=ADC0-ASY2
[VND] PREPARE_PAIR slot=0
[VND] PREPARE_PAIR slot=0
[VND] TX_SKIP busy/inflight tag=ADC0-ASY2
[VND] PREPARE_PAIR slot=0
[VND] PREPARE_PAIR slot=0
[VND] TX_SKIP busy/inflight tag=ADC0-ASY2
[VND] PREPARE_PAIR slot=0
[VND] PREPARE_PAIR slot=0
[VND] TX_SKIP busy/inflight tag=ADC0-ASY2
[VND] PREPARE_PAIR slot=0
[VND] PREPARE_PAIR slot=0
[VND] TX_SKIP busy/inflight tag=ADC0-ASY2
[VND] PREPARE_PAIR slot=0
[VND] PREPARE_PAIR slot=0
[VND] TX_SKIP busy/inflight tag=ADC0-ASY2
[VND] PREPARE_PAIR slot=0
[VND] PREPARE_PAIR slot=0
[VND] TX_SKIP busy/inflight tag=ADC0-ASY2
[VND] PREPARE_PAIR slot=0
[VND] PREPARE_PAIR slot=0
[VND] TX_SKIP busy/inflight tag=ADC0-ASY2
[VND] PREPARE_PAIR slot=0
[VND] PREPARE_PAIR slot=0
[VND] TX_SKIP busy/inflight tag=ADC0-ASY2
[VND] PREPARE_PAIR slot=0
[VND] PREPARE_PAIR slot=0
[VND] TX_SKIP busy/inflight tag=ADC0-ASY2
[VND] PREPARE_PAIR slot=0
[VND] PREPARE_PAIR slot=0
[VND] TX_SKIP busy/inflight tag=ADC0-ASY2
[VND] PREPARE_PAIR slot=0
[VND] PREPARE_PAIR slot=0
[VND] TX_SKIP busy/inflight tag=ADC0-ASY2
[VND] PREPARE_PAIR slot=0
[VND] PREPARE_PAIR slot=0
[VND] TX_SKIP busy/inflight tag=ADC0-ASY2
[VND] PREPARE_PAIR slot=0
[VND] PREPARE_PAIR slot=0
[VND] TX_SKIP busy/inflight tag=ADC0-ASY2
[VND] PREPARE_PAIR slot=0
[VND] PREPARE_PAIR slot=0
[VND] TX_SKIP busy/inflight tag=ADC0-ASY2
[VND] PREPARE_PAIR slot=0
[VND] PREPARE_PAIR slot=0
[VND] TX_SKIP busy/inflight tag=ADC0-ASY2
[VND] PREPARE_PAIR slot=0
[VND] PREPARE_PAIR slot=0
[VND] TX_SKIP busy/inflight tag=ADC0-ASY2
[VND] PREPARE_PAIR slot=0
[VND] PREPARE_PAIR slot=0
[VND] TX_SKIP busy/inflight tag=ADC0-ASY2
[VND] PREPARE_PAIR slot=0
[VND] PREPARE_PAIR slot=0
[VND] TX_SKIP busy/inflight tag=ADC0-ASY2
[VND] PREPARE_PAIR slot=0
[VND] PREPARE_PAIR slot=0
[VND] TX_SKIP busy/inflight tag=ADC0-ASY2
[VND] PREPARE_PAIR slot=0
[VND] PREPARE_PAIR slot=0
[VND] TX_SKIP busy/inflight tag=ADC0-ASY2
[VND] PREPARE_PAIR slot=0
[VND] PREPARE_PAIR slot=0
[VND] TX_SKIP busy/inflight tag=ADC0-ASY2
[VND] PREPARE_PAIR slot=0
[VND] PREPARE_PAIR slot=0
[VND] TX_SKIP busy/inflight tag=ADC0-ASY2
[VND] PREPARE_PAIR slot=0
[VND] PREPARE_PAIR slot=0
[VND] TX_SKIP busy/inflight tag=ADC0-ASY2
[VND] PREPARE_PAIR slot=0
[VND] PREPARE_PAIR slot=0
[VND] TX_SKIP busy/inflight tag=ADC0-ASY2
[VND] PREPARE_PAIR slot=0
[VND] PREPARE_PAIR slot=0
[VND] TX_SKIP busy/inflight tag=ADC0-ASY2
[VND] PREPARE_PAIR slot=0
[VND] PREPARE_PAIR slot=0
[VND] TX_SKIP busy/inflight tag=ADC0-ASY2
[VND] PREPARE_PAIR slot=0
[VND] PREPARE_PAIR slot=0
[VND] TX_SKIP busy/inflight tag=ADC0-ASY2
[VND] PREPARE_PAIR slot=0
[VND] PREPARE_PAIR slot=0
[VND] TX_SKIP busy/inflight tag=ADC0-ASY2
[VND] PREPARE_PAIR slot=0
[VND] PREPARE_PAIR slot=0
[VND] TX_SKIP busy/inflight tag=ADC0-ASY2
[VND] PREPARE_PAIR slot=0
[VND] PREPARE_PAIR slot=0
[VND] TX_SKIP busy/inflight tag=ADC0-ASY2
[VND] PREPARE_PAIR slot=0
[VND] PREPARE_PAIR slot=0
[VND] TX_SKIP busy/inflight tag=ADC0-ASY2
[VND] PREPARE_PAIR slot=0
[VND] PREPARE_PAIR slot=0
[VND] TX_SKIP busy/inflight tag=ADC0-ASY2
[VND] PREPARE_PAIR slot=0
[VND] PREPARE_PAIR slot=0
[VND] TX_SKIP busy/inflight tag=ADC0-ASY2
[VND] PREPARE_PAIR slot=0
[VND] PREPARE_PAIR slot=0
[VND] TX_SKIP busy/inflight tag=ADC0-ASY2
[VND] PREPARE_PAIR slot=0
[VND] PREPARE_PAIR slot=0
[VND] TX_SKIP busy/inflight tag=ADC0-ASY2
[VND] PREPARE_PAIR slot=0
[VND] PREPARE_PAIR slot=0
[VND] TX_SKIP busy/inflight tag=ADC0-ASY2
[VND] PREPARE_PAIR slot=0
[VND] PREPARE_PAIR slot=0
[VND] TX_SKIP busy/inflight tag=ADC0-ASY2
[VND] PREPARE_PAIR slot=0
[VND] PREPARE_PAIR slot=0
[VND] TX_SKIP busy/inflight tag=ADC0-ASY2
[VND] PREPARE_PAIR slot=0
[VND] PREPARE_PAIR slot=0
[VND] TX_SKIP busy/inflight tag=ADC0-ASY2
[VND] PREPARE_PAIR slot=0
[VND] PREPARE_PAIR slot=0
[VND] TX_SKIP busy/inflight tag=ADC0-ASY2
[VND] PREPARE_PAIR slot=0
[VND] PREPARE_PAIR slot=0
[VND] TX_SKIP busy/inflight tag=ADC0-ASY2
[VND] PREPARE_PAIR slot=0
[VND] PREPARE_PAIR slot=0
[VND] TX_SKIP busy/inflight tag=ADC0-ASY2
[VND] PREPARE_PAIR slot=0
[VND] PREPARE_PAIR slot=0
[VND] TX_SKIP busy/inflight tag=ADC0-ASY2
[VND] PREPARE_PAIR slot=0
[VND] PREPARE_PAIR slot=0
[VND] TX_SKIP busy/inflight tag=ADC0-ASY2
[VND] PREPARE_PAIR slot=0
[VND] PREPARE_PAIR slot=0
[VND] TX_SKIP busy/inflight tag=ADC0-ASY2
[VND] PREPARE_PAIR slot=0
[VND] PREPARE_PAIR slot=0
[VND] TX_SKIP busy/inflight tag=ADC0-ASY2
[VND] PREPARE_PAIR slot=0
[VND] PREPARE_PAIR slot=0
[VND] TX_SKIP busy/inflight tag=ADC0-ASY2
[VND] PREPARE_PAIR slot=0
[VND] PREPARE_PAIR slot=0
[VND] TX_SKIP busy/inflight tag=ADC0-ASY2
[VND] PREPARE_PAIR slot=0
[VND] PREPARE_PAIR slot=0
[VND] TX_SKIP busy/inflight tag=ADC0-ASY2
[VND] PREPARE_PAIR slot=0
[VND] PREPARE_PAIR slot=0
[VND] TX_SKIP busy/inflight tag=ADC0-ASY2
[VND] PREPARE_PAIR slot=0
[VND] PREPARE_PAIR slot=0
[VND] TX_SKIP busy/inflight tag=ADC0-ASY2
[VND] PREPARE_PAIR slot=0
[VND] PREPARE_PAIR slot=0
[VND] TX_SKIP busy/inflight tag=ADC0-ASY2
[VND] PREPARE_PAIR slot=0
[VND] PREPARE_PAIR slot=0
[VND] TX_SKIP busy/inflight tag=ADC0-ASY2
[VND] PREPARE_PAIR slot=0
[VND] PREPARE_PAIR slot=0
[VND] TX_SKIP busy/inflight tag=ADC0-ASY2
[VND] PREPARE_PAIR slot=0
[VND] PREPARE_PAIR slot=0
[VND] TX_SKIP busy/inflight tag=ADC0-ASY2
[VND] PREPARE_PAIR slot=0
[VND] PREPARE_PAIR slot=0
[VND] TX_SKIP busy/inflight tag=ADC0-ASY2
[VND] PREPARE_PAIR slot=0
[VND] PREPARE_PAIR slot=0
[VND] TX_SKIP busy/inflight tag=ADC0-ASY2
[VND] PREPARE_PAIR slot=0
[VND] PREPARE_PAIR slot=0
[VND] TX_SKIP busy/inflight tag=ADC0-ASY2
[VND] PREPARE_PAIR slot=0
[VND] PREPARE_PAIR slot=0
[VND] TX_SKIP busy/inflight tag=ADC0-ASY2
[VND] PREPARE_PAIR slot=0
[VND] PREPARE_PAIR slot=0
[VND] TX_SKIP busy/inflight tag=ADC0-ASY2
[VND] PREPARE_PAIR slot=0
[VND] PREPARE_PAIR slot=0
[VND] TX_SKIP busy/inflight tag=ADC0-ASY2
[VND] PREPARE_PAIR slot=0
[VND] PREPARE_PAIR slot=0
[VND] TX_SKIP busy/inflight tag=ADC0-ASY2
[VND] PREPARE_PAIR slot=0
[VND] PREPARE_PAIR slot=0
[VND] TX_SKIP busy/inflight tag=ADC0-ASY2
[VND] PREPARE_PAIR slot=0
[VND] PREPARE_PAIR slot=0
[VND] TX_SKIP busy/inflight tag=ADC0-ASY2
[VND] PREPARE_PAIR slot=0
[VND] PREPARE_PAIR slot=0
[VND] TX_SKIP busy/inflight tag=ADC0-ASY2
[VND] PREPARE_PAIR slot=0
[VND] PREPARE_PAIR slot=0
[VND] TX_SKIP busy/inflight tag=ADC0-ASY2
[VND] PREPARE_PAIR slot=0
[VND] PREPARE_PAIR slot=0
[VND] TX_SKIP busy/inflight tag=ADC0-ASY2
[VND] PREPARE_PAIR slot=0
[VND] PREPARE_PAIR slot=0
[VND] TX_SKIP busy/inflight tag=ADC0-ASY2
[VND] PREPARE_PAIR slot=0
[VND] PREPARE_PAIR slot=0
[VND] TX_SKIP busy/inflight tag=ADC0-ASY2
[VND] PREPARE_PAIR slot=0
[VND] PREPARE_PAIR slot=0
[VND] TX_SKIP busy/inflight tag=ADC0-ASY2
[VND] PREPARE_PAIR slot=0
[VND] PREPARE_PAIR slot=0
[VND] TX_SKIP busy/inflight tag=ADC0-ASY2
[VND] PREPARE_PAIR slot=0
[VND] PREPARE_PAIR slot=0
[VND] TX_SKIP busy/inflight tag=ADC0-ASY2
[VND] PREPARE_PAIR slot=0
[VND] PREPARE_PAIR slot=0
[VND] TX_SKIP busy/inflight tag=ADC0-ASY2
[VND] PREPARE_PAIR slot=0
[VND] PREPARE_PAIR slot=0
[VND] TX_SKIP busy/inflight tag=ADC0-ASY2
[VND] PREPARE_PAIR slot=0
[VND] PREPARE_PAIR slot=0
[VND] TX_SKIP busy/inflight tag=ADC0-ASY2
[VND] PREPARE_PAIR slot=0
[VND] PREPARE_PAIR slot=0
[VND] TX_SKIP busy/inflight tag=ADC0-ASY2
[VND] PREPARE_PAIR slot=0
[VND] PREPARE_PAIR slot=0
[VND] TX_SKIP busy/inflight tag=ADC0-ASY2
[VND] PREPARE_PAIR slot=0
[VND] PREPARE_PAIR slot=0
[VND] TX_SKIP busy/inflight tag=ADC0-ASY2
[VND] PREPARE_PAIR slot=0
[VND] PREPARE_PAIR slot=0
[VND] TX_SKIP busy/inflight tag=ADC0-ASY2
[VND] PREPARE_PAIR slot=0
[VND] PREPARE_PAIR slot=0
[VND] TX_SKIP busy/inflight tag=ADC0-ASY2
[VND] PREPARE_PAIR slot=0
[VND] PREPARE_PAIR slot=0
[VND] TX_SKIP busy/inflight tag=ADC0-ASY2
[VND] PREPARE_PAIR slot=0
[VND] PREPARE_PAIR slot=0
[VND] TX_SKIP busy/inflight tag=ADC0-ASY2
[VND] PREPARE_PAIR slot=0
[VND] PREPARE_PAIR slot=0
[VND] TX_SKIP busy/inflight tag=ADC0-ASY2
[VND] PREPARE_PAIR slot=0
[VND] PREPARE_PAIR slot=0
[VND] TX_SKIP busy/inflight tag=ADC0-ASY2
[VND] PREPARE_PAIR slot=0
[VND] PREPARE_PAIR slot=0
[VND] TX_SKIP busy/inflight tag=ADC0-ASY2
[VND] PREPARE_PAIR slot=0
[VND] PREPARE_PAIR slot=0
[VND] TX_SKIP busy/inflight tag=ADC0-ASY2
[VND] PREPARE_PAIR slot=0
[VND] PREPARE_PAIR slot=0
[VND] TX_SKIP busy/inflight tag=ADC0-ASY2
[VND] PREPARE_PAIR slot=0
[VND] PREPARE_PAIR slot=0
[VND] TX_SKIP busy/inflight tag=ADC0-ASY2
[VND] PREPARE_PAIR slot=0
[VND] PREPARE_PAIR slot=0
[VND] TX_SKIP busy/inflight tag=ADC0-ASY2
[VND] PREPARE_PAIR slot=0
[VND] PREPARE_PAIR slot=0
[VND] TX_SKIP busy/inflight tag=ADC0-ASY2
[VND] PREPARE_PAIR slot=0
[VND] PREPARE_PAIR slot=0
[VND] TX_SKIP busy/inflight tag=ADC0-ASY2
[VND] PREPARE_PAIR slot=0
[VND] PREPARE_PAIR slot=0
[VND] TX_SKIP busy/inflight tag=ADC0-ASY2
[VND] PREPARE_PAIR slot=0
[VND] PREPARE_PAIR slot=0
[VND] TX_SKIP busy/inflight tag=ADC0-ASY2
[VND] PREPARE_PAIR slot=0
[VND] PREPARE_PAIR slot=0
[VND] TX_SKIP busy/inflight tag=ADC0-ASY2
[VND] PREPARE_PAIR slot=0
[VND] PREPARE_PAIR slot=0
[VND] TX_SKIP busy/inflight tag=ADC0-ASY2
[VND] PREPARE_PAIR slot=0
[VND] PREPARE_PAIR slot=0
[VND] TX_SKIP busy/inflight tag=ADC0-ASY2
[VND] PREPARE_PAIR slot=0
[VND] PREPARE_PAIR slot=0
[VND] TX_SKIP busy/inflight tag=ADC0-ASY2
[VND] PREPARE_PAIR slot=0
[VND] PREPARE_PAIR slot=0
[VND] TX_SKIP busy/inflight tag=ADC0-ASY2
[VND] PREPARE_PAIR slot=0
[VND] PREPARE_PAIR slot=0
[VND] TX_SKIP busy/inflight tag=ADC0-ASY2
[VND] PREPARE_PAIR slot=0
[VND] PREPARE_PAIR slot=0
[VND] TX_SKIP busy/inflight tag=ADC0-ASY2
[VND] PREPARE_PAIR slot=0
[VND] PREPARE_PAIR slot=0
[VND] TX_SKIP busy/inflight tag=ADC0-ASY2
[VND] PREPARE_PAIR slot=0
[VND] PREPARE_PAIR slot=0
[VND] TX_SKIP busy/inflight tag=ADC0-ASY2
[VND] PREPARE_PAIR slot=0
[VND] PREPARE_PAIR slot=0
[VND] TX_SKIP busy/inflight tag=ADC0-ASY2
[VND] PREPARE_PAIR slot=0
[VND] PREPARE_PAIR slot=0
[VND] TX_SKIP busy/inflight tag=ADC0-ASY2
[VND] PREPARE_PAIR slot=0
[VND] PREPARE_PAIR slot=0
[VND] TX_SKIP busy/inflight tag=ADC0-ASY2
[VND] PREPARE_PAIR slot=0
[VND] PREPARE_PAIR slot=0
[VND] TX_SKIP busy/inflight tag=ADC0-ASY2
[VND] PREPARE_PAIR slot=0
[VND] PREPARE_PAIR slot=0
[VND] TX_SKIP busy/inflight tag=ADC0-ASY2
[VND] PREPARE_PAIR slot=0
[VND] PREPARE_PAIR slot=0
[VND] TX_SKIP busy/inflight tag=ADC0-ASY2
[VND] PREPARE_PAIR slot=0
[VND] PREPARE_PAIR slot=0
[VND] TX_SKIP busy/inflight tag=ADC0-ASY2
[VND] PREPARE_PAIR slot=0
[VND] PREPARE_PAIR slot=0
[VND] TX_SKIP busy/inflight tag=ADC0-ASY2
[VND] PREPARE_PAIR slot=0
[VND] PREPARE_PAIR slot=0
[VND] TX_SKIP busy/inflight tag=ADC0-ASY2
[VND] PREPARE_PAIR slot=0
[VND] PREPARE_PAIR slot=0
[VND] TX_SKIP busy/inflight tag=ADC0-ASY2
[VND] PREPARE_PAIR slot=0
[VND] PREPARE_PAIR slot=0
[VND] TX_SKIP busy/inflight tag=ADC0-ASY2
[VND] PREPARE_PAIR slot=0
[VND] PREPARE_PAIR slot=0
[VND] TX_SKIP busy/inflight tag=ADC0-ASY2
[VND] PREPARE_PAIR slot=0
[VND] PREPARE_PAIR slot=0
[VND] TX_SKIP busy/inflight tag=ADC0-ASY2
[VND] PREPARE_PAIR slot=0
[VND] PREPARE_PAIR slot=0
[VND] TX_SKIP busy/inflight tag=ADC0-ASY2
[VND] PREPARE_PAIR slot=0
[VND] PREPARE_PAIR slot=0
[VND] TX_SKIP busy/inflight tag=ADC0-ASY2
[VND] PREPARE_PAIR slot=0
[VND] PREPARE_PAIR slot=0
[VND] TX_SKIP busy/inflight tag=ADC0-ASY2
[VND] PREPARE_PAIR slot=0
[VND] PREPARE_PAIR slot=0
[VND] TX_SKIP busy/inflight tag=ADC0-ASY2
[VND] PREPARE_PAIR slot=0
[VND] PREPARE_PAIR slot=0
[VND] TX_SKIP busy/inflight tag=ADC0-ASY2
[VND] PREPARE_PAIR slot=0
[VND] PREPARE_PAIR slot=0
[VND] TX_SKIP busy/inflight tag=ADC0-ASY2
[VND] PREPARE_PAIR slot=0
[VND] PREPARE_PAIR slot=0
[VND] TX_SKIP busy/inflight tag=ADC0-ASY2
[VND] PREPARE_PAIR slot=0
[VND] PREPARE_PAIR slot=0
[VND] TX_SKIP busy/inflight tag=ADC0-ASY2
[VND] PREPARE_PAIR slot=0
[VND] PREPARE_PAIR slot=0
[VND] TX_SKIP busy/inflight tag=ADC0-ASY2
[VND] PREPARE_PAIR slot=0
[VND] PREPARE_PAIR slot=0
[VND] TX_SKIP busy/inflight tag=ADC0-ASY2
[VND] PREPARE_PAIR slot=0
[VND] PREPARE_PAIR slot=0
[VND] TX_SKIP busy/inflight tag=ADC0-ASY2
[VND] PREPARE_PAIR slot=0
[VND] PREPARE_PAIR slot=0
[VND] TX_SKIP busy/inflight tag=ADC0-ASY2
[VND] PREPARE_PAIR slot=0
[VND] PREPARE_PAIR slot=0
[VND] TX_SKIP busy/inflight tag=ADC0-ASY2
[VND] PREPARE_PAIR slot=0
[VND] PREPARE_PAIR slot=0
[VND] TX_SKIP busy/inflight tag=ADC0-ASY2
[VND] PREPARE_PAIR slot=0
[VND] PREPARE_PAIR slot=0
[VND] TX_SKIP busy/inflight tag=ADC0-ASY2
[VND] PREPARE_PAIR slot=0
[VND] PREPARE_PAIR slot=0
[VND] TX_SKIP busy/inflight tag=ADC0-ASY2
[VND] PREPARE_PAIR slot=0
[VND] PREPARE_PAIR slot=0
[VND] TX_SKIP busy/inflight tag=ADC0-ASY2
[VND] PREPARE_PAIR slot=0
[VND] PREPARE_PAIR slot=0
[VND] TX_SKIP busy/inflight tag=ADC0-ASY2
[VND] PREPARE_PAIR slot=0
[VND] PREPARE_PAIR slot=0
[VND] TX_SKIP busy/inflight tag=ADC0-ASY2
[VND] PREPARE_PAIR slot=0
[VND] PREPARE_PAIR slot=0
[VND] TX_SKIP busy/inflight tag=ADC0-ASY2
[VND] PREPARE_PAIR slot=0
[VND] PREPARE_PAIR slot=0
[VND] TX_SKIP busy/inflight tag=ADC0-ASY2
[VND] PREPARE_PAIR slot=0
[VND] PREPARE_PAIR slot=0
[VND] TX_SKIP busy/inflight tag=ADC0-ASY2
[VND] PREPARE_PAIR slot=0
[VND] PREPARE_PAIR slot=0
[VND] TX_SKIP busy/inflight tag=ADC0-ASY2
[VND] PREPARE_PAIR slot=0
[VND] PREPARE_PAIR slot=0
[VND] TX_SKIP busy/inflight tag=ADC0-ASY2
[VND] PREPARE_PAIR slot=0
[VND] PREPARE_PAIR slot=0
[VND] TX_SKIP busy/inflight tag=ADC0-ASY2
[VND] PREPARE_PAIR slot=0
[VND] PREPARE_PAIR slot=0
[VND] TX_SKIP busy/inflight tag=ADC0-ASY2
[VND] PREPARE_PAIR slot=0
[VND] PREPARE_PAIR slot=0
[VND] TX_SKIP busy/inflight tag=ADC0-ASY2
[VND] PREPARE_PAIR slot=0
[VND] PREPARE_PAIR slot=0
[VND] TX_SKIP busy/inflight tag=ADC0-ASY2
[VND] PREPARE_PAIR slot=0
[VND] PREPARE_PAIR slot=0
[VND] TX_SKIP busy/inflight tag=ADC0-ASY2
[VND] PREPARE_PAIR slot=0
[VND] PREPARE_PAIR slot=0
[VND] TX_SKIP busy/inflight tag=ADC0-ASY2
[VND] PREPARE_PAIR slot=0
[VND] PREPARE_PAIR slot=0
[VND] TX_SKIP busy/inflight tag=ADC0-ASY2
[VND] PREPARE_PAIR slot=0
[VND] PREPARE_PAIR slot=0
[VND] TX_SKIP busy/inflight tag=ADC0-ASY2
[VND] PREPARE_PAIR slot=0
[VND] PREPARE_PAIR slot=0
[VND] TX_SKIP busy/inflight tag=ADC0-ASY2
[VND] PREPARE_PAIR slot=0
[VND] PREPARE_PAIR slot=0
[VND] TX_SKIP busy/inflight tag=ADC0-ASY2
[VND] PREPARE_PAIR slot=0
[VND] PREPARE_PAIR slot=0
[VND] TX_SKIP busy/inflight tag=ADC0-ASY2
[VND] PREPARE_PAIR slot=0
[VND] PREPARE_PAIR slot=0
[VND] TX_SKIP busy/inflight tag=ADC0-ASY2
[VND] PREPARE_PAIR slot=0
[VND] PREPARE_PAIR slot=0
[VND] TX_SKIP busy/inflight tag=ADC0-ASY2
[VND] PREPARE_PAIR slot=0
[VND] PREPARE_PAIR slot=0
[VND] TX_SKIP busy/inflight tag=ADC0-ASY2
[VND] PREPARE_PAIR slot=0
[VND] PREPARE_PAIR slot=0
[VND] TX_SKIP busy/inflight tag=ADC0-ASY2
[VND] PREPARE_PAIR slot=0
[VND] PREPARE_PAIR slot=0
[VND] TX_SKIP busy/inflight tag=ADC0-ASY2
[VND] PREPARE_PAIR slot=0
[VND] PREPARE_PAIR slot=0
[VND] TX_SKIP busy/inflight tag=ADC0-ASY2
[VND] PREPARE_PAIR slot=0
[VND] PREPARE_PAIR slot=0
[VND] TX_SKIP busy/inflight tag=ADC0-ASY2
[VND] PREPARE_PAIR slot=0
[VND] PREPARE_PAIR slot=0
[VND] TX_SKIP busy/inflight tag=ADC0-ASY2
[VND] PREPARE_PAIR slot=0
[VND] PREPARE_PAIR slot=0
[VND] TX_SKIP busy/inflight tag=ADC0-ASY2
[VND] PREPARE_PAIR slot=0
[VND] PREPARE_PAIR slot=0
[VND] TX_SKIP busy/inflight tag=ADC0-ASY2
[VND] PREPARE_PAIR slot=0
[VND] PREPARE_PAIR slot=0
[VND] TX_SKIP busy/inflight tag=ADC0-ASY2
[VND] PREPARE_PAIR slot=0
[VND] PREPARE_PAIR slot=0
[VND] TX_SKIP busy/inflight tag=ADC0-ASY2
[VND] PREPARE_PAIR slot=0
[VND] PREPARE_PAIR slot=0
[VND] TX_SKIP busy/inflight tag=ADC0-ASY2
[VND] PREPARE_PAIR slot=0
[VND] PREPARE_PAIR slot=0
[VND] TX_SKIP busy/inflight tag=ADC0-ASY2
[VND] PREPARE_PAIR slot=0
[VND] PREPARE_PAIR slot=0
[VND] TX_SKIP busy/inflight tag=ADC0-ASY2
[VND] PREPARE_PAIR slot=0
[VND] PREPARE_PAIR slot=0
[VND] TX_SKIP busy/inflight tag=ADC0-ASY2
[VND] PREPARE_PAIR slot=0
[VND] PREPARE_PAIR slot=0
[VND] TX_SKIP busy/inflight tag=ADC0-ASY2
[VND] PREPARE_PAIR slot=0
[VND] PREPARE_PAIR slot=0
[VND] TX_SKIP busy/inflight tag=ADC0-ASY2
[VND] PREPARE_PAIR slot=0
[VND] PREPARE_PAIR slot=0
[VND] TX_SKIP busy/inflight tag=ADC0-ASY2
[VND] PREPARE_PAIR slot=0
[VND] PREPARE_PAIR slot=0
[VND] TX_SKIP busy/inflight tag=ADC0-ASY2
[VND] PREPARE_PAIR slot=0
[VND] PREPARE_PAIR slot=0
[VND] TX_SKIP busy/inflight tag=ADC0-ASY2
[VND] PREPARE_PAIR slot=0
[VND] PREPARE_PAIR slot=0
[VND] TX_SKIP busy/inflight tag=ADC0-ASY2
[VND] PREPARE_PAIR slot=0
[VND] PREPARE_PAIR slot=0
[VND] TX_SKIP busy/inflight tag=ADC0-ASY2
[VND] PREPARE_PAIR slot=0
[VND] PREPARE_PAIR slot=0
[VND] TX_SKIP busy/inflight tag=ADC0-ASY2
[VND] PREPARE_PAIR slot=0
[VND] PREPARE_PAIR slot=0
[VND] TX_SKIP busy/inflight tag=ADC0-ASY2
[VND] PREPARE_PAIR slot=0
[VND] PREPARE_PAIR slot=0
[VND] TX_SKIP busy/inflight tag=ADC0-ASY2
[VND] PREPARE_PAIR slot=0
[VND] PREPARE_PAIR slot=0
[VND] TX_SKIP busy/inflight tag=ADC0-ASY2
[VND] PREPARE_PAIR slot=0
[VND] PREPARE_PAIR slot=0
[VND] TX_SKIP busy/inflight tag=ADC0-ASY2
[VND] PREPARE_PAIR slot=0
[VND] PREPARE_PAIR slot=0
[VND] TX_SKIP busy/inflight tag=ADC0-ASY2
[VND] PREPARE_PAIR slot=0
[VND] PREPARE_PAIR slot=0
[VND] TX_SKIP busy/inflight tag=ADC0-ASY2
[VND] PREPARE_PAIR slot=0
[VND] PREPARE_PAIR slot=0
[VND] TX_SKIP busy/inflight tag=ADC0-ASY2
[VND] PREPARE_PAIR slot=0
[VND] PREPARE_PAIR slot=0
[VND] TX_SKIP busy/inflight tag=ADC0-ASY2
[VND] PREPARE_PAIR slot=0
[VND] PREPARE_PAIR slot=0
[VND] TX_SKIP busy/inflight tag=ADC0-ASY2
[VND] PREPARE_PAIR slot=0
[VND] PREPARE_PAIR slot=0
[VND] TX_SKIP busy/inflight tag=ADC0-ASY2
[VND] PREPARE_PAIR slot=0
[VND] PREPARE_PAIR slot=0
[VND] TX_SKIP busy/inflight tag=ADC0-ASY2
[VND] PREPARE_PAIR slot=0
[VND] PREPARE_PAIR slot=0
[VND] TX_SKIP busy/inflight tag=ADC0-ASY2
[VND] PREPARE_PAIR slot=0
[VND] PREPARE_PAIR slot=0
[VND] TX_SKIP busy/inflight tag=ADC0-ASY2
[VND] PREPARE_PAIR slot=0
[VND] PREPARE_PAIR slot=0
[VND] TX_SKIP busy/inflight tag=ADC0-ASY2
[VND] PREPARE_PAIR slot=0
[VND] PREPARE_PAIR slot=0
[VND] TX_SKIP busy/inflight tag=ADC0-ASY2
[VND] PREPARE_PAIR slot=0
[VND] PREPARE_PAIR slot=0
[VND] TX_SKIP busy/inflight tag=ADC0-ASY2
[VND] PREPARE_PAIR slot=0
[VND] PREPARE_PAIR slot=0
[VND] TX_SKIP busy/inflight tag=ADC0-ASY2
[VND] PREPARE_PAIR slot=0
[VND] PREPARE_PAIR slot=0
[VND] TX_SKIP busy/inflight tag=ADC0-ASY2
[VND] PREPARE_PAIR slot=0
[VND] PREPARE_PAIR slot=0
[VND] TX_SKIP busy/inflight tag=ADC0-ASY2
[VND] PREPARE_PAIR slot=0
[VND] PREPARE_PAIR slot=0
[VND] TX_SKIP busy/inflight tag=ADC0-ASY2
[VND] PREPARE_PAIR slot=0
[VND] PREPARE_PAIR slot=0
[VND] TX_SKIP busy/inflight tag=ADC0-ASY2
[VND] PREPARE_PAIR slot=0
[VND] PREPARE_PAIR slot=0
[VND] TX_SKIP busy/inflight tag=ADC0-ASY2
[VND] PREPARE_PAIR slot=0
[VND] PREPARE_PAIR slot=0
[VND] TX_SKIP busy/inflight tag=ADC0-ASY2
[VND] PREPARE_PAIR slot=0
[VND] PREPARE_PAIR slot=0
[VND] TX_SKIP busy/inflight tag=ADC0-ASY2
[VND] PREPARE_PAIR slot=0
[VND] PREPARE_PAIR slot=0
[VND] TX_SKIP busy/inflight tag=ADC0-ASY2
[VND] PREPARE_PAIR slot=0
[VND] PREPARE_PAIR slot=0
[VND] TX_SKIP busy/inflight tag=ADC0-ASY2
[VND] PREPARE_PAIR slot=0
[VND] PREPARE_PAIR slot=0
[VND] TX_SKIP busy/inflight tag=ADC0-ASY2
[VND] PREPARE_PAIR slot=0
[VND] PREPARE_PAIR slot=0
[VND] TX_SKIP busy/inflight tag=ADC0-ASY2
[VND] PREPARE_PAIR slot=0
[VND] PREPARE_PAIR slot=0
[VND] TX_SKIP busy/inflight tag=ADC0-ASY2
[VND] PREPARE_PAIR slot=0
[VND] PREPARE_PAIR slot=0
[VND] TX_SKIP busy/inflight tag=ADC0-ASY2
[VND] PREPARE_PAIR slot=0
[VND] PREPARE_PAIR slot=0
[VND] TX_SKIP busy/inflight tag=ADC0-ASY2
[VND] PREPARE_PAIR slot=0
[VND] PREPARE_PAIR slot=0
[VND] TX_SKIP busy/inflight tag=ADC0-ASY2
[VND] PREPARE_PAIR slot=0
[VND] PREPARE_PAIR slot=0
[VND] TX_SKIP busy/inflight tag=ADC0-ASY2
[VND] PREPARE_PAIR slot=0
[VND] PREPARE_PAIR slot=0
[VND] TX_SKIP busy/inflight tag=ADC0-ASY2
[VND] PREPARE_PAIR slot=0
[VND] PREPARE_PAIR slot=0
[VND] TX_SKIP busy/inflight tag=ADC0-ASY2
[VND] PREPARE_PAIR slot=0
[VND] PREPARE_PAIR slot=0
[VND] TX_SKIP busy/inflight tag=ADC0-ASY2
[VND] PREPARE_PAIR slot=0
[VND] PREPARE_PAIR slot=0
[VND] TX_SKIP busy/inflight tag=ADC0-ASY2
[VND] PREPARE_PAIR slot=0
[VND] PREPARE_PAIR slot=0
[VND] TX_SKIP busy/inflight tag=ADC0-ASY2
[VND] PREPARE_PAIR slot=0
[VND] PREPARE_PAIR slot=0
[VND] TX_SKIP busy/inflight tag=ADC0-ASY2
[VND] PREPARE_PAIR slot=0
[VND] PREPARE_PAIR slot=0
[VND] TX_SKIP busy/inflight tag=ADC0-ASY2
[VND] PREPARE_PAIR slot=0
[VND] PREPARE_PAIR slot=0
[VND] TX_SKIP busy/inflight tag=ADC0-ASY2
[VND] PREPARE_PAIR slot=0
[VND] PREPARE_PAIR slot=0
[VND] TX_SKIP busy/inflight tag=ADC0-ASY2
[VND] PREPARE_PAIR slot=0
[VND] PREPARE_PAIR slot=0
[VND] TX_SKIP busy/inflight tag=ADC0-ASY2
[VND] PREPARE_PAIR slot=0
[VND] PREPARE_PAIR slot=0
[VND] TX_SKIP busy/inflight tag=ADC0-ASY2
[VND] PREPARE_PAIR slot=0
[VND] PREPARE_PAIR slot=0
[VND] TX_SKIP busy/inflight tag=ADC0-ASY2
[VND] PREPARE_PAIR slot=0
[VND] PREPARE_PAIR slot=0
[VND] TX_SKIP busy/inflight tag=ADC0-ASY2
[VND] PREPARE_PAIR slot=0
[VND] PREPARE_PAIR slot=0
[VND] TX_SKIP busy/inflight tag=ADC0-ASY2
[VND] PREPARE_PAIR slot=0
[VND] PREPARE_PAIR slot=0
[VND] TX_SKIP busy/inflight tag=ADC0-ASY2
[VND] PREPARE_PAIR slot=0
[VND] PREPARE_PAIR slot=0
[VND] TX_SKIP busy/inflight tag=ADC0-ASY2
[VND] PREPARE_PAIR slot=0
[VND] PREPARE_PAIR slot=0
[VND] TX_SKIP busy/inflight tag=ADC0-ASY2
[VND] PREPARE_PAIR slot=0
[VND] PREPARE_PAIR slot=0
[VND] TX_SKIP busy/inflight tag=ADC0-ASY2
[VND] PREPARE_PAIR slot=0
[VND] PREPARE_PAIR slot=0
[VND] TX_SKIP busy/inflight tag=ADC0-ASY2
[VND] PREPARE_PAIR slot=0
[VND] PREPARE_PAIR slot=0
[VND] TX_SKIP busy/inflight tag=ADC0-ASY2
[VND] PREPARE_PAIR slot=0
[VND] PREPARE_PAIR slot=0
[VND] TX_SKIP busy/inflight tag=ADC0-ASY2
[VND] PREPARE_PAIR slot=0
[VND] PREPARE_PAIR slot=0
[VND] TX_SKIP busy/inflight tag=ADC0-ASY2
[VND] PREPARE_PAIR slot=0
[VND] PREPARE_PAIR slot=0
[VND] TX_SKIP busy/inflight tag=ADC0-ASY2
[VND] PREPARE_PAIR slot=0
[VND] PREPARE_PAIR slot=0
[VND] TX_SKIP busy/inflight tag=ADC0-ASY2
[VND] PREPARE_PAIR slot=0
[VND] PREPARE_PAIR slot=0
[VND] TX_SKIP busy/inflight tag=ADC0-ASY2
[VND] PREPARE_PAIR slot=0
[VND] PREPARE_PAIR slot=0
[VND] TX_SKIP busy/inflight tag=ADC0-ASY2
[VND] PREPARE_PAIR slot=0
[VND] PREPARE_PAIR slot=0
[VND] TX_SKIP busy/inflight tag=ADC0-ASY2
[VND] PREPARE_PAIR slot=0
[VND] PREPARE_PAIR slot=0
[VND] TX_SKIP busy/inflight tag=ADC0-ASY2
[VND] PREPARE_PAIR slot=0
[VND] PREPARE_PAIR slot=0
[VND] TX_SKIP busy/inflight tag=ADC0-ASY2
[VND] PREPARE_PAIR slot=0
[VND] PREPARE_PAIR slot=0
[VND] TX_SKIP busy/inflight tag=ADC0-ASY2
[VND] PREPARE_PAIR slot=0
[VND] PREPARE_PAIR slot=0
[VND] TX_SKIP busy/inflight tag=ADC0-ASY2
[VND] PREPARE_PAIR slot=0
[VND] PREPARE_PAIR slot=0
[VND] TX_SKIP busy/inflight tag=ADC0-ASY2
[VND] PREPARE_PAIR slot=0
[VND] PREPARE_PAIR slot=0
[VND] TX_SKIP busy/inflight tag=ADC0-ASY2
[VND] PREPARE_PAIR slot=0
[VND] PREPARE_PAIR slot=0
[VND] TX_SKIP busy/inflight tag=ADC0-ASY2
[VND] PREPARE_PAIR slot=0
[VND] PREPARE_PAIR slot=0
[VND] TX_SKIP busy/inflight tag=ADC0-ASY2
[VND] PREPARE_PAIR slot=0
[VND] PREPARE_PAIR slot=0
[VND] TX_SKIP busy/inflight tag=ADC0-ASY2
[VND] PREPARE_PAIR slot=0
[VND] PREPARE_PAIR slot=0
[VND] TX_SKIP busy/inflight tag=ADC0-ASY2
[VND] PREPARE_PAIR slot=0
[VND] PREPARE_PAIR slot=0
[VND] TX_SKIP busy/inflight tag=ADC0-ASY2
[VND] PREPARE_PAIR slot=0
[VND] PREPARE_PAIR slot=0
[VND] TX_SKIP busy/inflight tag=ADC0-ASY2
[VND] PREPARE_PAIR slot=0
[VND] PREPARE_PAIR slot=0
[VND] TX_SKIP busy/inflight tag=ADC0-ASY2
[VND] PREPARE_PAIR slot=0
[VND] PREPARE_PAIR slot=0
[VND] TX_SKIP busy/inflight tag=ADC0-ASY2
[VND] PREPARE_PAIR slot=0
[VND] PREPARE_PAIR slot=0
[VND] TX_SKIP busy/inflight tag=ADC0-ASY2
[VND] PREPARE_PAIR slot=0
[VND] PREPARE_PAIR slot=0
[VND] TX_SKIP busy/inflight tag=ADC0-ASY2
[VND] PREPARE_PAIR slot=0
[VND] PREPARE_PAIR slot=0
[VND] TX_SKIP busy/inflight tag=ADC0-ASY2
[VND] PREPARE_PAIR slot=0
[VND] PREPARE_PAIR slot=0
[VND] TX_SKIP busy/inflight tag=ADC0-ASY2
[VND] PREPARE_PAIR slot=0
[VND] PREPARE_PAIR slot=0
[VND] TX_SKIP busy/inflight tag=ADC0-ASY2
[VND] PREPARE_PAIR slot=0
[VND] PREPARE_PAIR slot=0
[VND] TX_SKIP busy/inflight tag=ADC0-ASY2
[VND] PREPARE_PAIR slot=0
[VND] PREPARE_PAIR slot=0
[VND] TX_SKIP busy/inflight tag=ADC0-ASY2
[VND] PREPARE_PAIR slot=0
[VND] PREPARE_PAIR slot=0
[VND] TX_SKIP busy/inflight tag=ADC0-ASY2
[VND] PREPARE_PAIR slot=0
[VND] PREPARE_PAIR slot=0
[VND] TX_SKIP busy/inflight tag=ADC0-ASY2
[VND] PREPARE_PAIR slot=0
[VND] PREPARE_PAIR slot=0
[VND] TX_SKIP busy/inflight tag=ADC0-ASY2
[VND] PREPARE_PAIR slot=0
[VND] PREPARE_PAIR slot=0
[VND] TX_SKIP busy/inflight tag=ADC0-ASY2
[VND] PREPARE_PAIR slot=0
[VND] PREPARE_PAIR slot=0
[VND] TX_SKIP busy/inflight tag=ADC0-ASY2
[VND] PREPARE_PAIR slot=0
[VND] PREPARE_PAIR slot=0
[VND] TX_SKIP busy/inflight tag=ADC0-ASY2
[VND] PREPARE_PAIR slot=0
[VND] PREPARE_PAIR slot=0
[VND] TX_SKIP busy/inflight tag=ADC0-ASY2
[VND] PREPARE_PAIR slot=0
[VND] PREPARE_PAIR slot=0
[VND] TX_SKIP busy/inflight tag=ADC0-ASY2
[VND] PREPARE_PAIR slot=0
[VND] PREPARE_PAIR slot=0
[VND] TX_SKIP busy/inflight tag=ADC0-ASY2
[VND] PREPARE_PAIR slot=0
[VND] PREPARE_PAIR slot=0
[VND] TX_SKIP busy/inflight tag=ADC0-ASY2
[VND] PREPARE_PAIR slot=0
[VND] PREPARE_PAIR slot=0
[VND] TX_SKIP busy/inflight tag=ADC0-ASY2
[VND] PREPARE_PAIR slot=0
[VND] PREPARE_PAIR slot=0
[VND] TX_SKIP busy/inflight tag=ADC0-ASY2
[VND] PREPARE_PAIR slot=0
[VND] PREPARE_PAIR slot=0
[VND] TX_SKIP busy/inflight tag=ADC0-ASY2
[VND] PREPARE_PAIR slot=0
[VND] PREPARE_PAIR slot=0
[VND] TX_SKIP busy/inflight tag=ADC0-ASY2
[VND] PREPARE_PAIR slot=0
[VND] PREPARE_PAIR slot=0
[VND] TX_SKIP busy/inflight tag=ADC0-ASY2
[VND] PREPARE_PAIR slot=0
[VND] PREPARE_PAIR slot=0
[VND] TX_SKIP busy/inflight tag=ADC0-ASY2
[VND] PREPARE_PAIR slot=0
[VND] PREPARE_PAIR slot=0
[VND] TX_SKIP busy/inflight tag=ADC0-ASY2
[VND] PREPARE_PAIR slot=0
[VND] PREPARE_PAIR slot=0
[VND] TX_SKIP busy/inflight tag=ADC0-ASY2
[VND] PREPARE_PAIR slot=0
[VND] PREPARE_PAIR slot=0
[VND] TX_SKIP busy/inflight tag=ADC0-ASY2
[VND] PREPARE_PAIR slot=0
[VND] PREPARE_PAIR slot=0
[VND] TX_SKIP busy/inflight tag=ADC0-ASY2
[VND] PREPARE_PAIR slot=0
[VND] PREPARE_PAIR slot=0
[VND] TX_SKIP busy/inflight tag=ADC0-ASY2
[VND] PREPARE_PAIR slot=0
[VND] PREPARE_PAIR slot=0
[VND] TX_SKIP busy/inflight tag=ADC0-ASY2
[VND] PREPARE_PAIR slot=0
[VND] PREPARE_PAIR slot=0
[VND] TX_SKIP busy/inflight tag=ADC0-ASY2
[VND] PREPARE_PAIR slot=0
[VND] PREPARE_PAIR slot=0
[VND] TX_SKIP busy/inflight tag=ADC0-ASY2
[VND] PREPARE_PAIR slot=0
[VND] PREPARE_PAIR slot=0
[VND] TX_SKIP busy/inflight tag=ADC0-ASY2
[VND] PREPARE_PAIR slot=0
[VND] PREPARE_PAIR slot=0
[VND] TX_SKIP busy/inflight tag=ADC0-ASY2
[VND] PREPARE_PAIR slot=0
[VND] PREPARE_PAIR slot=0
[VND] TX_SKIP busy/inflight tag=ADC0-ASY2
[VND] PREPARE_PAIR slot=0
[VND] PREPARE_PAIR slot=0
[VND] TX_SKIP busy/inflight tag=ADC0-ASY2
[VND] PREPARE_PAIR slot=0
[VND] PREPARE_PAIR slot=0
[VND] TX_SKIP busy/inflight tag=ADC0-ASY2
[VND] PREPARE_PAIR slot=0
[VND] PREPARE_PAIR slot=0
[VND] TX_SKIP busy/inflight tag=ADC0-ASY2
[VND] PREPARE_PAIR slot=0
[VND] PREPARE_PAIR slot=0
[VND] TX_SKIP busy/inflight tag=ADC0-ASY2
[VND] PREPARE_PAIR slot=0
[VND] PREPARE_PAIR slot=0
[VND] TX_SKIP busy/inflight tag=ADC0-ASY2
[VND] PREPARE_PAIR slot=0
[VND] PREPARE_PAIR slot=0
[VND] TX_SKIP busy/inflight tag=ADC0-ASY2
[VND] PREPARE_PAIR slot=0
[VND] PREPARE_PAIR slot=0
[VND] TX_SKIP busy/inflight tag=ADC0-ASY2
[VND] PREPARE_PAIR slot=0
[VND] PREPARE_PAIR slot=0
[VND] TX_SKIP busy/inflight tag=ADC0-ASY2
[VND] PREPARE_PAIR slot=0
[VND] PREPARE_PAIR slot=0
[VND] TX_SKIP busy/inflight tag=ADC0-ASY2
[VND] PREPARE_PAIR slot=0
[VND] PREPARE_PAIR slot=0
[VND] TX_SKIP busy/inflight tag=ADC0-ASY2
[VND] PREPARE_PAIR slot=0
[VND] PREPARE_PAIR slot=0
[VND] TX_SKIP busy/inflight tag=ADC0-ASY2
[VND] PREPARE_PAIR slot=0
[VND] PREPARE_PAIR slot=0
[VND] TX_SKIP busy/inflight tag=ADC0-ASY2
[VND] PREPARE_PAIR slot=0
[VND] PREPARE_PAIR slot=0
[VND] TX_SKIP busy/inflight tag=ADC0-ASY2
[VND] PREPARE_PAIR slot=0
[VND] PREPARE_PAIR slot=0
[VND] TX_SKIP busy/inflight tag=ADC0-ASY2
[VND] PREPARE_PAIR slot=0
[VND] PREPARE_PAIR slot=0
[VND] TX_SKIP busy/inflight tag=ADC0-ASY2
[VND] PREPARE_PAIR slot=0
[VND] PREPARE_PAIR slot=0
[VND] TX_SKIP busy/inflight tag=ADC0-ASY2
[VND] PREPARE_PAIR slot=0
[VND] PREPARE_PAIR slot=0
[VND] TX_SKIP busy/inflight tag=ADC0-ASY2
[VND] PREPARE_PAIR slot=0
[VND] PREPARE_PAIR slot=0
[VND] TX_SKIP busy/inflight tag=ADC0-ASY2
[VND] PREPARE_PAIR slot=0
[VND] PREPARE_PAIR slot=0
[VND] TX_SKIP busy/inflight tag=ADC0-ASY2
[VND] PREPARE_PAIR slot=0
[VND] PREPARE_PAIR slot=0
[VND] TX_SKIP busy/inflight tag=ADC0-ASY2
[VND] PREPARE_PAIR slot=0
[VND] PREPARE_PAIR slot=0
[VND] TX_SKIP busy/inflight tag=ADC0-ASY2
[VND] PREPARE_PAIR slot=0
[VND] PREPARE_PAIR slot=0
[VND] TX_SKIP busy/inflight tag=ADC0-ASY2
[VND] PREPARE_PAIR slot=0
[VND] PREPARE_PAIR slot=0
[VND] TX_SKIP busy/inflight tag=ADC0-ASY2
[VND] PREPARE_PAIR slot=0
[VND] PREPARE_PAIR slot=0
[VND] TX_SKIP busy/inflight tag=ADC0-ASY2
[VND] PREPARE_PAIR slot=0
[VND] PREPARE_PAIR slot=0
[VND] TX_SKIP busy/inflight tag=ADC0-ASY2
[VND] PREPARE_PAIR slot=0
[VND] PREPARE_PAIR slot=0
[VND] TX_SKIP busy/inflight tag=ADC0-ASY2
[VND] PREPARE_PAIR slot=0
[VND] PREPARE_PAIR slot=0
[VND] TX_SKIP busy/inflight tag=ADC0-ASY2
[VND] PREPARE_PAIR slot=0
[VND] PREPARE_PAIR slot=0
[VND] TX_SKIP busy/inflight tag=ADC0-ASY2
[VND] PREPARE_PAIR slot=0
[VND] PREPARE_PAIR slot=0
[VND] TX_SKIP busy/inflight tag=ADC0-ASY2
[VND] PREPARE_PAIR slot=0
[VND] PREPARE_PAIR slot=0
[VND] TX_SKIP busy/inflight tag=ADC0-ASY2
[VND] PREPARE_PAIR slot=0
[VND] PREPARE_PAIR slot=0
[VND] TX_SKIP busy/inflight tag=ADC0-ASY2
[VND] PREPARE_PAIR slot=0
[VND] PREPARE_PAIR slot=0
[VND] TX_SKIP busy/inflight tag=ADC0-ASY2
[VND] PREPARE_PAIR slot=0
[VND] PREPARE_PAIR slot=0
[VND] TX_SKIP busy/inflight tag=ADC0-ASY2
[VND] PREPARE_PAIR slot=0
[VND] PREPARE_PAIR slot=0
[VND] TX_SKIP busy/inflight tag=ADC0-ASY2
[VND] PREPARE_PAIR slot=0
[VND] PREPARE_PAIR slot=0
[VND] TX_SKIP busy/inflight tag=ADC0-ASY2
[VND] PREPARE_PAIR slot=0
[VND] PREPARE_PAIR slot=0
[VND] TX_SKIP busy/inflight tag=ADC0-ASY2
[VND] PREPARE_PAIR slot=0
[VND] PREPARE_PAIR slot=0
[VND] TX_SKIP busy/inflight tag=ADC0-ASY2
[VND] PREPARE_PAIR slot=0
[VND] PREPARE_PAIR slot=0
[VND] TX_SKIP busy/inflight tag=ADC0-ASY2
[VND] PREPARE_PAIR slot=0
[VND] PREPARE_PAIR slot=0
[VND] TX_SKIP busy/inflight tag=ADC0-ASY2
[VND] PREPARE_PAIR slot=0
[VND] PREPARE_PAIR slot=0
[VND] TX_SKIP busy/inflight tag=ADC0-ASY2
[VND] PREPARE_PAIR slot=0
[VND] PREPARE_PAIR slot=0
[VND] TX_SKIP busy/inflight tag=ADC0-ASY2
[VND] PREPARE_PAIR slot=0
[VND] PREPARE_PAIR slot=0
[VND] TX_SKIP busy/inflight tag=ADC0-ASY2
[VND] PREPARE_PAIR slot=0
[VND] PREPARE_PAIR slot=0
[VND] TX_SKIP busy/inflight tag=ADC0-ASY2
[VND] PREPARE_PAIR slot=0
[VND] PREPARE_PAIR slot=0
[VND] TX_SKIP busy/inflight tag=ADC0-ASY2
[VND] PREPARE_PAIR slot=0
[VND] PREPARE_PAIR slot=0
[VND] TX_SKIP busy/inflight tag=ADC0-ASY2
[VND] PREPARE_PAIR slot=0
[VND] PREPARE_PAIR slot=0
[VND] TX_SKIP busy/inflight tag=ADC0-ASY2
[VND] PREPARE_PAIR slot=0
[VND] PREPARE_PAIR slot=0
[VND] TX_SKIP busy/inflight tag=ADC0-ASY2
[VND] PREPARE_PAIR slot=0
[VND] PREPARE_PAIR slot=0
[VND] TX_SKIP busy/inflight tag=ADC0-ASY2
[VND] PREPARE_PAIR slot=0
[VND] PREPARE_PAIR slot=0
[VND] TX_SKIP busy/inflight tag=ADC0-ASY2
[VND] PREPARE_PAIR slot=0
[VND] PREPARE_PAIR slot=0
[VND] TX_SKIP busy/inflight tag=ADC0-ASY2
[VND] PREPARE_PAIR slot=0
[VND] PREPARE_PAIR slot=0
[VND] TX_SKIP busy/inflight tag=ADC0-ASY2
[VND] PREPARE_PAIR slot=0
[VND] PREPARE_PAIR slot=0
[VND] TX_SKIP busy/inflight tag=ADC0-ASY2
[VND] PREPARE_PAIR slot=0
[VND] PREPARE_PAIR slot=0
[VND] TX_SKIP busy/inflight tag=ADC0-ASY2
[VND] PREPARE_PAIR slot=0
[VND] PREPARE_PAIR slot=0
[VND] TX_SKIP busy/inflight tag=ADC0-ASY2
[VND] PREPARE_PAIR slot=0
[VND] PREPARE_PAIR slot=0
[VND] TX_SKIP busy/inflight tag=ADC0-ASY2
[VND] PREPARE_PAIR slot=0
[VND] PREPARE_PAIR slot=0
[VND] TX_SKIP busy/inflight tag=ADC0-ASY2
[VND] PREPARE_PAIR slot=0
[VND] PREPARE_PAIR slot=0
[VND] TX_SKIP busy/inflight tag=ADC0-ASY2
[VND] PREPARE_PAIR slot=0
[VND] PREPARE_PAIR slot=0
[VND] TX_SKIP busy/inflight tag=ADC0-ASY2
[VND] PREPARE_PAIR slot=0
[VND] PREPARE_PAIR slot=0
[VND] TX_SKIP busy/inflight tag=ADC0-ASY2
[VND] PREPARE_PAIR slot=0
[VND] PREPARE_PAIR slot=0
[VND] TX_SKIP busy/inflight tag=ADC0-ASY2
[VND] PREPARE_PAIR slot=0
[VND] PREPARE_PAIR slot=0
[VND] TX_SKIP busy/inflight tag=ADC0-ASY2
[VND] PREPARE_PAIR slot=0
[VND] PREPARE_PAIR slot=0
[VND] TX_SKIP busy/inflight tag=ADC0-ASY2
[VND] PREPARE_PAIR slot=0
[VND] PREPARE_PAIR slot=0
[VND] TX_SKIP busy/inflight tag=ADC0-ASY2
[VND] PREPARE_PAIR slot=0
[VND] PREPARE_PAIR slot=0
[VND] TX_SKIP busy/inflight tag=ADC0-ASY2
[VND] PREPARE_PAIR slot=0
[VND] PREPARE_PAIR slot=0
[VND] TX_SKIP busy/inflight tag=ADC0-ASY2
[VND] PREPARE_PAIR slot=0
[VND] PREPARE_PAIR slot=0
[VND] TX_SKIP busy/inflight tag=ADC0-ASY2
[VND] PREPARE_PAIR slot=0
[VND] PREPARE_PAIR slot=0
[VND] TX_SKIP busy/inflight tag=ADC0-ASY2
[VND] PREPARE_PAIR slot=0
[VND] PREPARE_PAIR slot=0
[VND] TX_SKIP busy/inflight tag=ADC0-ASY2
[VND] PREPARE_PAIR slot=0
[VND] PREPARE_PAIR slot=0
[VND] TX_SKIP busy/inflight tag=ADC0-ASY2
[VND] PREPARE_PAIR slot=0
[VND] PREPARE_PAIR slot=0
[VND] TX_SKIP busy/inflight tag=ADC0-ASY2
[VND] PREPARE_PAIR slot=0
[VND] PREPARE_PAIR slot=0
[VND] TX_SKIP busy/inflight tag=ADC0-ASY2
[VND] PREPARE_PAIR slot=0
[VND] PREPARE_PAIR slot=0
[VND] TX_SKIP busy/inflight tag=ADC0-ASY2
[VND] PREPARE_PAIR slot=0
[VND] PREPARE_PAIR slot=0
[VND] TX_SKIP busy/inflight tag=ADC0-ASY2
[VND] PREPARE_PAIR slot=0
[VND] PREPARE_PAIR slot=0
[VND] TX_SKIP busy/inflight tag=ADC0-ASY2
[VND] PREPARE_PAIR slot=0
[VND] PREPARE_PAIR slot=0
[VND] TX_SKIP busy/inflight tag=ADC0-ASY2
[VND] PREPARE_PAIR slot=0
[VND] PREPARE_PAIR slot=0
[VND] TX_SKIP busy/inflight tag=ADC0-ASY2
[VND] PREPARE_PAIR slot=0
[VND] PREPARE_PAIR slot=0
[VND] TX_SKIP busy/inflight tag=ADC0-ASY2
[VND] PREPARE_PAIR slot=0
[VND] PREPARE_PAIR slot=0
[VND] TX_SKIP busy/inflight tag=ADC0-ASY2
[VND] PREPARE_PAIR slot=0
[VND] PREPARE_PAIR slot=0
[VND] TX_SKIP busy/inflight tag=ADC0-ASY2
[VND] PREPARE_PAIR slot=0
[VND] PREPARE_PAIR slot=0
[VND] TX_SKIP busy/inflight tag=ADC0-ASY2
[VND] PREPARE_PAIR slot=0
[VND] PREPARE_PAIR slot=0
[VND] TX_SKIP busy/inflight tag=ADC0-ASY2
[VND] PREPARE_PAIR slot=0
[VND] PREPARE_PAIR slot=0
[VND] TX_SKIP busy/inflight tag=ADC0-ASY2
[VND] PREPARE_PAIR slot=0
[VND] PREPARE_PAIR slot=0
[VND] TX_SKIP busy/inflight tag=ADC0-ASY2
[VND] PREPARE_PAIR slot=0
[VND] PREPARE_PAIR slot=0
[VND] TX_SKIP busy/inflight tag=ADC0-ASY2
[VND] PREPARE_PAIR slot=0
[VND] PREPARE_PAIR slot=0
[VND] TX_SKIP busy/inflight tag=ADC0-ASY2
[VND] PREPARE_PAIR slot=0
[VND] PREPARE_PAIR slot=0
[VND] TX_SKIP busy/inflight tag=ADC0-ASY2
[VND] PREPARE_PAIR slot=0
[VND] PREPARE_PAIR slot=0
[VND] TX_SKIP busy/inflight tag=ADC0-ASY2
[VND] PREPARE_PAIR slot=0
[VND] PREPARE_PAIR slot=0
[VND] TX_SKIP busy/inflight tag=ADC0-ASY2
[VND] PREPARE_PAIR slot=0
[VND] PREPARE_PAIR slot=0
[VND] TX_SKIP busy/inflight tag=ADC0-ASY2
[VND] PREPARE_PAIR slot=0
[VND] PREPARE_PAIR slot=0
[VND] TX_SKIP busy/inflight tag=ADC0-ASY2
[VND] PREPARE_PAIR slot=0
[VND] PREPARE_PAIR slot=0
[VND] TX_SKIP busy/inflight tag=ADC0-ASY2
[VND] PREPARE_PAIR slot=0
[VND] PREPARE_PAIR slot=0
[VND] TX_SKIP busy/inflight tag=ADC0-ASY2
[VND] PREPARE_PAIR slot=0
[VND] PREPARE_PAIR slot=0
[VND] TX_SKIP busy/inflight tag=ADC0-ASY2
[VND] PREPARE_PAIR slot=0
[VND] PREPARE_PAIR slot=0
[VND] TX_SKIP busy/inflight tag=ADC0-ASY2
[VND] PREPARE_PAIR slot=0
[VND] PREPARE_PAIR slot=0
[VND] TX_SKIP busy/inflight tag=ADC0-ASY2
[VND] PREPARE_PAIR slot=0
[VND] PREPARE_PAIR slot=0
[VND] TX_SKIP busy/inflight tag=ADC0-ASY2
[VND] PREPARE_PAIR slot=0
[VND] PREPARE_PAIR slot=0
[VND] TX_SKIP busy/inflight tag=ADC0-ASY2
[VND] PREPARE_PAIR slot=0
[VND] PREPARE_PAIR slot=0
[VND] TX_SKIP busy/inflight tag=ADC0-ASY2
[VND] PREPARE_PAIR slot=0
[VND] PREPARE_PAIR slot=0
[VND] TX_SKIP busy/inflight tag=ADC0-ASY2
[VND] PREPARE_PAIR slot=0
[VND] PREPARE_PAIR slot=0
[VND] TX_SKIP busy/inflight tag=ADC0-ASY2
[VND] PREPARE_PAIR slot=0
[VND] PREPARE_PAIR slot=0
[VND] TX_SKIP busy/inflight tag=ADC0-ASY2
[VND] PREPARE_PAIR slot=0
[VND] PREPARE_PAIR slot=0
[VND] TX_SKIP busy/inflight tag=ADC0-ASY2
[VND] PREPARE_PAIR slot=0
[VND] PREPARE_PAIR slot=0
[VND] TX_SKIP busy/inflight tag=ADC0-ASY2
[VND] PREPARE_PAIR slot=0
[VND] PREPARE_PAIR slot=0
[VND] TX_SKIP busy/inflight tag=ADC0-ASY2
[VND] PREPARE_PAIR slot=0
[VND] PREPARE_PAIR slot=0
[VND] TX_SKIP busy/inflight tag=ADC0-ASY2
[VND] PREPARE_PAIR slot=0
[VND] PREPARE_PAIR slot=0
[VND] TX_SKIP busy/inflight tag=ADC0-ASY2
[VND] PREPARE_PAIR slot=0
[VND] PREPARE_PAIR slot=0
[VND] TX_SKIP busy/inflight tag=ADC0-ASY2
[VND] PREPARE_PAIR slot=0
[VND] PREPARE_PAIR slot=0
[VND] TX_SKIP busy/inflight tag=ADC0-ASY2
[VND] PREPARE_PAIR slot=0
[VND] PREPARE_PAIR slot=0
[VND] TX_SKIP busy/inflight tag=ADC0-ASY2
[VND] PREPARE_PAIR slot=0
[VND] PREPARE_PAIR slot=0
[VND] TX_SKIP busy/inflight tag=ADC0-ASY2
[VND] PREPARE_PAIR slot=0
[VND] PREPARE_PAIR slot=0
[VND] TX_SKIP busy/inflight tag=ADC0-ASY2
[VND] PREPARE_PAIR slot=0
[VND] PREPARE_PAIR slot=0
[VND] TX_SKIP busy/inflight tag=ADC0-ASY2
[VND] PREPARE_PAIR slot=0
[VND] PREPARE_PAIR slot=0
[VND] TX_SKIP busy/inflight tag=ADC0-ASY2
[VND] PREPARE_PAIR slot=0
[VND] PREPARE_PAIR slot=0
[VND] TX_SKIP busy/inflight tag=ADC0-ASY2
[VND] PREPARE_PAIR slot=0
[VND] PREPARE_PAIR slot=0
[VND] TX_SKIP busy/inflight tag=ADC0-ASY2
[VND] PREPARE_PAIR slot=0
[VND] PREPARE_PAIR slot=0
[VND] TX_SKIP busy/inflight tag=ADC0-ASY2
[VND] PREPARE_PAIR slot=0
[VND] PREPARE_PAIR slot=0
[VND] TX_SKIP busy/inflight tag=ADC0-ASY2
[VND] PREPARE_PAIR slot=0
[VND] PREPARE_PAIR slot=0
[VND] TX_SKIP busy/inflight tag=ADC0-ASY2
[VND] PREPARE_PAIR slot=0
[VND] PREPARE_PAIR slot=0
[VND] TX_SKIP busy/inflight tag=ADC0-ASY2
[VND] PREPARE_PAIR slot=0
[VND] PREPARE_PAIR slot=0
[VND] TX_SKIP busy/inflight tag=ADC0-ASY2
[VND] PREPARE_PAIR slot=0
[VND] PREPARE_PAIR slot=0
[VND] TX_SKIP busy/inflight tag=ADC0-ASY2
[VND] PREPARE_PAIR slot=0
[VND] PREPARE_PAIR slot=0
[VND] TX_SKIP busy/inflight tag=ADC0-ASY2
[VND] PREPARE_PAIR slot=0
[VND] PREPARE_PAIR slot=0
[VND] TX_SKIP busy/inflight tag=ADC0-ASY2
[VND] PREPARE_PAIR slot=0
[VND] PREPARE_PAIR slot=0
[VND] TX_SKIP busy/inflight tag=ADC0-ASY2
[VND] PREPARE_PAIR slot=0
[VND] PREPARE_PAIR slot=0
[VND] TX_SKIP busy/inflight tag=ADC0-ASY2
[VND] PREPARE_PAIR slot=0
[VND] PREPARE_PAIR slot=0
[VND] TX_SKIP busy/inflight tag=ADC0-ASY2
[VND] PREPARE_PAIR slot=0
[VND] PREPARE_PAIR slot=0
[VND] TX_SKIP busy/inflight tag=ADC0-ASY2
[VND] PREPARE_PAIR slot=0
[VND] PREPARE_PAIR slot=0
[VND] TX_SKIP busy/inflight tag=ADC0-ASY2
[VND] PREPARE_PAIR slot=0
[VND] PREPARE_PAIR slot=0
[VND] TX_SKIP busy/inflight tag=ADC0-ASY2
[VND] PREPARE_PAIR slot=0
[VND] PREPARE_PAIR slot=0
[VND] TX_SKIP busy/inflight tag=ADC0-ASY2
[VND] PREPARE_PAIR slot=0
[VND] PREPARE_PAIR slot=0
[VND] TX_SKIP busy/inflight tag=ADC0-ASY2
[VND] PREPARE_PAIR slot=0
[VND] PREPARE_PAIR slot=0
[VND] TX_SKIP busy/inflight tag=ADC0-ASY2
[VND] PREPARE_PAIR slot=0
[VND] PREPARE_PAIR slot=0
[VND] TX_SKIP busy/inflight tag=ADC0-ASY2
[VND] PREPARE_PAIR slot=0
[VND] PREPARE_PAIR slot=0
[VND] TX_SKIP busy/inflight tag=ADC0-ASY2
[VND] PREPARE_PAIR slot=0
[VND] PREPARE_PAIR slot=0
[VND] TX_SKIP busy/inflight tag=ADC0-ASY2
[VND] PREPARE_PAIR slot=0
[VND] PREPARE_PAIR slot=0
[VND] TX_SKIP busy/inflight tag=ADC0-ASY2
[VND] PREPARE_PAIR slot=0
[VND] PREPARE_PAIR slot=0
[VND] TX_SKIP busy/inflight tag=ADC0-ASY2
[VND] PREPARE_PAIR slot=0
[VND] PREPARE_PAIR slot=0
[VND] TX_SKIP busy/inflight tag=ADC0-ASY2
[VND] PREPARE_PAIR slot=0
[VND] PREPARE_PAIR slot=0
[VND] TX_SKIP busy/inflight tag=ADC0-ASY2
[VND] PREPARE_PAIR slot=0
[VND] PREPARE_PAIR slot=0
[VND] TX_SKIP busy/inflight tag=ADC0-ASY2
[VND] PREPARE_PAIR slot=0
[VND] PREPARE_PAIR slot=0
[VND] TX_SKIP busy/inflight tag=ADC0-ASY2
[VND] PREPARE_PAIR slot=0
[VND] PREPARE_PAIR slot=0
[VND] TX_SKIP busy/inflight tag=ADC0-ASY2
[VND] PREPARE_PAIR slot=0
[VND] PREPARE_PAIR slot=0
[VND] TX_SKIP busy/inflight tag=ADC0-ASY2
[VND] PREPARE_PAIR slot=0
[VND] PREPARE_PAIR slot=0
[VND] TX_SKIP busy/inflight tag=ADC0-ASY2
[VND] PREPARE_PAIR slot=0
[VND] PREPARE_PAIR slot=0
[VND] TX_SKIP busy/inflight tag=ADC0-ASY2
[VND] PREPARE_PAIR slot=0
[VND] PREPARE_PAIR slot=0
[VND] TX_SKIP busy/inflight tag=ADC0-ASY2
[VND] PREPARE_PAIR slot=0
[VND] PREPARE_PAIR slot=0
[VND] TX_SKIP busy/inflight tag=ADC0-ASY2
[VND] PREPARE_PAIR slot=0
[VND] PREPARE_PAIR slot=0
[VND] TX_SKIP busy/inflight tag=ADC0-ASY2
[VND] PREPARE_PAIR slot=0
[VND] PREPARE_PAIR slot=0
[VND] TX_SKIP busy/inflight tag=ADC0-ASY2
[VND] PREPARE_PAIR slot=0
[VND] PREPARE_PAIR slot=0
[VND] TX_SKIP busy/inflight tag=ADC0-ASY2
[VND] PREPARE_PAIR slot=0
[VND] PREPARE_PAIR slot=0
[VND] TX_SKIP busy/inflight tag=ADC0-ASY2
[VND] PREPARE_PAIR slot=0
[VND] PREPARE_PAIR slot=0
[VND] TX_SKIP busy/inflight tag=ADC0-ASY2
[VND] PREPARE_PAIR slot=0
[VND] PREPARE_PAIR slot=0
[VND] TX_SKIP busy/inflight tag=ADC0-ASY2
[VND] PREPARE_PAIR slot=0
[VND] PREPARE_PAIR slot=0
[VND] TX_SKIP busy/inflight tag=ADC0-ASY2
[VND] PREPARE_PAIR slot=0
[VND] PREPARE_PAIR slot=0
[VND] TX_SKIP busy/inflight tag=ADC0-ASY2
[VND] PREPARE_PAIR slot=0
[VND] PREPARE_PAIR slot=0
[VND] TX_SKIP busy/inflight tag=ADC0-ASY2
[VND] PREPARE_PAIR slot=0
[VND] PREPARE_PAIR slot=0
[VND] TX_SKIP busy/inflight tag=ADC0-ASY2
[VND] PREPARE_PAIR slot=0
[VND] PREPARE_PAIR slot=0
[VND] TX_SKIP busy/inflight tag=ADC0-ASY2
[VND] PREPARE_PAIR slot=0
[VND] PREPARE_PAIR slot=0
[VND] TX_SKIP busy/inflight tag=ADC0-ASY2
[VND] PREPARE_PAIR slot=0
[VND] PREPARE_PAIR slot=0
[VND] TX_SKIP busy/inflight tag=ADC0-ASY2
[VND] PREPARE_PAIR slot=0
[VND] PREPARE_PAIR slot=0
[VND] TX_SKIP busy/inflight tag=ADC0-ASY2
[VND] PREPARE_PAIR slot=0
[VND] PREPARE_PAIR slot=0
[VND] TX_SKIP busy/inflight tag=ADC0-ASY2
[VND] PREPARE_PAIR slot=0
[VND] PREPARE_PAIR slot=0
[VND] TX_SKIP busy/inflight tag=ADC0-ASY2
[VND] PREPARE_PAIR slot=0
[VND] PREPARE_PAIR slot=0
[VND] TX_SKIP busy/inflight tag=ADC0-ASY2
[VND] PREPARE_PAIR slot=0
[VND] PREPARE_PAIR slot=0
[VND] TX_SKIP busy/inflight tag=ADC0-ASY2
[VND] PREPARE_PAIR slot=0
[VND] PREPARE_PAIR slot=0
[VND] TX_SKIP busy/inflight tag=ADC0-ASY2
[VND] PREPARE_PAIR slot=0
[VND] PREPARE_PAIR slot=0
[VND] TX_SKIP busy/inflight tag=ADC0-ASY2
[VND] PREPARE_PAIR slot=0
[VND] PREPARE_PAIR slot=0
[VND] TX_SKIP busy/inflight tag=ADC0-ASY2
[VND] PREPARE_PAIR slot=0
[VND] PREPARE_PAIR slot=0
[VND] TX_SKIP busy/inflight tag=ADC0-ASY2
[VND] PREPARE_PAIR slot=0
[VND] PREPARE_PAIR slot=0
[VND] TX_SKIP busy/inflight tag=ADC0-ASY2
[VND] PREPARE_PAIR slot=0
[VND] PREPARE_PAIR slot=0
[VND] TX_SKIP busy/inflight tag=ADC0-ASY2
[VND] PREPARE_PAIR slot=0
[VND] PREPARE_PAIR slot=0
[VND] TX_SKIP busy/inflight tag=ADC0-ASY2
[VND] PREPARE_PAIR slot=0
[VND] PREPARE_PAIR slot=0
[VND] TX_SKIP busy/inflight tag=ADC0-ASY2
[VND] PREPARE_PAIR slot=0
[VND] PREPARE_PAIR slot=0
[VND] TX_SKIP busy/inflight tag=ADC0-ASY2
[VND] PREPARE_PAIR slot=0
[VND] PREPARE_PAIR slot=0
[VND] TX_SKIP busy/inflight tag=ADC0-ASY2
[VND] PREPARE_PAIR slot=0
[VND] PREPARE_PAIR slot=0
[VND] TX_SKIP busy/inflight tag=ADC0-ASY2
[VND] PREPARE_PAIR slot=0
[VND] PREPARE_PAIR slot=0
[VND] TX_SKIP busy/inflight tag=ADC0-ASY2
[VND] PREPARE_PAIR slot=0
[VND] PREPARE_PAIR slot=0
[VND] TX_SKIP busy/inflight tag=ADC0-ASY2
[VND] PREPARE_PAIR slot=0
[VND] PREPARE_PAIR slot=0
[VND] TX_SKIP busy/inflight tag=ADC0-ASY2
[VND] PREPARE_PAIR slot=0
[VND] PREPARE_PAIR slot=0
[VND] TX_SKIP busy/inflight tag=ADC0-ASY2
[VND] PREPARE_PAIR slot=0
[VND] PREPARE_PAIR slot=0
[VND] TX_SKIP busy/inflight tag=ADC0-ASY2
[VND] PREPARE_PAIR slot=0
[VND] PREPARE_PAIR slot=0
[VND] TX_SKIP busy/inflight tag=ADC0-ASY2
[VND] PREPARE_PAIR slot=0
[VND] PREPARE_PAIR slot=0
[VND] TX_SKIP busy/inflight tag=ADC0-ASY2
[VND] PREPARE_PAIR slot=0
[VND] PREPARE_PAIR slot=0
[VND] TX_SKIP busy/inflight tag=ADC0-ASY2
[VND] PREPARE_PAIR slot=0
[VND] PREPARE_PAIR slot=0
[VND] TX_SKIP busy/inflight tag=ADC0-ASY2
[VND] PREPARE_PAIR slot=0
[VND] PREPARE_PAIR slot=0
[VND] TX_SKIP busy/inflight tag=ADC0-ASY2
[VND] PREPARE_PAIR slot=0
[VND] PREPARE_PAIR slot=0
[VND] TX_SKIP busy/inflight tag=ADC0-ASY2
[VND] PREPARE_PAIR slot=0
[VND] PREPARE_PAIR slot=0
[VND] TX_SKIP busy/inflight tag=ADC0-ASY2
[VND] PREPARE_PAIR slot=0
[VND] PREPARE_PAIR slot=0
[VND] TX_SKIP busy/inflight tag=ADC0-ASY2
[VND] PREPARE_PAIR slot=0
[VND] PREPARE_PAIR slot=0
[VND] TX_SKIP busy/inflight tag=ADC0-ASY2
[VND] PREPARE_PAIR slot=0
[VND] PREPARE_PAIR slot=0
[VND] TX_SKIP busy/inflight tag=ADC0-ASY2
[VND] PREPARE_PAIR slot=0
[VND] PREPARE_PAIR slot=0
[VND] TX_SKIP busy/inflight tag=ADC0-ASY2
[VND] PREPARE_PAIR slot=0
[VND] PREPARE_PAIR slot=0
[VND] TX_SKIP busy/inflight tag=ADC0-ASY2
[VND] PREPARE_PAIR slot=0
[VND] PREPARE_PAIR slot=0
[VND] TX_SKIP busy/inflight tag=ADC0-ASY2
[VND] PREPARE_PAIR slot=0
[VND] PREPARE_PAIR slot=0
[VND] TX_SKIP busy/inflight tag=ADC0-ASY2
[VND] PREPARE_PAIR slot=0
[VND] PREPARE_PAIR slot=0
[VND] TX_SKIP busy/inflight tag=ADC0-ASY2
[VND] PREPARE_PAIR slot=0
[VND] PREPARE_PAIR slot=0
[VND] TX_SKIP busy/inflight tag=ADC0-ASY2
[VND] PREPARE_PAIR slot=0
[VND] PREPARE_PAIR slot=0
[VND] TX_SKIP busy/inflight tag=ADC0-ASY2
[VND] PREPARE_PAIR slot=0
[VND] PREPARE_PAIR slot=0
[VND] TX_SKIP busy/inflight tag=ADC0-ASY2
[VND] PREPARE_PAIR slot=0
[VND] PREPARE_PAIR slot=0
[VND] TX_SKIP busy/inflight tag=ADC0-ASY2
[VND] PREPARE_PAIR slot=0
[VND] PREPARE_PAIR slot=0
[VND] TX_SKIP busy/inflight tag=ADC0-ASY2
[VND] PREPARE_PAIR slot=0
[VND] PREPARE_PAIR slot=0
[VND] TX_SKIP busy/inflight tag=ADC0-ASY2
[VND] PREPARE_PAIR slot=0
[VND] PREPARE_PAIR slot=0
[VND] TX_SKIP busy/inflight tag=ADC0-ASY2
[VND] PREPARE_PAIR slot=0
[VND] PREPARE_PAIR slot=0
[VND] TX_SKIP busy/inflight tag=ADC0-ASY2
[VND] PREPARE_PAIR slot=0
[VND] PREPARE_PAIR slot=0
[VND] TX_SKIP busy/inflight tag=ADC0-ASY2
[VND] PREPARE_PAIR slot=0
[VND] PREPARE_PAIR slot=0
[VND] TX_SKIP busy/inflight tag=ADC0-ASY2
[VND] PREPARE_PAIR slot=0
[VND] PREPARE_PAIR slot=0
[VND] TX_SKIP busy/inflight tag=ADC0-ASY2
[VND] PREPARE_PAIR slot=0
[VND] PREPARE_PAIR slot=0
[VND] TX_SKIP busy/inflight tag=ADC0-ASY2
[VND] PREPARE_PAIR slot=0
[VND] PREPARE_PAIR slot=0
[VND] TX_SKIP busy/inflight tag=ADC0-ASY2
[VND] PREPARE_PAIR slot=0
[VND] PREPARE_PAIR slot=0
[VND] TX_SKIP busy/inflight tag=ADC0-ASY2
[VND] PREPARE_PAIR slot=0
[VND] PREPARE_PAIR slot=0
[VND] TX_SKIP busy/inflight tag=ADC0-ASY2
[VND] PREPARE_PAIR slot=0
[VND] PREPARE_PAIR slot=0
[VND] TX_SKIP busy/inflight tag=ADC0-ASY2
[VND] PREPARE_PAIR slot=0
[VND] PREPARE_PAIR slot=0
[VND] TX_SKIP busy/inflight tag=ADC0-ASY2
[VND] PREPARE_PAIR slot=0
[VND] PREPARE_PAIR slot=0
[VND] TX_SKIP busy/inflight tag=ADC0-ASY2
[VND] PREPARE_PAIR slot=0
[VND] PREPARE_PAIR slot=0
[VND] TX_SKIP busy/inflight tag=ADC0-ASY2
[VND] PREPARE_PAIR slot=0
[VND] PREPARE_PAIR slot=0
[VND] TX_SKIP busy/inflight tag=ADC0-ASY2
[VND] PREPARE_PAIR slot=0
[VND] PREPARE_PAIR slot=0
[VND] TX_SKIP busy/inflight tag=ADC0-ASY2
[VND] PREPARE_PAIR slot=0
[VND] PREPARE_PAIR slot=0
[VND] TX_SKIP busy/inflight tag=ADC0-ASY2
[VND] PREPARE_PAIR slot=0
[VND] PREPARE_PAIR slot=0
[VND] TX_SKIP busy/inflight tag=ADC0-ASY2
[VND] PREPARE_PAIR slot=0
[VND] PREPARE_PAIR slot=0
[VND] TX_SKIP busy/inflight tag=ADC0-ASY2
[VND] PREPARE_PAIR slot=0
[VND] PREPARE_PAIR slot=0
[VND] TX_SKIP busy/inflight tag=ADC0-ASY2
[VND] PREPARE_PAIR slot=0
[VND] PREPARE_PAIR slot=0
[VND] TX_SKIP busy/inflight tag=ADC0-ASY2
[VND] PREPARE_PAIR slot=0
[VND] PREPARE_PAIR slot=0
[VND] TX_SKIP busy/inflight tag=ADC0-ASY2
[VND] PREPARE_PAIR slot=0
[VND] PREPARE_PAIR slot=0
[VND] TX_SKIP busy/inflight tag=ADC0-ASY2
[VND] PREPARE_PAIR slot=0
[VND] PREPARE_PAIR slot=0
[VND] TX_SKIP busy/inflight tag=ADC0-ASY2
[VND] PREPARE_PAIR slot=0
[VND] PREPARE_PAIR slot=0
[VND] TX_SKIP busy/inflight tag=ADC0-ASY2
[VND] PREPARE_PAIR slot=0
[VND] PREPARE_PAIR slot=0
[VND] TX_SKIP busy/inflight tag=ADC0-ASY2
[VND] PREPARE_PAIR slot=0
[VND] PREPARE_PAIR slot=0
[VND] TX_SKIP busy/inflight tag=ADC0-ASY2
[VND] PREPARE_PAIR slot=0
[VND] PREPARE_PAIR slot=0
[VND] TX_SKIP busy/inflight tag=ADC0-ASY2
[VND] PREPARE_PAIR slot=0
[VND] PREPARE_PAIR slot=0
[VND] TX_SKIP busy/inflight tag=ADC0-ASY2
[VND] PREPARE_PAIR slot=0
[VND] PREPARE_PAIR slot=0
[VND] TX_SKIP busy/inflight tag=ADC0-ASY2
[VND] PREPARE_PAIR slot=0
[VND] PREPARE_PAIR slot=0
[VND] TX_SKIP busy/inflight tag=ADC0-ASY2
[VND] PREPARE_PAIR slot=0
[VND] PREPARE_PAIR slot=0
[VND] TX_SKIP busy/inflight tag=ADC0-ASY2
[VND] PREPARE_PAIR slot=0
[VND] PREPARE_PAIR slot=0
[VND] TX_SKIP busy/inflight tag=ADC0-ASY2
[VND] PREPARE_PAIR slot=0
[VND] PREPARE_PAIR slot=0
[VND] TX_SKIP busy/inflight tag=ADC0-ASY2
[VND] PREPARE_PAIR slot=0
[VND] PREPARE_PAIR slot=0
[VND] TX_SKIP busy/inflight tag=ADC0-ASY2
[VND] PREPARE_PAIR slot=0
[VND] PREPARE_PAIR slot=0
[VND] TX_SKIP busy/inflight tag=ADC0-ASY2
[VND] PREPARE_PAIR slot=0
[VND] PREPARE_PAIR slot=0
[VND] TX_SKIP busy/inflight tag=ADC0-ASY2
[VND] PREPARE_PAIR slot=0
[VND] PREPARE_PAIR slot=0
[VND] TX_SKIP busy/inflight tag=ADC0-ASY2
[VND] PREPARE_PAIR slot=0
[VND] PREPARE_PAIR slot=0
[VND] TX_SKIP busy/inflight tag=ADC0-ASY2
[VND] PREPARE_PAIR slot=0
[VND] PREPARE_PAIR slot=0
[VND] TX_SKIP busy/inflight tag=ADC0-ASY2
[VND] PREPARE_PAIR slot=0
[VND] PREPARE_PAIR slot=0
[VND] TX_SKIP busy/inflight tag=ADC0-ASY2
[VND] PREPARE_PAIR slot=0
[VND] PREPARE_PAIR slot=0
[VND] TX_SKIP busy/inflight tag=ADC0-ASY2
[VND] PREPARE_PAIR slot=0
[VND] PREPARE_PAIR slot=0
[VND] TX_SKIP busy/inflight tag=ADC0-ASY2
[VND] PREPARE_PAIR slot=0
[VND] PREPARE_PAIR slot=0
[VND] TX_SKIP busy/inflight tag=ADC0-ASY2
[VND] PREPARE_PAIR slot=0
[VND] PREPARE_PAIR slot=0
[VND] TX_SKIP busy/inflight tag=ADC0-ASY2
[VND] PREPARE_PAIR slot=0
[VND] PREPARE_PAIR slot=0
[VND] TX_SKIP busy/inflight tag=ADC0-ASY2
[VND] PREPARE_PAIR slot=0
[VND] PREPARE_PAIR slot=0
[VND] TX_SKIP busy/inflight tag=ADC0-ASY2
[VND] PREPARE_PAIR slot=0
[VND] PREPARE_PAIR slot=0
[VND] TX_SKIP busy/inflight tag=ADC0-ASY2
[VND] PREPARE_PAIR slot=0
[VND] PREPARE_PAIR slot=0
[VND] TX_SKIP busy/inflight tag=ADC0-ASY2
[VND] PREPARE_PAIR slot=0
[VND] PREPARE_PAIR slot=0
[VND] TX_SKIP busy/inflight tag=ADC0-ASY2
[VND] PREPARE_PAIR slot=0
[VND] PREPARE_PAIR slot=0
[VND] TX_SKIP busy/inflight tag=ADC0-ASY2
[VND] PREPARE_PAIR slot=0
[VND] PREPARE_PAIR slot=0
[VND] TX_SKIP busy/inflight tag=ADC0-ASY2
[VND] PREPARE_PAIR slot=0
[VND] PREPARE_PAIR slot=0
[VND] TX_SKIP busy/inflight tag=ADC0-ASY2
[VND] PREPARE_PAIR slot=0
[VND] PREPARE_PAIR slot=0
[VND] TX_SKIP busy/inflight tag=ADC0-ASY2
[VND] PREPARE_PAIR slot=0
[VND] PREPARE_PAIR slot=0
[VND] TX_SKIP busy/inflight tag=ADC0-ASY2
[VND] PREPARE_PAIR slot=0
[VND] PREPARE_PAIR slot=0
[VND] TX_SKIP busy/inflight tag=ADC0-ASY2
[VND] PREPARE_PAIR slot=0
[VND] PREPARE_PAIR slot=0
[VND] TX_SKIP busy/inflight tag=ADC0-ASY2
[VND] PREPARE_PAIR slot=0
[VND] PREPARE_PAIR slot=0
[VND] TX_SKIP busy/inflight tag=ADC0-ASY2
[VND] PREPARE_PAIR slot=0
[VND] PREPARE_PAIR slot=0
[VND] TX_SKIP busy/inflight tag=ADC0-ASY2
[VND] PREPARE_PAIR slot=0
[VND] PREPARE_PAIR slot=0
[VND] TX_SKIP busy/inflight tag=ADC0-ASY2
[VND] PREPARE_PAIR slot=0
[VND] PREPARE_PAIR slot=0
[VND] TX_SKIP busy/inflight tag=ADC0-ASY2
[VND] PREPARE_PAIR slot=0
[VND] PREPARE_PAIR slot=0
[VND] TX_SKIP busy/inflight tag=ADC0-ASY2
[VND] PREPARE_PAIR slot=0
[VND] PREPARE_PAIR slot=0
[VND] TX_SKIP busy/inflight tag=ADC0-ASY2
[VND] PREPARE_PAIR slot=0
[VND] PREPARE_PAIR slot=0
[VND] TX_SKIP busy/inflight tag=ADC0-ASY2
[VND] PREPARE_PAIR slot=0
[VND] PREPARE_PAIR slot=0
[VND] TX_SKIP busy/inflight tag=ADC0-ASY2
[VND] PREPARE_PAIR slot=0
[VND] PREPARE_PAIR slot=0
[VND] TX_SKIP busy/inflight tag=ADC0-ASY2
[VND] PREPARE_PAIR slot=0
[VND] PREPARE_PAIR slot=0
[VND] TX_SKIP busy/inflight tag=ADC0-ASY2
[VND] PREPARE_PAIR slot=0
[VND] PREPARE_PAIR slot=0
[VND] TX_SKIP busy/inflight tag=ADC0-ASY2
[VND] PREPARE_PAIR slot=0
[VND] PREPARE_PAIR slot=0
[VND] TX_SKIP busy/inflight tag=ADC0-ASY2
[VND] PREPARE_PAIR slot=0
[VND] PREPARE_PAIR slot=0
[VND] TX_SKIP busy/inflight tag=ADC0-ASY2
[VND] PREPARE_PAIR slot=0
[VND] PREPARE_PAIR slot=0
[VND] TX_SKIP busy/inflight tag=ADC0-ASY2
[VND] PREPARE_PAIR slot=0
[VND] PREPARE_PAIR slot=0
[VND] TX_SKIP busy/inflight tag=ADC0-ASY2
[VND] PREPARE_PAIR slot=0
[VND] PREPARE_PAIR slot=0
[VND] TX_SKIP busy/inflight tag=ADC0-ASY2
[VND] PREPARE_PAIR slot=0
[VND] PREPARE_PAIR slot=0
[VND] TX_SKIP busy/inflight tag=ADC0-ASY2
[VND] PREPARE_PAIR slot=0
[VND] PREPARE_PAIR slot=0
[VND] TX_SKIP busy/inflight tag=ADC0-ASY2
[VND] PREPARE_PAIR slot=0
[VND] PREPARE_PAIR slot=0
[VND] TX_SKIP busy/inflight tag=ADC0-ASY2
[VND] PREPARE_PAIR slot=0
[VND] PREPARE_PAIR slot=0
[VND] TX_SKIP busy/inflight tag=ADC0-ASY2
[VND] PREPARE_PAIR slot=0
[VND] PREPARE_PAIR slot=0
[VND] TX_SKIP busy/inflight tag=ADC0-ASY2
[VND] PREPARE_PAIR slot=0
[VND] PREPARE_PAIR slot=0
[VND] TX_SKIP busy/inflight tag=ADC0-ASY2
[VND] PREPARE_PAIR slot=0
[VND] PREPARE_PAIR slot=0
[VND] TX_SKIP busy/inflight tag=ADC0-ASY2
[VND] PREPARE_PAIR slot=0
[VND] PREPARE_PAIR slot=0
[VND] TX_SKIP busy/inflight tag=ADC0-ASY2
[VND] PREPARE_PAIR slot=0
[VND] PREPARE_PAIR slot=0
[VND] TX_SKIP busy/inflight tag=ADC0-ASY2
[VND] PREPARE_PAIR slot=0
[VND] PREPARE_PAIR slot=0
[VND] TX_SKIP busy/inflight tag=ADC0-ASY2
[VND] PREPARE_PAIR slot=0
[VND] PREPARE_PAIR slot=0
[VND] TX_SKIP busy/inflight tag=ADC0-ASY2
[VND] PREPARE_PAIR slot=0
[VND] PREPARE_PAIR slot=0
[VND] TX_SKIP busy/inflight tag=ADC0-ASY2
[VND] PREPARE_PAIR slot=0
[VND] PREPARE_PAIR slot=0
[VND] TX_SKIP busy/inflight tag=ADC0-ASY2
[VND] PREPARE_PAIR slot=0
[VND] PREPARE_PAIR slot=0
[VND] TX_SKIP busy/inflight tag=ADC0-ASY2
[VND] PREPARE_PAIR slot=0
[VND] PREPARE_PAIR slot=0
[VND] TX_SKIP busy/inflight tag=ADC0-ASY2
[VND] PREPARE_PAIR slot=0
[VND] PREPARE_PAIR slot=0
[VND] TX_SKIP busy/inflight tag=ADC0-ASY2
[VND] PREPARE_PAIR slot=0
[VND] PREPARE_PAIR slot=0
[VND] TX_SKIP busy/inflight tag=ADC0-ASY2
[VND] PREPARE_PAIR slot=0
[VND] PREPARE_PAIR slot=0
[VND] TX_SKIP busy/inflight tag=ADC0-ASY2
[VND] PREPARE_PAIR slot=0
[VND] PREPARE_PAIR slot=0
[VND] TX_SKIP busy/inflight tag=ADC0-ASY2
[VND] PREPARE_PAIR slot=0
[VND] PREPARE_PAIR slot=0
[VND] TX_SKIP busy/inflight tag=ADC0-ASY2
[VND] PREPARE_PAIR slot=0
[VND] PREPARE_PAIR slot=0
[VND] TX_SKIP busy/inflight tag=ADC0-ASY2
[VND] PREPARE_PAIR slot=0
[VND] PREPARE_PAIR slot=0
[VND] TX_SKIP busy/inflight tag=ADC0-ASY2
[VND] PREPARE_PAIR slot=0
[VND] PREPARE_PAIR slot=0
[VND] TX_SKIP busy/inflight tag=ADC0-ASY2
[VND] PREPARE_PAIR slot=0
[VND] PREPARE_PAIR slot=0
[VND] TX_SKIP busy/inflight tag=ADC0-ASY2
[VND] PREPARE_PAIR slot=0
[VND] PREPARE_PAIR slot=0
[VND] TX_SKIP busy/inflight tag=ADC0-ASY2
[VND] PREPARE_PAIR slot=0
[VND] PREPARE_PAIR slot=0
[VND] TX_SKIP busy/inflight tag=ADC0-ASY2
[VND] PREPARE_PAIR slot=0
[VND] PREPARE_PAIR slot=0
[VND] TX_SKIP busy/inflight tag=ADC0-ASY2
[VND] PREPARE_PAIR slot=0
[VND] PREPARE_PAIR slot=0
[VND] TX_SKIP busy/inflight tag=ADC0-ASY2
[VND] PREPARE_PAIR slot=0
[VND] PREPARE_PAIR slot=0
[VND] TX_SKIP busy/inflight tag=ADC0-ASY2
[VND] PREPARE_PAIR slot=0
[VND] PREPARE_PAIR slot=0
[VND] TX_SKIP busy/inflight tag=ADC0-ASY2
[VND] PREPARE_PAIR slot=0
[VND] PREPARE_PAIR slot=0
[VND] TX_SKIP busy/inflight tag=ADC0-ASY2
[VND] PREPARE_PAIR slot=0
[VND] PREPARE_PAIR slot=0
[VND] TX_SKIP busy/inflight tag=ADC0-ASY2
[VND] PREPARE_PAIR slot=0
[VND] PREPARE_PAIR slot=0
[VND] TX_SKIP busy/inflight tag=ADC0-ASY2
[VND] PREPARE_PAIR slot=0
[VND] PREPARE_PAIR slot=0
[VND] TX_SKIP busy/inflight tag=ADC0-ASY2
[VND] PREPARE_PAIR slot=0
[VND] PREPARE_PAIR slot=0
[VND] TX_SKIP busy/inflight tag=ADC0-ASY2
[VND] PREPARE_PAIR slot=0
[VND] PREPARE_PAIR slot=0
[VND] TX_SKIP busy/inflight tag=ADC0-ASY2
[VND] PREPARE_PAIR slot=0
[VND] PREPARE_PAIR slot=0
[VND] TX_SKIP busy/inflight tag=ADC0-ASY2
[VND] PREPARE_PAIR slot=0
[VND] PREPARE_PAIR slot=0
[VND] TX_SKIP busy/inflight tag=ADC0-ASY2
[VND] PREPARE_PAIR slot=0
[VND] PREPARE_PAIR slot=0
[VND] TX_SKIP busy/inflight tag=ADC0-ASY2
[VND] PREPARE_PAIR slot=0
[VND] PREPARE_PAIR slot=0
[VND] TX_SKIP busy/inflight tag=ADC0-ASY2
[VND] PREPARE_PAIR slot=0
[VND] PREPARE_PAIR slot=0
[VND] TX_SKIP busy/inflight tag=ADC0-ASY2
[VND] PREPARE_PAIR slot=0
[VND] PREPARE_PAIR slot=0
[VND] TX_SKIP busy/inflight tag=ADC0-ASY2
[VND] PREPARE_PAIR slot=0
[VND] PREPARE_PAIR slot=0
[VND] TX_SKIP busy/inflight tag=ADC0-ASY2
[VND] PREPARE_PAIR slot=0
[VND] PREPARE_PAIR slot=0
[VND] TX_SKIP busy/inflight tag=ADC0-ASY2
[VND] PREPARE_PAIR slot=0
[VND] PREPARE_PAIR slot=0
[VND] TX_SKIP busy/inflight tag=ADC0-ASY2
[VND] PREPARE_PAIR slot=0
[VND] PREPARE_PAIR slot=0
[VND] TX_SKIP busy/inflight tag=ADC0-ASY2
[VND] PREPARE_PAIR slot=0
[VND] PREPARE_PAIR slot=0
[VND] TX_SKIP busy/inflight tag=ADC0-ASY2
[VND] PREPARE_PAIR slot=0
[VND] PREPARE_PAIR slot=0
[VND] TX_SKIP busy/inflight tag=ADC0-ASY2
[VND] PREPARE_PAIR slot=0
[VND] PREPARE_PAIR slot=0
[VND] TX_SKIP busy/inflight tag=ADC0-ASY2
[VND] PREPARE_PAIR slot=0
[VND] PREPARE_PAIR slot=0
[VND] TX_SKIP busy/inflight tag=ADC0-ASY2
[VND] PREPARE_PAIR slot=0
[VND] PREPARE_PAIR slot=0
[VND] TX_SKIP busy/inflight tag=ADC0-ASY2
[VND] PREPARE_PAIR slot=0
[VND] PREPARE_PAIR slot=0
[VND] TX_SKIP busy/inflight tag=ADC0-ASY2
[VND] PREPARE_PAIR slot=0
[VND] PREPARE_PAIR slot=0
[VND] TX_SKIP busy/inflight tag=ADC0-ASY2
[VND] PREPARE_PAIR slot=0
[VND] PREPARE_PAIR slot=0
[VND] TX_SKIP busy/inflight tag=ADC0-ASY2
[VND] PREPARE_PAIR slot=0
[VND] PREPARE_PAIR slot=0
[VND] TX_SKIP busy/inflight tag=ADC0-ASY2
[VND] PREPARE_PAIR slot=0
[VND] PREPARE_PAIR slot=0
[VND] TX_SKIP busy/inflight tag=ADC0-ASY2
[VND] PREPARE_PAIR slot=0
[VND] PREPARE_PAIR slot=0
[VND] TX_SKIP busy/inflight tag=ADC0-ASY2
[VND] PREPARE_PAIR slot=0
[VND] PREPARE_PAIR slot=0
[VND] TX_SKIP busy/inflight tag=ADC0-ASY2
[VND] PREPARE_PAIR slot=0
[VND] PREPARE_PAIR slot=0
[VND] TX_SKIP busy/inflight tag=ADC0-ASY2
[VND] PREPARE_PAIR slot=0
[VND] PREPARE_PAIR slot=0
[VND] TX_SKIP busy/inflight tag=ADC0-ASY2
[VND] PREPARE_PAIR slot=0
[VND] PREPARE_PAIR slot=0
[VND] TX_SKIP busy/inflight tag=ADC0-ASY2
[VND] PREPARE_PAIR slot=0
[VND] PREPARE_PAIR slot=0
[VND] TX_SKIP busy/inflight tag=ADC0-ASY2
[VND] PREPARE_PAIR slot=0
[VND] PREPARE_PAIR slot=0
[VND] TX_SKIP busy/inflight tag=ADC0-ASY2
[VND] PREPARE_PAIR slot=0
[VND] PREPARE_PAIR slot=0
[VND] TX_SKIP busy/inflight tag=ADC0-ASY2
[VND] PREPARE_PAIR slot=0
[VND] PREPARE_PAIR slot=0
[VND] TX_SKIP busy/inflight tag=ADC0-ASY2
[VND] PREPARE_PAIR slot=0
[VND] PREPARE_PAIR slot=0
[VND] TX_SKIP busy/inflight tag=ADC0-ASY2
[VND] PREPARE_PAIR slot=0
[VND] PREPARE_PAIR slot=0
[VND] TX_SKIP busy/inflight tag=ADC0-ASY2
[VND] PREPARE_PAIR slot=0
[VND] PREPARE_PAIR slot=0
[VND] TX_SKIP busy/inflight tag=ADC0-ASY2
[VND] PREPARE_PAIR slot=0
[VND] PREPARE_PAIR slot=0
[VND] TX_SKIP busy/inflight tag=ADC0-ASY2
[VND] PREPARE_PAIR slot=0
[VND] PREPARE_PAIR slot=0
[VND] TX_SKIP busy/inflight tag=ADC0-ASY2
[VND] PREPARE_PAIR slot=0
[VND] PREPARE_PAIR slot=0
[VND] TX_SKIP busy/inflight tag=ADC0-ASY2
[VND] PREPARE_PAIR slot=0
[VND] PREPARE_PAIR slot=0
[VND] TX_SKIP busy/inflight tag=ADC0-ASY2
[VND] PREPARE_PAIR slot=0
[VND] PREPARE_PAIR slot=0
[VND] TX_SKIP busy/inflight tag=ADC0-ASY2
[VND] PREPARE_PAIR slot=0
[VND] PREPARE_PAIR slot=0
[VND] TX_SKIP busy/inflight tag=ADC0-ASY2
[VND] PREPARE_PAIR slot=0
[VND] PREPARE_PAIR slot=0
[VND] TX_SKIP busy/inflight tag=ADC0-ASY2
[VND] PREPARE_PAIR slot=0
[VND] PREPARE_PAIR slot=0
[VND] TX_SKIP busy/inflight tag=ADC0-ASY2
[VND] PREPARE_PAIR slot=0
[VND] PREPARE_PAIR slot=0
[VND] TX_SKIP busy/inflight tag=ADC0-ASY2
[VND] PREPARE_PAIR slot=0
[VND] PREPARE_PAIR slot=0
[VND] TX_SKIP busy/inflight tag=ADC0-ASY2
[VND] PREPARE_PAIR slot=0
[VND] PREPARE_PAIR slot=0
[VND] TX_SKIP busy/inflight tag=ADC0-ASY2
[VND] PREPARE_PAIR slot=0
[VND] PREPARE_PAIR slot=0
[VND] TX_SKIP busy/inflight tag=ADC0-ASY2
[VND] PREPARE_PAIR slot=0
[VND] PREPARE_PAIR slot=0
[VND] TX_SKIP busy/inflight tag=ADC0-ASY2
[VND] PREPARE_PAIR slot=0
[VND] PREPARE_PAIR slot=0
[VND] TX_SKIP busy/inflight tag=ADC0-ASY2
[VND] PREPARE_PAIR slot=0
[VND] PREPARE_PAIR slot=0
[VND] TX_SKIP busy/inflight tag=ADC0-ASY2
[VND] PREPARE_PAIR slot=0
[VND] PREPARE_PAIR slot=0
[VND] TX_SKIP busy/inflight tag=ADC0-ASY2
[VND] PREPARE_PAIR slot=0
[VND] PREPARE_PAIR slot=0
[VND] TX_SKIP busy/inflight tag=ADC0-ASY2
[VND] PREPARE_PAIR slot=0
[VND] PREPARE_PAIR slot=0
[VND] TX_SKIP busy/inflight tag=ADC0-ASY2
[VND] PREPARE_PAIR slot=0
[VND] PREPARE_PAIR slot=0
[VND] TX_SKIP busy/inflight tag=ADC0-ASY2
[VND] PREPARE_PAIR slot=0
[VND] PREPARE_PAIR slot=0
[VND] TX_SKIP busy/inflight tag=ADC0-ASY2
[VND] PREPARE_PAIR slot=0
[VND] PREPARE_PAIR slot=0
[VND] TX_SKIP busy/inflight tag=ADC0-ASY2
[VND] PREPARE_PAIR slot=0
[VND] PREPARE_PAIR slot=0
[VND] TX_SKIP busy/inflight tag=ADC0-ASY2
[VND] PREPARE_PAIR slot=0
[VND] PREPARE_PAIR slot=0
[VND] TX_SKIP busy/inflight tag=ADC0-ASY2
[VND] PREPARE_PAIR slot=0
[VND] PREPARE_PAIR slot=0
[VND] TX_SKIP busy/inflight tag=ADC0-ASY2
[VND] PREPARE_PAIR slot=0
[VND] PREPARE_PAIR slot=0
[VND] TX_SKIP busy/inflight tag=ADC0-ASY2
[VND] PREPARE_PAIR slot=0
[VND] PREPARE_PAIR slot=0
[VND] TX_SKIP busy/inflight tag=ADC0-ASY2
[VND] PREPARE_PAIR slot=0
[VND] PREPARE_PAIR slot=0
[VND] TX_SKIP busy/inflight tag=ADC0-ASY2
[VND] PREPARE_PAIR slot=0
[VND] PREPARE_PAIR slot=0
[VND] TX_SKIP busy/inflight tag=ADC0-ASY2
[VND] PREPARE_PAIR slot=0
[VND] PREPARE_PAIR slot=0
[VND] TX_SKIP busy/inflight tag=ADC0-ASY2
[VND] PREPARE_PAIR slot=0
[VND] PREPARE_PAIR slot=0
[VND] TX_SKIP busy/inflight tag=ADC0-ASY2
[VND] PREPARE_PAIR slot=0
[VND] PREPARE_PAIR slot=0
[VND] TX_SKIP busy/inflight tag=ADC0-ASY2
[VND] PREPARE_PAIR slot=0
[VND] PREPARE_PAIR slot=0
[VND] TX_SKIP busy/inflight tag=ADC0-ASY2
[VND] PREPARE_PAIR slot=0
[VND] PREPARE_PAIR slot=0
[VND] TX_SKIP busy/inflight tag=ADC0-ASY2
[VND] PREPARE_PAIR slot=0
[VND] PREPARE_PAIR slot=0
[VND] TX_SKIP busy/inflight tag=ADC0-ASY2
[VND] PREPARE_PAIR slot=0
[VND] PREPARE_PAIR slot=0
[VND] TX_SKIP busy/inflight tag=ADC0-ASY2
[VND] PREPARE_PAIR slot=0
[VND] PREPARE_PAIR slot=0
[VND] TX_SKIP busy/inflight tag=ADC0-ASY2
[VND] PREPARE_PAIR slot=0
[VND] PREPARE_PAIR slot=0
[VND] TX_SKIP busy/inflight tag=ADC0-ASY2
[VND] PREPARE_PAIR slot=0
[VND] PREPARE_PAIR slot=0
[VND] TX_SKIP busy/inflight tag=ADC0-ASY2
[VND] PREPARE_PAIR slot=0
[VND] PREPARE_PAIR slot=0
[VND] TX_SKIP busy/inflight tag=ADC0-ASY2
[VND] PREPARE_PAIR slot=0
[VND] PREPARE_PAIR slot=0
[VND] TX_SKIP busy/inflight tag=ADC0-ASY2
[VND] PREPARE_PAIR slot=0
[VND] PREPARE_PAIR slot=0
[VND] TX_SKIP busy/inflight tag=ADC0-ASY2
[VND] PREPARE_PAIR slot=0
[VND] PREPARE_PAIR slot=0
[VND] TX_SKIP busy/inflight tag=ADC0-ASY2
[VND] PREPARE_PAIR slot=0
[VND] PREPARE_PAIR slot=0
[VND] TX_SKIP busy/inflight tag=ADC0-ASY2
[VND] PREPARE_PAIR slot=0
[VND] PREPARE_PAIR slot=0
[VND] TX_SKIP busy/inflight tag=ADC0-ASY2
[VND] PREPARE_PAIR slot=0
[VND] PREPARE_PAIR slot=0
[VND] TX_SKIP busy/inflight tag=ADC0-ASY2
[VND] PREPARE_PAIR slot=0
[VND] PREPARE_PAIR slot=0
[VND] TX_SKIP busy/inflight tag=ADC0-ASY2
[VND] PREPARE_PAIR slot=0
[VND] PREPARE_PAIR slot=0
[VND] TX_SKIP busy/inflight tag=ADC0-ASY2
[VND] PREPARE_PAIR slot=0
[VND] PREPARE_PAIR slot=0
[VND] TX_SKIP busy/inflight tag=ADC0-ASY2
[VND] PREPARE_PAIR slot=0
[VND] PREPARE_PAIR slot=0
[VND] TX_SKIP busy/inflight tag=ADC0-ASY2
[VND] PREPARE_PAIR slot=0
[VND] PREPARE_PAIR slot=0
[VND] TX_SKIP busy/inflight tag=ADC0-ASY2
[VND] PREPARE_PAIR slot=0
[VND] PREPARE_PAIR slot=0
[VND] TX_SKIP busy/inflight tag=ADC0-ASY2
[VND] PREPARE_PAIR slot=0
[VND] PREPARE_PAIR slot=0
[VND] TX_SKIP busy/inflight tag=ADC0-ASY2
[VND] PREPARE_PAIR slot=0
[VND] PREPARE_PAIR slot=0
[VND] TX_SKIP busy/inflight tag=ADC0-ASY2
[VND] PREPARE_PAIR slot=0
[VND] PREPARE_PAIR slot=0
[VND] TX_SKIP busy/inflight tag=ADC0-ASY2
[VND] PREPARE_PAIR slot=0
[VND] PREPARE_PAIR slot=0
[VND] TX_SKIP busy/inflight tag=ADC0-ASY2
[VND] PREPARE_PAIR slot=0
[VND] PREPARE_PAIR slot=0
[VND] TX_SKIP busy/inflight tag=ADC0-ASY2
[VND] PREPARE_PAIR slot=0
[VND] PREPARE_PAIR slot=0
[VND] TX_SKIP busy/inflight tag=ADC0-ASY2
[VND] PREPARE_PAIR slot=0
[VND] PREPARE_PAIR slot=0
[VND] TX_SKIP busy/inflight tag=ADC0-ASY2
[VND] PREPARE_PAIR slot=0
[VND] PREPARE_PAIR slot=0
[VND] TX_SKIP busy/inflight tag=ADC0-ASY2
[VND] PREPARE_PAIR slot=0
[VND] PREPARE_PAIR slot=0
[VND] TX_SKIP busy/inflight tag=ADC0-ASY2
[VND] PREPARE_PAIR slot=0
[VND] PREPARE_PAIR slot=0
[VND] TX_SKIP busy/inflight tag=ADC0-ASY2
[VND] PREPARE_PAIR slot=0
[VND] PREPARE_PAIR slot=0
[VND] TX_SKIP busy/inflight tag=ADC0-ASY2
[VND] PREPARE_PAIR slot=0
[VND] PREPARE_PAIR slot=0
[VND] TX_SKIP busy/inflight tag=ADC0-ASY2
[VND] PREPARE_PAIR slot=0
[VND] PREPARE_PAIR slot=0
[VND] TX_SKIP busy/inflight tag=ADC0-ASY2
[VND] PREPARE_PAIR slot=0
[VND] PREPARE_PAIR slot=0
[VND] TX_SKIP busy/inflight tag=ADC0-ASY2
[VND] PREPARE_PAIR slot=0
[VND] PREPARE_PAIR slot=0
[VND] TX_SKIP busy/inflight tag=ADC0-ASY2
[VND] PREPARE_PAIR slot=0
[VND] PREPARE_PAIR slot=0
[VND] TX_SKIP busy/inflight tag=ADC0-ASY2
[VND] PREPARE_PAIR slot=0
[VND] PREPARE_PAIR slot=0
[VND] TX_SKIP busy/inflight tag=ADC0-ASY2
[VND] PREPARE_PAIR slot=0
[VND] PREPARE_PAIR slot=0
[VND] TX_SKIP busy/inflight tag=ADC0-ASY2
[VND] PREPARE_PAIR slot=0
[VND] PREPARE_PAIR slot=0
[VND] TX_SKIP busy/inflight tag=ADC0-ASY2
[VND] PREPARE_PAIR slot=0
[VND] PREPARE_PAIR slot=0
[VND] TX_SKIP busy/inflight tag=ADC0-ASY2
[VND] PREPARE_PAIR slot=0
[VND] PREPARE_PAIR slot=0
[VND] TX_SKIP busy/inflight tag=ADC0-ASY2
[VND] PREPARE_PAIR slot=0
[VND] PREPARE_PAIR slot=0
[VND] TX_SKIP busy/inflight tag=ADC0-ASY2
[VND] PREPARE_PAIR slot=0
[VND] PREPARE_PAIR slot=0
[VND] TX_SKIP busy/inflight tag=ADC0-ASY2
[VND] PREPARE_PAIR slot=0
[VND] PREPARE_PAIR slot=0
[VND] TX_SKIP busy/inflight tag=ADC0-ASY2
[VND] PREPARE_PAIR slot=0
[VND] PREPARE_PAIR slot=0
[VND] TX_SKIP busy/inflight tag=ADC0-ASY2
[VND] PREPARE_PAIR slot=0
[VND] PREPARE_PAIR slot=0
[VND] TX_SKIP busy/inflight tag=ADC0-ASY2
[VND] PREPARE_PAIR slot=0
[VND] PREPARE_PAIR slot=0
[VND] TX_SKIP busy/inflight tag=ADC0-ASY2
[VND] PREPARE_PAIR slot=0
[VND] PREPARE_PAIR slot=0
[VND] TX_SKIP busy/inflight tag=ADC0-ASY2
[VND] PREPARE_PAIR slot=0
[VND] PREPARE_PAIR slot=0
[VND] TX_SKIP busy/inflight tag=ADC0-ASY2
[VND] PREPARE_PAIR slot=0
[VND] PREPARE_PAIR slot=0
[VND] TX_SKIP busy/inflight tag=ADC0-ASY2
[VND] PREPARE_PAIR slot=0
[VND] PREPARE_PAIR slot=0
[VND] TX_SKIP busy/inflight tag=ADC0-ASY2
[VND] PREPARE_PAIR slot=0
[VND] PREPARE_PAIR slot=0
[VND] TX_SKIP busy/inflight tag=ADC0-ASY2
[VND] PREPARE_PAIR slot=0
[VND] PREPARE_PAIR slot=0
[VND] TX_SKIP busy/inflight tag=ADC0-ASY2
[VND] PREPARE_PAIR slot=0
[VND] PREPARE_PAIR slot=0
[VND] TX_SKIP busy/inflight tag=ADC0-ASY2
[VND] PREPARE_PAIR slot=0
[VND] PREPARE_PAIR slot=0
[VND] TX_SKIP busy/inflight tag=ADC0-ASY2
[VND] PREPARE_PAIR slot=0
[VND] PREPARE_PAIR slot=0
[VND] TX_SKIP busy/inflight tag=ADC0-ASY2
[VND] PREPARE_PAIR slot=0
[VND] PREPARE_PAIR slot=0
[VND] TX_SKIP busy/inflight tag=ADC0-ASY2
[VND] PREPARE_PAIR slot=0
[VND] PREPARE_PAIR slot=0
[VND] TX_SKIP busy/inflight tag=ADC0-ASY2
[VND] PREPARE_PAIR slot=0
[VND] PREPARE_PAIR slot=0
[VND] TX_SKIP busy/inflight tag=ADC0-ASY2
[VND] PREPARE_PAIR slot=0
[VND] PREPARE_PAIR slot=0
[VND] TX_SKIP busy/inflight tag=ADC0-ASY2
[VND] PREPARE_PAIR slot=0
[VND] PREPARE_PAIR slot=0
[VND] TX_SKIP busy/inflight tag=ADC0-ASY2
[VND] PREPARE_PAIR slot=0
[VND] PREPARE_PAIR slot=0
[VND] TX_SKIP busy/inflight tag=ADC0-ASY2
[VND] PREPARE_PAIR slot=0
[VND] PREPARE_PAIR slot=0
[VND] TX_SKIP busy/inflight tag=ADC0-ASY2
[VND] PREPARE_PAIR slot=0
[VND] PREPARE_PAIR slot=0
[VND] TX_SKIP busy/inflight tag=ADC0-ASY2
[VND] PREPARE_PAIR slot=0
[VND] PREPARE_PAIR slot=0
[VND] TX_SKIP busy/inflight tag=ADC0-ASY2
[VND] PREPARE_PAIR slot=0
[VND] PREPARE_PAIR slot=0
[VND] TX_SKIP busy/inflight tag=ADC0-ASY2
[VND] PREPARE_PAIR slot=0
[VND] PREPARE_PAIR slot=0
[VND] TX_SKIP busy/inflight tag=ADC0-ASY2
[VND] PREPARE_PAIR slot=0
[VND] PREPARE_PAIR slot=0
[VND] TX_SKIP busy/inflight tag=ADC0-ASY2
[VND] PREPARE_PAIR slot=0
[VND] PREPARE_PAIR slot=0
[VND] TX_SKIP busy/inflight tag=ADC0-ASY2
[VND] PREPARE_PAIR slot=0
[VND] PREPARE_PAIR slot=0
[VND] TX_SKIP busy/inflight tag=ADC0-ASY2
[VND] PREPARE_PAIR slot=0
[VND] PREPARE_PAIR slot=0
[VND] TX_SKIP busy/inflight tag=ADC0-ASY2
[VND] PREPARE_PAIR slot=0
[VND] PREPARE_PAIR slot=0
[VND] TX_SKIP busy/inflight tag=ADC0-ASY2
[VND] PREPARE_PAIR slot=0
[VND] PREPARE_PAIR slot=0
[VND] TX_SKIP busy/inflight tag=ADC0-ASY2
[VND] PREPARE_PAIR slot=0
[VND] PREPARE_PAIR slot=0
[VND] TX_SKIP busy/inflight tag=ADC0-ASY2
[VND] PREPARE_PAIR slot=0
[VND] PREPARE_PAIR slot=0
[VND] TX_SKIP busy/inflight tag=ADC0-ASY2
[VND] PREPARE_PAIR slot=0
[VND] PREPARE_PAIR slot=0
[VND] TX_SKIP busy/inflight tag=ADC0-ASY2
[VND] PREPARE_PAIR slot=0
[VND] PREPARE_PAIR slot=0
[VND] TX_SKIP busy/inflight tag=ADC0-ASY2
[VND] PREPARE_PAIR slot=0
[VND] PREPARE_PAIR slot=0
[VND] TX_SKIP busy/inflight tag=ADC0-ASY2
[VND] PREPARE_PAIR slot=0
[VND] PREPARE_PAIR slot=0
[VND] TX_SKIP busy/inflight tag=ADC0-ASY2
[VND] PREPARE_PAIR slot=0
[VND] PREPARE_PAIR slot=0
[VND] TX_SKIP busy/inflight tag=ADC0-ASY2
[VND] PREPARE_PAIR slot=0
[VND] PREPARE_PAIR slot=0
[VND] TX_SKIP busy/inflight tag=ADC0-ASY2
[VND] PREPARE_PAIR slot=0
[VND] PREPARE_PAIR slot=0
[VND] TX_SKIP busy/inflight tag=ADC0-ASY2
[VND] PREPARE_PAIR slot=0
[VND] PREPARE_PAIR slot=0
[VND] TX_SKIP busy/inflight tag=ADC0-ASY2
[VND] PREPARE_PAIR slot=0
[VND] PREPARE_PAIR slot=0
[VND] TX_SKIP busy/inflight tag=ADC0-ASY2
[VND] PREPARE_PAIR slot=0
[VND] PREPARE_PAIR slot=0
[VND] TX_SKIP busy/inflight tag=ADC0-ASY2
[VND] PREPARE_PAIR slot=0
[VND] PREPARE_PAIR slot=0
[VND] TX_SKIP busy/inflight tag=ADC0-ASY2
[VND] PREPARE_PAIR slot=0
[VND] PREPARE_PAIR slot=0
[VND] TX_SKIP busy/inflight tag=ADC0-ASY2
[VND] PREPARE_PAIR slot=0
[VND] PREPARE_PAIR slot=0
[VND] TX_SKIP busy/inflight tag=ADC0-ASY2
[VND] PREPARE_PAIR slot=0
[VND] PREPARE_PAIR slot=0
[VND] TX_SKIP busy/inflight tag=ADC0-ASY2
[VND] PREPARE_PAIR slot=0
[VND] PREPARE_PAIR slot=0
[VND] TX_SKIP busy/inflight tag=ADC0-ASY2
[VND] PREPARE_PAIR slot=0
[VND] PREPARE_PAIR slot=0
[VND] TX_SKIP busy/inflight tag=ADC0-ASY2
[VND] PREPARE_PAIR slot=0
[VND] PREPARE_PAIR slot=0
[VND] TX_SKIP busy/inflight tag=ADC0-ASY2
[VND] PREPARE_PAIR slot=0
[VND] PREPARE_PAIR slot=0
[VND] TX_SKIP busy/inflight tag=ADC0-ASY2
[VND] PREPARE_PAIR slot=0
[VND] PREPARE_PAIR slot=0
[VND] TX_SKIP busy/inflight tag=ADC0-ASY2
[VND] PREPARE_PAIR slot=0
[VND] PREPARE_PAIR slot=0
[VND] TX_SKIP busy/inflight tag=ADC0-ASY2
[VND] PREPARE_PAIR slot=0
[VND] PREPARE_PAIR slot=0
[VND] TX_SKIP busy/inflight tag=ADC0-ASY2
[VND] PREPARE_PAIR slot=0
[VND] PREPARE_PAIR slot=0
[VND] TX_SKIP busy/inflight tag=ADC0-ASY2
[VND] PREPARE_PAIR slot=0
[VND] PREPARE_PAIR slot=0
[VND] TX_SKIP busy/inflight tag=ADC0-ASY2
[VND] PREPARE_PAIR slot=0
[VND] PREPARE_PAIR slot=0
[VND] TX_SKIP busy/inflight tag=ADC0-ASY2
[VND] PREPARE_PAIR slot=0
[VND] PREPARE_PAIR slot=0
[VND] TX_SKIP busy/inflight tag=ADC0-ASY2
[VND] PREPARE_PAIR slot=0
[VND] PREPARE_PAIR slot=0
[VND] TX_SKIP busy/inflight tag=ADC0-ASY2
[VND] PREPARE_PAIR slot=0
[VND] PREPARE_PAIR slot=0
[VND] TX_SKIP busy/inflight tag=ADC0-ASY2
[VND] PREPARE_PAIR slot=0
[VND] PREPARE_PAIR slot=0
[VND] TX_SKIP busy/inflight tag=ADC0-ASY2
[VND] PREPARE_PAIR slot=0
[VND] PREPARE_PAIR slot=0
[VND] TX_SKIP busy/inflight tag=ADC0-ASY2
[VND] PREPARE_PAIR slot=0
[VND] PREPARE_PAIR slot=0
[VND] TX_SKIP busy/inflight tag=ADC0-ASY2
[VND] PREPARE_PAIR slot=0
[VND] PREPARE_PAIR slot=0
[VND] TX_SKIP busy/inflight tag=ADC0-ASY2
[VND] PREPARE_PAIR slot=0
[VND] PREPARE_PAIR slot=0
[VND] TX_SKIP busy/inflight tag=ADC0-ASY2
[VND] PREPARE_PAIR slot=0
[VND] PREPARE_PAIR slot=0
[VND] TX_SKIP busy/inflight tag=ADC0-ASY2
[VND] PREPARE_PAIR slot=0
[VND] PREPARE_PAIR slot=0
[VND] TX_SKIP busy/inflight tag=ADC0-ASY2
[VND] PREPARE_PAIR slot=0
[VND] PREPARE_PAIR slot=0
[VND] TX_SKIP busy/inflight tag=ADC0-ASY2
[VND] PREPARE_PAIR slot=0
[VND] PREPARE_PAIR slot=0
[VND] TX_SKIP busy/inflight tag=ADC0-ASY2
[VND] PREPARE_PAIR slot=0
[VND] PREPARE_PAIR slot=0
[VND] TX_SKIP busy/inflight tag=ADC0-ASY2
[VND] PREPARE_PAIR slot=0
[VND] PREPARE_PAIR slot=0
[VND] TX_SKIP busy/inflight tag=ADC0-ASY2
[VND] PREPARE_PAIR slot=0
[VND] PREPARE_PAIR slot=0
[VND] TX_SKIP busy/inflight tag=ADC0-ASY2
[VND] PREPARE_PAIR slot=0
[VND] PREPARE_PAIR slot=0
[VND] TX_SKIP busy/inflight tag=ADC0-ASY2
[VND] PREPARE_PAIR slot=0
[VND] PREPARE_PAIR slot=0
[VND] TX_SKIP busy/inflight tag=ADC0-ASY2
[VND] PREPARE_PAIR slot=0
[VND] PREPARE_PAIR slot=0
[VND] TX_SKIP busy/inflight tag=ADC0-ASY2
[VND] PREPARE_PAIR slot=0
[VND] PREPARE_PAIR slot=0
[VND] TX_SKIP busy/inflight tag=ADC0-ASY2
[VND] PREPARE_PAIR slot=0
[VND] PREPARE_PAIR slot=0
[VND] TX_SKIP busy/inflight tag=ADC0-ASY2
[VND] PREPARE_PAIR slot=0
[VND] PREPARE_PAIR slot=0
[VND] TX_SKIP busy/inflight tag=ADC0-ASY2
[VND] PREPARE_PAIR slot=0
[VND] PREPARE_PAIR slot=0
[VND] TX_SKIP busy/inflight tag=ADC0-ASY2
[VND] PREPARE_PAIR slot=0
[VND] PREPARE_PAIR slot=0
[VND] TX_SKIP busy/inflight tag=ADC0-ASY2
[VND] PREPARE_PAIR slot=0
[VND] PREPARE_PAIR slot=0
[VND] TX_SKIP busy/inflight tag=ADC0-ASY2
[VND] PREPARE_PAIR slot=0
[VND] PREPARE_PAIR slot=0
[VND] TX_SKIP busy/inflight tag=ADC0-ASY2
[VND] PREPARE_PAIR slot=0
[VND] PREPARE_PAIR slot=0
[VND] TX_SKIP busy/inflight tag=ADC0-ASY2
[VND] PREPARE_PAIR slot=0
[VND] PREPARE_PAIR slot=0
[VND] TX_SKIP busy/inflight tag=ADC0-ASY2
[VND] PREPARE_PAIR slot=0
[VND] PREPARE_PAIR slot=0
[VND] TX_SKIP busy/inflight tag=ADC0-ASY2
[VND] PREPARE_PAIR slot=0
[VND] PREPARE_PAIR slot=0
[VND] TX_SKIP busy/inflight tag=ADC0-ASY2
[VND] PREPARE_PAIR slot=0
[VND] PREPARE_PAIR slot=0
[VND] TX_SKIP busy/inflight tag=ADC0-ASY2
[VND] PREPARE_PAIR slot=0
[VND] PREPARE_PAIR slot=0
[VND] TX_SKIP busy/inflight tag=ADC0-ASY2
[VND] PREPARE_PAIR slot=0
[VND] PREPARE_PAIR slot=0
[VND] TX_SKIP busy/inflight tag=ADC0-ASY2
[VND] PREPARE_PAIR slot=0
[VND] PREPARE_PAIR slot=0
[VND] TX_SKIP busy/inflight tag=ADC0-ASY2
[VND] PREPARE_PAIR slot=0
[VND] PREPARE_PAIR slot=0
[VND] TX_SKIP busy/inflight tag=ADC0-ASY2
[VND] PREPARE_PAIR slot=0
[VND] PREPARE_PAIR slot=0
[VND] TX_SKIP busy/inflight tag=ADC0-ASY2
[VND] PREPARE_PAIR slot=0
[VND] PREPARE_PAIR slot=0
[VND] TX_SKIP busy/inflight tag=ADC0-ASY2
[VND] PREPARE_PAIR slot=0
[VND] PREPARE_PAIR slot=0
[VND] TX_SKIP busy/inflight tag=ADC0-ASY2
[VND] PREPARE_PAIR slot=0
[VND] PREPARE_PAIR slot=0
[VND] TX_SKIP busy/inflight tag=ADC0-ASY2
[VND] PREPARE_PAIR slot=0
[VND] PREPARE_PAIR slot=0
[VND] TX_SKIP busy/inflight tag=ADC0-ASY2
[VND] PREPARE_PAIR slot=0
[VND] PREPARE_PAIR slot=0
[VND] TX_SKIP busy/inflight tag=ADC0-ASY2
[VND] PREPARE_PAIR slot=0
[VND] PREPARE_PAIR slot=0
[VND] TX_SKIP busy/inflight tag=ADC0-ASY2
[VND] PREPARE_PAIR slot=0
[VND] PREPARE_PAIR slot=0
[VND] TX_SKIP busy/inflight tag=ADC0-ASY2
[VND] PREPARE_PAIR slot=0
[VND] PREPARE_PAIR slot=0
[VND] TX_SKIP busy/inflight tag=ADC0-ASY2
[VND] PREPARE_PAIR slot=0
[VND] PREPARE_PAIR slot=0
[VND] TX_SKIP busy/inflight tag=ADC0-ASY2
[VND] PREPARE_PAIR slot=0
[VND] PREPARE_PAIR slot=0
[VND] TX_SKIP busy/inflight tag=ADC0-ASY2
[VND] PREPARE_PAIR slot=0
[VND] PREPARE_PAIR slot=0
[VND] TX_SKIP busy/inflight tag=ADC0-ASY2
[VND] PREPARE_PAIR slot=0
[VND] PREPARE_PAIR slot=0
[VND] TX_SKIP busy/inflight tag=ADC0-ASY2
[VND] PREPARE_PAIR slot=0
[VND] PREPARE_PAIR slot=0
[VND] TX_SKIP busy/inflight tag=ADC0-ASY2
[VND] PREPARE_PAIR slot=0
[VND] PREPARE_PAIR slot=0
[VND] TX_SKIP busy/inflight tag=ADC0-ASY2
[VND] PREPARE_PAIR slot=0
[VND] PREPARE_PAIR slot=0
[VND] TX_SKIP busy/inflight tag=ADC0-ASY2
[VND] PREPARE_PAIR slot=0
[VND] PREPARE_PAIR slot=0
[VND] TX_SKIP busy/inflight tag=ADC0-ASY2
[VND] PREPARE_PAIR slot=0
[VND] PREPARE_PAIR slot=0
[VND] TX_SKIP busy/inflight tag=ADC0-ASY2
[VND] PREPARE_PAIR slot=0
[VND] PREPARE_PAIR slot=0
[VND] TX_SKIP busy/inflight tag=ADC0-ASY2
[VND] PREPARE_PAIR slot=0
[VND] PREPARE_PAIR slot=0
[VND] TX_SKIP busy/inflight tag=ADC0-ASY2
[VND] PREPARE_PAIR slot=0
[VND] PREPARE_PAIR slot=0
[VND] TX_SKIP busy/inflight tag=ADC0-ASY2
[VND] PREPARE_PAIR slot=0
[VND] PREPARE_PAIR slot=0
[VND] TX_SKIP busy/inflight tag=ADC0-ASY2
[VND] PREPARE_PAIR slot=0
[VND] PREPARE_PAIR slot=0
[VND] TX_SKIP busy/inflight tag=ADC0-ASY2
[VND] PREPARE_PAIR slot=0
[VND] PREPARE_PAIR slot=0
[VND] TX_SKIP busy/inflight tag=ADC0-ASY2
[VND] PREPARE_PAIR slot=0
[VND] PREPARE_PAIR slot=0
[VND] TX_SKIP busy/inflight tag=ADC0-ASY2
[VND] PREPARE_PAIR slot=0
[VND] PREPARE_PAIR slot=0
[VND] TX_SKIP busy/inflight tag=ADC0-ASY2
[VND] PREPARE_PAIR slot=0
[VND] PREPARE_PAIR slot=0
[VND] TX_SKIP busy/inflight tag=ADC0-ASY2
[VND] PREPARE_PAIR slot=0
[VND] PREPARE_PAIR slot=0
[VND] TX_SKIP busy/inflight tag=ADC0-ASY2
[VND] PREPARE_PAIR slot=0
[VND] PREPARE_PAIR slot=0
[VND] TX_SKIP busy/inflight tag=ADC0-ASY2
[VND] PREPARE_PAIR slot=0
[VND] PREPARE_PAIR slot=0
[VND] TX_SKIP busy/inflight tag=ADC0-ASY2
[VND] PREPARE_PAIR slot=0
[VND] PREPARE_PAIR slot=0
[VND] TX_SKIP busy/inflight tag=ADC0-ASY2
[VND] PREPARE_PAIR slot=0
[VND] PREPARE_PAIR slot=0
[VND] TX_SKIP busy/inflight tag=ADC0-ASY2
[VND] PREPARE_PAIR slot=0
[VND] PREPARE_PAIR slot=0
[VND] TX_SKIP busy/inflight tag=ADC0-ASY2
[VND] PREPARE_PAIR slot=0
[VND] PREPARE_PAIR slot=0
[VND] TX_SKIP busy/inflight tag=ADC0-ASY2
[VND] PREPARE_PAIR slot=0
[VND] PREPARE_PAIR slot=0
[VND] TX_SKIP busy/inflight tag=ADC0-ASY2
[VND] PREPARE_PAIR slot=0
[VND] PREPARE_PAIR slot=0
[VND] TX_SKIP busy/inflight tag=ADC0-ASY2
[VND] PREPARE_PAIR slot=0
[VND] PREPARE_PAIR slot=0
[VND] TX_SKIP busy/inflight tag=ADC0-ASY2
[VND] PREPARE_PAIR slot=0
[VND] PREPARE_PAIR slot=0
[VND] TX_SKIP busy/inflight tag=ADC0-ASY2
[VND] PREPARE_PAIR slot=0
[VND] PREPARE_PAIR slot=0
[VND] TX_SKIP busy/inflight tag=ADC0-ASY2
[VND] PREPARE_PAIR slot=0
[VND] PREPARE_PAIR slot=0
[VND] TX_SKIP busy/inflight tag=ADC0-ASY2
[VND] PREPARE_PAIR slot=0
[VND] PREPARE_PAIR slot=0
[VND] TX_SKIP busy/inflight tag=ADC0-ASY2
[VND] PREPARE_PAIR slot=0
[VND] PREPARE_PAIR slot=0
[VND] TX_SKIP busy/inflight tag=ADC0-ASY2
[VND] PREPARE_PAIR slot=0
[VND] PREPARE_PAIR slot=0
[VND] TX_SKIP busy/inflight tag=ADC0-ASY2
[VND] PREPARE_PAIR slot=0
[VND] PREPARE_PAIR slot=0
[VND] TX_SKIP busy/inflight tag=ADC0-ASY2
[VND] PREPARE_PAIR slot=0
[VND] PREPARE_PAIR slot=0
[VND] TX_SKIP busy/inflight tag=ADC0-ASY2
[VND] PREPARE_PAIR slot=0
[VND] PREPARE_PAIR slot=0
[VND] TX_SKIP busy/inflight tag=ADC0-ASY2
[VND] PREPARE_PAIR slot=0
[VND] PREPARE_PAIR slot=0
[VND] TX_SKIP busy/inflight tag=ADC0-ASY2
[VND] PREPARE_PAIR slot=0
[VND] PREPARE_PAIR slot=0
[VND] TX_SKIP busy/inflight tag=ADC0-ASY2
[VND] PREPARE_PAIR slot=0
[VND] PREPARE_PAIR slot=0
[VND] TX_SKIP busy/inflight tag=ADC0-ASY2
[VND] PREPARE_PAIR slot=0
[VND] PREPARE_PAIR slot=0
[VND] TX_SKIP busy/inflight tag=ADC0-ASY2
[VND] PREPARE_PAIR slot=0
[VND] PREPARE_PAIR slot=0
[VND] TX_SKIP busy/inflight tag=ADC0-ASY2
[VND] PREPARE_PAIR slot=0
[VND] PREPARE_PAIR slot=0
[VND] TX_SKIP busy/inflight tag=ADC0-ASY2
[VND] PREPARE_PAIR slot=0
[VND] PREPARE_PAIR slot=0
[VND] TX_SKIP busy/inflight tag=ADC0-ASY2
[VND] PREPARE_PAIR slot=0
[VND] PREPARE_PAIR slot=0
[VND] TX_SKIP busy/inflight tag=ADC0-ASY2
[VND] PREPARE_PAIR slot=0
[VND] PREPARE_PAIR slot=0
[VND] TX_SKIP busy/inflight tag=ADC0-ASY2
[VND] PREPARE_PAIR slot=0
[VND] PREPARE_PAIR slot=0
[VND] TX_SKIP busy/inflight tag=ADC0-ASY2
[VND] PREPARE_PAIR slot=0
[VND] PREPARE_PAIR slot=0
[VND] TX_SKIP busy/inflight tag=ADC0-ASY2
[VND] PREPARE_PAIR slot=0
[VND] PREPARE_PAIR slot=0
[VND] TX_SKIP busy/inflight tag=ADC0-ASY2
[VND] PREPARE_PAIR slot=0
[VND] PREPARE_PAIR slot=0
[VND] TX_SKIP busy/inflight tag=ADC0-ASY2
[VND] PREPARE_PAIR slot=0
[VND] PREPARE_PAIR slot=0
[VND] TX_SKIP busy/inflight tag=ADC0-ASY2
[VND] PREPARE_PAIR slot=0
[VND] PREPARE_PAIR slot=0
[VND] TX_SKIP busy/inflight tag=ADC0-ASY2
[VND] PREPARE_PAIR slot=0
[VND] PREPARE_PAIR slot=0
[VND] TX_SKIP busy/inflight tag=ADC0-ASY2
[VND] PREPARE_PAIR slot=0
[VND] PREPARE_PAIR slot=0
[VND] TX_SKIP busy/inflight tag=ADC0-ASY2
[VND] PREPARE_PAIR slot=0
[VND] PREPARE_PAIR slot=0
[VND] TX_SKIP busy/inflight tag=ADC0-ASY2
[VND] PREPARE_PAIR slot=0
[VND] PREPARE_PAIR slot=0
[VND] TX_SKIP busy/inflight tag=ADC0-ASY2
[VND] PREPARE_PAIR slot=0
[VND] PREPARE_PAIR slot=0
[VND] TX_SKIP busy/inflight tag=ADC0-ASY2
[VND] PREPARE_PAIR slot=0
[VND] PREPARE_PAIR slot=0
[VND] TX_SKIP busy/inflight tag=ADC0-ASY2
[VND] PREPARE_PAIR slot=0
[VND] PREPARE_PAIR slot=0
[VND] TX_SKIP busy/inflight tag=ADC0-ASY2
[VND] PREPARE_PAIR slot=0
[VND] PREPARE_PAIR slot=0
[VND] TX_SKIP busy/inflight tag=ADC0-ASY2
[VND] PREPARE_PAIR slot=0
[VND] PREPARE_PAIR slot=0
[VND] TX_SKIP busy/inflight tag=ADC0-ASY2
[VND] PREPARE_PAIR slot=0
[VND] PREPARE_PAIR slot=0
[VND] TX_SKIP busy/inflight tag=ADC0-ASY2
[VND] PREPARE_PAIR slot=0
[VND] PREPARE_PAIR slot=0
[VND] TX_SKIP busy/inflight tag=ADC0-ASY2
[VND] PREPARE_PAIR slot=0
[VND] PREPARE_PAIR slot=0
[VND] TX_SKIP busy/inflight tag=ADC0-ASY2
[VND] PREPARE_PAIR slot=0
[VND] PREPARE_PAIR slot=0
[VND] TX_SKIP busy/inflight tag=ADC0-ASY2
[VND] PREPARE_PAIR slot=0
[VND] PREPARE_PAIR slot=0
[VND] TX_SKIP busy/inflight tag=ADC0-ASY2
[VND] PREPARE_PAIR slot=0
[VND] PREPARE_PAIR slot=0
[VND] TX_SKIP busy/inflight tag=ADC0-ASY2
[VND] PREPARE_PAIR slot=0
[VND] PREPARE_PAIR slot=0
[VND] TX_SKIP busy/inflight tag=ADC0-ASY2
[VND] PREPARE_PAIR slot=0
[VND] PREPARE_PAIR slot=0
[VND] TX_SKIP busy/inflight tag=ADC0-ASY2
[VND] PREPARE_PAIR slot=0
[VND] PREPARE_PAIR slot=0
[VND] TX_SKIP busy/inflight tag=ADC0-ASY2
[VND] PREPARE_PAIR slot=0
[VND] PREPARE_PAIR slot=0
[VND] TX_SKIP busy/inflight tag=ADC0-ASY2
[VND] PREPARE_PAIR slot=0
[VND] PREPARE_PAIR slot=0
[VND] TX_SKIP busy/inflight tag=ADC0-ASY2
[VND] PREPARE_PAIR slot=0
[VND] PREPARE_PAIR slot=0
[VND] TX_SKIP busy/inflight tag=ADC0-ASY2
[VND] PREPARE_PAIR slot=0
[VND] PREPARE_PAIR slot=0
[VND] TX_SKIP busy/inflight tag=ADC0-ASY2
[VND] PREPARE_PAIR slot=0
[VND] PREPARE_PAIR slot=0
[VND] TX_SKIP busy/inflight tag=ADC0-ASY2
[VND] PREPARE_PAIR slot=0
[VND] PREPARE_PAIR slot=0
[VND] TX_SKIP busy/inflight tag=ADC0-ASY2
[VND] PREPARE_PAIR slot=0
[VND] PREPARE_PAIR slot=0
[VND] TX_SKIP busy/inflight tag=ADC0-ASY2
[VND] PREPARE_PAIR slot=0
[VND] PREPARE_PAIR slot=0
[VND] TX_SKIP busy/inflight tag=ADC0-ASY2
[VND] PREPARE_PAIR slot=0
[VND] PREPARE_PAIR slot=0
[VND] TX_SKIP busy/inflight tag=ADC0-ASY2
[VND] PREPARE_PAIR slot=0
[VND] PREPARE_PAIR slot=0
[VND] TX_SKIP busy/inflight tag=ADC0-ASY2
[VND] PREPARE_PAIR slot=0
[VND] PREPARE_PAIR slot=0
[VND] TX_SKIP busy/inflight tag=ADC0-ASY2
[VND] PREPARE_PAIR slot=0
[VND] PREPARE_PAIR slot=0
[VND] TX_SKIP busy/inflight tag=ADC0-ASY2
[VND] PREPARE_PAIR slot=0
[VND] PREPARE_PAIR slot=0
[VND] TX_SKIP busy/inflight tag=ADC0-ASY2
[VND] PREPARE_PAIR slot=0
[VND] PREPARE_PAIR slot=0
[VND] TX_SKIP busy/inflight tag=ADC0-ASY2
[VND] PREPARE_PAIR slot=0
[VND] PREPARE_PAIR slot=0
[VND] TX_SKIP busy/inflight tag=ADC0-ASY2
[VND] PREPARE_PAIR slot=0
[VND] PREPARE_PAIR slot=0
[VND] TX_SKIP busy/inflight tag=ADC0-ASY2
[VND] PREPARE_PAIR slot=0
[VND] PREPARE_PAIR slot=0
[VND] TX_SKIP busy/inflight tag=ADC0-ASY2
[VND] PREPARE_PAIR slot=0
[VND] PREPARE_PAIR slot=0
[VND] TX_SKIP busy/inflight tag=ADC0-ASY2
[VND] PREPARE_PAIR slot=0
[VND] PREPARE_PAIR slot=0
[VND] TX_SKIP busy/inflight tag=ADC0-ASY2
[VND] PREPARE_PAIR slot=0
[VND] PREPARE_PAIR slot=0
[VND] TX_SKIP busy/inflight tag=ADC0-ASY2
[VND] PREPARE_PAIR slot=0
[VND] PREPARE_PAIR slot=0
[VND] TX_SKIP busy/inflight tag=ADC0-ASY2
[VND] PREPARE_PAIR slot=0
[VND] PREPARE_PAIR slot=0
[VND] TX_SKIP busy/inflight tag=ADC0-ASY2
[VND] PREPARE_PAIR slot=0
[VND] PREPARE_PAIR slot=0
[VND] TX_SKIP busy/inflight tag=ADC0-ASY2
[VND] PREPARE_PAIR slot=0
[VND] PREPARE_PAIR slot=0
[VND] TX_SKIP busy/inflight tag=ADC0-ASY2
[VND] PREPARE_PAIR slot=0
[VND] PREPARE_PAIR slot=0
[VND] TX_SKIP busy/inflight tag=ADC0-ASY2
[VND] PREPARE_PAIR slot=0
[VND] PREPARE_PAIR slot=0
[VND] TX_SKIP busy/inflight tag=ADC0-ASY2
[VND] PREPARE_PAIR slot=0
[VND] PREPARE_PAIR slot=0
[VND] TX_SKIP busy/inflight tag=ADC0-ASY2
[VND] PREPARE_PAIR slot=0
[VND] PREPARE_PAIR slot=0
[VND] TX_SKIP busy/inflight tag=ADC0-ASY2
[VND] PREPARE_PAIR slot=0
[VND] PREPARE_PAIR slot=0
[VND] TX_SKIP busy/inflight tag=ADC0-ASY2
[VND] PREPARE_PAIR slot=0
[VND] PREPARE_PAIR slot=0
[VND] TX_SKIP busy/inflight tag=ADC0-ASY2
[VND] PREPARE_PAIR slot=0
[VND] PREPARE_PAIR slot=0
[VND] TX_SKIP busy/inflight tag=ADC0-ASY2
[VND] PREPARE_PAIR slot=0
[VND] PREPARE_PAIR slot=0
[VND] TX_SKIP busy/inflight tag=ADC0-ASY2
[VND] PREPARE_PAIR slot=0
[VND] PREPARE_PAIR slot=0
[VND] TX_SKIP busy/inflight tag=ADC0-ASY2
[VND] PREPARE_PAIR slot=0
[VND] PREPARE_PAIR slot=0
[VND] TX_SKIP busy/inflight tag=ADC0-ASY2
[VND] PREPARE_PAIR slot=0
[VND] PREPARE_PAIR slot=0
[VND] TX_SKIP busy/inflight tag=ADC0-ASY2
[VND] PREPARE_PAIR slot=0
[VND] PREPARE_PAIR slot=0
[VND] TX_SKIP busy/inflight tag=ADC0-ASY2
[VND] PREPARE_PAIR slot=0
[VND] PREPARE_PAIR slot=0
[VND] TX_SKIP busy/inflight tag=ADC0-ASY2
[VND] PREPARE_PAIR slot=0
[VND] PREPARE_PAIR slot=0
[VND] TX_SKIP busy/inflight tag=ADC0-ASY2
[VND] PREPARE_PAIR slot=0
[VND] PREPARE_PAIR slot=0
[VND] TX_SKIP busy/inflight tag=ADC0-ASY2
[VND] PREPARE_PAIR slot=0
[VND] PREPARE_PAIR slot=0
[VND] TX_SKIP busy/inflight tag=ADC0-ASY2
[VND] PREPARE_PAIR slot=0
[VND] PREPARE_PAIR slot=0
[VND] TX_SKIP busy/inflight tag=ADC0-ASY2
[VND] PREPARE_PAIR slot=0
[VND] PREPARE_PAIR slot=0
[VND] TX_SKIP busy/inflight tag=ADC0-ASY2
[VND] PREPARE_PAIR slot=0
[VND] PREPARE_PAIR slot=0
[VND] TX_SKIP busy/inflight tag=ADC0-ASY2
[VND] PREPARE_PAIR slot=0
[VND] PREPARE_PAIR slot=0
[VND] TX_SKIP busy/inflight tag=ADC0-ASY2
[VND] PREPARE_PAIR slot=0
[VND] PREPARE_PAIR slot=0
[VND] TX_SKIP busy/inflight tag=ADC0-ASY2
[VND] PREPARE_PAIR slot=0
[VND] PREPARE_PAIR slot=0
[VND] TX_SKIP busy/inflight tag=ADC0-ASY2
[VND] PREPARE_PAIR slot=0
[VND] PREPARE_PAIR slot=0
[VND] TX_SKIP busy/inflight tag=ADC0-ASY2
[VND] PREPARE_PAIR slot=0
[VND] PREPARE_PAIR slot=0
[VND] TX_SKIP busy/inflight tag=ADC0-ASY2
[VND] PREPARE_PAIR slot=0
[VND] PREPARE_PAIR slot=0
[VND] TX_SKIP busy/inflight tag=ADC0-ASY2
[VND] PREPARE_PAIR slot=0
[VND] PREPARE_PAIR slot=0
[VND] TX_SKIP busy/inflight tag=ADC0-ASY2
[VND] PREPARE_PAIR slot=0
[VND] PREPARE_PAIR slot=0
[VND] TX_SKIP busy/inflight tag=ADC0-ASY2
[VND] PREPARE_PAIR slot=0
[VND] PREPARE_PAIR slot=0
[VND] TX_SKIP busy/inflight tag=ADC0-ASY2
[VND] PREPARE_PAIR slot=0
[VND] PREPARE_PAIR slot=0
[VND] TX_SKIP busy/inflight tag=ADC0-ASY2
[VND] PREPARE_PAIR slot=0
[VND] PREPARE_PAIR slot=0
[VND] TX_SKIP busy/inflight tag=ADC0-ASY2
[VND] PREPARE_PAIR slot=0
[VND] PREPARE_PAIR slot=0
[VND] TX_SKIP busy/inflight tag=ADC0-ASY2
[VND] PREPARE_PAIR slot=0
[VND] PREPARE_PAIR slot=0
[VND] TX_SKIP busy/inflight tag=ADC0-ASY2
[VND] PREPARE_PAIR slot=0
[VND] PREPARE_PAIR slot=0
[VND] TX_SKIP busy/inflight tag=ADC0-ASY2
[VND] PREPARE_PAIR slot=0
[VND] PREPARE_PAIR slot=0
[VND] TX_SKIP busy/inflight tag=ADC0-ASY2
[VND] PREPARE_PAIR slot=0
[VND] PREPARE_PAIR slot=0
[VND] TX_SKIP busy/inflight tag=ADC0-ASY2
[VND] PREPARE_PAIR slot=0
[VND] PREPARE_PAIR slot=0
[VND] TX_SKIP busy/inflight tag=ADC0-ASY2
[VND] PREPARE_PAIR slot=0
[VND] PREPARE_PAIR slot=0
[VND] TX_SKIP busy/inflight tag=ADC0-ASY2
[VND] PREPARE_PAIR slot=0
[VND] PREPARE_PAIR slot=0
[VND] TX_SKIP busy/inflight tag=ADC0-ASY2
[VND] PREPARE_PAIR slot=0
[VND] PREPARE_PAIR slot=0
[VND] TX_SKIP busy/inflight tag=ADC0-ASY2
[VND] PREPARE_PAIR slot=0
[VND] PREPARE_PAIR slot=0
[VND] TX_SKIP busy/inflight tag=ADC0-ASY2
[VND] PREPARE_PAIR slot=0
[VND] PREPARE_PAIR slot=0
[VND] TX_SKIP busy/inflight tag=ADC0-ASY2
[VND] PREPARE_PAIR slot=0
[VND] PREPARE_PAIR slot=0
[VND] TX_SKIP busy/inflight tag=ADC0-ASY2
[VND] PREPARE_PAIR slot=0
[VND] PREPARE_PAIR slot=0
[VND] TX_SKIP busy/inflight tag=ADC0-ASY2
[VND] PREPARE_PAIR slot=0
[VND] PREPARE_PAIR slot=0
[VND] TX_SKIP busy/inflight tag=ADC0-ASY2
[VND] PREPARE_PAIR slot=0
[VND] PREPARE_PAIR slot=0
[VND] TX_SKIP busy/inflight tag=ADC0-ASY2
[VND] PREPARE_PAIR slot=0
[VND] PREPARE_PAIR slot=0
[VND] TX_SKIP busy/inflight tag=ADC0-ASY2
[VND] PREPARE_PAIR slot=0
[VND] PREPARE_PAIR slot=0
[VND] TX_SKIP busy/inflight tag=ADC0-ASY2
[VND] PREPARE_PAIR slot=0
[VND] PREPARE_PAIR slot=0
[VND] TX_SKIP busy/inflight tag=ADC0-ASY2
[VND] PREPARE_PAIR slot=0
[VND] PREPARE_PAIR slot=0
[VND] TX_SKIP busy/inflight tag=ADC0-ASY2
[VND] PREPARE_PAIR slot=0
[VND] PREPARE_PAIR slot=0
[VND] TX_SKIP busy/inflight tag=ADC0-ASY2
[VND] PREPARE_PAIR slot=0
[VND] PREPARE_PAIR slot=0
[VND] TX_SKIP busy/inflight tag=ADC0-ASY2
[VND] PREPARE_PAIR slot=0
[VND] PREPARE_PAIR slot=0
[VND] TX_SKIP busy/inflight tag=ADC0-ASY2
[VND] PREPARE_PAIR slot=0
[VND] PREPARE_PAIR slot=0
[VND] TX_SKIP busy/inflight tag=ADC0-ASY2
[VND] PREPARE_PAIR slot=0
[VND] PREPARE_PAIR slot=0
[VND] TX_SKIP busy/inflight tag=ADC0-ASY2
[VND] PREPARE_PAIR slot=0
[VND] PREPARE_PAIR slot=0
[VND] TX_SKIP busy/inflight tag=ADC0-ASY2
[VND] PREPARE_PAIR slot=0
[VND] PREPARE_PAIR slot=0
[VND] TX_SKIP busy/inflight tag=ADC0-ASY2
[VND] PREPARE_PAIR slot=0
[VND] PREPARE_PAIR slot=0
[VND] TX_SKIP busy/inflight tag=ADC0-ASY2
[VND] PREPARE_PAIR slot=0
[VND] PREPARE_PAIR slot=0
[VND] TX_SKIP busy/inflight tag=ADC0-ASY2
[VND] PREPARE_PAIR slot=0
[VND] PREPARE_PAIR slot=0
[VND] TX_SKIP busy/inflight tag=ADC0-ASY2
[VND] PREPARE_PAIR slot=0
[VND] PREPARE_PAIR slot=0
[VND] TX_SKIP busy/inflight tag=ADC0-ASY2
[VND] PREPARE_PAIR slot=0
[VND] PREPARE_PAIR slot=0
[VND] TX_SKIP busy/inflight tag=ADC0-ASY2
[VND] PREPARE_PAIR slot=0
[VND] PREPARE_PAIR slot=0
[VND] TX_SKIP busy/inflight tag=ADC0-ASY2
[VND] PREPARE_PAIR slot=0
[VND] PREPARE_PAIR slot=0
[VND] TX_SKIP busy/inflight tag=ADC0-ASY2
[VND] PREPARE_PAIR slot=0
[VND] PREPARE_PAIR slot=0
[VND] TX_SKIP busy/inflight tag=ADC0-ASY2
[VND] PREPARE_PAIR slot=0
[VND] PREPARE_PAIR slot=0
[VND] TX_SKIP busy/inflight tag=ADC0-ASY2
[VND] PREPARE_PAIR slot=0
[VND] PREPARE_PAIR slot=0
[VND] TX_SKIP busy/inflight tag=ADC0-ASY2
[VND] PREPARE_PAIR slot=0
[VND] PREPARE_PAIR slot=0
[VND] TX_SKIP busy/inflight tag=ADC0-ASY2
[VND] PREPARE_PAIR slot=0
[VND] PREPARE_PAIR slot=0
[VND] TX_SKIP busy/inflight tag=ADC0-ASY2
[VND] PREPARE_PAIR slot=0
[VND] PREPARE_PAIR slot=0
[VND] TX_SKIP busy/inflight tag=ADC0-ASY2
[VND] PREPARE_PAIR slot=0
[VND] PREPARE_PAIR slot=0
[VND] TX_SKIP busy/inflight tag=ADC0-ASY2
[VND] PREPARE_PAIR slot=0
[VND] PREPARE_PAIR slot=0
[VND] TX_SKIP busy/inflight tag=ADC0-ASY2
[VND] PREPARE_PAIR slot=0
[VND] PREPARE_PAIR slot=0
[VND] TX_SKIP busy/inflight tag=ADC0-ASY2
[VND] PREPARE_PAIR slot=0
[VND] PREPARE_PAIR slot=0
[VND] TX_SKIP busy/inflight tag=ADC0-ASY2
[VND] PREPARE_PAIR slot=0
[VND] PREPARE_PAIR slot=0
[VND] TX_SKIP busy/inflight tag=ADC0-ASY2
[VND] PREPARE_PAIR slot=0
[VND] PREPARE_PAIR slot=0
[VND] TX_SKIP busy/inflight tag=ADC0-ASY2
[VND] PREPARE_PAIR slot=0
[VND] PREPARE_PAIR slot=0
[VND] TX_SKIP busy/inflight tag=ADC0-ASY2
[VND] PREPARE_PAIR slot=0
[VND] PREPARE_PAIR slot=0
[VND] TX_SKIP busy/inflight tag=ADC0-ASY2
[VND] PREPARE_PAIR slot=0
[VND] PREPARE_PAIR slot=0
[VND] TX_SKIP busy/inflight tag=ADC0-ASY2
[VND] PREPARE_PAIR slot=0
[VND] PREPARE_PAIR slot=0
[VND] TX_SKIP busy/inflight tag=ADC0-ASY2
[VND] PREPARE_PAIR slot=0
[VND] PREPARE_PAIR slot=0
[VND] TX_SKIP busy/inflight tag=ADC0-ASY2
[VND] PREPARE_PAIR slot=0
[VND] PREPARE_PAIR slot=0
[VND] TX_SKIP busy/inflight tag=ADC0-ASY2
[VND] PREPARE_PAIR slot=0
[VND] PREPARE_PAIR slot=0
[VND] TX_SKIP busy/inflight tag=ADC0-ASY2
[VND] PREPARE_PAIR slot=0
[VND] PREPARE_PAIR slot=0
[VND] TX_SKIP busy/inflight tag=ADC0-ASY2
[VND] PREPARE_PAIR slot=0
[VND] PREPARE_PAIR slot=0
[VND] TX_SKIP busy/inflight tag=ADC0-ASY2
[VND] PREPARE_PAIR slot=0
[VND] PREPARE_PAIR slot=0
[VND] TX_SKIP busy/inflight tag=ADC0-ASY2
[VND] PREPARE_PAIR slot=0
[VND] PREPARE_PAIR slot=0
[VND] TX_SKIP busy/inflight tag=ADC0-ASY2
[VND] PREPARE_PAIR slot=0
[VND] PREPARE_PAIR slot=0
[VND] TX_SKIP busy/inflight tag=ADC0-ASY2
[VND] PREPARE_PAIR slot=0
[VND] PREPARE_PAIR slot=0
[VND] TX_SKIP busy/inflight tag=ADC0-ASY2
[VND] PREPARE_PAIR slot=0
[VND] PREPARE_PAIR slot=0
[VND] TX_SKIP busy/inflight tag=ADC0-ASY2
[VND] PREPARE_PAIR slot=0
[VND] PREPARE_PAIR slot=0
[VND] TX_SKIP busy/inflight tag=ADC0-ASY2
[VND] PREPARE_PAIR slot=0
[VND] PREPARE_PAIR slot=0
[VND] TX_SKIP busy/inflight tag=ADC0-ASY2
[VND] PREPARE_PAIR slot=0
[VND] PREPARE_PAIR slot=0
[VND] TX_SKIP busy/inflight tag=ADC0-ASY2
[VND] PREPARE_PAIR slot=0
[VND] PREPARE_PAIR slot=0
[VND] TX_SKIP busy/inflight tag=ADC0-ASY2
[VND] PREPARE_PAIR slot=0
[VND] PREPARE_PAIR slot=0
[VND] TX_SKIP busy/inflight tag=ADC0-ASY2
[VND] PREPARE_PAIR slot=0
[VND] PREPARE_PAIR slot=0
[VND] TX_SKIP busy/inflight tag=ADC0-ASY2
[VND] PREPARE_PAIR slot=0
[VND] PREPARE_PAIR slot=0
[VND] TX_SKIP busy/inflight tag=ADC0-ASY2
[VND] PREPARE_PAIR slot=0
[VND] PREPARE_PAIR slot=0
[VND] TX_SKIP busy/inflight tag=ADC0-ASY2
[VND] PREPARE_PAIR slot=0
[VND] PREPARE_PAIR slot=0
[VND] TX_SKIP busy/inflight tag=ADC0-ASY2
[VND] PREPARE_PAIR slot=0
[VND] PREPARE_PAIR slot=0
[VND] TX_SKIP busy/inflight tag=ADC0-ASY2
[VND] PREPARE_PAIR slot=0
[VND] PREPARE_PAIR slot=0
[VND] TX_SKIP busy/inflight tag=ADC0-ASY2
[VND] PREPARE_PAIR slot=0
[VND] PREPARE_PAIR slot=0
[VND] TX_SKIP busy/inflight tag=ADC0-ASY2
[VND] PREPARE_PAIR slot=0
[VND] PREPARE_PAIR slot=0
[VND] TX_SKIP busy/inflight tag=ADC0-ASY2
[VND] PREPARE_PAIR slot=0
[VND] PREPARE_PAIR slot=0
[VND] TX_SKIP busy/inflight tag=ADC0-ASY2
[VND] PREPARE_PAIR slot=0
[VND] PREPARE_PAIR slot=0
[VND] TX_SKIP busy/inflight tag=ADC0-ASY2
[VND] PREPARE_PAIR slot=0
[VND] PREPARE_PAIR slot=0
[VND] TX_SKIP busy/inflight tag=ADC0-ASY2
[VND] PREPARE_PAIR slot=0
[VND] PREPARE_PAIR slot=0
[VND] TX_SKIP busy/inflight tag=ADC0-ASY2
[VND] PREPARE_PAIR slot=0
[VND] PREPARE_PAIR slot=0
[VND] TX_SKIP busy/inflight tag=ADC0-ASY2
[VND] PREPARE_PAIR slot=0
[VND] PREPARE_PAIR slot=0
[VND] TX_SKIP busy/inflight tag=ADC0-ASY2
[VND] PREPARE_PAIR slot=0
[VND] PREPARE_PAIR slot=0
[VND] TX_SKIP busy/inflight tag=ADC0-ASY2
[VND] PREPARE_PAIR slot=0
[VND] PREPARE_PAIR slot=0
[VND] TX_SKIP busy/inflight tag=ADC0-ASY2
[VND] PREPARE_PAIR slot=0
[VND] PREPARE_PAIR slot=0
[VND] TX_SKIP busy/inflight tag=ADC0-ASY2
[VND] PREPARE_PAIR slot=0
[VND] PREPARE_PAIR slot=0
[VND] TX_SKIP busy/inflight tag=ADC0-ASY2
[VND] PREPARE_PAIR slot=0
[VND] PREPARE_PAIR slot=0
[VND] TX_SKIP busy/inflight tag=ADC0-ASY2
[VND] PREPARE_PAIR slot=0
[VND] PREPARE_PAIR slot=0
[VND] TX_SKIP busy/inflight tag=ADC0-ASY2
[VND] PREPARE_PAIR slot=0
[VND] PREPARE_PAIR slot=0
[VND] TX_SKIP busy/inflight tag=ADC0-ASY2
[VND] PREPARE_PAIR slot=0
[VND] PREPARE_PAIR slot=0
[VND] TX_SKIP busy/inflight tag=ADC0-ASY2
[VND] PREPARE_PAIR slot=0
[VND] PREPARE_PAIR slot=0
[VND] TX_SKIP busy/inflight tag=ADC0-ASY2
[VND] PREPARE_PAIR slot=0
[VND] PREPARE_PAIR slot=0
[VND] TX_SKIP busy/inflight tag=ADC0-ASY2
[VND] PREPARE_PAIR slot=0
[VND] PREPARE_PAIR slot=0
[VND] TX_SKIP busy/inflight tag=ADC0-ASY2
[VND] PREPARE_PAIR slot=0
[VND] PREPARE_PAIR slot=0
[VND] TX_SKIP busy/inflight tag=ADC0-ASY2
[VND] PREPARE_PAIR slot=0
[VND] PREPARE_PAIR slot=0
[VND] TX_SKIP busy/inflight tag=ADC0-ASY2
[VND] PREPARE_PAIR slot=0
[VND] PREPARE_PAIR slot=0
[VND] TX_SKIP busy/inflight tag=ADC0-ASY2
[VND] PREPARE_PAIR slot=0
[VND] PREPARE_PAIR slot=0
[VND] TX_SKIP busy/inflight tag=ADC0-ASY2
[VND] PREPARE_PAIR slot=0
[VND] PREPARE_PAIR slot=0
[VND] TX_SKIP busy/inflight tag=ADC0-ASY2
[VND] PREPARE_PAIR slot=0
[VND] PREPARE_PAIR slot=0
[VND] TX_SKIP busy/inflight tag=ADC0-ASY2
[VND] PREPARE_PAIR slot=0
[VND] PREPARE_PAIR slot=0
[VND] TX_SKIP busy/inflight tag=ADC0-ASY2
[VND] PREPARE_PAIR slot=0
[VND] PREPARE_PAIR slot=0
[VND] TX_SKIP busy/inflight tag=ADC0-ASY2
[VND] PREPARE_PAIR slot=0
[VND] PREPARE_PAIR slot=0
[VND] TX_SKIP busy/inflight tag=ADC0-ASY2
[VND] PREPARE_PAIR slot=0
[VND] PREPARE_PAIR slot=0
[VND] TX_SKIP busy/inflight tag=ADC0-ASY2
[VND] PREPARE_PAIR slot=0
[VND] PREPARE_PAIR slot=0
[VND] TX_SKIP busy/inflight tag=ADC0-ASY2
[VND] PREPARE_PAIR slot=0
[VND] PREPARE_PAIR slot=0
[VND] TX_SKIP busy/inflight tag=ADC0-ASY2
[VND] PREPARE_PAIR slot=0
[VND] PREPARE_PAIR slot=0
[VND] TX_SKIP busy/inflight tag=ADC0-ASY2
[VND] PREPARE_PAIR slot=0
[VND] PREPARE_PAIR slot=0
[VND] TX_SKIP busy/inflight tag=ADC0-ASY2
[VND] PREPARE_PAIR slot=0
[VND] PREPARE_PAIR slot=0
[VND] TX_SKIP busy/inflight tag=ADC0-ASY2
[VND] PREPARE_PAIR slot=0
[VND] PREPARE_PAIR slot=0
[VND] TX_SKIP busy/inflight tag=ADC0-ASY2
[VND] PREPARE_PAIR slot=0
[VND] PREPARE_PAIR slot=0
[VND] TX_SKIP busy/inflight tag=ADC0-ASY2
[VND] PREPARE_PAIR slot=0
[VND] PREPARE_PAIR slot=0
[VND] TX_SKIP busy/inflight tag=ADC0-ASY2
[VND] PREPARE_PAIR slot=0
[VND] PREPARE_PAIR slot=0
[VND] TX_SKIP busy/inflight tag=ADC0-ASY2
[VND] PREPARE_PAIR slot=0
[VND] PREPARE_PAIR slot=0
[VND] TX_SKIP busy/inflight tag=ADC0-ASY2
[VND] PREPARE_PAIR slot=0
[VND] PREPARE_PAIR slot=0
[VND] TX_SKIP busy/inflight tag=ADC0-ASY2
[VND] PREPARE_PAIR slot=0
[VND] PREPARE_PAIR slot=0
[VND] TX_SKIP busy/inflight tag=ADC0-ASY2
[VND] PREPARE_PAIR slot=0
[VND] PREPARE_PAIR slot=0
[VND] TX_SKIP busy/inflight tag=ADC0-ASY2
[VND] PREPARE_PAIR slot=0
[VND] PREPARE_PAIR slot=0
[VND] TX_SKIP busy/inflight tag=ADC0-ASY2
[VND] PREPARE_PAIR slot=0
[VND] PREPARE_PAIR slot=0
[VND] TX_SKIP busy/inflight tag=ADC0-ASY2
[VND] PREPARE_PAIR slot=0
[VND] PREPARE_PAIR slot=0
[VND] TX_SKIP busy/inflight tag=ADC0-ASY2
[VND] PREPARE_PAIR slot=0
[VND] PREPARE_PAIR slot=0
[VND] TX_SKIP busy/inflight tag=ADC0-ASY2
[VND] PREPARE_PAIR slot=0
[VND] PREPARE_PAIR slot=0
[VND] TX_SKIP busy/inflight tag=ADC0-ASY2
[VND] PREPARE_PAIR slot=0
[VND] PREPARE_PAIR slot=0
[VND] TX_SKIP busy/inflight tag=ADC0-ASY2
[VND] PREPARE_PAIR slot=0
[VND] PREPARE_PAIR slot=0
[VND] TX_SKIP busy/inflight tag=ADC0-ASY2
[VND] PREPARE_PAIR slot=0
[VND] PREPARE_PAIR slot=0
[VND] TX_SKIP busy/inflight tag=ADC0-ASY2
[VND] PREPARE_PAIR slot=0
[VND] PREPARE_PAIR slot=0
[VND] TX_SKIP busy/inflight tag=ADC0-ASY2
[VND] PREPARE_PAIR slot=0
[VND] PREPARE_PAIR slot=0
[VND] TX_SKIP busy/inflight tag=ADC0-ASY2
[VND] PREPARE_PAIR slot=0
[VND] PREPARE_PAIR slot=0
[VND] TX_SKIP busy/inflight tag=ADC0-ASY2
[VND] PREPARE_PAIR slot=0
[VND] PREPARE_PAIR slot=0
[VND] TX_SKIP busy/inflight tag=ADC0-ASY2
[VND] PREPARE_PAIR slot=0
[VND] PREPARE_PAIR slot=0
[VND] TX_SKIP busy/inflight tag=ADC0-ASY2
[VND] PREPARE_PAIR slot=0
[VND] PREPARE_PAIR slot=0
[VND] TX_SKIP busy/inflight tag=ADC0-ASY2
[VND] PREPARE_PAIR slot=0
[VND] PREPARE_PAIR slot=0
[VND] TX_SKIP busy/inflight tag=ADC0-ASY2
[VND] PREPARE_PAIR slot=0
[VND] PREPARE_PAIR slot=0
[VND] TX_SKIP busy/inflight tag=ADC0-ASY2
[VND] PREPARE_PAIR slot=0
[VND] PREPARE_PAIR slot=0
[VND] TX_SKIP busy/inflight tag=ADC0-ASY2
[VND] PREPARE_PAIR slot=0
[VND] PREPARE_PAIR slot=0
[VND] TX_SKIP busy/inflight tag=ADC0-ASY2
[VND] PREPARE_PAIR slot=0
[VND] PREPARE_PAIR slot=0
[VND] TX_SKIP busy/inflight tag=ADC0-ASY2
[VND] PREPARE_PAIR slot=0
[VND] PREPARE_PAIR slot=0
[VND] TX_SKIP busy/inflight tag=ADC0-ASY2
[VND] PREPARE_PAIR slot=0
[VND] PREPARE_PAIR slot=0
[VND] TX_SKIP busy/inflight tag=ADC0-ASY2
[VND] PREPARE_PAIR slot=0
[VND] PREPARE_PAIR slot=0
[VND] TX_SKIP busy/inflight tag=ADC0-ASY2
[VND] PREPARE_PAIR slot=0
[VND] PREPARE_PAIR slot=0
[VND] TX_SKIP busy/inflight tag=ADC0-ASY2
[VND] PREPARE_PAIR slot=0
[VND] PREPARE_PAIR slot=0
[VND] TX_SKIP busy/inflight tag=ADC0-ASY2
[VND] PREPARE_PAIR slot=0
[VND] PREPARE_PAIR slot=0
[VND] TX_SKIP busy/inflight tag=ADC0-ASY2
[VND] PREPARE_PAIR slot=0
[VND] PREPARE_PAIR slot=0
[VND] TX_SKIP busy/inflight tag=ADC0-ASY2
[VND] PREPARE_PAIR slot=0
[VND] PREPARE_PAIR slot=0
[VND] TX_SKIP busy/inflight tag=ADC0-ASY2
[VND] PREPARE_PAIR slot=0
[VND] PREPARE_PAIR slot=0
[VND] TX_SKIP busy/inflight tag=ADC0-ASY2
[VND] PREPARE_PAIR slot=0
[VND] PREPARE_PAIR slot=0
[VND] TX_SKIP busy/inflight tag=ADC0-ASY2
[VND] PREPARE_PAIR slot=0
[VND] PREPARE_PAIR slot=0
[VND] TX_SKIP busy/inflight tag=ADC0-ASY2
[VND] PREPARE_PAIR slot=0
[VND] PREPARE_PAIR slot=0
[VND] TX_SKIP busy/inflight tag=ADC0-ASY2
[VND] PREPARE_PAIR slot=0
[VND] PREPARE_PAIR slot=0
[VND] TX_SKIP busy/inflight tag=ADC0-ASY2
[VND] PREPARE_PAIR slot=0
[VND] PREPARE_PAIR slot=0
[VND] TX_SKIP busy/inflight tag=ADC0-ASY2
[VND] PREPARE_PAIR slot=0
[VND] PREPARE_PAIR slot=0
[VND] TX_SKIP busy/inflight tag=ADC0-ASY2
[VND] PREPARE_PAIR slot=0
[VND] PREPARE_PAIR slot=0
[VND] TX_SKIP busy/inflight tag=ADC0-ASY2
[VND] PREPARE_PAIR slot=0
[VND] PREPARE_PAIR slot=0
[VND] TX_SKIP busy/inflight tag=ADC0-ASY2
[VND] PREPARE_PAIR slot=0
[VND] PREPARE_PAIR slot=0
[VND] TX_SKIP busy/inflight tag=ADC0-ASY2
[VND] PREPARE_PAIR slot=0
[VND] PREPARE_PAIR slot=0
[VND] TX_SKIP busy/inflight tag=ADC0-ASY2
[VND] PREPARE_PAIR slot=0
[VND] PREPARE_PAIR slot=0
[VND] TX_SKIP busy/inflight tag=ADC0-ASY2
[VND] PREPARE_PAIR slot=0
[VND] PREPARE_PAIR slot=0
[VND] TX_SKIP busy/inflight tag=ADC0-ASY2
[VND] PREPARE_PAIR slot=0
[VND] PREPARE_PAIR slot=0
[VND] TX_SKIP busy/inflight tag=ADC0-ASY2
[VND] PREPARE_PAIR slot=0
[VND] PREPARE_PAIR slot=0
[VND] TX_SKIP busy/inflight tag=ADC0-ASY2
[VND] PREPARE_PAIR slot=0
[VND] PREPARE_PAIR slot=0
[VND] TX_SKIP busy/inflight tag=ADC0-ASY2
[VND] PREPARE_PAIR slot=0
[VND] PREPARE_PAIR slot=0
[VND] TX_SKIP busy/inflight tag=ADC0-ASY2
[VND] PREPARE_PAIR slot=0
[VND] PREPARE_PAIR slot=0
[VND] TX_SKIP busy/inflight tag=ADC0-ASY2
[VND] PREPARE_PAIR slot=0
[VND] PREPARE_PAIR slot=0
[VND] TX_SKIP busy/inflight tag=ADC0-ASY2
[VND] PREPARE_PAIR slot=0
[VND] PREPARE_PAIR slot=0
[VND] TX_SKIP busy/inflight tag=ADC0-ASY2
[VND] PREPARE_PAIR slot=0
[VND] PREPARE_PAIR slot=0
[VND] TX_SKIP busy/inflight tag=ADC0-ASY2
[VND] PREPARE_PAIR slot=0
[VND] PREPARE_PAIR slot=0
[VND] TX_SKIP busy/inflight tag=ADC0-ASY2
[VND] PREPARE_PAIR slot=0
[VND] PREPARE_PAIR slot=0
[VND] TX_SKIP busy/inflight tag=ADC0-ASY2
[VND] PREPARE_PAIR slot=0
[VND] PREPARE_PAIR slot=0
[VND] TX_SKIP busy/inflight tag=ADC0-ASY2
[VND] PREPARE_PAIR slot=0
[VND] PREPARE_PAIR slot=0
[VND] TX_SKIP busy/inflight tag=ADC0-ASY2
[VND] PREPARE_PAIR slot=0
[VND] PREPARE_PAIR slot=0
[VND] TX_SKIP busy/inflight tag=ADC0-ASY2
[VND] PREPARE_PAIR slot=0
[VND] PREPARE_PAIR slot=0
[VND] TX_SKIP busy/inflight tag=ADC0-ASY2
[VND] PREPARE_PAIR slot=0
[VND] PREPARE_PAIR slot=0
[VND] TX_SKIP busy/inflight tag=ADC0-ASY2
[VND] PREPARE_PAIR slot=0
[VND] PREPARE_PAIR slot=0
[VND] TX_SKIP busy/inflight tag=ADC0-ASY2
[VND] PREPARE_PAIR slot=0
[VND] PREPARE_PAIR slot=0
[VND] TX_SKIP busy/inflight tag=ADC0-ASY2
[VND] PREPARE_PAIR slot=0
[VND] PREPARE_PAIR slot=0
[VND] TX_SKIP busy/inflight tag=ADC0-ASY2
[VND] PREPARE_PAIR slot=0
[VND] PREPARE_PAIR slot=0
[VND] TX_SKIP busy/inflight tag=ADC0-ASY2
[VND] PREPARE_PAIR slot=0
[VND] PREPARE_PAIR slot=0
[VND] TX_SKIP busy/inflight tag=ADC0-ASY2
[VND] PREPARE_PAIR slot=0
[VND] PREPARE_PAIR slot=0
[VND] TX_SKIP busy/inflight tag=ADC0-ASY2
[VND] PREPARE_PAIR slot=0
[VND] PREPARE_PAIR slot=0
[VND] TX_SKIP busy/inflight tag=ADC0-ASY2
[VND] PREPARE_PAIR slot=0
[VND] PREPARE_PAIR slot=0
[VND] TX_SKIP busy/inflight tag=ADC0-ASY2
[VND] PREPARE_PAIR slot=0
[VND] PREPARE_PAIR slot=0
[VND] TX_SKIP busy/inflight tag=ADC0-ASY2
[VND] PREPARE_PAIR slot=0
[VND] PREPARE_PAIR slot=0
[VND] TX_SKIP busy/inflight tag=ADC0-ASY2
[VND] PREPARE_PAIR slot=0
[VND] PREPARE_PAIR slot=0
[VND] TX_SKIP busy/inflight tag=ADC0-ASY2
[VND] PREPARE_PAIR slot=0
[VND] PREPARE_PAIR slot=0
[VND] TX_SKIP busy/inflight tag=ADC0-ASY2
[VND] PREPARE_PAIR slot=0
[VND] PREPARE_PAIR slot=0
[VND] TX_SKIP busy/inflight tag=ADC0-ASY2
[VND] PREPARE_PAIR slot=0
[VND] PREPARE_PAIR slot=0
[VND] TX_SKIP busy/inflight tag=ADC0-ASY2
[VND] PREPARE_PAIR slot=0
[VND] PREPARE_PAIR slot=0
[VND] TX_SKIP busy/inflight tag=ADC0-ASY2
[VND] PREPARE_PAIR slot=0
[VND] PREPARE_PAIR slot=0
[VND] TX_SKIP busy/inflight tag=ADC0-ASY2
[VND] PREPARE_PAIR slot=0
[VND] PREPARE_PAIR slot=0
[VND] TX_SKIP busy/inflight tag=ADC0-ASY2
[VND] PREPARE_PAIR slot=0
[VND] PREPARE_PAIR slot=0
[VND] TX_SKIP busy/inflight tag=ADC0-ASY2
[VND] PREPARE_PAIR slot=0
[VND] PREPARE_PAIR slot=0
[VND] TX_SKIP busy/inflight tag=ADC0-ASY2
[VND] PREPARE_PAIR slot=0
[VND] PREPARE_PAIR slot=0
[VND] TX_SKIP busy/inflight tag=ADC0-ASY2
[VND] PREPARE_PAIR slot=0
[VND] PREPARE_PAIR slot=0
[VND] TX_SKIP busy/inflight tag=ADC0-ASY2
[VND] PREPARE_PAIR slot=0
[VND] PREPARE_PAIR slot=0
[VND] TX_SKIP busy/inflight tag=ADC0-ASY2
[VND] PREPARE_PAIR slot=0
[VND] PREPARE_PAIR slot=0
[VND] TX_SKIP busy/inflight tag=ADC0-ASY2
[VND] PREPARE_PAIR slot=0
[VND] PREPARE_PAIR slot=0
[VND] TX_SKIP busy/inflight tag=ADC0-ASY2
[VND] PREPARE_PAIR slot=0
[VND] PREPARE_PAIR slot=0
[VND] TX_SKIP busy/inflight tag=ADC0-ASY2
[VND] PREPARE_PAIR slot=0
[VND] PREPARE_PAIR slot=0
[VND] TX_SKIP busy/inflight tag=ADC0-ASY2
[VND] PREPARE_PAIR slot=0
[VND] PREPARE_PAIR slot=0
[VND] TX_SKIP busy/inflight tag=ADC0-ASY2
[VND] PREPARE_PAIR slot=0
[VND] PREPARE_PAIR slot=0
[VND] TX_SKIP busy/inflight tag=ADC0-ASY2
[VND] PREPARE_PAIR slot=0
[VND] PREPARE_PAIR slot=0
[VND] TX_SKIP busy/inflight tag=ADC0-ASY2
[VND] PREPARE_PAIR slot=0
[VND] PREPARE_PAIR slot=0
[VND] TX_SKIP busy/inflight tag=ADC0-ASY2
[VND] PREPARE_PAIR slot=0
[VND] PREPARE_PAIR slot=0
[VND] TX_SKIP busy/inflight tag=ADC0-ASY2
[VND] PREPARE_PAIR slot=0
[VND] PREPARE_PAIR slot=0
[VND] TX_SKIP busy/inflight tag=ADC0-ASY2
[VND] PREPARE_PAIR slot=0
[VND] PREPARE_PAIR slot=0
[VND] TX_SKIP busy/inflight tag=ADC0-ASY2
[VND] PREPARE_PAIR slot=0
[VND] PREPARE_PAIR slot=0
[VND] TX_SKIP busy/inflight tag=ADC0-ASY2
[VND] PREPARE_PAIR slot=0
[VND] PREPARE_PAIR slot=0
[VND] TX_SKIP busy/inflight tag=ADC0-ASY2
[VND] PREPARE_PAIR slot=0
[VND] PREPARE_PAIR slot=0
[VND] TX_SKIP busy/inflight tag=ADC0-ASY2
[VND] PREPARE_PAIR slot=0
[VND] PREPARE_PAIR slot=0
[VND] TX_SKIP busy/inflight tag=ADC0-ASY2
[VND] PREPARE_PAIR slot=0
[VND] PREPARE_PAIR slot=0
[VND] TX_SKIP busy/inflight tag=ADC0-ASY2
[VND] PREPARE_PAIR slot=0
[VND] PREPARE_PAIR slot=0
[VND] TX_SKIP busy/inflight tag=ADC0-ASY2
[VND] PREPARE_PAIR slot=0
[VND] PREPARE_PAIR slot=0
[VND] TX_SKIP busy/inflight tag=ADC0-ASY2
[VND] PREPARE_PAIR slot=0
[VND] PREPARE_PAIR slot=0
[VND] TX_SKIP busy/inflight tag=ADC0-ASY2
[VND] PREPARE_PAIR slot=0
[VND] PREPARE_PAIR slot=0
[VND] TX_SKIP busy/inflight tag=ADC0-ASY2
[VND] PREPARE_PAIR slot=0
[VND] PREPARE_PAIR slot=0
[VND] TX_SKIP busy/inflight tag=ADC0-ASY2
[VND] PREPARE_PAIR slot=0
[VND] PREPARE_PAIR slot=0
[VND] TX_SKIP busy/inflight tag=ADC0-ASY2
[VND] PREPARE_PAIR slot=0
[VND] PREPARE_PAIR slot=0
[VND] TX_SKIP busy/inflight tag=ADC0-ASY2
[VND] PREPARE_PAIR slot=0
[VND] PREPARE_PAIR slot=0
[VND] TX_SKIP busy/inflight tag=ADC0-ASY2
[VND] PREPARE_PAIR slot=0
[VND] PREPARE_PAIR slot=0
[VND] TX_SKIP busy/inflight tag=ADC0-ASY2
[VND] PREPARE_PAIR slot=0
[VND] PREPARE_PAIR slot=0
[VND] TX_SKIP busy/inflight tag=ADC0-ASY2
[VND] PREPARE_PAIR slot=0
[VND] PREPARE_PAIR slot=0
[VND] TX_SKIP busy/inflight tag=ADC0-ASY2
[VND] PREPARE_PAIR slot=0
[VND] PREPARE_PAIR slot=0
[VND] TX_SKIP busy/inflight tag=ADC0-ASY2
[VND] PREPARE_PAIR slot=0
[VND] PREPARE_PAIR slot=0
[VND] TX_SKIP busy/inflight tag=ADC0-ASY2
[VND] PREPARE_PAIR slot=0
[VND] PREPARE_PAIR slot=0
[VND] TX_SKIP busy/inflight tag=ADC0-ASY2
[VND] PREPARE_PAIR slot=0
[VND] PREPARE_PAIR slot=0
[VND] TX_SKIP busy/inflight tag=ADC0-ASY2
[VND] PREPARE_PAIR slot=0
[VND] PREPARE_PAIR slot=0
[VND] TX_SKIP busy/inflight tag=ADC0-ASY2
[VND] PREPARE_PAIR slot=0
[VND] PREPARE_PAIR slot=0
[VND] TX_SKIP busy/inflight tag=ADC0-ASY2
[VND] PREPARE_PAIR slot=0
[VND] PREPARE_PAIR slot=0
[VND] TX_SKIP busy/inflight tag=ADC0-ASY2
[VND] PREPARE_PAIR slot=0
[VND] PREPARE_PAIR slot=0
[VND] TX_SKIP busy/inflight tag=ADC0-ASY2
[VND] PREPARE_PAIR slot=0
[VND] PREPARE_PAIR slot=0
[VND] TX_SKIP busy/inflight tag=ADC0-ASY2
[VND] PREPARE_PAIR slot=0
[VND] PREPARE_PAIR slot=0
[VND] TX_SKIP busy/inflight tag=ADC0-ASY2
[VND] PREPARE_PAIR slot=0
[VND] PREPARE_PAIR slot=0
[VND] TX_SKIP busy/inflight tag=ADC0-ASY2
[VND] PREPARE_PAIR slot=0
[VND] PREPARE_PAIR slot=0
[VND] TX_SKIP busy/inflight tag=ADC0-ASY2
[VND] PREPARE_PAIR slot=0
[VND] PREPARE_PAIR slot=0
[VND] TX_SKIP busy/inflight tag=ADC0-ASY2
[VND] PREPARE_PAIR slot=0
[VND] PREPARE_PAIR slot=0
[VND] TX_SKIP busy/inflight tag=ADC0-ASY2
[VND] PREPARE_PAIR slot=0
[VND] PREPARE_PAIR slot=0
[VND] TX_SKIP busy/inflight tag=ADC0-ASY2
[VND] PREPARE_PAIR slot=0
[VND] PREPARE_PAIR slot=0
[VND] TX_SKIP busy/inflight tag=ADC0-ASY2
[VND] PREPARE_PAIR slot=0
[VND] PREPARE_PAIR slot=0
[VND] TX_SKIP busy/inflight tag=ADC0-ASY2
[VND] PREPARE_PAIR slot=0
[VND] PREPARE_PAIR slot=0
[VND] TX_SKIP busy/inflight tag=ADC0-ASY2
[VND] PREPARE_PAIR slot=0
[VND] PREPARE_PAIR slot=0
[VND] TX_SKIP busy/inflight tag=ADC0-ASY2
[VND] PREPARE_PAIR slot=0
[VND] PREPARE_PAIR slot=0
[VND] TX_SKIP busy/inflight tag=ADC0-ASY2
[VND] PREPARE_PAIR slot=0
[VND] PREPARE_PAIR slot=0
[VND] TX_SKIP busy/inflight tag=ADC0-ASY2
[VND] PREPARE_PAIR slot=0
[VND] PREPARE_PAIR slot=0
[VND] TX_SKIP busy/inflight tag=ADC0-ASY2
[VND] PREPARE_PAIR slot=0
[VND] PREPARE_PAIR slot=0
[VND] TX_SKIP busy/inflight tag=ADC0-ASY2
[VND] PREPARE_PAIR slot=0
[VND] PREPARE_PAIR slot=0
[VND] TX_SKIP busy/inflight tag=ADC0-ASY2
[VND] PREPARE_PAIR slot=0
[VND] PREPARE_PAIR slot=0
[VND] TX_SKIP busy/inflight tag=ADC0-ASY2
[VND] PREPARE_PAIR slot=0
[VND] PREPARE_PAIR slot=0
[VND] TX_SKIP busy/inflight tag=ADC0-ASY2
[VND] PREPARE_PAIR slot=0
[VND] PREPARE_PAIR slot=0
[VND] TX_SKIP busy/inflight tag=ADC0-ASY2
[VND] PREPARE_PAIR slot=0
[VND] PREPARE_PAIR slot=0
[VND] TX_SKIP busy/inflight tag=ADC0-ASY2
[VND] PREPARE_PAIR slot=0
[VND] PREPARE_PAIR slot=0
[VND] TX_SKIP busy/inflight tag=ADC0-ASY2
[VND] PREPARE_PAIR slot=0
[VND] PREPARE_PAIR slot=0
[VND] TX_SKIP busy/inflight tag=ADC0-ASY2
[VND] PREPARE_PAIR slot=0
[VND] PREPARE_PAIR slot=0
[VND] TX_SKIP busy/inflight tag=ADC0-ASY2
[VND] PREPARE_PAIR slot=0
[VND] PREPARE_PAIR slot=0
[VND] TX_SKIP busy/inflight tag=ADC0-ASY2
[VND] PREPARE_PAIR slot=0
[VND] PREPARE_PAIR slot=0
[VND] TX_SKIP busy/inflight tag=ADC0-ASY2
[VND] PREPARE_PAIR slot=0
[VND] PREPARE_PAIR slot=0
[VND] TX_SKIP busy/inflight tag=ADC0-ASY2
[VND] PREPARE_PAIR slot=0
[VND] PREPARE_PAIR slot=0
[VND] TX_SKIP busy/inflight tag=ADC0-ASY2
[VND] PREPARE_PAIR slot=0
[VND] PREPARE_PAIR slot=0
[VND] TX_SKIP busy/inflight tag=ADC0-ASY2
[VND] PREPARE_PAIR slot=0
[VND] PREPARE_PAIR slot=0
[VND] TX_SKIP busy/inflight tag=ADC0-ASY2
[VND] PREPARE_PAIR slot=0
[VND] PREPARE_PAIR slot=0
[VND] TX_SKIP busy/inflight tag=ADC0-ASY2
[VND] PREPARE_PAIR slot=0
[VND] PREPARE_PAIR slot=0
[VND] TX_SKIP busy/inflight tag=ADC0-ASY2
[VND] PREPARE_PAIR slot=0
[VND] PREPARE_PAIR slot=0
[VND] TX_SKIP busy/inflight tag=ADC0-ASY2
[VND] PREPARE_PAIR slot=0
[VND] PREPARE_PAIR slot=0
[VND] TX_SKIP busy/inflight tag=ADC0-ASY2
[VND] PREPARE_PAIR slot=0
[VND] PREPARE_PAIR slot=0
[VND] TX_SKIP busy/inflight tag=ADC0-ASY2
[VND] PREPARE_PAIR slot=0
[VND] PREPARE_PAIR slot=0
[VND] TX_SKIP busy/inflight tag=ADC0-ASY2
[VND] PREPARE_PAIR slot=0
[VND] PREPARE_PAIR slot=0
[VND] TX_SKIP busy/inflight tag=ADC0-ASY2
[VND] PREPARE_PAIR slot=0
[VND] PREPARE_PAIR slot=0
[VND] TX_SKIP busy/inflight tag=ADC0-ASY2
[VND] PREPARE_PAIR slot=0
[VND] PREPARE_PAIR slot=0
[VND] TX_SKIP busy/inflight tag=ADC0-ASY2
[VND] PREPARE_PAIR slot=0
[VND] PREPARE_PAIR slot=0
[VND] TX_SKIP busy/inflight tag=ADC0-ASY2
[VND] PREPARE_PAIR slot=0
[VND] PREPARE_PAIR slot=0
[VND] TX_SKIP busy/inflight tag=ADC0-ASY2
[VND] PREPARE_PAIR slot=0
[VND] PREPARE_PAIR slot=0
[VND] TX_SKIP busy/inflight tag=ADC0-ASY2
[VND] PREPARE_PAIR slot=0
[VND] PREPARE_PAIR slot=0
[VND] TX_SKIP busy/inflight tag=ADC0-ASY2
[VND] PREPARE_PAIR slot=0
[VND] PREPARE_PAIR slot=0
[VND] TX_SKIP busy/inflight tag=ADC0-ASY2
[VND] PREPARE_PAIR slot=0
[VND] PREPARE_PAIR slot=0
[VND] TX_SKIP busy/inflight tag=ADC0-ASY2
[VND] PREPARE_PAIR slot=0
[VND] PREPARE_PAIR slot=0
[VND] TX_SKIP busy/inflight tag=ADC0-ASY2
[VND] PREPARE_PAIR slot=0
[VND] PREPARE_PAIR slot=0
[VND] TX_SKIP busy/inflight tag=ADC0-ASY2
[VND] PREPARE_PAIR slot=0
[VND] PREPARE_PAIR slot=0
[VND] TX_SKIP busy/inflight tag=ADC0-ASY2
[VND] PREPARE_PAIR slot=0
[VND] PREPARE_PAIR slot=0
[VND] TX_SKIP busy/inflight tag=ADC0-ASY2
[VND] PREPARE_PAIR slot=0
[VND] PREPARE_PAIR slot=0
[VND] TX_SKIP busy/inflight tag=ADC0-ASY2
[VND] PREPARE_PAIR slot=0
[VND] PREPARE_PAIR slot=0
[VND] TX_SKIP busy/inflight tag=ADC0-ASY2
[VND] PREPARE_PAIR slot=0
[VND] PREPARE_PAIR slot=0
[VND] TX_SKIP busy/inflight tag=ADC0-ASY2
[VND] PREPARE_PAIR slot=0
[VND] PREPARE_PAIR slot=0
[VND] TX_SKIP busy/inflight tag=ADC0-ASY2
[VND] PREPARE_PAIR slot=0
[VND] PREPARE_PAIR slot=0
[VND] TX_SKIP busy/inflight tag=ADC0-ASY2
[VND] PREPARE_PAIR slot=0
[VND] PREPARE_PAIR slot=0
[VND] TX_SKIP busy/inflight tag=ADC0-ASY2
[VND] PREPARE_PAIR slot=0
[VND] PREPARE_PAIR slot=0
[VND] TX_SKIP busy/inflight tag=ADC0-ASY2
[VND] PREPARE_PAIR slot=0
[VND] PREPARE_PAIR slot=0
[VND] TX_SKIP busy/inflight tag=ADC0-ASY2
[VND] PREPARE_PAIR slot=0
[VND] PREPARE_PAIR slot=0
[VND] TX_SKIP busy/inflight tag=ADC0-ASY2
[VND] PREPARE_PAIR slot=0
[VND] PREPARE_PAIR slot=0
[VND] TX_SKIP busy/inflight tag=ADC0-ASY2
[VND] PREPARE_PAIR slot=0
[VND] PREPARE_PAIR slot=0
[VND] TX_SKIP busy/inflight tag=ADC0-ASY2
[VND] PREPARE_PAIR slot=0
[VND] PREPARE_PAIR slot=0
[VND] TX_SKIP busy/inflight tag=ADC0-ASY2
[VND] PREPARE_PAIR slot=0
[VND] PREPARE_PAIR slot=0
[VND] TX_SKIP busy/inflight tag=ADC0-ASY2
[VND] PREPARE_PAIR slot=0
[VND] PREPARE_PAIR slot=0
[VND] TX_SKIP busy/inflight tag=ADC0-ASY2
[VND] PREPARE_PAIR slot=0
[VND] PREPARE_PAIR slot=0
[VND] TX_SKIP busy/inflight tag=ADC0-ASY2
[VND] PREPARE_PAIR slot=0
[VND] PREPARE_PAIR slot=0
[VND] TX_SKIP busy/inflight tag=ADC0-ASY2
[VND] PREPARE_PAIR slot=0
[VND] PREPARE_PAIR slot=0
[VND] TX_SKIP busy/inflight tag=ADC0-ASY2
[VND] PREPARE_PAIR slot=0
[VND] PREPARE_PAIR slot=0
[VND] TX_SKIP busy/inflight tag=ADC0-ASY2
[VND] PREPARE_PAIR slot=0
[VND] PREPARE_PAIR slot=0
[VND] TX_SKIP busy/inflight tag=ADC0-ASY2
[VND] PREPARE_PAIR slot=0
[VND] PREPARE_PAIR slot=0
[VND] TX_SKIP busy/inflight tag=ADC0-ASY2
[VND] PREPARE_PAIR slot=0
[VND] PREPARE_PAIR slot=0
[VND] TX_SKIP busy/inflight tag=ADC0-ASY2
[VND] PREPARE_PAIR slot=0
[VND] PREPARE_PAIR slot=0
[VND] TX_SKIP busy/inflight tag=ADC0-ASY2
[VND] PREPARE_PAIR slot=0
[VND] PREPARE_PAIR slot=0
[VND] TX_SKIP busy/inflight tag=ADC0-ASY2
[VND] PREPARE_PAIR slot=0
[VND] PREPARE_PAIR slot=0
[VND] TX_SKIP busy/inflight tag=ADC0-ASY2
[VND] PREPARE_PAIR slot=0
[VND] PREPARE_PAIR slot=0
[VND] TX_SKIP busy/inflight tag=ADC0-ASY2
[VND] PREPARE_PAIR slot=0
[VND] PREPARE_PAIR slot=0
[VND] TX_SKIP busy/inflight tag=ADC0-ASY2
[VND] PREPARE_PAIR slot=0
[VND] PREPARE_PAIR slot=0
[VND] TX_SKIP busy/inflight tag=ADC0-ASY2
[VND] PREPARE_PAIR slot=0
[VND] PREPARE_PAIR slot=0
[VND] TX_SKIP busy/inflight tag=ADC0-ASY2
[VND] PREPARE_PAIR slot=0
[VND] PREPARE_PAIR slot=0
[VND] TX_SKIP busy/inflight tag=ADC0-ASY2
[VND] PREPARE_PAIR slot=0
[VND] PREPARE_PAIR slot=0
[VND] TX_SKIP busy/inflight tag=ADC0-ASY2
[VND] PREPARE_PAIR slot=0
[VND] PREPARE_PAIR slot=0
[VND] TX_SKIP busy/inflight tag=ADC0-ASY2
[VND] PREPARE_PAIR slot=0
[VND] PREPARE_PAIR slot=0
[VND] TX_SKIP busy/inflight tag=ADC0-ASY2
[VND] PREPARE_PAIR slot=0
[VND] PREPARE_PAIR slot=0
[VND] TX_SKIP busy/inflight tag=ADC0-ASY2
[VND] PREPARE_PAIR slot=0
[VND] PREPARE_PAIR slot=0
[VND] TX_SKIP busy/inflight tag=ADC0-ASY2
[VND] PREPARE_PAIR slot=0
[VND] PREPARE_PAIR slot=0
[VND] TX_SKIP busy/inflight tag=ADC0-ASY2
[VND] PREPARE_PAIR slot=0
[VND] PREPARE_PAIR slot=0
[VND] TX_SKIP busy/inflight tag=ADC0-ASY2
[VND] PREPARE_PAIR slot=0
[VND] PREPARE_PAIR slot=0
[VND] TX_SKIP busy/inflight tag=ADC0-ASY2
[VND] PREPARE_PAIR slot=0
[VND] PREPARE_PAIR slot=0
[VND] TX_SKIP busy/inflight tag=ADC0-ASY2
[VND] PREPARE_PAIR slot=0
[VND] PREPARE_PAIR slot=0
[VND] TX_SKIP busy/inflight tag=ADC0-ASY2
[VND] PREPARE_PAIR slot=0
[VND] PREPARE_PAIR slot=0
[VND] TX_SKIP busy/inflight tag=ADC0-ASY2
[VND] PREPARE_PAIR slot=0
[VND] PREPARE_PAIR slot=0
[VND] TX_SKIP busy/inflight tag=ADC0-ASY2
[VND] PREPARE_PAIR slot=0
[VND] PREPARE_PAIR slot=0
[VND] TX_SKIP busy/inflight tag=ADC0-ASY2
[VND] PREPARE_PAIR slot=0
[VND] PREPARE_PAIR slot=0
[VND] TX_SKIP busy/inflight tag=ADC0-ASY2
[VND] PREPARE_PAIR slot=0
[VND] PREPARE_PAIR slot=0
[VND] TX_SKIP busy/inflight tag=ADC0-ASY2
[VND] PREPARE_PAIR slot=0
[VND] PREPARE_PAIR slot=0
[VND] TX_SKIP busy/inflight tag=ADC0-ASY2
[VND] PREPARE_PAIR slot=0
[VND] PREPARE_PAIR slot=0
[VND] TX_SKIP busy/inflight tag=ADC0-ASY2
[VND] PREPARE_PAIR slot=0
[VND] PREPARE_PAIR slot=0
[VND] TX_SKIP busy/inflight tag=ADC0-ASY2
[VND] PREPARE_PAIR slot=0
[VND] PREPARE_PAIR slot=0
[VND] TX_SKIP busy/inflight tag=ADC0-ASY2
[VND] PREPARE_PAIR slot=0
[VND] PREPARE_PAIR slot=0
[VND] TX_SKIP busy/inflight tag=ADC0-ASY2
[VND] PREPARE_PAIR slot=0
[VND] PREPARE_PAIR slot=0
[VND] TX_SKIP busy/inflight tag=ADC0-ASY2
[VND] PREPARE_PAIR slot=0
[VND] PREPARE_PAIR slot=0
[VND] TX_SKIP busy/inflight tag=ADC0-ASY2
[VND] PREPARE_PAIR slot=0
[VND] PREPARE_PAIR slot=0
[VND] TX_SKIP busy/inflight tag=ADC0-ASY2
[VND] PREPARE_PAIR slot=0
[VND] PREPARE_PAIR slot=0
[VND] TX_SKIP busy/inflight tag=ADC0-ASY2
[VND] PREPARE_PAIR slot=0
[VND] PREPARE_PAIR slot=0
[VND] TX_SKIP busy/inflight tag=ADC0-ASY2
[VND] PREPARE_PAIR slot=0
[VND] PREPARE_PAIR slot=0
[VND] TX_SKIP busy/inflight tag=ADC0-ASY2
[VND] PREPARE_PAIR slot=0
[VND] PREPARE_PAIR slot=0
[VND] TX_SKIP busy/inflight tag=ADC0-ASY2
[VND] PREPARE_PAIR slot=0
[VND] PREPARE_PAIR slot=0
[VND] TX_SKIP busy/inflight tag=ADC0-ASY2
[VND] PREPARE_PAIR slot=0
[VND] PREPARE_PAIR slot=0
[VND] TX_SKIP busy/inflight tag=ADC0-ASY2
[VND] PREPARE_PAIR slot=0
[VND] PREPARE_PAIR slot=0
[VND] TX_SKIP busy/inflight tag=ADC0-ASY2
[VND] PREPARE_PAIR slot=0
[VND] PREPARE_PAIR slot=0
[VND] TX_SKIP busy/inflight tag=ADC0-ASY2
[VND] PREPARE_PAIR slot=0
[VND] PREPARE_PAIR slot=0
[VND] TX_SKIP busy/inflight tag=ADC0-ASY2
[VND] PREPARE_PAIR slot=0
[VND] PREPARE_PAIR slot=0
[VND] TX_SKIP busy/inflight tag=ADC0-ASY2
[VND] PREPARE_PAIR slot=0
[VND] PREPARE_PAIR slot=0
[VND] TX_SKIP busy/inflight tag=ADC0-ASY2
[VND] PREPARE_PAIR slot=0
[VND] PREPARE_PAIR slot=0
[VND] TX_SKIP busy/inflight tag=ADC0-ASY2
[VND] PREPARE_PAIR slot=0
[VND] PREPARE_PAIR slot=0
[VND] TX_SKIP busy/inflight tag=ADC0-ASY2
[VND] PREPARE_PAIR slot=0
[VND] PREPARE_PAIR slot=0
[VND] TX_SKIP busy/inflight tag=ADC0-ASY2
[VND] PREPARE_PAIR slot=0
[VND] PREPARE_PAIR slot=0
[VND] TX_SKIP busy/inflight tag=ADC0-ASY2
[VND] PREPARE_PAIR slot=0
[VND] PREPARE_PAIR slot=0
[VND] TX_SKIP busy/inflight tag=ADC0-ASY2
[VND] PREPARE_PAIR slot=0
[VND] PREPARE_PAIR slot=0
[VND] TX_SKIP busy/inflight tag=ADC0-ASY2
[VND] PREPARE_PAIR slot=0
[VND] PREPARE_PAIR slot=0
[VND] TX_SKIP busy/inflight tag=ADC0-ASY2
[VND] PREPARE_PAIR slot=0
[VND] PREPARE_PAIR slot=0
[VND] TX_SKIP busy/inflight tag=ADC0-ASY2
[VND] PREPARE_PAIR slot=0
[VND] PREPARE_PAIR slot=0
[VND] TX_SKIP busy/inflight tag=ADC0-ASY2
[VND] PREPARE_PAIR slot=0
[VND] PREPARE_PAIR slot=0
[VND] TX_SKIP busy/inflight tag=ADC0-ASY2
[VND] PREPARE_PAIR slot=0
[VND] PREPARE_PAIR slot=0
[VND] TX_SKIP busy/inflight tag=ADC0-ASY2
[VND] PREPARE_PAIR slot=0
[VND] PREPARE_PAIR slot=0
[VND] TX_SKIP busy/inflight tag=ADC0-ASY2
[VND] PREPARE_PAIR slot=0
[VND] PREPARE_PAIR slot=0
[VND] TX_SKIP busy/inflight tag=ADC0-ASY2
[VND] PREPARE_PAIR slot=0
[VND] PREPARE_PAIR slot=0
[VND] TX_SKIP busy/inflight tag=ADC0-ASY2
[VND] PREPARE_PAIR slot=0
[VND] PREPARE_PAIR slot=0
[VND] TX_SKIP busy/inflight tag=ADC0-ASY2
[VND] PREPARE_PAIR slot=0
[VND] PREPARE_PAIR slot=0
[VND] TX_SKIP busy/inflight tag=ADC0-ASY2
[VND] PREPARE_PAIR slot=0
[VND] PREPARE_PAIR slot=0
[VND] TX_SKIP busy/inflight tag=ADC0-ASY2
[VND] PREPARE_PAIR slot=0
[VND] PREPARE_PAIR slot=0
[VND] TX_SKIP busy/inflight tag=ADC0-ASY2
[VND] PREPARE_PAIR slot=0
[VND] PREPARE_PAIR slot=0
[VND] TX_SKIP busy/inflight tag=ADC0-ASY2
[VND] PREPARE_PAIR slot=0
[VND] PREPARE_PAIR slot=0
[VND] TX_SKIP busy/inflight tag=ADC0-ASY2
[VND] PREPARE_PAIR slot=0
[VND] PREPARE_PAIR slot=0
[VND] TX_SKIP busy/inflight tag=ADC0-ASY2
[VND] PREPARE_PAIR slot=0
[VND] PREPARE_PAIR slot=0
[VND] TX_SKIP busy/inflight tag=ADC0-ASY2
[VND] PREPARE_PAIR slot=0
[VND] PREPARE_PAIR slot=0
[VND] TX_SKIP busy/inflight tag=ADC0-ASY2
[VND] PREPARE_PAIR slot=0
[VND] PREPARE_PAIR slot=0
[VND] TX_SKIP busy/inflight tag=ADC0-ASY2
[VND] PREPARE_PAIR slot=0
[VND] PREPARE_PAIR slot=0
[VND] TX_SKIP busy/inflight tag=ADC0-ASY2
[VND] PREPARE_PAIR slot=0
[VND] PREPARE_PAIR slot=0
[VND] TX_SKIP busy/inflight tag=ADC0-ASY2
[VND] PREPARE_PAIR slot=0
[VND] PREPARE_PAIR slot=0
[VND] TX_SKIP busy/inflight tag=ADC0-ASY2
[VND] PREPARE_PAIR slot=0
[VND] PREPARE_PAIR slot=0
[VND] TX_SKIP busy/inflight tag=ADC0-ASY2
[VND] PREPARE_PAIR slot=0
[VND] PREPARE_PAIR slot=0
[VND] TX_SKIP busy/inflight tag=ADC0-ASY2
[VND] PREPARE_PAIR slot=0
[VND] PREPARE_PAIR slot=0
[VND] TX_SKIP busy/inflight tag=ADC0-ASY2
[VND] PREPARE_PAIR slot=0
[VND] PREPARE_PAIR slot=0
[VND] TX_SKIP busy/inflight tag=ADC0-ASY2
[VND] PREPARE_PAIR slot=0
[VND] PREPARE_PAIR slot=0
[VND] TX_SKIP busy/inflight tag=ADC0-ASY2
[VND] PREPARE_PAIR slot=0
[VND] PREPARE_PAIR slot=0
[VND] TX_SKIP busy/inflight tag=ADC0-ASY2
[VND] PREPARE_PAIR slot=0
[VND] PREPARE_PAIR slot=0
[VND] TX_SKIP busy/inflight tag=ADC0-ASY2
[VND] PREPARE_PAIR slot=0
[VND] PREPARE_PAIR slot=0
[VND] TX_SKIP busy/inflight tag=ADC0-ASY2
[VND] PREPARE_PAIR slot=0
[VND] PREPARE_PAIR slot=0
[VND] TX_SKIP busy/inflight tag=ADC0-ASY2
[VND] PREPARE_PAIR slot=0
[VND] PREPARE_PAIR slot=0
[VND] TX_SKIP busy/inflight tag=ADC0-ASY2
[VND] PREPARE_PAIR slot=0
[VND] PREPARE_PAIR slot=0
[VND] TX_SKIP busy/inflight tag=ADC0-ASY2
[VND] PREPARE_PAIR slot=0
[VND] PREPARE_PAIR slot=0
[VND] TX_SKIP busy/inflight tag=ADC0-ASY2
[VND] PREPARE_PAIR slot=0
[VND] PREPARE_PAIR slot=0
[VND] TX_SKIP busy/inflight tag=ADC0-ASY2
[VND] PREPARE_PAIR slot=0
[VND] PREPARE_PAIR slot=0
[VND] TX_SKIP busy/inflight tag=ADC0-ASY2
[VND] PREPARE_PAIR slot=0
[VND] PREPARE_PAIR slot=0
[VND] TX_SKIP busy/inflight tag=ADC0-ASY2
[VND] PREPARE_PAIR slot=0
[VND] PREPARE_PAIR slot=0
[VND] TX_SKIP busy/inflight tag=ADC0-ASY2
[VND] PREPARE_PAIR slot=0
[VND] PREPARE_PAIR slot=0
[VND] TX_SKIP busy/inflight tag=ADC0-ASY2
[VND] PREPARE_PAIR slot=0
[VND] PREPARE_PAIR slot=0
[VND] TX_SKIP busy/inflight tag=ADC0-ASY2
[VND] PREPARE_PAIR slot=0
[VND] PREPARE_PAIR slot=0
[VND] TX_SKIP busy/inflight tag=ADC0-ASY2
[VND] PREPARE_PAIR slot=0
[VND] PREPARE_PAIR slot=0
[VND] TX_SKIP busy/inflight tag=ADC0-ASY2
[VND] PREPARE_PAIR slot=0
[VND] PREPARE_PAIR slot=0
[VND] TX_SKIP busy/inflight tag=ADC0-ASY2
[VND] PREPARE_PAIR slot=0
[VND] PREPARE_PAIR slot=0
[VND] TX_SKIP busy/inflight tag=ADC0-ASY2
[VND] PREPARE_PAIR slot=0
[VND] PREPARE_PAIR slot=0
[VND] TX_SKIP busy/inflight tag=ADC0-ASY2
[VND] PREPARE_PAIR slot=0
[VND] PREPARE_PAIR slot=0
[VND] TX_SKIP busy/inflight tag=ADC0-ASY2
[VND] PREPARE_PAIR slot=0
[VND] PREPARE_PAIR slot=0
[VND] TX_SKIP busy/inflight tag=ADC0-ASY2
[VND] PREPARE_PAIR slot=0
[VND] PREPARE_PAIR slot=0
[VND] TX_SKIP busy/inflight tag=ADC0-ASY2
[VND] PREPARE_PAIR slot=0
[VND] PREPARE_PAIR slot=0
[VND] TX_SKIP busy/inflight tag=ADC0-ASY2
[VND] PREPARE_PAIR slot=0
[VND] PREPARE_PAIR slot=0
[VND] TX_SKIP busy/inflight tag=ADC0-ASY2
[VND] PREPARE_PAIR slot=0
[VND] PREPARE_PAIR slot=0
[VND] TX_SKIP busy/inflight tag=ADC0-ASY2
[VND] PREPARE_PAIR slot=0
[VND] PREPARE_PAIR slot=0
[VND] TX_SKIP busy/inflight tag=ADC0-ASY2
[VND] PREPARE_PAIR slot=0
[VND] PREPARE_PAIR slot=0
[VND] TX_SKIP busy/inflight tag=ADC0-ASY2
[VND] PREPARE_PAIR slot=0
[VND] PREPARE_PAIR slot=0
[VND] TX_SKIP busy/inflight tag=ADC0-ASY2
[VND] PREPARE_PAIR slot=0
[VND] PREPARE_PAIR slot=0
[VND] TX_SKIP busy/inflight tag=ADC0-ASY2
[VND] PREPARE_PAIR slot=0
[VND] PREPARE_PAIR slot=0
[VND] TX_SKIP busy/inflight tag=ADC0-ASY2
[VND] PREPARE_PAIR slot=0
[VND] PREPARE_PAIR slot=0
[VND] TX_SKIP busy/inflight tag=ADC0-ASY2
[VND] PREPARE_PAIR slot=0
[VND] PREPARE_PAIR slot=0
[VND] TX_SKIP busy/inflight tag=ADC0-ASY2
[VND] PREPARE_PAIR slot=0
[VND] PREPARE_PAIR slot=0
[VND] TX_SKIP busy/inflight tag=ADC0-ASY2
[VND] PREPARE_PAIR slot=0
[VND] PREPARE_PAIR slot=0
[VND] TX_SKIP busy/inflight tag=ADC0-ASY2
[VND] PREPARE_PAIR slot=0
[VND] PREPARE_PAIR slot=0
[VND] TX_SKIP busy/inflight tag=ADC0-ASY2
[VND] PREPARE_PAIR slot=0
[VND] PREPARE_PAIR slot=0
[VND] TX_SKIP busy/inflight tag=ADC0-ASY2
[VND] PREPARE_PAIR slot=0
[VND] PREPARE_PAIR slot=0
[VND] TX_SKIP busy/inflight tag=ADC0-ASY2
[VND] PREPARE_PAIR slot=0
[VND] PREPARE_PAIR slot=0
[VND] TX_SKIP busy/inflight tag=ADC0-ASY2
[VND] PREPARE_PAIR slot=0
[VND] PREPARE_PAIR slot=0
[VND] TX_SKIP busy/inflight tag=ADC0-ASY2
[VND] PREPARE_PAIR slot=0
[VND] PREPARE_PAIR slot=0
[VND] TX_SKIP busy/inflight tag=ADC0-ASY2
[VND] PREPARE_PAIR slot=0
[VND] PREPARE_PAIR slot=0
[VND] TX_SKIP busy/inflight tag=ADC0-ASY2
[VND] PREPARE_PAIR slot=0
[VND] PREPARE_PAIR slot=0
[VND] TX_SKIP busy/inflight tag=ADC0-ASY2
[VND] PREPARE_PAIR slot=0
[VND] PREPARE_PAIR slot=0
[VND] TX_SKIP busy/inflight tag=ADC0-ASY2
[VND] PREPARE_PAIR slot=0
[VND] PREPARE_PAIR slot=0
[VND] TX_SKIP busy/inflight tag=ADC0-ASY2
[VND] PREPARE_PAIR slot=0
[VND] PREPARE_PAIR slot=0
[VND] TX_SKIP busy/inflight tag=ADC0-ASY2
[VND] PREPARE_PAIR slot=0
[VND] PREPARE_PAIR slot=0
[VND] TX_SKIP busy/inflight tag=ADC0-ASY2
[VND] PREPARE_PAIR slot=0
[VND] PREPARE_PAIR slot=0
[VND] TX_SKIP busy/inflight tag=ADC0-ASY2
[VND] PREPARE_PAIR slot=0
[VND] PREPARE_PAIR slot=0
[VND] TX_SKIP busy/inflight tag=ADC0-ASY2
[VND] PREPARE_PAIR slot=0
[VND] PREPARE_PAIR slot=0
[VND] TX_SKIP busy/inflight tag=ADC0-ASY2
[VND] PREPARE_PAIR slot=0
[VND] PREPARE_PAIR slot=0
[VND] TX_SKIP busy/inflight tag=ADC0-ASY2
[VND] PREPARE_PAIR slot=0
[VND] PREPARE_PAIR slot=0
[VND] TX_SKIP busy/inflight tag=ADC0-ASY2
[VND] PREPARE_PAIR slot=0
[VND] PREPARE_PAIR slot=0
[VND] TX_SKIP busy/inflight tag=ADC0-ASY2
[VND] PREPARE_PAIR slot=0
[VND] PREPARE_PAIR slot=0
[VND] TX_SKIP busy/inflight tag=ADC0-ASY2
[VND] PREPARE_PAIR slot=0
[VND] PREPARE_PAIR slot=0
[VND] TX_SKIP busy/inflight tag=ADC0-ASY2
[VND] PREPARE_PAIR slot=0
[VND] PREPARE_PAIR slot=0
[VND] TX_SKIP busy/inflight tag=ADC0-ASY2
[VND] PREPARE_PAIR slot=0
[VND] PREPARE_PAIR slot=0
[VND] TX_SKIP busy/inflight tag=ADC0-ASY2
[VND] PREPARE_PAIR slot=0
[VND] PREPARE_PAIR slot=0
[VND] TX_SKIP busy/inflight tag=ADC0-ASY2
[VND] PREPARE_PAIR slot=0
[VND] PREPARE_PAIR slot=0
[VND] TX_SKIP busy/inflight tag=ADC0-ASY2
[VND] PREPARE_PAIR slot=0
[VND] PREPARE_PAIR slot=0
[VND] TX_SKIP busy/inflight tag=ADC0-ASY2
[VND] PREPARE_PAIR slot=0
[VND] PREPARE_PAIR slot=0
[VND] TX_SKIP busy/inflight tag=ADC0-ASY2
[VND] PREPARE_PAIR slot=0
[VND] PREPARE_PAIR slot=0
[VND] TX_SKIP busy/inflight tag=ADC0-ASY2
[VND] PREPARE_PAIR slot=0
[VND] PREPARE_PAIR slot=0
[VND] TX_SKIP busy/inflight tag=ADC0-ASY2
[VND] PREPARE_PAIR slot=0
[VND] PREPARE_PAIR slot=0
[VND] TX_SKIP busy/inflight tag=ADC0-ASY2
[VND] PREPARE_PAIR slot=0
[VND] PREPARE_PAIR slot=0
[VND] TX_SKIP busy/inflight tag=ADC0-ASY2
[VND] PREPARE_PAIR slot=0
[VND] PREPARE_PAIR slot=0
[VND] TX_SKIP busy/inflight tag=ADC0-ASY2
[VND] PREPARE_PAIR slot=0
[VND] PREPARE_PAIR slot=0
[VND] TX_SKIP busy/inflight tag=ADC0-ASY2
[VND] PREPARE_PAIR slot=0
[VND] PREPARE_PAIR slot=0
[VND] TX_SKIP busy/inflight tag=ADC0-ASY2
[VND] PREPARE_PAIR slot=0
[VND] PREPARE_PAIR slot=0
[VND] TX_SKIP busy/inflight tag=ADC0-ASY2
[VND] PREPARE_PAIR slot=0
[VND] PREPARE_PAIR slot=0
[VND] TX_SKIP busy/inflight tag=ADC0-ASY2
[VND] PREPARE_PAIR slot=0
[VND] PREPARE_PAIR slot=0
[VND] TX_SKIP busy/inflight tag=ADC0-ASY2
[VND] PREPARE_PAIR slot=0
[VND] PREPARE_PAIR slot=0
[VND] TX_SKIP busy/inflight tag=ADC0-ASY2
[VND] PREPARE_PAIR slot=0
[VND] PREPARE_PAIR slot=0
[VND] TX_SKIP busy/inflight tag=ADC0-ASY2
[VND] PREPARE_PAIR slot=0
[VND] PREPARE_PAIR slot=0
[VND] TX_SKIP busy/inflight tag=ADC0-ASY2
[VND] PREPARE_PAIR slot=0
[VND] PREPARE_PAIR slot=0
[VND] TX_SKIP busy/inflight tag=ADC0-ASY2
[VND] PREPARE_PAIR slot=0
[VND] PREPARE_PAIR slot=0
[VND] TX_SKIP busy/inflight tag=ADC0-ASY2
[VND] PREPARE_PAIR slot=0
[VND] PREPARE_PAIR slot=0
[VND] TX_SKIP busy/inflight tag=ADC0-ASY2
[VND] PREPARE_PAIR slot=0
[VND] PREPARE_PAIR slot=0
[VND] TX_SKIP busy/inflight tag=ADC0-ASY2
[VND] PREPARE_PAIR slot=0
[VND] PREPARE_PAIR slot=0
[VND] TX_SKIP busy/inflight tag=ADC0-ASY2
[VND] PREPARE_PAIR slot=0
[VND] PREPARE_PAIR slot=0
[VND] TX_SKIP busy/inflight tag=ADC0-ASY2
[VND] PREPARE_PAIR slot=0
[VND] PREPARE_PAIR slot=0
[VND] TX_SKIP busy/inflight tag=ADC0-ASY2
[VND] PREPARE_PAIR slot=0
[VND] PREPARE_PAIR slot=0
[VND] TX_SKIP busy/inflight tag=ADC0-ASY2
[VND] PREPARE_PAIR slot=0
[VND] PREPARE_PAIR slot=0
[VND] TX_SKIP busy/inflight tag=ADC0-ASY2
[VND] PREPARE_PAIR slot=0
[VND] PREPARE_PAIR slot=0
[VND] TX_SKIP busy/inflight tag=ADC0-ASY2
[VND] PREPARE_PAIR slot=0
[VND] PREPARE_PAIR slot=0
[VND] TX_SKIP busy/inflight tag=ADC0-ASY2
[VND] PREPARE_PAIR slot=0
[VND] PREPARE_PAIR slot=0
[VND] TX_SKIP busy/inflight tag=ADC0-ASY2
[VND] PREPARE_PAIR slot=0
[VND] PREPARE_PAIR slot=0
[VND] TX_SKIP busy/inflight tag=ADC0-ASY2
[VND] PREPARE_PAIR slot=0
[VND] PREPARE_PAIR slot=0
[VND] TX_SKIP busy/inflight tag=ADC0-ASY2
[VND] PREPARE_PAIR slot=0
[VND] PREPARE_PAIR slot=0
[VND] TX_SKIP busy/inflight tag=ADC0-ASY2
[VND] PREPARE_PAIR slot=0
[VND] PREPARE_PAIR slot=0
[VND] TX_SKIP busy/inflight tag=ADC0-ASY2
[VND] PREPARE_PAIR slot=0
[VND] PREPARE_PAIR slot=0
[VND] TX_SKIP busy/inflight tag=ADC0-ASY2
[VND] PREPARE_PAIR slot=0
[VND] PREPARE_PAIR slot=0
[VND] TX_SKIP busy/inflight tag=ADC0-ASY2
[VND] PREPARE_PAIR slot=0
[VND] PREPARE_PAIR slot=0
[VND] TX_SKIP busy/inflight tag=ADC0-ASY2
[VND] PREPARE_PAIR slot=0
[VND] PREPARE_PAIR slot=0
[VND] TX_SKIP busy/inflight tag=ADC0-ASY2
[VND] PREPARE_PAIR slot=0
[VND] PREPARE_PAIR slot=0
[VND] TX_SKIP busy/inflight tag=ADC0-ASY2
[VND] PREPARE_PAIR slot=0
[VND] PREPARE_PAIR slot=0
[VND] TX_SKIP busy/inflight tag=ADC0-ASY2
[VND] PREPARE_PAIR slot=0
[VND] PREPARE_PAIR slot=0
[VND] TX_SKIP busy/inflight tag=ADC0-ASY2
[VND] PREPARE_PAIR slot=0
[VND] PREPARE_PAIR slot=0
[VND] TX_SKIP busy/inflight tag=ADC0-ASY2
[VND] PREPARE_PAIR slot=0
[VND] PREPARE_PAIR slot=0
[VND] TX_SKIP busy/inflight tag=ADC0-ASY2
[VND] PREPARE_PAIR slot=0
[VND] PREPARE_PAIR slot=0
[VND] TX_SKIP busy/inflight tag=ADC0-ASY2
[VND] PREPARE_PAIR slot=0
[VND] PREPARE_PAIR slot=0
[VND] TX_SKIP busy/inflight tag=ADC0-ASY2
[VND] PREPARE_PAIR slot=0
[VND] PREPARE_PAIR slot=0
[VND] TX_SKIP busy/inflight tag=ADC0-ASY2
[VND] PREPARE_PAIR slot=0
[VND] PREPARE_PAIR slot=0
[VND] TX_SKIP busy/inflight tag=ADC0-ASY2
[VND] PREPARE_PAIR slot=0
[VND] PREPARE_PAIR slot=0
[VND] TX_SKIP busy/inflight tag=ADC0-ASY2
[VND] PREPARE_PAIR slot=0
[VND] PREPARE_PAIR slot=0
[VND] TX_SKIP busy/inflight tag=ADC0-ASY2
[VND] PREPARE_PAIR slot=0
[VND] PREPARE_PAIR slot=0
[VND] TX_SKIP busy/inflight tag=ADC0-ASY2
[VND] PREPARE_PAIR slot=0
[VND] PREPARE_PAIR slot=0
[VND] TX_SKIP busy/inflight tag=ADC0-ASY2
[VND] PREPARE_PAIR slot=0
[VND] PREPARE_PAIR slot=0
[VND] TX_SKIP busy/inflight tag=ADC0-ASY2
[VND] PREPARE_PAIR slot=0
[VND] PREPARE_PAIR slot=0
[VND] TX_SKIP busy/inflight tag=ADC0-ASY2
[VND] PREPARE_PAIR slot=0
[VND] PREPARE_PAIR slot=0
[VND] TX_SKIP busy/inflight tag=ADC0-ASY2
[VND] PREPARE_PAIR slot=0
[VND] PREPARE_PAIR slot=0
[VND] TX_SKIP busy/inflight tag=ADC0-ASY2
[VND] PREPARE_PAIR slot=0
[VND] PREPARE_PAIR slot=0
[VND] TX_SKIP busy/inflight tag=ADC0-ASY2
[VND] PREPARE_PAIR slot=0
[VND] PREPARE_PAIR slot=0
[VND] TX_SKIP busy/inflight tag=ADC0-ASY2
[VND] PREPARE_PAIR slot=0
[VND] PREPARE_PAIR slot=0
[VND] TX_SKIP busy/inflight tag=ADC0-ASY2
[VND] PREPARE_PAIR slot=0
[VND] PREPARE_PAIR slot=0
[VND] TX_SKIP busy/inflight tag=ADC0-ASY2
[VND] PREPARE_PAIR slot=0
[VND] PREPARE_PAIR slot=0
[VND] TX_SKIP busy/inflight tag=ADC0-ASY2
[VND] PREPARE_PAIR slot=0
[VND] PREPARE_PAIR slot=0
[VND] TX_SKIP busy/inflight tag=ADC0-ASY2
[VND] PREPARE_PAIR slot=0
[VND] PREPARE_PAIR slot=0
[VND] TX_SKIP busy/inflight tag=ADC0-ASY2
[VND] PREPARE_PAIR slot=0
[VND] PREPARE_PAIR slot=0
[VND] TX_SKIP busy/inflight tag=ADC0-ASY2
[VND] PREPARE_PAIR slot=0
[VND] PREPARE_PAIR slot=0
[VND] TX_SKIP busy/inflight tag=ADC0-ASY2
[VND] PREPARE_PAIR slot=0
[VND] PREPARE_PAIR slot=0
[VND] TX_SKIP busy/inflight tag=ADC0-ASY2
[VND] PREPARE_PAIR slot=0
[VND] PREPARE_PAIR slot=0
[VND] TX_SKIP busy/inflight tag=ADC0-ASY2
[VND] PREPARE_PAIR slot=0
[VND] PREPARE_PAIR slot=0
[VND] TX_SKIP busy/inflight tag=ADC0-ASY2
[VND] PREPARE_PAIR slot=0
[VND] PREPARE_PAIR slot=0
[VND] TX_SKIP busy/inflight tag=ADC0-ASY2
[VND] PREPARE_PAIR slot=0
[VND] PREPARE_PAIR slot=0
[VND] TX_SKIP busy/inflight tag=ADC0-ASY2
[VND] PREPARE_PAIR slot=0
[VND] PREPARE_PAIR slot=0
[VND] TX_SKIP busy/inflight tag=ADC0-ASY2
[VND] PREPARE_PAIR slot=0
[VND] PREPARE_PAIR slot=0
[VND] TX_SKIP busy/inflight tag=ADC0-ASY2
[VND] PREPARE_PAIR slot=0
[VND] PREPARE_PAIR slot=0
[VND] TX_SKIP busy/inflight tag=ADC0-ASY2
[VND] PREPARE_PAIR slot=0
[VND] PREPARE_PAIR slot=0
[VND] TX_SKIP busy/inflight tag=ADC0-ASY2
[VND] PREPARE_PAIR slot=0
[VND] PREPARE_PAIR slot=0
[VND] TX_SKIP busy/inflight tag=ADC0-ASY2
[VND] PREPARE_PAIR slot=0
[VND] PREPARE_PAIR slot=0
[VND] TX_SKIP busy/inflight tag=ADC0-ASY2
[VND] PREPARE_PAIR slot=0
[VND] PREPARE_PAIR slot=0
[VND] TX_SKIP busy/inflight tag=ADC0-ASY2
[VND] PREPARE_PAIR slot=0
[VND] PREPARE_PAIR slot=0
[VND] TX_SKIP busy/inflight tag=ADC0-ASY2
[VND] PREPARE_PAIR slot=0
[VND] PREPARE_PAIR slot=0
[VND] TX_SKIP busy/inflight tag=ADC0-ASY2
[VND] PREPARE_PAIR slot=0
[VND] PREPARE_PAIR slot=0
[VND] TX_SKIP busy/inflight tag=ADC0-ASY2
[VND] PREPARE_PAIR slot=0
[VND] PREPARE_PAIR slot=0
[VND] TX_SKIP busy/inflight tag=ADC0-ASY2
[VND] PREPARE_PAIR slot=0
[VND] PREPARE_PAIR slot=0
[VND] TX_SKIP busy/inflight tag=ADC0-ASY2
[VND] PREPARE_PAIR slot=0
[VND] PREPARE_PAIR slot=0
[VND] TX_SKIP busy/inflight tag=ADC0-ASY2
[VND] PREPARE_PAIR slot=0
[VND] PREPARE_PAIR slot=0
[VND] TX_SKIP busy/inflight tag=ADC0-ASY2
[VND] PREPARE_PAIR slot=0
[VND] PREPARE_PAIR slot=0
[VND] TX_SKIP busy/inflight tag=ADC0-ASY2
[VND] PREPARE_PAIR slot=0
[VND] PREPARE_PAIR slot=0
[VND] TX_SKIP busy/inflight tag=ADC0-ASY2
[VND] PREPARE_PAIR slot=0
[VND] PREPARE_PAIR slot=0
[VND] TX_SKIP busy/inflight tag=ADC0-ASY2
[VND] PREPARE_PAIR slot=0
[VND] PREPARE_PAIR slot=0
[VND] TX_SKIP busy/inflight tag=ADC0-ASY2
[VND] PREPARE_PAIR slot=0
[VND] PREPARE_PAIR slot=0
[VND] TX_SKIP busy/inflight tag=ADC0-ASY2
[VND] PREPARE_PAIR slot=0
[VND] PREPARE_PAIR slot=0
[VND] TX_SKIP busy/inflight tag=ADC0-ASY2
[VND] PREPARE_PAIR slot=0
[VND] PREPARE_PAIR slot=0
[VND] TX_SKIP busy/inflight tag=ADC0-ASY2
[VND] PREPARE_PAIR slot=0
[VND] PREPARE_PAIR slot=0
[VND] TX_SKIP busy/inflight tag=ADC0-ASY2
[VND] PREPARE_PAIR slot=0
[VND] PREPARE_PAIR slot=0
[VND] TX_SKIP busy/inflight tag=ADC0-ASY2
[VND] PREPARE_PAIR slot=0
[VND] PREPARE_PAIR slot=0
[VND] TX_SKIP busy/inflight tag=ADC0-ASY2
[VND] PREPARE_PAIR slot=0
[VND] PREPARE_PAIR slot=0
[VND] TX_SKIP busy/inflight tag=ADC0-ASY2
[VND] PREPARE_PAIR slot=0
[VND] PREPARE_PAIR slot=0
[VND] TX_SKIP busy/inflight tag=ADC0-ASY2
[VND] PREPARE_PAIR slot=0
[VND] PREPARE_PAIR slot=0
[VND] TX_SKIP busy/inflight tag=ADC0-ASY2
[VND] PREPARE_PAIR slot=0
[VND] PREPARE_PAIR slot=0
[VND] TX_SKIP busy/inflight tag=ADC0-ASY2
[VND] PREPARE_PAIR slot=0
[VND] PREPARE_PAIR slot=0
[VND] TX_SKIP busy/inflight tag=ADC0-ASY2
[VND] PREPARE_PAIR slot=0
[VND] PREPARE_PAIR slot=0
[VND] TX_SKIP busy/inflight tag=ADC0-ASY2
[VND] PREPARE_PAIR slot=0
[VND] PREPARE_PAIR slot=0
[VND] TX_SKIP busy/inflight tag=ADC0-ASY2
[VND] PREPARE_PAIR slot=0
[VND] PREPARE_PAIR slot=0
[VND] TX_SKIP busy/inflight tag=ADC0-ASY2
[VND] PREPARE_PAIR slot=0
[VND] PREPARE_PAIR slot=0
[VND] TX_SKIP busy/inflight tag=ADC0-ASY2
[VND] PREPARE_PAIR slot=0
[VND] PREPARE_PAIR slot=0
[VND] TX_SKIP busy/inflight tag=ADC0-ASY2
[VND] PREPARE_PAIR slot=0
[VND] PREPARE_PAIR slot=0
[VND] TX_SKIP busy/inflight tag=ADC0-ASY2
[VND] PREPARE_PAIR slot=0
[VND] PREPARE_PAIR slot=0
[VND] TX_SKIP busy/inflight tag=ADC0-ASY2
[VND] PREPARE_PAIR slot=0
[VND] PREPARE_PAIR slot=0
[VND] TX_SKIP busy/inflight tag=ADC0-ASY2
[VND] PREPARE_PAIR slot=0
[VND] PREPARE_PAIR slot=0
[VND] TX_SKIP busy/inflight tag=ADC0-ASY2
[VND] PREPARE_PAIR slot=0
[VND] PREPARE_PAIR slot=0
[VND] TX_SKIP busy/inflight tag=ADC0-ASY2
[VND] PREPARE_PAIR slot=0
[VND] PREPARE_PAIR slot=0
[VND] TX_SKIP busy/inflight tag=ADC0-ASY2
[VND] PREPARE_PAIR slot=0
[VND] PREPARE_PAIR slot=0
[VND] TX_SKIP busy/inflight tag=ADC0-ASY2
[VND] PREPARE_PAIR slot=0
[VND] PREPARE_PAIR slot=0
[VND] TX_SKIP busy/inflight tag=ADC0-ASY2
[VND] PREPARE_PAIR slot=0
[VND] PREPARE_PAIR slot=0
[VND] TX_SKIP busy/inflight tag=ADC0-ASY2
[VND] PREPARE_PAIR slot=0
[VND] PREPARE_PAIR slot=0
[VND] TX_SKIP busy/inflight tag=ADC0-ASY2
[VND] PREPARE_PAIR slot=0
[VND] PREPARE_PAIR slot=0
[VND] TX_SKIP busy/inflight tag=ADC0-ASY2
[VND] PREPARE_PAIR slot=0
[VND] PREPARE_PAIR slot=0
[VND] TX_SKIP busy/inflight tag=ADC0-ASY2
[VND] PREPARE_PAIR slot=0
[VND] PREPARE_PAIR slot=0
[VND] TX_SKIP busy/inflight tag=ADC0-ASY2
[VND] PREPARE_PAIR slot=0
[VND] PREPARE_PAIR slot=0
[VND] TX_SKIP busy/inflight tag=ADC0-ASY2
[VND] PREPARE_PAIR slot=0
[VND] PREPARE_PAIR slot=0
[VND] TX_SKIP busy/inflight tag=ADC0-ASY2
[VND] PREPARE_PAIR slot=0
[VND] PREPARE_PAIR slot=0
[VND] TX_SKIP busy/inflight tag=ADC0-ASY2
[VND] PREPARE_PAIR slot=0
[VND] PREPARE_PAIR slot=0
[VND] TX_SKIP busy/inflight tag=ADC0-ASY2
[VND] PREPARE_PAIR slot=0
[VND] PREPARE_PAIR slot=0
[VND] TX_SKIP busy/inflight tag=ADC0-ASY2
[VND] PREPARE_PAIR slot=0
[VND] PREPARE_PAIR slot=0
[VND] TX_SKIP busy/inflight tag=ADC0-ASY2
[VND] PREPARE_PAIR slot=0
[VND] PREPARE_PAIR slot=0
[VND] TX_SKIP busy/inflight tag=ADC0-ASY2
[VND] PREPARE_PAIR slot=0
[VND] PREPARE_PAIR slot=0
[VND] TX_SKIP busy/inflight tag=ADC0-ASY2
[VND] PREPARE_PAIR slot=0
[VND] PREPARE_PAIR slot=0
[VND] TX_SKIP busy/inflight tag=ADC0-ASY2
[VND] PREPARE_PAIR slot=0
[VND] PREPARE_PAIR slot=0
[VND] TX_SKIP busy/inflight tag=ADC0-ASY2
[VND] PREPARE_PAIR slot=0
[VND] PREPARE_PAIR slot=0
[VND] TX_SKIP busy/inflight tag=ADC0-ASY2
[VND] PREPARE_PAIR slot=0
[VND] PREPARE_PAIR slot=0
[VND] TX_SKIP busy/inflight tag=ADC0-ASY2
[VND] PREPARE_PAIR slot=0
[VND] PREPARE_PAIR slot=0
[VND] TX_SKIP busy/inflight tag=ADC0-ASY2
[VND] PREPARE_PAIR slot=0
[VND] PREPARE_PAIR slot=0
[VND] TX_SKIP busy/inflight tag=ADC0-ASY2
[VND] PREPARE_PAIR slot=0
[VND] PREPARE_PAIR slot=0
[VND] TX_SKIP busy/inflight tag=ADC0-ASY2
[VND] PREPARE_PAIR slot=0
[VND] PREPARE_PAIR slot=0
[VND] TX_SKIP busy/inflight tag=ADC0-ASY2
[VND] PREPARE_PAIR slot=0
[VND] PREPARE_PAIR slot=0
[VND] TX_SKIP busy/inflight tag=ADC0-ASY2
[VND] PREPARE_PAIR slot=0
[VND] PREPARE_PAIR slot=0
[VND] TX_SKIP busy/inflight tag=ADC0-ASY2
[VND] PREPARE_PAIR slot=0
[VND] PREPARE_PAIR slot=0
[VND] TX_SKIP busy/inflight tag=ADC0-ASY2
[VND] PREPARE_PAIR slot=0
[VND] PREPARE_PAIR slot=0
[VND] TX_SKIP busy/inflight tag=ADC0-ASY2
[VND] PREPARE_PAIR slot=0
[VND] PREPARE_PAIR slot=0
[VND] TX_SKIP busy/inflight tag=ADC0-ASY2
[VND] PREPARE_PAIR slot=0
[VND] PREPARE_PAIR slot=0
[VND] TX_SKIP busy/inflight tag=ADC0-ASY2
[VND] PREPARE_PAIR slot=0
[VND] PREPARE_PAIR slot=0
[VND] TX_SKIP busy/inflight tag=ADC0-ASY2
[VND] PREPARE_PAIR slot=0
[VND] PREPARE_PAIR slot=0
[VND] TX_SKIP busy/inflight tag=ADC0-ASY2
[VND] PREPARE_PAIR slot=0
[VND] PREPARE_PAIR slot=0
[VND] TX_SKIP busy/inflight tag=ADC0-ASY2
[VND] PREPARE_PAIR slot=0
[VND] PREPARE_PAIR slot=0
[VND] TX_SKIP busy/inflight tag=ADC0-ASY2
[VND] PREPARE_PAIR slot=0
[VND] PREPARE_PAIR slot=0
[VND] TX_SKIP busy/inflight tag=ADC0-ASY2
[VND] PREPARE_PAIR slot=0
[VND] PREPARE_PAIR slot=0
[VND] TX_SKIP busy/inflight tag=ADC0-ASY2
[VND] PREPARE_PAIR slot=0
[VND] PREPARE_PAIR slot=0
[VND] TX_SKIP busy/inflight tag=ADC0-ASY2
[VND] PREPARE_PAIR slot=0
[VND] PREPARE_PAIR slot=0
[VND] TX_SKIP busy/inflight tag=ADC0-ASY2
[VND] PREPARE_PAIR slot=0
[VND] PREPARE_PAIR slot=0
[VND] TX_SKIP busy/inflight tag=ADC0-ASY2
[VND] PREPARE_PAIR slot=0
[VND] PREPARE_PAIR slot=0
[VND] TX_SKIP busy/inflight tag=ADC0-ASY2
[VND] PREPARE_PAIR slot=0
[VND] PREPARE_PAIR slot=0
[VND] TX_SKIP busy/inflight tag=ADC0-ASY2
[VND] PREPARE_PAIR slot=0
[VND] PREPARE_PAIR slot=0
[VND] TX_SKIP busy/inflight tag=ADC0-ASY2
[VND] PREPARE_PAIR slot=0
[VND] PREPARE_PAIR slot=0
[VND] TX_SKIP busy/inflight tag=ADC0-ASY2
[VND] PREPARE_PAIR slot=0
[VND] PREPARE_PAIR slot=0
[VND] TX_SKIP busy/inflight tag=ADC0-ASY2
[VND] PREPARE_PAIR slot=0
[VND] PREPARE_PAIR slot=0
[VND] TX_SKIP busy/inflight tag=ADC0-ASY2
[VND] PREPARE_PAIR slot=0
[VND] PREPARE_PAIR slot=0
[VND] TX_SKIP busy/inflight tag=ADC0-ASY2
[VND] PREPARE_PAIR slot=0
[VND] PREPARE_PAIR slot=0
[VND] TX_SKIP busy/inflight tag=ADC0-ASY2
[VND] PREPARE_PAIR slot=0
[VND] PREPARE_PAIR slot=0
[VND] TX_SKIP busy/inflight tag=ADC0-ASY2
[VND] PREPARE_PAIR slot=0
[VND] PREPARE_PAIR slot=0
[VND] TX_SKIP busy/inflight tag=ADC0-ASY2
[VND] PREPARE_PAIR slot=0
[VND] PREPARE_PAIR slot=0
[VND] TX_SKIP busy/inflight tag=ADC0-ASY2
[VND] PREPARE_PAIR slot=0
[VND] PREPARE_PAIR slot=0
[VND] TX_SKIP busy/inflight tag=ADC0-ASY2
[VND] PREPARE_PAIR slot=0
[VND] PREPARE_PAIR slot=0
[VND] TX_SKIP busy/inflight tag=ADC0-ASY2
[VND] PREPARE_PAIR slot=0
[VND] PREPARE_PAIR slot=0
[VND] TX_SKIP busy/inflight tag=ADC0-ASY2
[VND] PREPARE_PAIR slot=0
[VND] PREPARE_PAIR slot=0
[VND] TX_SKIP busy/inflight tag=ADC0-ASY2
[VND] PREPARE_PAIR slot=0
[VND] PREPARE_PAIR slot=0
[VND] TX_SKIP busy/inflight tag=ADC0-ASY2
[VND] PREPARE_PAIR slot=0
[VND] PREPARE_PAIR slot=0
[VND] TX_SKIP busy/inflight tag=ADC0-ASY2
[VND] PREPARE_PAIR slot=0
[VND] PREPARE_PAIR slot=0
[VND] TX_SKIP busy/inflight tag=ADC0-ASY2
[VND] PREPARE_PAIR slot=0
[VND] PREPARE_PAIR slot=0
[VND] TX_SKIP busy/inflight tag=ADC0-ASY2
[VND] PREPARE_PAIR slot=0
[VND] PREPARE_PAIR slot=0
[VND] TX_SKIP busy/inflight tag=ADC0-ASY2
[VND] PREPARE_PAIR slot=0
[VND] PREPARE_PAIR slot=0
[VND] TX_SKIP busy/inflight tag=ADC0-ASY2
[VND] PREPARE_PAIR slot=0
[VND] PREPARE_PAIR slot=0
[VND] TX_SKIP busy/inflight tag=ADC0-ASY2
[VND] PREPARE_PAIR slot=0
[VND] PREPARE_PAIR slot=0
[VND] TX_SKIP busy/inflight tag=ADC0-ASY2
[VND] PREPARE_PAIR slot=0
[VND] PREPARE_PAIR slot=0
[VND] TX_SKIP busy/inflight tag=ADC0-ASY2
[VND] PREPARE_PAIR slot=0
[VND] PREPARE_PAIR slot=0
[VND] TX_SKIP busy/inflight tag=ADC0-ASY2
[VND] PREPARE_PAIR slot=0
[VND] PREPARE_PAIR slot=0
[VND] TX_SKIP busy/inflight tag=ADC0-ASY2
[VND] PREPARE_PAIR slot=0
[VND] PREPARE_PAIR slot=0
[VND] TX_SKIP busy/inflight tag=ADC0-ASY2
[VND] PREPARE_PAIR slot=0
[VND] PREPARE_PAIR slot=0
[VND] TX_SKIP busy/inflight tag=ADC0-ASY2
[VND] PREPARE_PAIR slot=0
[VND] PREPARE_PAIR slot=0
[VND] TX_SKIP busy/inflight tag=ADC0-ASY2
[VND] PREPARE_PAIR slot=0
[VND] PREPARE_PAIR slot=0
[VND] TX_SKIP busy/inflight tag=ADC0-ASY2
[VND] PREPARE_PAIR slot=0
[VND] PREPARE_PAIR slot=0
[VND] TX_SKIP busy/inflight tag=ADC0-ASY2
[VND] PREPARE_PAIR slot=0
[VND] PREPARE_PAIR slot=0
[VND] TX_SKIP busy/inflight tag=ADC0-ASY2
[VND] PREPARE_PAIR slot=0
[VND] PREPARE_PAIR slot=0
[VND] TX_SKIP busy/inflight tag=ADC0-ASY2
[VND] PREPARE_PAIR slot=0
[VND] PREPARE_PAIR slot=0
[VND] TX_SKIP busy/inflight tag=ADC0-ASY2
[VND] PREPARE_PAIR slot=0
[VND] PREPARE_PAIR slot=0
[VND] TX_SKIP busy/inflight tag=ADC0-ASY2
[VND] PREPARE_PAIR slot=0
[VND] PREPARE_PAIR slot=0
[VND] TX_SKIP busy/inflight tag=ADC0-ASY2
[VND] PREPARE_PAIR slot=0
[VND] PREPARE_PAIR slot=0
[VND] TX_SKIP busy/inflight tag=ADC0-ASY2
[VND] PREPARE_PAIR slot=0
[VND] PREPARE_PAIR slot=0
[VND] TX_SKIP busy/inflight tag=ADC0-ASY2
[VND] PREPARE_PAIR slot=0
[VND] PREPARE_PAIR slot=0
[VND] TX_SKIP busy/inflight tag=ADC0-ASY2
[VND] PREPARE_PAIR slot=0
[VND] PREPARE_PAIR slot=0
[VND] TX_SKIP busy/inflight tag=ADC0-ASY2
[VND] PREPARE_PAIR slot=0
[VND] PREPARE_PAIR slot=0
[VND] TX_SKIP busy/inflight tag=ADC0-ASY2
[VND] PREPARE_PAIR slot=0
[VND] PREPARE_PAIR slot=0
[VND] TX_SKIP busy/inflight tag=ADC0-ASY2
[VND] PREPARE_PAIR slot=0
[VND] PREPARE_PAIR slot=0
[VND] TX_SKIP busy/inflight tag=ADC0-ASY2
[VND] PREPARE_PAIR slot=0
[VND] PREPARE_PAIR slot=0
[VND] TX_SKIP busy/inflight tag=ADC0-ASY2
[VND] PREPARE_PAIR slot=0
[VND] PREPARE_PAIR slot=0
[VND] TX_SKIP busy/inflight tag=ADC0-ASY2
[VND] PREPARE_PAIR slot=0
[VND] PREPARE_PAIR slot=0
[VND] TX_SKIP busy/inflight tag=ADC0-ASY2
[VND] PREPARE_PAIR slot=0
[VND] PREPARE_PAIR slot=0
[VND] TX_SKIP busy/inflight tag=ADC0-ASY2
[VND] PREPARE_PAIR slot=0
[VND] PREPARE_PAIR slot=0
[VND] TX_SKIP busy/inflight tag=ADC0-ASY2
[VND] PREPARE_PAIR slot=0
[VND] PREPARE_PAIR slot=0
[VND] TX_SKIP busy/inflight tag=ADC0-ASY2
[VND] PREPARE_PAIR slot=0
[VND] PREPARE_PAIR slot=0
[VND] TX_SKIP busy/inflight tag=ADC0-ASY2
[VND] PREPARE_PAIR slot=0
[VND] PREPARE_PAIR slot=0
[VND] TX_SKIP busy/inflight tag=ADC0-ASY2
[VND] PREPARE_PAIR slot=0
[VND] PREPARE_PAIR slot=0
[VND] TX_SKIP busy/inflight tag=ADC0-ASY2
[VND] PREPARE_PAIR slot=0
[VND] PREPARE_PAIR slot=0
[VND] TX_SKIP busy/inflight tag=ADC0-ASY2
[VND] PREPARE_PAIR slot=0
[VND] PREPARE_PAIR slot=0
[VND] TX_SKIP busy/inflight tag=ADC0-ASY2
[VND] PREPARE_PAIR slot=0
[VND] PREPARE_PAIR slot=0
[VND] TX_SKIP busy/inflight tag=ADC0-ASY2
[VND] PREPARE_PAIR slot=0
[VND] PREPARE_PAIR slot=0
[VND] TX_SKIP busy/inflight tag=ADC0-ASY2
[VND] PREPARE_PAIR slot=0
[VND] PREPARE_PAIR slot=0
[VND] TX_SKIP busy/inflight tag=ADC0-ASY2
[VND] PREPARE_PAIR slot=0
[VND] PREPARE_PAIR slot=0
[VND] TX_SKIP busy/inflight tag=ADC0-ASY2
[VND] PREPARE_PAIR slot=0
[VND] PREPARE_PAIR slot=0
[VND] TX_SKIP busy/inflight tag=ADC0-ASY2
[VND] PREPARE_PAIR slot=0
[VND] PREPARE_PAIR slot=0
[VND] TX_SKIP busy/inflight tag=ADC0-ASY2
[VND] PREPARE_PAIR slot=0
[VND] PREPARE_PAIR slot=0
[VND] TX_SKIP busy/inflight tag=ADC0-ASY2
[VND] PREPARE_PAIR slot=0
[VND] PREPARE_PAIR slot=0
[VND] TX_SKIP busy/inflight tag=ADC0-ASY2
[VND] PREPARE_PAIR slot=0
[VND] PREPARE_PAIR slot=0
[VND] TX_SKIP busy/inflight tag=ADC0-ASY2
[VND] PREPARE_PAIR slot=0
[VND] PREPARE_PAIR slot=0
[VND] TX_SKIP busy/inflight tag=ADC0-ASY2
[VND] PREPARE_PAIR slot=0
[VND] PREPARE_PAIR slot=0
[VND] TX_SKIP busy/inflight tag=ADC0-ASY2
[VND] PREPARE_PAIR slot=0
[VND] PREPARE_PAIR slot=0
[VND] TX_SKIP busy/inflight tag=ADC0-ASY2
[VND] PREPARE_PAIR slot=0
[VND] PREPARE_PAIR slot=0
[VND] TX_SKIP busy/inflight tag=ADC0-ASY2
[VND] PREPARE_PAIR slot=0
[VND] PREPARE_PAIR slot=0
[VND] TX_SKIP busy/inflight tag=ADC0-ASY2
[VND] PREPARE_PAIR slot=0
[VND] PREPARE_PAIR slot=0
[VND] TX_SKIP busy/inflight tag=ADC0-ASY2
[VND] PREPARE_PAIR slot=0
[VND] PREPARE_PAIR slot=0
[VND] TX_SKIP busy/inflight tag=ADC0-ASY2
[VND] PREPARE_PAIR slot=0
[VND] PREPARE_PAIR slot=0
[VND] TX_SKIP busy/inflight tag=ADC0-ASY2
[VND] PREPARE_PAIR slot=0
[VND] PREPARE_PAIR slot=0
[VND] TX_SKIP busy/inflight tag=ADC0-ASY2
[VND] PREPARE_PAIR slot=0
[VND] PREPARE_PAIR slot=0
[VND] TX_SKIP busy/inflight tag=ADC0-ASY2
[VND] PREPARE_PAIR slot=0
[VND] PREPARE_PAIR slot=0
[VND] TX_SKIP busy/inflight tag=ADC0-ASY2
[VND] PREPARE_PAIR slot=0
[VND] PREPARE_PAIR slot=0
[VND] TX_SKIP busy/inflight tag=ADC0-ASY2
[VND] PREPARE_PAIR slot=0
[VND] PREPARE_PAIR slot=0
[VND] TX_SKIP busy/inflight tag=ADC0-ASY2
[VND] PREPARE_PAIR slot=0
[VND] PREPARE_PAIR slot=0
[VND] TX_SKIP busy/inflight tag=ADC0-ASY2
[VND] PREPARE_PAIR slot=0
[VND] PREPARE_PAIR slot=0
[VND] TX_SKIP busy/inflight tag=ADC0-ASY2
[VND] PREPARE_PAIR slot=0
[VND] PREPARE_PAIR slot=0
[VND] TX_SKIP busy/inflight tag=ADC0-ASY2
[VND] PREPARE_PAIR slot=0
[VND] PREPARE_PAIR slot=0
[VND] TX_SKIP busy/inflight tag=ADC0-ASY2
[VND] PREPARE_PAIR slot=0
[VND] PREPARE_PAIR slot=0
[VND] TX_SKIP busy/inflight tag=ADC0-ASY2
[VND] PREPARE_PAIR slot=0
[VND] PREPARE_PAIR slot=0
[VND] TX_SKIP busy/inflight tag=ADC0-ASY2
[VND] PREPARE_PAIR slot=0
[VND] PREPARE_PAIR slot=0
[VND] TX_SKIP busy/inflight tag=ADC0-ASY2
[VND] PREPARE_PAIR slot=0
[VND] PREPARE_PAIR slot=0
[VND] TX_SKIP busy/inflight tag=ADC0-ASY2
[VND] PREPARE_PAIR slot=0
[VND] PREPARE_PAIR slot=0
[VND] TX_SKIP busy/inflight tag=ADC0-ASY2
[VND] PREPARE_PAIR slot=0
[VND] PREPARE_PAIR slot=0
[VND] TX_SKIP busy/inflight tag=ADC0-ASY2
[VND] PREPARE_PAIR slot=0
[VND] PREPARE_PAIR slot=0
[VND] TX_SKIP busy/inflight tag=ADC0-ASY2
[VND] PREPARE_PAIR slot=0
[VND] PREPARE_PAIR slot=0
[VND] TX_SKIP busy/inflight tag=ADC0-ASY2
[VND] PREPARE_PAIR slot=0
[VND] PREPARE_PAIR slot=0
[VND] TX_SKIP busy/inflight tag=ADC0-ASY2
[VND] PREPARE_PAIR slot=0
[VND] PREPARE_PAIR slot=0
[VND] TX_SKIP busy/inflight tag=ADC0-ASY2
[VND] PREPARE_PAIR slot=0
[VND] PREPARE_PAIR slot=0
[VND] TX_SKIP busy/inflight tag=ADC0-ASY2
[VND] PREPARE_PAIR slot=0
[VND] PREPARE_PAIR slot=0
[VND] TX_SKIP busy/inflight tag=ADC0-ASY2
[VND] PREPARE_PAIR slot=0
[VND] PREPARE_PAIR slot=0
[VND] TX_SKIP busy/inflight tag=ADC0-ASY2
[VND] PREPARE_PAIR slot=0
[VND] PREPARE_PAIR slot=0
[VND] TX_SKIP busy/inflight tag=ADC0-ASY2
[VND] PREPARE_PAIR slot=0
[VND] PREPARE_PAIR slot=0
[VND] TX_SKIP busy/inflight tag=ADC0-ASY2
[VND] PREPARE_PAIR slot=0
[VND] PREPARE_PAIR slot=0
[VND] TX_SKIP busy/inflight tag=ADC0-ASY2
[VND] PREPARE_PAIR slot=0
[VND] PREPARE_PAIR slot=0
[VND] TX_SKIP busy/inflight tag=ADC0-ASY2
[VND] PREPARE_PAIR slot=0
[VND] PREPARE_PAIR slot=0
[VND] TX_SKIP busy/inflight tag=ADC0-ASY2
[VND] PREPARE_PAIR slot=0
[VND] PREPARE_PAIR slot=0
[VND] TX_SKIP busy/inflight tag=ADC0-ASY2
[VND] PREPARE_PAIR slot=0
[VND] PREPARE_PAIR slot=0
[VND] TX_SKIP busy/inflight tag=ADC0-ASY2
[VND] PREPARE_PAIR slot=0
[VND] PREPARE_PAIR slot=0
[VND] TX_SKIP busy/inflight tag=ADC0-ASY2
[VND] PREPARE_PAIR slot=0
[VND] PREPARE_PAIR slot=0
[VND] TX_SKIP busy/inflight tag=ADC0-ASY2
[VND] PREPARE_PAIR slot=0
[VND] PREPARE_PAIR slot=0
[VND] TX_SKIP busy/inflight tag=ADC0-ASY2
[VND] PREPARE_PAIR slot=0
[VND] PREPARE_PAIR slot=0
[VND] TX_SKIP busy/inflight tag=ADC0-ASY2
[VND] PREPARE_PAIR slot=0
[VND] PREPARE_PAIR slot=0
[VND] TX_SKIP busy/inflight tag=ADC0-ASY2
[VND] PREPARE_PAIR slot=0
[VND] PREPARE_PAIR slot=0
[VND] TX_SKIP busy/inflight tag=ADC0-ASY2
[VND] PREPARE_PAIR slot=0
[VND] PREPARE_PAIR slot=0
[VND] TX_SKIP busy/inflight tag=ADC0-ASY2
[VND] PREPARE_PAIR slot=0
[VND] PREPARE_PAIR slot=0
[VND] TX_SKIP busy/inflight tag=ADC0-ASY2
[VND] PREPARE_PAIR slot=0
[VND] PREPARE_PAIR slot=0
[VND] TX_SKIP busy/inflight tag=ADC0-ASY2
[VND] PREPARE_PAIR slot=0
[VND] PREPARE_PAIR slot=0
[VND] TX_SKIP busy/inflight tag=ADC0-ASY2
[VND] PREPARE_PAIR slot=0
[VND] PREPARE_PAIR slot=0
[VND] TX_SKIP busy/inflight tag=ADC0-ASY2
[VND] PREPARE_PAIR slot=0
[VND] PREPARE_PAIR slot=0
[VND] TX_SKIP busy/inflight tag=ADC0-ASY2
[VND] PREPARE_PAIR slot=0
[VND] PREPARE_PAIR slot=0
[VND] TX_SKIP busy/inflight tag=ADC0-ASY2
[VND] PREPARE_PAIR slot=0
[VND] PREPARE_PAIR slot=0
[VND] TX_SKIP busy/inflight tag=ADC0-ASY2
[VND] PREPARE_PAIR slot=0
[VND] PREPARE_PAIR slot=0
[VND] TX_SKIP busy/inflight tag=ADC0-ASY2
[VND] PREPARE_PAIR slot=0
[VND] PREPARE_PAIR slot=0
[VND] TX_SKIP busy/inflight tag=ADC0-ASY2
[VND] PREPARE_PAIR slot=0
[VND] PREPARE_PAIR slot=0
[VND] TX_SKIP busy/inflight tag=ADC0-ASY2
[VND] PREPARE_PAIR slot=0
[VND] PREPARE_PAIR slot=0
[VND] TX_SKIP busy/inflight tag=ADC0-ASY2
[VND] PREPARE_PAIR slot=0
[VND] PREPARE_PAIR slot=0
[VND] TX_SKIP busy/inflight tag=ADC0-ASY2
[VND] PREPARE_PAIR slot=0
[VND] PREPARE_PAIR slot=0
[VND] TX_SKIP busy/inflight tag=ADC0-ASY2
[VND] PREPARE_PAIR slot=0
[VND] PREPARE_PAIR slot=0
[VND] TX_SKIP busy/inflight tag=ADC0-ASY2
[VND] PREPARE_PAIR slot=0
[VND] PREPARE_PAIR slot=0
[VND] TX_SKIP busy/inflight tag=ADC0-ASY2
[VND] PREPARE_PAIR slot=0
[VND] PREPARE_PAIR slot=0
[VND] TX_SKIP busy/inflight tag=ADC0-ASY2
[VND] PREPARE_PAIR slot=0
[VND] PREPARE_PAIR slot=0
[VND] TX_SKIP busy/inflight tag=ADC0-ASY2
[VND] PREPARE_PAIR slot=0
[VND] PREPARE_PAIR slot=0
[VND] TX_SKIP busy/inflight tag=ADC0-ASY2
[VND] PREPARE_PAIR slot=0
[VND] PREPARE_PAIR slot=0
[VND] TX_SKIP busy/inflight tag=ADC0-ASY2
[VND] PREPARE_PAIR slot=0
[VND] PREPARE_PAIR slot=0
[VND] TX_SKIP busy/inflight tag=ADC0-ASY2
[VND] PREPARE_PAIR slot=0
[VND] PREPARE_PAIR slot=0
[VND] TX_SKIP busy/inflight tag=ADC0-ASY2
[VND] PREPARE_PAIR slot=0
[VND] PREPARE_PAIR slot=0
[VND] TX_SKIP busy/inflight tag=ADC0-ASY2
[VND] PREPARE_PAIR slot=0
[VND] PREPARE_PAIR slot=0
[VND] TX_SKIP busy/inflight tag=ADC0-ASY2
[VND] PREPARE_PAIR slot=0
[VND] PREPARE_PAIR slot=0
[VND] TX_SKIP busy/inflight tag=ADC0-ASY2
[VND] PREPARE_PAIR slot=0
[VND] PREPARE_PAIR slot=0
[VND] TX_SKIP busy/inflight tag=ADC0-ASY2
[VND] PREPARE_PAIR slot=0
[VND] PREPARE_PAIR slot=0
[VND] TX_SKIP busy/inflight tag=ADC0-ASY2
[VND] PREPARE_PAIR slot=0
[VND] PREPARE_PAIR slot=0
[VND] TX_SKIP busy/inflight tag=ADC0-ASY2
[VND] PREPARE_PAIR slot=0
[VND] PREPARE_PAIR slot=0
[VND] TX_SKIP busy/inflight tag=ADC0-ASY2
[VND] PREPARE_PAIR slot=0
[VND] PREPARE_PAIR slot=0
[VND] TX_SKIP busy/inflight tag=ADC0-ASY2
[VND] PREPARE_PAIR slot=0
[VND] PREPARE_PAIR slot=0
[VND] TX_SKIP busy/inflight tag=ADC0-ASY2
[VND] PREPARE_PAIR slot=0
[VND] PREPARE_PAIR slot=0
[VND] TX_SKIP busy/inflight tag=ADC0-ASY2
[VND] PREPARE_PAIR slot=0
[VND] PREPARE_PAIR slot=0
[VND] TX_SKIP busy/inflight tag=ADC0-ASY2
[VND] PREPARE_PAIR slot=0
[VND] PREPARE_PAIR slot=0
[VND] TX_SKIP busy/inflight tag=ADC0-ASY2
[VND] PREPARE_PAIR slot=0
[VND] PREPARE_PAIR slot=0
[VND] TX_SKIP busy/inflight tag=ADC0-ASY2
[VND] PREPARE_PAIR slot=0
[VND] PREPARE_PAIR slot=0
[VND] TX_SKIP busy/inflight tag=ADC0-ASY2
[VND] PREPARE_PAIR slot=0
[VND] PREPARE_PAIR slot=0
[VND] TX_SKIP busy/inflight tag=ADC0-ASY2
[VND] PREPARE_PAIR slot=0
[VND] PREPARE_PAIR slot=0
[VND] TX_SKIP busy/inflight tag=ADC0-ASY2
[VND] PREPARE_PAIR slot=0
[VND] PREPARE_PAIR slot=0
[VND] TX_SKIP busy/inflight tag=ADC0-ASY2
[VND] PREPARE_PAIR slot=0
[VND] PREPARE_PAIR slot=0
[VND] TX_SKIP busy/inflight tag=ADC0-ASY2
[VND] PREPARE_PAIR slot=0
[VND] PREPARE_PAIR slot=0
[VND] TX_SKIP busy/inflight tag=ADC0-ASY2
[VND] PREPARE_PAIR slot=0
[VND] PREPARE_PAIR slot=0
[VND] TX_SKIP busy/inflight tag=ADC0-ASY2
[VND] PREPARE_PAIR slot=0
[VND] PREPARE_PAIR slot=0
[VND] TX_SKIP busy/inflight tag=ADC0-ASY2
[VND] PREPARE_PAIR slot=0
[VND] PREPARE_PAIR slot=0
[VND] TX_SKIP busy/inflight tag=ADC0-ASY2
[VND] PREPARE_PAIR slot=0
[VND] PREPARE_PAIR slot=0
[VND] TX_SKIP busy/inflight tag=ADC0-ASY2
[VND] PREPARE_PAIR slot=0
[VND] PREPARE_PAIR slot=0
[VND] TX_SKIP busy/inflight tag=ADC0-ASY2
[VND] PREPARE_PAIR slot=0
[VND] PREPARE_PAIR slot=0
[VND] TX_SKIP busy/inflight tag=ADC0-ASY2
[VND] PREPARE_PAIR slot=0
[VND] PREPARE_PAIR slot=0
[VND] TX_SKIP busy/inflight tag=ADC0-ASY2
[VND] PREPARE_PAIR slot=0
[VND] PREPARE_PAIR slot=0
[VND] TX_SKIP busy/inflight tag=ADC0-ASY2
[VND] PREPARE_PAIR slot=0
[VND] PREPARE_PAIR slot=0
[VND] TX_SKIP busy/inflight tag=ADC0-ASY2
[VND] PREPARE_PAIR slot=0
[VND] PREPARE_PAIR slot=0
[VND] TX_SKIP busy/inflight tag=ADC0-ASY2
[VND] PREPARE_PAIR slot=0
[VND] PREPARE_PAIR slot=0
[VND] TX_SKIP busy/inflight tag=ADC0-ASY2
[VND] PREPARE_PAIR slot=0
[VND] PREPARE_PAIR slot=0
[VND] TX_SKIP busy/inflight tag=ADC0-ASY2
[VND] PREPARE_PAIR slot=0
[VND] PREPARE_PAIR slot=0
[VND] TX_SKIP busy/inflight tag=ADC0-ASY2
[VND] PREPARE_PAIR slot=0
[VND] PREPARE_PAIR slot=0
[VND] TX_SKIP busy/inflight tag=ADC0-ASY2
[VND] PREPARE_PAIR slot=0
[VND] PREPARE_PAIR slot=0
[VND] TX_SKIP busy/inflight tag=ADC0-ASY2
[VND] PREPARE_PAIR slot=0
[VND] PREPARE_PAIR slot=0
[VND] TX_SKIP busy/inflight tag=ADC0-ASY2
[VND] PREPARE_PAIR slot=0
[VND] PREPARE_PAIR slot=0
[VND] TX_SKIP busy/inflight tag=ADC0-ASY2
[VND] PREPARE_PAIR slot=0
[VND] PREPARE_PAIR slot=0
[VND] TX_SKIP busy/inflight tag=ADC0-ASY2
[VND] PREPARE_PAIR slot=0
[VND] PREPARE_PAIR slot=0
[VND] TX_SKIP busy/inflight tag=ADC0-ASY2
[VND] PREPARE_PAIR slot=0
[VND] PREPARE_PAIR slot=0
[VND] TX_SKIP busy/inflight tag=ADC0-ASY2
[VND] PREPARE_PAIR slot=0
[VND] PREPARE_PAIR slot=0
[VND] TX_SKIP busy/inflight tag=ADC0-ASY2
[VND] PREPARE_PAIR slot=0
[VND] PREPARE_PAIR slot=0
[VND] TX_SKIP busy/inflight tag=ADC0-ASY2
[VND] PREPARE_PAIR slot=0
[VND] PREPARE_PAIR slot=0
[VND] TX_SKIP busy/inflight tag=ADC0-ASY2
[VND] PREPARE_PAIR slot=0
[VND] PREPARE_PAIR slot=0
[VND] TX_SKIP busy/inflight tag=ADC0-ASY2
[VND] PREPARE_PAIR slot=0
[VND] PREPARE_PAIR slot=0
[VND] TX_SKIP busy/inflight tag=ADC0-ASY2
[VND] PREPARE_PAIR slot=0
[VND] PREPARE_PAIR slot=0
[VND] TX_SKIP busy/inflight tag=ADC0-ASY2
[VND] PREPARE_PAIR slot=0
[VND] PREPARE_PAIR slot=0
[VND] TX_SKIP busy/inflight tag=ADC0-ASY2
[VND] PREPARE_PAIR slot=0
[VND] PREPARE_PAIR slot=0
[VND] TX_SKIP busy/inflight tag=ADC0-ASY2
[VND] PREPARE_PAIR slot=0
[VND] PREPARE_PAIR slot=0
[VND] TX_SKIP busy/inflight tag=ADC0-ASY2
[VND] PREPARE_PAIR slot=0
[VND] PREPARE_PAIR slot=0
[VND] TX_SKIP busy/inflight tag=ADC0-ASY2
[VND] PREPARE_PAIR slot=0
[VND] PREPARE_PAIR slot=0
[VND] TX_SKIP busy/inflight tag=ADC0-ASY2
[VND] PREPARE_PAIR slot=0
[VND] PREPARE_PAIR slot=0
[VND] TX_SKIP busy/inflight tag=ADC0-ASY2
[VND] PREPARE_PAIR slot=0
[VND] PREPARE_PAIR slot=0
[VND] TX_SKIP busy/inflight tag=ADC0-ASY2
[VND] PREPARE_PAIR slot=0
[VND] PREPARE_PAIR slot=0
[VND] TX_SKIP busy/inflight tag=ADC0-ASY2
[VND] PREPARE_PAIR slot=0
[VND] PREPARE_PAIR slot=0
[VND] TX_SKIP busy/inflight tag=ADC0-ASY2
[VND] PREPARE_PAIR slot=0
[VND] PREPARE_PAIR slot=0
[VND] TX_SKIP busy/inflight tag=ADC0-ASY2
[VND] PREPARE_PAIR slot=0
[VND] PREPARE_PAIR slot=0
[VND] TX_SKIP busy/inflight tag=ADC0-ASY2
[VND] PREPARE_PAIR slot=0
[VND] PREPARE_PAIR slot=0
[VND] TX_SKIP busy/inflight tag=ADC0-ASY2
[VND] PREPARE_PAIR slot=0
[VND] PREPARE_PAIR slot=0
[VND] TX_SKIP busy/inflight tag=ADC0-ASY2
[VND] PREPARE_PAIR slot=0
[VND] PREPARE_PAIR slot=0
[VND] TX_SKIP busy/inflight tag=ADC0-ASY2
[VND] PREPARE_PAIR slot=0
[VND] PREPARE_PAIR slot=0
[VND] TX_SKIP busy/inflight tag=ADC0-ASY2
[VND] PREPARE_PAIR slot=0
[VND] PREPARE_PAIR slot=0
[VND] TX_SKIP busy/inflight tag=ADC0-ASY2
[VND] PREPARE_PAIR slot=0
[VND] PREPARE_PAIR slot=0
[VND] TX_SKIP busy/inflight tag=ADC0-ASY2
[VND] PREPARE_PAIR slot=0
[VND] PREPARE_PAIR slot=0
[VND] TX_SKIP busy/inflight tag=ADC0-ASY2
[VND] PREPARE_PAIR slot=0
[VND] PREPARE_PAIR slot=0
[VND] TX_SKIP busy/inflight tag=ADC0-ASY2
[VND] PREPARE_PAIR slot=0
[VND] PREPARE_PAIR slot=0
[VND] TX_SKIP busy/inflight tag=ADC0-ASY2
[VND] PREPARE_PAIR slot=0
[VND] PREPARE_PAIR slot=0
[VND] TX_SKIP busy/inflight tag=ADC0-ASY2
[VND] PREPARE_PAIR slot=0
[VND] PREPARE_PAIR slot=0
[VND] TX_SKIP busy/inflight tag=ADC0-ASY2
[VND] PREPARE_PAIR slot=0
[VND] PREPARE_PAIR slot=0
[VND] TX_SKIP busy/inflight tag=ADC0-ASY2
[VND] PREPARE_PAIR slot=0
[VND] PREPARE_PAIR slot=0
[VND] TX_SKIP busy/inflight tag=ADC0-ASY2
[VND] PREPARE_PAIR slot=0
[VND] PREPARE_PAIR slot=0
[VND] TX_SKIP busy/inflight tag=ADC0-ASY2
[VND] PREPARE_PAIR slot=0
[VND] PREPARE_PAIR slot=0
[VND] TX_SKIP busy/inflight tag=ADC0-ASY2
[VND] PREPARE_PAIR slot=0
[VND] PREPARE_PAIR slot=0
[VND] TX_SKIP busy/inflight tag=ADC0-ASY2
[VND] PREPARE_PAIR slot=0
[VND] PREPARE_PAIR slot=0
[VND] TX_SKIP busy/inflight tag=ADC0-ASY2
[VND] PREPARE_PAIR slot=0
[VND] PREPARE_PAIR slot=0
[VND] TX_SKIP busy/inflight tag=ADC0-ASY2
[VND] PREPARE_PAIR slot=0
[VND] PREPARE_PAIR slot=0
[VND] TX_SKIP busy/inflight tag=ADC0-ASY2
[VND] PREPARE_PAIR slot=0
[VND] PREPARE_PAIR slot=0
[VND] TX_SKIP busy/inflight tag=ADC0-ASY2
[VND] PREPARE_PAIR slot=0
[VND] PREPARE_PAIR slot=0
[VND] TX_SKIP busy/inflight tag=ADC0-ASY2
[VND] PREPARE_PAIR slot=0
[VND] PREPARE_PAIR slot=0
[VND] TX_SKIP busy/inflight tag=ADC0-ASY2
[VND] PREPARE_PAIR slot=0
[VND] PREPARE_PAIR slot=0
[VND] TX_SKIP busy/inflight tag=ADC0-ASY2
[VND] PREPARE_PAIR slot=0
[VND] PREPARE_PAIR slot=0
[VND] TX_SKIP busy/inflight tag=ADC0-ASY2
[VND] PREPARE_PAIR slot=0
[VND] PREPARE_PAIR slot=0
[VND] TX_SKIP busy/inflight tag=ADC0-ASY2
[VND] PREPARE_PAIR slot=0
[VND] PREPARE_PAIR slot=0
[VND] TX_SKIP busy/inflight tag=ADC0-ASY2
[VND] PREPARE_PAIR slot=0
[VND] PREPARE_PAIR slot=0
[VND] TX_SKIP busy/inflight tag=ADC0-ASY2
[VND] PREPARE_PAIR slot=0
[VND] PREPARE_PAIR slot=0
[VND] TX_SKIP busy/inflight tag=ADC0-ASY2
[VND] PREPARE_PAIR slot=0
[VND] PREPARE_PAIR slot=0
[VND] TX_SKIP busy/inflight tag=ADC0-ASY2
[VND] PREPARE_PAIR slot=0
[VND] PREPARE_PAIR slot=0
[VND] TX_SKIP busy/inflight tag=ADC0-ASY2
[VND] PREPARE_PAIR slot=0
[VND] PREPARE_PAIR slot=0
[VND] TX_SKIP busy/inflight tag=ADC0-ASY2
[VND] PREPARE_PAIR slot=0
[VND] PREPARE_PAIR slot=0
[VND] TX_SKIP busy/inflight tag=ADC0-ASY2
[VND] PREPARE_PAIR slot=0
[VND] PREPARE_PAIR slot=0
[VND] TX_SKIP busy/inflight tag=ADC0-ASY2
[VND] PREPARE_PAIR slot=0
[VND] PREPARE_PAIR slot=0
[VND] TX_SKIP busy/inflight tag=ADC0-ASY2
[VND] PREPARE_PAIR slot=0
[VND] PREPARE_PAIR slot=0
[VND] TX_SKIP busy/inflight tag=ADC0-ASY2
[VND] PREPARE_PAIR slot=0
[VND] PREPARE_PAIR slot=0
[VND] TX_SKIP busy/inflight tag=ADC0-ASY2
[VND] PREPARE_PAIR slot=0
[VND] PREPARE_PAIR slot=0
[VND] TX_SKIP busy/inflight tag=ADC0-ASY2
[VND] PREPARE_PAIR slot=0
[VND] PREPARE_PAIR slot=0
[VND] TX_SKIP busy/inflight tag=ADC0-ASY2
[VND] PREPARE_PAIR slot=0
[VND] PREPARE_PAIR slot=0
[VND] TX_SKIP busy/inflight tag=ADC0-ASY2
[VND] PREPARE_PAIR slot=0
[VND] PREPARE_PAIR slot=0
[VND] TX_SKIP busy/inflight tag=ADC0-ASY2
[VND] PREPARE_PAIR slot=0
[VND] PREPARE_PAIR slot=0
[VND] TX_SKIP busy/inflight tag=ADC0-ASY2
[VND] PREPARE_PAIR slot=0
[VND] PREPARE_PAIR slot=0
[VND] TX_SKIP busy/inflight tag=ADC0-ASY2
[VND] PREPARE_PAIR slot=0
[VND] PREPARE_PAIR slot=0
[VND] TX_SKIP busy/inflight tag=ADC0-ASY2
[VND] PREPARE_PAIR slot=0
[VND] PREPARE_PAIR slot=0
[VND] TX_SKIP busy/inflight tag=ADC0-ASY2
[VND] PREPARE_PAIR slot=0
[VND] PREPARE_PAIR slot=0
[VND] TX_SKIP busy/inflight tag=ADC0-ASY2
[VND] PREPARE_PAIR slot=0
[VND] PREPARE_PAIR slot=0
[VND] TX_SKIP busy/inflight tag=ADC0-ASY2
[VND] PREPARE_PAIR slot=0
[VND] PREPARE_PAIR slot=0
[VND] TX_SKIP busy/inflight tag=ADC0-ASY2
[VND] PREPARE_PAIR slot=0
[VND] PREPARE_PAIR slot=0
[VND] TX_SKIP busy/inflight tag=ADC0-ASY2
[VND] PREPARE_PAIR slot=0
[VND] PREPARE_PAIR slot=0
[VND] TX_SKIP busy/inflight tag=ADC0-ASY2
[VND] PREPARE_PAIR slot=0
[VND] PREPARE_PAIR slot=0
[VND] TX_SKIP busy/inflight tag=ADC0-ASY2
[VND] PREPARE_PAIR slot=0
[VND] PREPARE_PAIR slot=0
[VND] TX_SKIP busy/inflight tag=ADC0-ASY2
[VND] PREPARE_PAIR slot=0
[VND] PREPARE_PAIR slot=0
[VND] TX_SKIP busy/inflight tag=ADC0-ASY2
[VND] PREPARE_PAIR slot=0
[VND] PREPARE_PAIR slot=0
[VND] TX_SKIP busy/inflight tag=ADC0-ASY2
[VND] PREPARE_PAIR slot=0
[VND] PREPARE_PAIR slot=0
[VND] TX_SKIP busy/inflight tag=ADC0-ASY2
[VND] PREPARE_PAIR slot=0
[VND] PREPARE_PAIR slot=0
[VND] TX_SKIP busy/inflight tag=ADC0-ASY2
[VND] PREPARE_PAIR slot=0
[VND] PREPARE_PAIR slot=0
[VND] TX_SKIP busy/inflight tag=ADC0-ASY2
[VND] PREPARE_PAIR slot=0
[VND] PREPARE_PAIR slot=0
[VND] TX_SKIP busy/inflight tag=ADC0-ASY2
[VND] PREPARE_PAIR slot=0
[VND] PREPARE_PAIR slot=0
[VND] TX_SKIP busy/inflight tag=ADC0-ASY2
[VND] PREPARE_PAIR slot=0
[VND] PREPARE_PAIR slot=0
[VND] TX_SKIP busy/inflight tag=ADC0-ASY2
[VND] PREPARE_PAIR slot=0
[VND] PREPARE_PAIR slot=0
[VND] TX_SKIP busy/inflight tag=ADC0-ASY2
[VND] PREPARE_PAIR slot=0
[VND] PREPARE_PAIR slot=0
[VND] TX_SKIP busy/inflight tag=ADC0-ASY2
[VND] PREPARE_PAIR slot=0
[VND] PREPARE_PAIR slot=0
[VND] TX_SKIP busy/inflight tag=ADC0-ASY2
[VND] PREPARE_PAIR slot=0
[VND] PREPARE_PAIR slot=0
[VND] TX_SKIP busy/inflight tag=ADC0-ASY2
[VND] PREPARE_PAIR slot=0
[VND] PREPARE_PAIR slot=0
[VND] TX_SKIP busy/inflight tag=ADC0-ASY2
[VND] PREPARE_PAIR slot=0
[VND] PREPARE_PAIR slot=0
[VND] TX_SKIP busy/inflight tag=ADC0-ASY2
[VND] PREPARE_PAIR slot=0
[VND] PREPARE_PAIR slot=0
[VND] TX_SKIP busy/inflight tag=ADC0-ASY2
[VND] PREPARE_PAIR slot=0
[VND] PREPARE_PAIR slot=0
[VND] TX_SKIP busy/inflight tag=ADC0-ASY2
[VND] PREPARE_PAIR slot=0
[VND] PREPARE_PAIR slot=0
[VND] TX_SKIP busy/inflight tag=ADC0-ASY2
[VND] PREPARE_PAIR slot=0
[VND] PREPARE_PAIR slot=0
[VND] TX_SKIP busy/inflight tag=ADC0-ASY2
[VND] PREPARE_PAIR slot=0
[VND] PREPARE_PAIR slot=0
[VND] TX_SKIP busy/inflight tag=ADC0-ASY2
[VND] PREPARE_PAIR slot=0
[VND] PREPARE_PAIR slot=0
[VND] TX_SKIP busy/inflight tag=ADC0-ASY2
[VND] PREPARE_PAIR slot=0
[VND] PREPARE_PAIR slot=0
[VND] TX_SKIP busy/inflight tag=ADC0-ASY2
[VND] PREPARE_PAIR slot=0
[VND] PREPARE_PAIR slot=0
[VND] TX_SKIP busy/inflight tag=ADC0-ASY2
[VND] PREPARE_PAIR slot=0
[VND] PREPARE_PAIR slot=0
[VND] TX_SKIP busy/inflight tag=ADC0-ASY2
[VND] PREPARE_PAIR slot=0
[VND] PREPARE_PAIR slot=0
[VND] TX_SKIP busy/inflight tag=ADC0-ASY2
[VND] PREPARE_PAIR slot=0
[VND] PREPARE_PAIR slot=0
[VND] TX_SKIP busy/inflight tag=ADC0-ASY2
[VND] PREPARE_PAIR slot=0
[VND] PREPARE_PAIR slot=0
[VND] TX_SKIP busy/inflight tag=ADC0-ASY2
[VND] PREPARE_PAIR slot=0
[VND] PREPARE_PAIR slot=0
[VND] TX_SKIP busy/inflight tag=ADC0-ASY2
[VND] PREPARE_PAIR slot=0
[VND] PREPARE_PAIR slot=0
[VND] TX_SKIP busy/inflight tag=ADC0-ASY2
[VND] PREPARE_PAIR slot=0
[VND] PREPARE_PAIR slot=0
[VND] TX_SKIP busy/inflight tag=ADC0-ASY2
[VND] PREPARE_PAIR slot=0
[VND] PREPARE_PAIR slot=0
[VND] TX_SKIP busy/inflight tag=ADC0-ASY2
[VND] PREPARE_PAIR slot=0
[VND] PREPARE_PAIR slot=0
[VND] TX_SKIP busy/inflight tag=ADC0-ASY2
[VND] PREPARE_PAIR slot=0
[VND] PREPARE_PAIR slot=0
[VND] TX_SKIP busy/inflight tag=ADC0-ASY2
[VND] PREPARE_PAIR slot=0
[VND] PREPARE_PAIR slot=0
[VND] TX_SKIP busy/inflight tag=ADC0-ASY2
[VND] PREPARE_PAIR slot=0
[VND] PREPARE_PAIR slot=0
[VND] TX_SKIP busy/inflight tag=ADC0-ASY2
[VND] PREPARE_PAIR slot=0
[VND] PREPARE_PAIR slot=0
[VND] TX_SKIP busy/inflight tag=ADC0-ASY2
[VND] PREPARE_PAIR slot=0
[VND] PREPARE_PAIR slot=0
[VND] TX_SKIP busy/inflight tag=ADC0-ASY2
[VND] PREPARE_PAIR slot=0
[VND] PREPARE_PAIR slot=0
[VND] TX_SKIP busy/inflight tag=ADC0-ASY2
[VND] PREPARE_PAIR slot=0
[VND] PREPARE_PAIR slot=0
[VND] TX_SKIP busy/inflight tag=ADC0-ASY2
[VND] PREPARE_PAIR slot=0
[VND] PREPARE_PAIR slot=0
[VND] TX_SKIP busy/inflight tag=ADC0-ASY2
[VND] PREPARE_PAIR slot=0
[VND] PREPARE_PAIR slot=0
[VND] TX_SKIP busy/inflight tag=ADC0-ASY2
[VND] PREPARE_PAIR slot=0
[VND] PREPARE_PAIR slot=0
[VND] TX_SKIP busy/inflight tag=ADC0-ASY2
[VND] PREPARE_PAIR slot=0
[VND] PREPARE_PAIR slot=0
[VND] TX_SKIP busy/inflight tag=ADC0-ASY2
[VND] PREPARE_PAIR slot=0
[VND] PREPARE_PAIR slot=0
[VND] TX_SKIP busy/inflight tag=ADC0-ASY2
[VND] PREPARE_PAIR slot=0
[VND] PREPARE_PAIR slot=0
[VND] TX_SKIP busy/inflight tag=ADC0-ASY2
[VND] PREPARE_PAIR slot=0
[VND] PREPARE_PAIR slot=0
[VND] TX_SKIP busy/inflight tag=ADC0-ASY2
[VND] PREPARE_PAIR slot=0
[VND] PREPARE_PAIR slot=0
[VND] TX_SKIP busy/inflight tag=ADC0-ASY2
[VND] PREPARE_PAIR slot=0
[VND] PREPARE_PAIR slot=0
[VND] TX_SKIP busy/inflight tag=ADC0-ASY2
[VND] PREPARE_PAIR slot=0
[VND] PREPARE_PAIR slot=0
[VND] TX_SKIP busy/inflight tag=ADC0-ASY2
[VND] PREPARE_PAIR slot=0
[VND] PREPARE_PAIR slot=0
[VND] TX_SKIP busy/inflight tag=ADC0-ASY2
[VND] PREPARE_PAIR slot=0
[VND] PREPARE_PAIR slot=0
[VND] TX_SKIP busy/inflight tag=ADC0-ASY2
[VND] PREPARE_PAIR slot=0
[VND] PREPARE_PAIR slot=0
[VND] TX_SKIP busy/inflight tag=ADC0-ASY2
[VND] PREPARE_PAIR slot=0
[VND] PREPARE_PAIR slot=0
[VND] TX_SKIP busy/inflight tag=ADC0-ASY2
[VND] PREPARE_PAIR slot=0
[VND] PREPARE_PAIR slot=0
[VND] TX_SKIP busy/inflight tag=ADC0-ASY2
[VND] PREPARE_PAIR slot=0
[VND] PREPARE_PAIR slot=0
[VND] TX_SKIP busy/inflight tag=ADC0-ASY2
[VND] PREPARE_PAIR slot=0
[VND] PREPARE_PAIR slot=0
[VND] TX_SKIP busy/inflight tag=ADC0-ASY2
[VND] PREPARE_PAIR slot=0
[VND] PREPARE_PAIR slot=0
[VND] TX_SKIP busy/inflight tag=ADC0-ASY2
[VND] PREPARE_PAIR slot=0
[VND] PREPARE_PAIR slot=0
[VND] TX_SKIP busy/inflight tag=ADC0-ASY2
[VND] PREPARE_PAIR slot=0
[VND] PREPARE_PAIR slot=0
[VND] TX_SKIP busy/inflight tag=ADC0-ASY2
[VND] PREPARE_PAIR slot=0
[VND] PREPARE_PAIR slot=0
[VND] TX_SKIP busy/inflight tag=ADC0-ASY2
[VND] PREPARE_PAIR slot=0
[VND] PREPARE_PAIR slot=0
[VND] TX_SKIP busy/inflight tag=ADC0-ASY2
[VND] PREPARE_PAIR slot=0
[VND] PREPARE_PAIR slot=0
[VND] TX_SKIP busy/inflight tag=ADC0-ASY2
[VND] PREPARE_PAIR slot=0
[VND] PREPARE_PAIR slot=0
[VND] TX_SKIP busy/inflight tag=ADC0-ASY2
[VND] PREPARE_PAIR slot=0
[VND] PREPARE_PAIR slot=0
[VND] TX_SKIP busy/inflight tag=ADC0-ASY2
[VND] PREPARE_PAIR slot=0
[VND] PREPARE_PAIR slot=0
[VND] TX_SKIP busy/inflight tag=ADC0-ASY2
[VND] PREPARE_PAIR slot=0
[VND] PREPARE_PAIR slot=0
[VND] TX_SKIP busy/inflight tag=ADC0-ASY2
[VND] PREPARE_PAIR slot=0
[VND] PREPARE_PAIR slot=0
[VND] TX_SKIP busy/inflight tag=ADC0-ASY2
[VND] PREPARE_PAIR slot=0
[VND] PREPARE_PAIR slot=0
[VND] TX_SKIP busy/inflight tag=ADC0-ASY2
[VND] PREPARE_PAIR slot=0
[VND] PREPARE_PAIR slot=0
[VND] TX_SKIP busy/inflight tag=ADC0-ASY2
[VND] PREPARE_PAIR slot=0
[VND] PREPARE_PAIR slot=0
[VND] TX_SKIP busy/inflight tag=ADC0-ASY2
[VND] PREPARE_PAIR slot=0
[VND] PREPARE_PAIR slot=0
[VND] TX_SKIP busy/inflight tag=ADC0-ASY2
[VND] PREPARE_PAIR slot=0
[VND] PREPARE_PAIR slot=0
[VND] TX_SKIP busy/inflight tag=ADC0-ASY2
[VND] PREPARE_PAIR slot=0
[VND] PREPARE_PAIR slot=0
[VND] TX_SKIP busy/inflight tag=ADC0-ASY2
[VND] PREPARE_PAIR slot=0
[VND] PREPARE_PAIR slot=0
[VND] TX_SKIP busy/inflight tag=ADC0-ASY2
[VND] PREPARE_PAIR slot=0
[VND] PREPARE_PAIR slot=0
[VND] TX_SKIP busy/inflight tag=ADC0-ASY2
[VND] PREPARE_PAIR slot=0
[VND] PREPARE_PAIR slot=0
[VND] TX_SKIP busy/inflight tag=ADC0-ASY2
[VND] PREPARE_PAIR slot=0
[VND] PREPARE_PAIR slot=0
[VND] TX_SKIP busy/inflight tag=ADC0-ASY2
[VND] PREPARE_PAIR slot=0
[VND] PREPARE_PAIR slot=0
[VND] TX_SKIP busy/inflight tag=ADC0-ASY2
[VND] PREPARE_PAIR slot=0
[VND] PREPARE_PAIR slot=0
[VND] TX_SKIP busy/inflight tag=ADC0-ASY2
[VND] PREPARE_PAIR slot=0
[VND] PREPARE_PAIR slot=0
[VND] TX_SKIP busy/inflight tag=ADC0-ASY2
[VND] PREPARE_PAIR slot=0
[VND] PREPARE_PAIR slot=0
[VND] TX_SKIP busy/inflight tag=ADC0-ASY2
[VND] PREPARE_PAIR slot=0
[VND] PREPARE_PAIR slot=0
[VND] TX_SKIP busy/inflight tag=ADC0-ASY2
[VND] PREPARE_PAIR slot=0
[VND] PREPARE_PAIR slot=0
[VND] TX_SKIP busy/inflight tag=ADC0-ASY2
[VND] PREPARE_PAIR slot=0
[VND] PREPARE_PAIR slot=0
[VND] TX_SKIP busy/inflight tag=ADC0-ASY2
[VND] PREPARE_PAIR slot=0
[VND] PREPARE_PAIR slot=0
[VND] TX_SKIP busy/inflight tag=ADC0-ASY2
[VND] PREPARE_PAIR slot=0
[VND] PREPARE_PAIR slot=0
[VND] TX_SKIP busy/inflight tag=ADC0-ASY2
[VND] PREPARE_PAIR slot=0
[VND] PREPARE_PAIR slot=0
[VND] TX_SKIP busy/inflight tag=ADC0-ASY2
[VND] PREPARE_PAIR slot=0
[VND] PREPARE_PAIR slot=0
[VND] TX_SKIP busy/inflight tag=ADC0-ASY2
[VND] PREPARE_PAIR slot=0
[VND] PREPARE_PAIR slot=0
[VND] TX_SKIP busy/inflight tag=ADC0-ASY2
[VND] PREPARE_PAIR slot=0
[VND] PREPARE_PAIR slot=0
[VND] TX_SKIP busy/inflight tag=ADC0-ASY2
[VND] PREPARE_PAIR slot=0
[VND] PREPARE_PAIR slot=0
[VND] TX_SKIP busy/inflight tag=ADC0-ASY2
[VND] PREPARE_PAIR slot=0
[VND] PREPARE_PAIR slot=0
[VND] TX_SKIP busy/inflight tag=ADC0-ASY2
[VND] PREPARE_PAIR slot=0
[VND] PREPARE_PAIR slot=0
[VND] TX_SKIP busy/inflight tag=ADC0-ASY2
[VND] PREPARE_PAIR slot=0
[VND] PREPARE_PAIR slot=0
[VND] TX_SKIP busy/inflight tag=ADC0-ASY2
[VND] PREPARE_PAIR slot=0
[VND] PREPARE_PAIR slot=0
[VND] TX_SKIP busy/inflight tag=ADC0-ASY2
[VND] PREPARE_PAIR slot=0
[VND] PREPARE_PAIR slot=0
[VND] TX_SKIP busy/inflight tag=ADC0-ASY2
[VND] PREPARE_PAIR slot=0
[VND] PREPARE_PAIR slot=0
[VND] TX_SKIP busy/inflight tag=ADC0-ASY2
[VND] PREPARE_PAIR slot=0
[VND] PREPARE_PAIR slot=0
[VND] TX_SKIP busy/inflight tag=ADC0-ASY2
[VND] PREPARE_PAIR slot=0
[VND] PREPARE_PAIR slot=0
[VND] TX_SKIP busy/inflight tag=ADC0-ASY2
[VND] PREPARE_PAIR slot=0
[VND] PREPARE_PAIR slot=0
[VND] TX_SKIP busy/inflight tag=ADC0-ASY2
[VND] PREPARE_PAIR slot=0
[VND] PREPARE_PAIR slot=0
[VND] TX_SKIP busy/inflight tag=ADC0-ASY2
[VND] PREPARE_PAIR slot=0
[VND] PREPARE_PAIR slot=0
[VND] TX_SKIP busy/inflight tag=ADC0-ASY2
[VND] PREPARE_PAIR slot=0
[VND] PREPARE_PAIR slot=0
[VND] TX_SKIP busy/inflight tag=ADC0-ASY2
[VND] PREPARE_PAIR slot=0
[VND] PREPARE_PAIR slot=0
[VND] TX_SKIP busy/inflight tag=ADC0-ASY2
[VND] PREPARE_PAIR slot=0
[VND] PREPARE_PAIR slot=0
[VND] TX_SKIP busy/inflight tag=ADC0-ASY2
[VND] PREPARE_PAIR slot=0
[VND] PREPARE_PAIR slot=0
[VND] TX_SKIP busy/inflight tag=ADC0-ASY2
[VND] PREPARE_PAIR slot=0
[VND] PREPARE_PAIR slot=0
[VND] TX_SKIP busy/inflight tag=ADC0-ASY2
[VND] PREPARE_PAIR slot=0
[VND] PREPARE_PAIR slot=0
[VND] TX_SKIP busy/inflight tag=ADC0-ASY2
[VND] PREPARE_PAIR slot=0
[VND] PREPARE_PAIR slot=0
[VND] TX_SKIP busy/inflight tag=ADC0-ASY2
[VND] PREPARE_PAIR slot=0
[VND] PREPARE_PAIR slot=0
[VND] TX_SKIP busy/inflight tag=ADC0-ASY2
[VND] PREPARE_PAIR slot=0
[VND] PREPARE_PAIR slot=0
[VND] TX_SKIP busy/inflight tag=ADC0-ASY2
[VND] PREPARE_PAIR slot=0
[VND] PREPARE_PAIR slot=0
[VND] TX_SKIP busy/inflight tag=ADC0-ASY2
[VND] PREPARE_PAIR slot=0
[VND] PREPARE_PAIR slot=0
[VND] TX_SKIP busy/inflight tag=ADC0-ASY2
[VND] PREPARE_PAIR slot=0
[VND] PREPARE_PAIR slot=0
[VND] TX_SKIP busy/inflight tag=ADC0-ASY2
[VND] PREPARE_PAIR slot=0
[VND] PREPARE_PAIR slot=0
[VND] TX_SKIP busy/inflight tag=ADC0-ASY2
[VND] PREPARE_PAIR slot=0
[VND] PREPARE_PAIR slot=0
[VND] TX_SKIP busy/inflight tag=ADC0-ASY2
[VND] PREPARE_PAIR slot=0
[VND] PREPARE_PAIR slot=0
[VND] TX_SKIP busy/inflight tag=ADC0-ASY2
[VND] PREPARE_PAIR slot=0
[VND] PREPARE_PAIR slot=0
[VND] TX_SKIP busy/inflight tag=ADC0-ASY2
[VND] PREPARE_PAIR slot=0
[VND] PREPARE_PAIR slot=0
[VND] TX_SKIP busy/inflight tag=ADC0-ASY2
[VND] PREPARE_PAIR slot=0
[VND] PREPARE_PAIR slot=0
[VND] TX_SKIP busy/inflight tag=ADC0-ASY2
[VND] PREPARE_PAIR slot=0
[VND] PREPARE_PAIR slot=0
[VND] TX_SKIP busy/inflight tag=ADC0-ASY2
[VND] PREPARE_PAIR slot=0
[VND] PREPARE_PAIR slot=0
[VND] TX_SKIP busy/inflight tag=ADC0-ASY2
[VND] PREPARE_PAIR slot=0
[VND] PREPARE_PAIR slot=0
[VND] TX_SKIP busy/inflight tag=ADC0-ASY2
[VND] PREPARE_PAIR slot=0
[VND] PREPARE_PAIR slot=0
[VND] TX_SKIP busy/inflight tag=ADC0-ASY2
[VND] PREPARE_PAIR slot=0
[VND] PREPARE_PAIR slot=0
[VND] TX_SKIP busy/inflight tag=ADC0-ASY2
[VND] PREPARE_PAIR slot=0
[VND] PREPARE_PAIR slot=0
[VND] TX_SKIP busy/inflight tag=ADC0-ASY2
[VND] PREPARE_PAIR slot=0
[VND] PREPARE_PAIR slot=0
